2026-05-19 12:16:13,283 - main - INFO - === Logging system initialized ===
2026-05-19 12:16:13,284 - main - INFO - Log file: logs/app_20260519_121613.log
2026-05-19 12:16:13,284 - main - INFO - Log level: INFO
2026-05-19 12:16:13,284 - main - INFO - Timestamp: 20260519_121613
2026-05-19 12:16:14,215 - main - INFO - Included router: routers.aihub.router
2026-05-19 12:16:14,244 - main - INFO - Included router: routers.auth.router
2026-05-19 12:16:14,246 - main - INFO - Included router: routers.health.router
2026-05-19 12:16:14,301 - main - INFO - Included router: routers.printer_settings.router
2026-05-19 12:16:14,356 - main - INFO - Included router: routers.reservations.router
2026-05-19 12:16:14,396 - main - INFO - Included router: routers.salons.router
2026-05-19 12:16:14,417 - main - INFO - Included router: routers.settings.router
2026-05-19 12:16:14,463 - main - INFO - Included router: routers.storage.router
2026-05-19 12:16:14,478 - main - INFO - Included router: routers.user.router
2026-05-19 12:16:16,274 - watchfiles.main - DEBUG - 1 change detected: {(<Change.added: 1>, '/workspace/app/backend/logs/app_20260519_121616.log')}
2026-05-19 12:16:16,625 - watchfiles.main - DEBUG - 1 change detected: {(<Change.modified: 2>, '/workspace/app/backend/logs/app_20260519_121613.log')}
2026-05-19 12:16:16,976 - watchfiles.main - DEBUG - 1 change detected: {(<Change.modified: 2>, '/workspace/app/backend/logs/app_20260519_121613.log')}
2026-05-19 12:16:17,327 - watchfiles.main - DEBUG - 2 changes detected: {(<Change.modified: 2>, '/workspace/app/backend/logs/app_20260519_121613.log'), (<Change.modified: 2>, '/workspace/app/backend/logs/app_20260519_121616.log')}
2026-05-19 12:16:17,679 - watchfiles.main - DEBUG - 2 changes detected: {(<Change.modified: 2>, '/workspace/app/backend/logs/app_20260519_121613.log'), (<Change.modified: 2>, '/workspace/app/backend/logs/app_20260519_121616.log')}
2026-05-19 12:16:18,030 - watchfiles.main - DEBUG - 1 change detected: {(<Change.modified: 2>, '/workspace/app/backend/logs/app_20260519_121613.log')}
2026-05-19 12:16:18,381 - watchfiles.main - DEBUG - 1 change detected: {(<Change.modified: 2>, '/workspace/app/backend/logs/app_20260519_121613.log')}
2026-05-19 12:16:18,733 - watchfiles.main - DEBUG - 1 change detected: {(<Change.modified: 2>, '/workspace/app/backend/logs/app_20260519_121613.log')}
2026-05-19 12:16:19,084 - watchfiles.main - DEBUG - 1 change detected: {(<Change.modified: 2>, '/workspace/app/backend/logs/app_20260519_121613.log')}
2026-05-19 12:16:19,435 - watchfiles.main - DEBUG - 1 change detected: {(<Change.modified: 2>, '/workspace/app/backend/logs/app_20260519_121613.log')}
2026-05-19 12:16:19,786 - watchfiles.main - DEBUG - 1 change detected: {(<Change.modified: 2>, '/workspace/app/backend/logs/app_20260519_121613.log')}
2026-05-19 12:16:20,137 - watchfiles.main - DEBUG - 1 change detected: {(<Change.modified: 2>, '/workspace/app/backend/logs/app_20260519_121613.log')}
2026-05-19 12:16:20,488 - watchfiles.main - DEBUG - 1 change detected: {(<Change.modified: 2>, '/workspace/app/backend/logs/app_20260519_121613.log')}
2026-05-19 12:16:20,839 - watchfiles.main - DEBUG - 1 change detected: {(<Change.modified: 2>, '/workspace/app/backend/logs/app_20260519_121613.log')}
2026-05-19 12:16:21,190 - watchfiles.main - DEBUG - 1 change detected: {(<Change.modified: 2>, '/workspace/app/backend/logs/app_20260519_121613.log')}
2026-05-19 12:16:21,541 - watchfiles.main - DEBUG - 1 change detected: {(<Change.modified: 2>, '/workspace/app/backend/logs/app_20260519_121613.log')}
2026-05-19 12:16:21,893 - watchfiles.main - DEBUG - 1 change detected: {(<Change.modified: 2>, '/workspace/app/backend/logs/app_20260519_121613.log')}
2026-05-19 12:16:22,245 - watchfiles.main - DEBUG - 2 changes detected: {(<Change.modified: 2>, '/workspace/app/backend/logs/app_20260519_121613.log'), (<Change.modified: 2>, '/workspace/app/backend/logs/app_20260519_121616.log')}
2026-05-19 12:16:22,596 - watchfiles.main - DEBUG - 2 changes detected: {(<Change.modified: 2>, '/workspace/app/backend/logs/app_20260519_121613.log'), (<Change.modified: 2>, '/workspace/app/backend/logs/app_20260519_121616.log')}
2026-05-19 12:16:22,947 - watchfiles.main - DEBUG - 1 change detected: {(<Change.modified: 2>, '/workspace/app/backend/logs/app_20260519_121613.log')}
2026-05-19 12:16:23,298 - watchfiles.main - DEBUG - 1 change detected: {(<Change.modified: 2>, '/workspace/app/backend/logs/app_20260519_121613.log')}
2026-05-19 12:16:23,649 - watchfiles.main - DEBUG - 1 change detected: {(<Change.modified: 2>, '/workspace/app/backend/logs/app_20260519_121613.log')}
2026-05-19 12:16:24,001 - watchfiles.main - DEBUG - 2 changes detected: {(<Change.modified: 2>, '/workspace/app/backend/logs/app_20260519_121613.log'), (<Change.modified: 2>, '/workspace/app/backend/logs/app_20260519_121616.log')}
2026-05-19 12:16:24,352 - watchfiles.main - DEBUG - 2 changes detected: {(<Change.modified: 2>, '/workspace/app/backend/logs/app_20260519_121613.log'), (<Change.modified: 2>, '/workspace/app/backend/logs/app_20260519_121616.log')}
2026-05-19 12:16:24,703 - watchfiles.main - DEBUG - 2 changes detected: {(<Change.modified: 2>, '/workspace/app/backend/logs/app_20260519_121613.log'), (<Change.modified: 2>, '/workspace/app/backend/logs/app_20260519_121616.log')}
2026-05-19 12:16:25,054 - watchfiles.main - DEBUG - 1 change detected: {(<Change.modified: 2>, '/workspace/app/backend/logs/app_20260519_121613.log')}
2026-05-19 12:16:25,404 - watchfiles.main - DEBUG - 1 change detected: {(<Change.modified: 2>, '/workspace/app/backend/logs/app_20260519_121613.log')}
2026-05-19 12:16:25,756 - watchfiles.main - DEBUG - 1 change detected: {(<Change.modified: 2>, '/workspace/app/backend/logs/app_20260519_121613.log')}
2026-05-19 12:16:26,107 - watchfiles.main - DEBUG - 1 change detected: {(<Change.modified: 2>, '/workspace/app/backend/logs/app_20260519_121613.log')}
2026-05-19 12:16:26,458 - watchfiles.main - DEBUG - 1 change detected: {(<Change.modified: 2>, '/workspace/app/backend/logs/app_20260519_121613.log')}
2026-05-19 12:16:26,809 - watchfiles.main - DEBUG - 1 change detected: {(<Change.modified: 2>, '/workspace/app/backend/logs/app_20260519_121613.log')}
2026-05-19 12:16:27,160 - watchfiles.main - DEBUG - 1 change detected: {(<Change.modified: 2>, '/workspace/app/backend/logs/app_20260519_121613.log')}
2026-05-19 12:16:27,511 - watchfiles.main - DEBUG - 1 change detected: {(<Change.modified: 2>, '/workspace/app/backend/logs/app_20260519_121613.log')}
2026-05-19 12:16:27,862 - watchfiles.main - DEBUG - 1 change detected: {(<Change.modified: 2>, '/workspace/app/backend/logs/app_20260519_121613.log')}
2026-05-19 12:16:28,213 - watchfiles.main - DEBUG - 1 change detected: {(<Change.modified: 2>, '/workspace/app/backend/logs/app_20260519_121613.log')}
2026-05-19 12:16:28,564 - watchfiles.main - DEBUG - 1 change detected: {(<Change.modified: 2>, '/workspace/app/backend/logs/app_20260519_121613.log')}
2026-05-19 12:16:28,915 - watchfiles.main - DEBUG - 1 change detected: {(<Change.modified: 2>, '/workspace/app/backend/logs/app_20260519_121613.log')}
2026-05-19 12:16:29,266 - watchfiles.main - DEBUG - 1 change detected: {(<Change.modified: 2>, '/workspace/app/backend/logs/app_20260519_121613.log')}
2026-05-19 12:16:29,617 - watchfiles.main - DEBUG - 1 change detected: {(<Change.modified: 2>, '/workspace/app/backend/logs/app_20260519_121613.log')}
2026-05-19 12:16:29,968 - watchfiles.main - DEBUG - 1 change detected: {(<Change.modified: 2>, '/workspace/app/backend/logs/app_20260519_121613.log')}
2026-05-19 12:16:30,319 - watchfiles.main - DEBUG - 1 change detected: {(<Change.modified: 2>, '/workspace/app/backend/logs/app_20260519_121613.log')}
2026-05-19 12:16:30,671 - watchfiles.main - DEBUG - 1 change detected: {(<Change.modified: 2>, '/workspace/app/backend/logs/app_20260519_121613.log')}
2026-05-19 12:16:31,022 - watchfiles.main - DEBUG - 1 change detected: {(<Change.modified: 2>, '/workspace/app/backend/logs/app_20260519_121613.log')}
2026-05-19 12:16:31,373 - watchfiles.main - DEBUG - 1 change detected: {(<Change.modified: 2>, '/workspace/app/backend/logs/app_20260519_121613.log')}
2026-05-19 12:16:31,724 - watchfiles.main - DEBUG - 1 change detected: {(<Change.modified: 2>, '/workspace/app/backend/logs/app_20260519_121613.log')}
2026-05-19 12:16:32,075 - watchfiles.main - DEBUG - 1 change detected: {(<Change.modified: 2>, '/workspace/app/backend/logs/app_20260519_121613.log')}
2026-05-19 12:16:32,426 - watchfiles.main - DEBUG - 1 change detected: {(<Change.modified: 2>, '/workspace/app/backend/logs/app_20260519_121613.log')}
2026-05-19 12:16:32,777 - watchfiles.main - DEBUG - 1 change detected: {(<Change.modified: 2>, '/workspace/app/backend/logs/app_20260519_121613.log')}
2026-05-19 12:16:33,128 - watchfiles.main - DEBUG - 1 change detected: {(<Change.modified: 2>, '/workspace/app/backend/logs/app_20260519_121613.log')}
2026-05-19 12:16:33,479 - watchfiles.main - DEBUG - 1 change detected: {(<Change.modified: 2>, '/workspace/app/backend/logs/app_20260519_121613.log')}
2026-05-19 12:16:33,830 - watchfiles.main - DEBUG - 1 change detected: {(<Change.modified: 2>, '/workspace/app/backend/logs/app_20260519_121613.log')}
2026-05-19 12:16:34,180 - watchfiles.main - DEBUG - 1 change detected: {(<Change.modified: 2>, '/workspace/app/backend/logs/app_20260519_121613.log')}
2026-05-19 12:16:34,532 - watchfiles.main - DEBUG - 1 change detected: {(<Change.modified: 2>, '/workspace/app/backend/logs/app_20260519_121613.log')}
2026-05-19 12:16:34,882 - watchfiles.main - DEBUG - 1 change detected: {(<Change.modified: 2>, '/workspace/app/backend/logs/app_20260519_121613.log')}
2026-05-19 12:16:35,234 - watchfiles.main - DEBUG - 1 change detected: {(<Change.modified: 2>, '/workspace/app/backend/logs/app_20260519_121613.log')}
2026-05-19 12:16:35,585 - watchfiles.main - DEBUG - 1 change detected: {(<Change.modified: 2>, '/workspace/app/backend/logs/app_20260519_121613.log')}
2026-05-19 12:16:35,937 - watchfiles.main - DEBUG - 1 change detected: {(<Change.modified: 2>, '/workspace/app/backend/logs/app_20260519_121613.log')}
2026-05-19 12:16:36,288 - watchfiles.main - DEBUG - 1 change detected: {(<Change.modified: 2>, '/workspace/app/backend/logs/app_20260519_121613.log')}
2026-05-19 12:16:36,639 - watchfiles.main - DEBUG - 1 change detected: {(<Change.modified: 2>, '/workspace/app/backend/logs/app_20260519_121613.log')}
2026-05-19 12:16:36,990 - watchfiles.main - DEBUG - 1 change detected: {(<Change.modified: 2>, '/workspace/app/backend/logs/app_20260519_121613.log')}
2026-05-19 12:16:37,341 - watchfiles.main - DEBUG - 1 change detected: {(<Change.modified: 2>, '/workspace/app/backend/logs/app_20260519_121613.log')}
2026-05-19 12:16:37,692 - watchfiles.main - DEBUG - 1 change detected: {(<Change.modified: 2>, '/workspace/app/backend/logs/app_20260519_121613.log')}
2026-05-19 12:16:38,043 - watchfiles.main - DEBUG - 1 change detected: {(<Change.modified: 2>, '/workspace/app/backend/logs/app_20260519_121613.log')}
2026-05-19 12:16:38,394 - watchfiles.main - DEBUG - 1 change detected: {(<Change.modified: 2>, '/workspace/app/backend/logs/app_20260519_121613.log')}
2026-05-19 12:16:38,745 - watchfiles.main - DEBUG - 1 change detected: {(<Change.modified: 2>, '/workspace/app/backend/logs/app_20260519_121613.log')}
2026-05-19 12:16:39,096 - watchfiles.main - DEBUG - 1 change detected: {(<Change.modified: 2>, '/workspace/app/backend/logs/app_20260519_121613.log')}
2026-05-19 12:16:39,447 - watchfiles.main - DEBUG - 1 change detected: {(<Change.modified: 2>, '/workspace/app/backend/logs/app_20260519_121613.log')}
2026-05-19 12:16:39,798 - watchfiles.main - DEBUG - 1 change detected: {(<Change.modified: 2>, '/workspace/app/backend/logs/app_20260519_121613.log')}
2026-05-19 12:16:40,149 - watchfiles.main - DEBUG - 1 change detected: {(<Change.modified: 2>, '/workspace/app/backend/logs/app_20260519_121613.log')}
2026-05-19 12:16:40,500 - watchfiles.main - DEBUG - 1 change detected: {(<Change.modified: 2>, '/workspace/app/backend/logs/app_20260519_121613.log')}
2026-05-19 12:16:40,851 - watchfiles.main - DEBUG - 1 change detected: {(<Change.modified: 2>, '/workspace/app/backend/logs/app_20260519_121613.log')}
2026-05-19 12:16:41,202 - watchfiles.main - DEBUG - 1 change detected: {(<Change.modified: 2>, '/workspace/app/backend/logs/app_20260519_121613.log')}
2026-05-19 12:16:41,554 - watchfiles.main - DEBUG - 1 change detected: {(<Change.modified: 2>, '/workspace/app/backend/logs/app_20260519_121613.log')}
2026-05-19 12:16:41,905 - watchfiles.main - DEBUG - 1 change detected: {(<Change.modified: 2>, '/workspace/app/backend/logs/app_20260519_121613.log')}
2026-05-19 12:16:42,256 - watchfiles.main - DEBUG - 1 change detected: {(<Change.modified: 2>, '/workspace/app/backend/logs/app_20260519_121613.log')}
2026-05-19 12:16:42,607 - watchfiles.main - DEBUG - 1 change detected: {(<Change.modified: 2>, '/workspace/app/backend/logs/app_20260519_121613.log')}
2026-05-19 12:16:42,958 - watchfiles.main - DEBUG - 1 change detected: {(<Change.modified: 2>, '/workspace/app/backend/logs/app_20260519_121613.log')}
2026-05-19 12:16:43,309 - watchfiles.main - DEBUG - 1 change detected: {(<Change.modified: 2>, '/workspace/app/backend/logs/app_20260519_121613.log')}
2026-05-19 12:16:43,659 - watchfiles.main - DEBUG - 1 change detected: {(<Change.modified: 2>, '/workspace/app/backend/logs/app_20260519_121613.log')}
2026-05-19 12:16:44,010 - watchfiles.main - DEBUG - 1 change detected: {(<Change.modified: 2>, '/workspace/app/backend/logs/app_20260519_121613.log')}
2026-05-19 12:16:44,361 - watchfiles.main - DEBUG - 1 change detected: {(<Change.modified: 2>, '/workspace/app/backend/logs/app_20260519_121613.log')}
2026-05-19 12:16:44,712 - watchfiles.main - DEBUG - 1 change detected: {(<Change.modified: 2>, '/workspace/app/backend/logs/app_20260519_121613.log')}
2026-05-19 12:16:45,064 - watchfiles.main - DEBUG - 1 change detected: {(<Change.modified: 2>, '/workspace/app/backend/logs/app_20260519_121613.log')}
2026-05-19 12:16:45,414 - watchfiles.main - DEBUG - 1 change detected: {(<Change.modified: 2>, '/workspace/app/backend/logs/app_20260519_121613.log')}
2026-05-19 12:16:45,766 - watchfiles.main - DEBUG - 1 change detected: {(<Change.modified: 2>, '/workspace/app/backend/logs/app_20260519_121613.log')}
2026-05-19 12:16:46,117 - watchfiles.main - DEBUG - 1 change detected: {(<Change.modified: 2>, '/workspace/app/backend/logs/app_20260519_121613.log')}
2026-05-19 12:16:46,467 - watchfiles.main - DEBUG - 1 change detected: {(<Change.modified: 2>, '/workspace/app/backend/logs/app_20260519_121613.log')}
2026-05-19 12:16:46,819 - watchfiles.main - DEBUG - 1 change detected: {(<Change.modified: 2>, '/workspace/app/backend/logs/app_20260519_121613.log')}
2026-05-19 12:16:47,170 - watchfiles.main - DEBUG - 1 change detected: {(<Change.modified: 2>, '/workspace/app/backend/logs/app_20260519_121613.log')}
2026-05-19 12:16:47,521 - watchfiles.main - DEBUG - 1 change detected: {(<Change.modified: 2>, '/workspace/app/backend/logs/app_20260519_121613.log')}
2026-05-19 12:16:47,871 - watchfiles.main - DEBUG - 1 change detected: {(<Change.modified: 2>, '/workspace/app/backend/logs/app_20260519_121613.log')}
2026-05-19 12:16:48,222 - watchfiles.main - DEBUG - 1 change detected: {(<Change.modified: 2>, '/workspace/app/backend/logs/app_20260519_121613.log')}
2026-05-19 12:16:48,573 - watchfiles.main - DEBUG - 1 change detected: {(<Change.modified: 2>, '/workspace/app/backend/logs/app_20260519_121613.log')}
2026-05-19 12:16:48,924 - watchfiles.main - DEBUG - 1 change detected: {(<Change.modified: 2>, '/workspace/app/backend/logs/app_20260519_121613.log')}
2026-05-19 12:16:49,275 - watchfiles.main - DEBUG - 1 change detected: {(<Change.modified: 2>, '/workspace/app/backend/logs/app_20260519_121613.log')}
2026-05-19 12:16:49,626 - watchfiles.main - DEBUG - 1 change detected: {(<Change.modified: 2>, '/workspace/app/backend/logs/app_20260519_121613.log')}
2026-05-19 12:16:49,977 - watchfiles.main - DEBUG - 1 change detected: {(<Change.modified: 2>, '/workspace/app/backend/logs/app_20260519_121613.log')}
2026-05-19 12:16:50,328 - watchfiles.main - DEBUG - 1 change detected: {(<Change.modified: 2>, '/workspace/app/backend/logs/app_20260519_121613.log')}
2026-05-19 12:16:50,680 - watchfiles.main - DEBUG - 1 change detected: {(<Change.modified: 2>, '/workspace/app/backend/logs/app_20260519_121613.log')}
2026-05-19 12:16:51,030 - watchfiles.main - DEBUG - 1 change detected: {(<Change.modified: 2>, '/workspace/app/backend/logs/app_20260519_121613.log')}
2026-05-19 12:16:51,381 - watchfiles.main - DEBUG - 1 change detected: {(<Change.modified: 2>, '/workspace/app/backend/logs/app_20260519_121613.log')}
2026-05-19 12:16:51,732 - watchfiles.main - DEBUG - 1 change detected: {(<Change.modified: 2>, '/workspace/app/backend/logs/app_20260519_121613.log')}
2026-05-19 12:16:52,083 - watchfiles.main - DEBUG - 1 change detected: {(<Change.modified: 2>, '/workspace/app/backend/logs/app_20260519_121613.log')}
2026-05-19 12:16:52,434 - watchfiles.main - DEBUG - 2 changes detected: {(<Change.modified: 2>, '/workspace/app/backend/logs/app_20260519_121613.log'), (<Change.modified: 2>, '/workspace/app/backend/logs/app_20260519_121616.log')}
2026-05-19 12:16:52,785 - watchfiles.main - DEBUG - 1 change detected: {(<Change.modified: 2>, '/workspace/app/backend/logs/app_20260519_121613.log')}
2026-05-19 12:16:53,136 - watchfiles.main - DEBUG - 2 changes detected: {(<Change.modified: 2>, '/workspace/app/backend/logs/app_20260519_121613.log'), (<Change.modified: 2>, '/workspace/app/backend/logs/app_20260519_121616.log')}
2026-05-19 12:16:53,488 - watchfiles.main - DEBUG - 1 change detected: {(<Change.modified: 2>, '/workspace/app/backend/logs/app_20260519_121613.log')}
2026-05-19 12:16:53,839 - watchfiles.main - DEBUG - 1 change detected: {(<Change.modified: 2>, '/workspace/app/backend/logs/app_20260519_121613.log')}
2026-05-19 12:16:54,190 - watchfiles.main - DEBUG - 1 change detected: {(<Change.modified: 2>, '/workspace/app/backend/logs/app_20260519_121613.log')}
2026-05-19 12:16:54,541 - watchfiles.main - DEBUG - 1 change detected: {(<Change.modified: 2>, '/workspace/app/backend/logs/app_20260519_121613.log')}
2026-05-19 12:16:54,892 - watchfiles.main - DEBUG - 1 change detected: {(<Change.modified: 2>, '/workspace/app/backend/logs/app_20260519_121613.log')}
2026-05-19 12:16:55,243 - watchfiles.main - DEBUG - 1 change detected: {(<Change.modified: 2>, '/workspace/app/backend/logs/app_20260519_121613.log')}
2026-05-19 12:16:55,594 - watchfiles.main - DEBUG - 1 change detected: {(<Change.modified: 2>, '/workspace/app/backend/logs/app_20260519_121613.log')}
2026-05-19 12:16:55,945 - watchfiles.main - DEBUG - 1 change detected: {(<Change.modified: 2>, '/workspace/app/backend/logs/app_20260519_121613.log')}
2026-05-19 12:16:56,296 - watchfiles.main - DEBUG - 1 change detected: {(<Change.modified: 2>, '/workspace/app/backend/logs/app_20260519_121613.log')}
2026-05-19 12:16:56,647 - watchfiles.main - DEBUG - 1 change detected: {(<Change.modified: 2>, '/workspace/app/backend/logs/app_20260519_121613.log')}
2026-05-19 12:16:56,998 - watchfiles.main - DEBUG - 1 change detected: {(<Change.modified: 2>, '/workspace/app/backend/logs/app_20260519_121613.log')}
2026-05-19 12:16:57,349 - watchfiles.main - DEBUG - 1 change detected: {(<Change.modified: 2>, '/workspace/app/backend/logs/app_20260519_121613.log')}
2026-05-19 12:16:57,700 - watchfiles.main - DEBUG - 1 change detected: {(<Change.modified: 2>, '/workspace/app/backend/logs/app_20260519_121613.log')}
2026-05-19 12:16:58,051 - watchfiles.main - DEBUG - 1 change detected: {(<Change.modified: 2>, '/workspace/app/backend/logs/app_20260519_121613.log')}
2026-05-19 12:16:58,402 - watchfiles.main - DEBUG - 1 change detected: {(<Change.modified: 2>, '/workspace/app/backend/logs/app_20260519_121613.log')}
2026-05-19 12:16:58,753 - watchfiles.main - DEBUG - 1 change detected: {(<Change.modified: 2>, '/workspace/app/backend/logs/app_20260519_121613.log')}
2026-05-19 12:16:59,104 - watchfiles.main - DEBUG - 1 change detected: {(<Change.modified: 2>, '/workspace/app/backend/logs/app_20260519_121613.log')}
2026-05-19 12:16:59,455 - watchfiles.main - DEBUG - 1 change detected: {(<Change.modified: 2>, '/workspace/app/backend/logs/app_20260519_121613.log')}
2026-05-19 12:16:59,806 - watchfiles.main - DEBUG - 1 change detected: {(<Change.modified: 2>, '/workspace/app/backend/logs/app_20260519_121613.log')}
2026-05-19 12:17:00,161 - watchfiles.main - DEBUG - 1 change detected: {(<Change.modified: 2>, '/workspace/app/backend/logs/app_20260519_121613.log')}
2026-05-19 12:17:00,514 - watchfiles.main - DEBUG - 1 change detected: {(<Change.modified: 2>, '/workspace/app/backend/logs/app_20260519_121613.log')}
2026-05-19 12:17:00,865 - watchfiles.main - DEBUG - 1 change detected: {(<Change.modified: 2>, '/workspace/app/backend/logs/app_20260519_121613.log')}
2026-05-19 12:17:01,216 - watchfiles.main - DEBUG - 1 change detected: {(<Change.modified: 2>, '/workspace/app/backend/logs/app_20260519_121613.log')}
2026-05-19 12:17:01,567 - watchfiles.main - DEBUG - 1 change detected: {(<Change.modified: 2>, '/workspace/app/backend/logs/app_20260519_121613.log')}
2026-05-19 12:17:01,918 - watchfiles.main - DEBUG - 1 change detected: {(<Change.modified: 2>, '/workspace/app/backend/logs/app_20260519_121613.log')}
2026-05-19 12:17:02,269 - watchfiles.main - DEBUG - 1 change detected: {(<Change.modified: 2>, '/workspace/app/backend/logs/app_20260519_121613.log')}
2026-05-19 12:17:02,620 - watchfiles.main - DEBUG - 1 change detected: {(<Change.modified: 2>, '/workspace/app/backend/logs/app_20260519_121613.log')}
2026-05-19 12:17:02,971 - watchfiles.main - DEBUG - 1 change detected: {(<Change.modified: 2>, '/workspace/app/backend/logs/app_20260519_121613.log')}
2026-05-19 12:17:03,322 - watchfiles.main - DEBUG - 1 change detected: {(<Change.modified: 2>, '/workspace/app/backend/logs/app_20260519_121613.log')}
2026-05-19 12:17:03,673 - watchfiles.main - DEBUG - 1 change detected: {(<Change.modified: 2>, '/workspace/app/backend/logs/app_20260519_121613.log')}
2026-05-19 12:17:04,024 - watchfiles.main - DEBUG - 1 change detected: {(<Change.modified: 2>, '/workspace/app/backend/logs/app_20260519_121613.log')}
2026-05-19 12:17:04,375 - watchfiles.main - DEBUG - 1 change detected: {(<Change.modified: 2>, '/workspace/app/backend/logs/app_20260519_121613.log')}
2026-05-19 12:17:04,725 - watchfiles.main - DEBUG - 1 change detected: {(<Change.modified: 2>, '/workspace/app/backend/logs/app_20260519_121613.log')}
2026-05-19 12:17:05,076 - watchfiles.main - DEBUG - 1 change detected: {(<Change.modified: 2>, '/workspace/app/backend/logs/app_20260519_121613.log')}
2026-05-19 12:17:05,431 - watchfiles.main - DEBUG - 1 change detected: {(<Change.modified: 2>, '/workspace/app/backend/logs/app_20260519_121613.log')}
2026-05-19 12:17:05,782 - watchfiles.main - DEBUG - 1 change detected: {(<Change.modified: 2>, '/workspace/app/backend/logs/app_20260519_121613.log')}
2026-05-19 12:17:06,134 - watchfiles.main - DEBUG - 1 change detected: {(<Change.modified: 2>, '/workspace/app/backend/logs/app_20260519_121613.log')}
2026-05-19 12:17:06,485 - watchfiles.main - DEBUG - 1 change detected: {(<Change.modified: 2>, '/workspace/app/backend/logs/app_20260519_121613.log')}
2026-05-19 12:17:06,836 - watchfiles.main - DEBUG - 1 change detected: {(<Change.modified: 2>, '/workspace/app/backend/logs/app_20260519_121613.log')}
2026-05-19 12:17:07,187 - watchfiles.main - DEBUG - 1 change detected: {(<Change.modified: 2>, '/workspace/app/backend/logs/app_20260519_121613.log')}
2026-05-19 12:17:07,539 - watchfiles.main - DEBUG - 1 change detected: {(<Change.modified: 2>, '/workspace/app/backend/logs/app_20260519_121613.log')}
2026-05-19 12:17:07,891 - watchfiles.main - DEBUG - 1 change detected: {(<Change.modified: 2>, '/workspace/app/backend/logs/app_20260519_121613.log')}
2026-05-19 12:17:08,242 - watchfiles.main - DEBUG - 1 change detected: {(<Change.modified: 2>, '/workspace/app/backend/logs/app_20260519_121613.log')}
2026-05-19 12:17:08,593 - watchfiles.main - DEBUG - 1 change detected: {(<Change.modified: 2>, '/workspace/app/backend/logs/app_20260519_121613.log')}
2026-05-19 12:17:08,945 - watchfiles.main - DEBUG - 1 change detected: {(<Change.modified: 2>, '/workspace/app/backend/logs/app_20260519_121613.log')}
2026-05-19 12:17:09,296 - watchfiles.main - DEBUG - 1 change detected: {(<Change.modified: 2>, '/workspace/app/backend/logs/app_20260519_121613.log')}
2026-05-19 12:17:09,647 - watchfiles.main - DEBUG - 1 change detected: {(<Change.modified: 2>, '/workspace/app/backend/logs/app_20260519_121613.log')}
2026-05-19 12:17:09,998 - watchfiles.main - DEBUG - 1 change detected: {(<Change.modified: 2>, '/workspace/app/backend/logs/app_20260519_121613.log')}
2026-05-19 12:17:10,349 - watchfiles.main - DEBUG - 1 change detected: {(<Change.modified: 2>, '/workspace/app/backend/logs/app_20260519_121613.log')}
2026-05-19 12:17:10,700 - watchfiles.main - DEBUG - 1 change detected: {(<Change.modified: 2>, '/workspace/app/backend/logs/app_20260519_121613.log')}
2026-05-19 12:17:11,051 - watchfiles.main - DEBUG - 1 change detected: {(<Change.modified: 2>, '/workspace/app/backend/logs/app_20260519_121613.log')}
2026-05-19 12:17:11,402 - watchfiles.main - DEBUG - 1 change detected: {(<Change.modified: 2>, '/workspace/app/backend/logs/app_20260519_121613.log')}
2026-05-19 12:17:11,753 - watchfiles.main - DEBUG - 1 change detected: {(<Change.modified: 2>, '/workspace/app/backend/logs/app_20260519_121613.log')}
2026-05-19 12:17:12,104 - watchfiles.main - DEBUG - 1 change detected: {(<Change.modified: 2>, '/workspace/app/backend/logs/app_20260519_121613.log')}
2026-05-19 12:17:12,455 - watchfiles.main - DEBUG - 1 change detected: {(<Change.modified: 2>, '/workspace/app/backend/logs/app_20260519_121613.log')}
2026-05-19 12:17:12,806 - watchfiles.main - DEBUG - 1 change detected: {(<Change.modified: 2>, '/workspace/app/backend/logs/app_20260519_121613.log')}
2026-05-19 12:17:13,158 - watchfiles.main - DEBUG - 1 change detected: {(<Change.modified: 2>, '/workspace/app/backend/logs/app_20260519_121613.log')}
2026-05-19 12:17:13,508 - watchfiles.main - DEBUG - 1 change detected: {(<Change.modified: 2>, '/workspace/app/backend/logs/app_20260519_121613.log')}
2026-05-19 12:17:13,859 - watchfiles.main - DEBUG - 1 change detected: {(<Change.modified: 2>, '/workspace/app/backend/logs/app_20260519_121613.log')}
2026-05-19 12:17:14,210 - watchfiles.main - DEBUG - 1 change detected: {(<Change.modified: 2>, '/workspace/app/backend/logs/app_20260519_121613.log')}
2026-05-19 12:17:14,562 - watchfiles.main - DEBUG - 1 change detected: {(<Change.modified: 2>, '/workspace/app/backend/logs/app_20260519_121613.log')}
2026-05-19 12:17:14,913 - watchfiles.main - DEBUG - 1 change detected: {(<Change.modified: 2>, '/workspace/app/backend/logs/app_20260519_121613.log')}
2026-05-19 12:17:15,267 - watchfiles.main - DEBUG - 1 change detected: {(<Change.modified: 2>, '/workspace/app/backend/logs/app_20260519_121613.log')}
2026-05-19 12:17:15,618 - watchfiles.main - DEBUG - 1 change detected: {(<Change.modified: 2>, '/workspace/app/backend/logs/app_20260519_121613.log')}
2026-05-19 12:17:15,969 - watchfiles.main - DEBUG - 1 change detected: {(<Change.modified: 2>, '/workspace/app/backend/logs/app_20260519_121613.log')}
2026-05-19 12:17:16,320 - watchfiles.main - DEBUG - 1 change detected: {(<Change.modified: 2>, '/workspace/app/backend/logs/app_20260519_121613.log')}
2026-05-19 12:17:16,672 - watchfiles.main - DEBUG - 1 change detected: {(<Change.modified: 2>, '/workspace/app/backend/logs/app_20260519_121613.log')}
2026-05-19 12:17:17,023 - watchfiles.main - DEBUG - 1 change detected: {(<Change.modified: 2>, '/workspace/app/backend/logs/app_20260519_121613.log')}
2026-05-19 12:17:17,374 - watchfiles.main - DEBUG - 1 change detected: {(<Change.modified: 2>, '/workspace/app/backend/logs/app_20260519_121613.log')}
2026-05-19 12:17:17,725 - watchfiles.main - DEBUG - 1 change detected: {(<Change.modified: 2>, '/workspace/app/backend/logs/app_20260519_121613.log')}
2026-05-19 12:17:18,076 - watchfiles.main - DEBUG - 1 change detected: {(<Change.modified: 2>, '/workspace/app/backend/logs/app_20260519_121613.log')}
2026-05-19 12:17:18,427 - watchfiles.main - DEBUG - 1 change detected: {(<Change.modified: 2>, '/workspace/app/backend/logs/app_20260519_121613.log')}
2026-05-19 12:17:18,778 - watchfiles.main - DEBUG - 1 change detected: {(<Change.modified: 2>, '/workspace/app/backend/logs/app_20260519_121613.log')}
2026-05-19 12:17:19,129 - watchfiles.main - DEBUG - 1 change detected: {(<Change.modified: 2>, '/workspace/app/backend/logs/app_20260519_121613.log')}
2026-05-19 12:17:19,480 - watchfiles.main - DEBUG - 1 change detected: {(<Change.modified: 2>, '/workspace/app/backend/logs/app_20260519_121613.log')}
2026-05-19 12:17:19,831 - watchfiles.main - DEBUG - 1 change detected: {(<Change.modified: 2>, '/workspace/app/backend/logs/app_20260519_121613.log')}
2026-05-19 12:17:20,183 - watchfiles.main - DEBUG - 1 change detected: {(<Change.modified: 2>, '/workspace/app/backend/logs/app_20260519_121613.log')}
2026-05-19 12:17:20,535 - watchfiles.main - DEBUG - 1 change detected: {(<Change.modified: 2>, '/workspace/app/backend/logs/app_20260519_121613.log')}
2026-05-19 12:17:20,886 - watchfiles.main - DEBUG - 1 change detected: {(<Change.modified: 2>, '/workspace/app/backend/logs/app_20260519_121613.log')}
2026-05-19 12:17:21,237 - watchfiles.main - DEBUG - 1 change detected: {(<Change.modified: 2>, '/workspace/app/backend/logs/app_20260519_121613.log')}
2026-05-19 12:17:21,588 - watchfiles.main - DEBUG - 1 change detected: {(<Change.modified: 2>, '/workspace/app/backend/logs/app_20260519_121613.log')}
2026-05-19 12:17:21,939 - watchfiles.main - DEBUG - 1 change detected: {(<Change.modified: 2>, '/workspace/app/backend/logs/app_20260519_121613.log')}
2026-05-19 12:17:22,290 - watchfiles.main - DEBUG - 1 change detected: {(<Change.modified: 2>, '/workspace/app/backend/logs/app_20260519_121613.log')}
2026-05-19 12:17:22,641 - watchfiles.main - DEBUG - 1 change detected: {(<Change.modified: 2>, '/workspace/app/backend/logs/app_20260519_121613.log')}
2026-05-19 12:17:22,992 - watchfiles.main - DEBUG - 2 changes detected: {(<Change.modified: 2>, '/workspace/app/backend/logs/app_20260519_121613.log'), (<Change.modified: 2>, '/workspace/app/backend/logs/app_20260519_121616.log')}
2026-05-19 12:17:23,343 - watchfiles.main - DEBUG - 2 changes detected: {(<Change.modified: 2>, '/workspace/app/backend/logs/app_20260519_121613.log'), (<Change.modified: 2>, '/workspace/app/backend/logs/app_20260519_121616.log')}
2026-05-19 12:17:23,694 - watchfiles.main - DEBUG - 1 change detected: {(<Change.modified: 2>, '/workspace/app/backend/logs/app_20260519_121613.log')}
2026-05-19 12:17:24,045 - watchfiles.main - DEBUG - 1 change detected: {(<Change.modified: 2>, '/workspace/app/backend/logs/app_20260519_121613.log')}
2026-05-19 12:17:24,395 - watchfiles.main - DEBUG - 1 change detected: {(<Change.modified: 2>, '/workspace/app/backend/logs/app_20260519_121613.log')}
2026-05-19 12:17:24,747 - watchfiles.main - DEBUG - 1 change detected: {(<Change.modified: 2>, '/workspace/app/backend/logs/app_20260519_121613.log')}
2026-05-19 12:17:25,098 - watchfiles.main - DEBUG - 1 change detected: {(<Change.modified: 2>, '/workspace/app/backend/logs/app_20260519_121613.log')}
2026-05-19 12:17:25,449 - watchfiles.main - DEBUG - 1 change detected: {(<Change.modified: 2>, '/workspace/app/backend/logs/app_20260519_121613.log')}
2026-05-19 12:17:25,800 - watchfiles.main - DEBUG - 1 change detected: {(<Change.modified: 2>, '/workspace/app/backend/logs/app_20260519_121613.log')}
2026-05-19 12:17:26,151 - watchfiles.main - DEBUG - 1 change detected: {(<Change.modified: 2>, '/workspace/app/backend/logs/app_20260519_121613.log')}
2026-05-19 12:17:26,502 - watchfiles.main - DEBUG - 1 change detected: {(<Change.modified: 2>, '/workspace/app/backend/logs/app_20260519_121613.log')}
2026-05-19 12:17:26,853 - watchfiles.main - DEBUG - 1 change detected: {(<Change.modified: 2>, '/workspace/app/backend/logs/app_20260519_121613.log')}
2026-05-19 12:17:27,204 - watchfiles.main - DEBUG - 1 change detected: {(<Change.modified: 2>, '/workspace/app/backend/logs/app_20260519_121613.log')}
2026-05-19 12:17:27,555 - watchfiles.main - DEBUG - 1 change detected: {(<Change.modified: 2>, '/workspace/app/backend/logs/app_20260519_121613.log')}
2026-05-19 12:17:27,906 - watchfiles.main - DEBUG - 1 change detected: {(<Change.modified: 2>, '/workspace/app/backend/logs/app_20260519_121613.log')}
2026-05-19 12:17:28,257 - watchfiles.main - DEBUG - 1 change detected: {(<Change.modified: 2>, '/workspace/app/backend/logs/app_20260519_121613.log')}
2026-05-19 12:17:28,608 - watchfiles.main - DEBUG - 1 change detected: {(<Change.modified: 2>, '/workspace/app/backend/logs/app_20260519_121613.log')}
2026-05-19 12:17:28,959 - watchfiles.main - DEBUG - 1 change detected: {(<Change.modified: 2>, '/workspace/app/backend/logs/app_20260519_121613.log')}
2026-05-19 12:17:29,310 - watchfiles.main - DEBUG - 1 change detected: {(<Change.modified: 2>, '/workspace/app/backend/logs/app_20260519_121613.log')}
2026-05-19 12:17:29,661 - watchfiles.main - DEBUG - 1 change detected: {(<Change.modified: 2>, '/workspace/app/backend/logs/app_20260519_121613.log')}
2026-05-19 12:17:30,012 - watchfiles.main - DEBUG - 1 change detected: {(<Change.modified: 2>, '/workspace/app/backend/logs/app_20260519_121613.log')}
2026-05-19 12:17:30,363 - watchfiles.main - DEBUG - 1 change detected: {(<Change.modified: 2>, '/workspace/app/backend/logs/app_20260519_121613.log')}
2026-05-19 12:17:30,714 - watchfiles.main - DEBUG - 1 change detected: {(<Change.modified: 2>, '/workspace/app/backend/logs/app_20260519_121613.log')}
2026-05-19 12:17:31,065 - watchfiles.main - DEBUG - 1 change detected: {(<Change.modified: 2>, '/workspace/app/backend/logs/app_20260519_121613.log')}
2026-05-19 12:17:31,416 - watchfiles.main - DEBUG - 1 change detected: {(<Change.modified: 2>, '/workspace/app/backend/logs/app_20260519_121613.log')}
2026-05-19 12:17:31,767 - watchfiles.main - DEBUG - 1 change detected: {(<Change.modified: 2>, '/workspace/app/backend/logs/app_20260519_121613.log')}
2026-05-19 12:17:32,118 - watchfiles.main - DEBUG - 1 change detected: {(<Change.modified: 2>, '/workspace/app/backend/logs/app_20260519_121613.log')}
2026-05-19 12:17:32,469 - watchfiles.main - DEBUG - 1 change detected: {(<Change.modified: 2>, '/workspace/app/backend/logs/app_20260519_121613.log')}
2026-05-19 12:17:32,820 - watchfiles.main - DEBUG - 1 change detected: {(<Change.modified: 2>, '/workspace/app/backend/logs/app_20260519_121613.log')}
2026-05-19 12:17:33,171 - watchfiles.main - DEBUG - 1 change detected: {(<Change.modified: 2>, '/workspace/app/backend/logs/app_20260519_121613.log')}
2026-05-19 12:17:33,522 - watchfiles.main - DEBUG - 1 change detected: {(<Change.modified: 2>, '/workspace/app/backend/logs/app_20260519_121613.log')}
2026-05-19 12:17:33,873 - watchfiles.main - DEBUG - 1 change detected: {(<Change.modified: 2>, '/workspace/app/backend/logs/app_20260519_121613.log')}
2026-05-19 12:17:34,224 - watchfiles.main - DEBUG - 1 change detected: {(<Change.modified: 2>, '/workspace/app/backend/logs/app_20260519_121613.log')}
2026-05-19 12:17:34,575 - watchfiles.main - DEBUG - 1 change detected: {(<Change.modified: 2>, '/workspace/app/backend/logs/app_20260519_121613.log')}
2026-05-19 12:17:34,927 - watchfiles.main - DEBUG - 1 change detected: {(<Change.modified: 2>, '/workspace/app/backend/logs/app_20260519_121613.log')}
2026-05-19 12:17:35,278 - watchfiles.main - DEBUG - 1 change detected: {(<Change.modified: 2>, '/workspace/app/backend/logs/app_20260519_121613.log')}
2026-05-19 12:17:35,631 - watchfiles.main - DEBUG - 1 change detected: {(<Change.modified: 2>, '/workspace/app/backend/logs/app_20260519_121613.log')}
2026-05-19 12:17:35,982 - watchfiles.main - DEBUG - 1 change detected: {(<Change.modified: 2>, '/workspace/app/backend/logs/app_20260519_121613.log')}
2026-05-19 12:17:36,333 - watchfiles.main - DEBUG - 1 change detected: {(<Change.modified: 2>, '/workspace/app/backend/logs/app_20260519_121613.log')}
2026-05-19 12:17:36,684 - watchfiles.main - DEBUG - 1 change detected: {(<Change.modified: 2>, '/workspace/app/backend/logs/app_20260519_121613.log')}
2026-05-19 12:17:37,035 - watchfiles.main - DEBUG - 1 change detected: {(<Change.modified: 2>, '/workspace/app/backend/logs/app_20260519_121613.log')}
2026-05-19 12:17:37,386 - watchfiles.main - DEBUG - 1 change detected: {(<Change.modified: 2>, '/workspace/app/backend/logs/app_20260519_121613.log')}
2026-05-19 12:17:37,737 - watchfiles.main - DEBUG - 1 change detected: {(<Change.modified: 2>, '/workspace/app/backend/logs/app_20260519_121613.log')}
2026-05-19 12:17:38,088 - watchfiles.main - DEBUG - 1 change detected: {(<Change.modified: 2>, '/workspace/app/backend/logs/app_20260519_121613.log')}
2026-05-19 12:17:38,440 - watchfiles.main - DEBUG - 1 change detected: {(<Change.modified: 2>, '/workspace/app/backend/logs/app_20260519_121613.log')}
2026-05-19 12:17:38,791 - watchfiles.main - DEBUG - 1 change detected: {(<Change.modified: 2>, '/workspace/app/backend/logs/app_20260519_121613.log')}
2026-05-19 12:17:39,142 - watchfiles.main - DEBUG - 1 change detected: {(<Change.modified: 2>, '/workspace/app/backend/logs/app_20260519_121613.log')}
2026-05-19 12:17:39,493 - watchfiles.main - DEBUG - 1 change detected: {(<Change.modified: 2>, '/workspace/app/backend/logs/app_20260519_121613.log')}
2026-05-19 12:17:39,844 - watchfiles.main - DEBUG - 1 change detected: {(<Change.modified: 2>, '/workspace/app/backend/logs/app_20260519_121613.log')}
2026-05-19 12:17:40,195 - watchfiles.main - DEBUG - 1 change detected: {(<Change.modified: 2>, '/workspace/app/backend/logs/app_20260519_121613.log')}
2026-05-19 12:17:40,546 - watchfiles.main - DEBUG - 1 change detected: {(<Change.modified: 2>, '/workspace/app/backend/logs/app_20260519_121613.log')}
2026-05-19 12:17:40,897 - watchfiles.main - DEBUG - 1 change detected: {(<Change.modified: 2>, '/workspace/app/backend/logs/app_20260519_121613.log')}
2026-05-19 12:17:41,248 - watchfiles.main - DEBUG - 1 change detected: {(<Change.modified: 2>, '/workspace/app/backend/logs/app_20260519_121613.log')}
2026-05-19 12:17:41,599 - watchfiles.main - DEBUG - 1 change detected: {(<Change.modified: 2>, '/workspace/app/backend/logs/app_20260519_121613.log')}
2026-05-19 12:17:41,950 - watchfiles.main - DEBUG - 1 change detected: {(<Change.modified: 2>, '/workspace/app/backend/logs/app_20260519_121613.log')}
2026-05-19 12:17:42,301 - watchfiles.main - DEBUG - 1 change detected: {(<Change.modified: 2>, '/workspace/app/backend/logs/app_20260519_121613.log')}
2026-05-19 12:17:42,652 - watchfiles.main - DEBUG - 1 change detected: {(<Change.modified: 2>, '/workspace/app/backend/logs/app_20260519_121613.log')}
2026-05-19 12:17:43,003 - watchfiles.main - DEBUG - 1 change detected: {(<Change.modified: 2>, '/workspace/app/backend/logs/app_20260519_121613.log')}
2026-05-19 12:17:43,353 - watchfiles.main - DEBUG - 1 change detected: {(<Change.modified: 2>, '/workspace/app/backend/logs/app_20260519_121613.log')}
2026-05-19 12:17:43,704 - watchfiles.main - DEBUG - 1 change detected: {(<Change.modified: 2>, '/workspace/app/backend/logs/app_20260519_121613.log')}
2026-05-19 12:17:44,055 - watchfiles.main - DEBUG - 1 change detected: {(<Change.modified: 2>, '/workspace/app/backend/logs/app_20260519_121613.log')}
2026-05-19 12:17:44,406 - watchfiles.main - DEBUG - 1 change detected: {(<Change.modified: 2>, '/workspace/app/backend/logs/app_20260519_121613.log')}
2026-05-19 12:17:44,757 - watchfiles.main - DEBUG - 1 change detected: {(<Change.modified: 2>, '/workspace/app/backend/logs/app_20260519_121613.log')}
2026-05-19 12:17:45,108 - watchfiles.main - DEBUG - 1 change detected: {(<Change.modified: 2>, '/workspace/app/backend/logs/app_20260519_121613.log')}
2026-05-19 12:17:45,460 - watchfiles.main - DEBUG - 1 change detected: {(<Change.modified: 2>, '/workspace/app/backend/logs/app_20260519_121613.log')}
2026-05-19 12:17:45,811 - watchfiles.main - DEBUG - 1 change detected: {(<Change.modified: 2>, '/workspace/app/backend/logs/app_20260519_121613.log')}
2026-05-19 12:17:46,162 - watchfiles.main - DEBUG - 1 change detected: {(<Change.modified: 2>, '/workspace/app/backend/logs/app_20260519_121613.log')}
2026-05-19 12:17:46,513 - watchfiles.main - DEBUG - 1 change detected: {(<Change.modified: 2>, '/workspace/app/backend/logs/app_20260519_121613.log')}
2026-05-19 12:17:46,864 - watchfiles.main - DEBUG - 1 change detected: {(<Change.modified: 2>, '/workspace/app/backend/logs/app_20260519_121613.log')}
2026-05-19 12:17:47,216 - watchfiles.main - DEBUG - 1 change detected: {(<Change.modified: 2>, '/workspace/app/backend/logs/app_20260519_121613.log')}
2026-05-19 12:17:47,567 - watchfiles.main - DEBUG - 1 change detected: {(<Change.modified: 2>, '/workspace/app/backend/logs/app_20260519_121613.log')}
2026-05-19 12:17:47,918 - watchfiles.main - DEBUG - 1 change detected: {(<Change.modified: 2>, '/workspace/app/backend/logs/app_20260519_121613.log')}
2026-05-19 12:17:48,269 - watchfiles.main - DEBUG - 1 change detected: {(<Change.modified: 2>, '/workspace/app/backend/logs/app_20260519_121613.log')}
2026-05-19 12:17:48,620 - watchfiles.main - DEBUG - 1 change detected: {(<Change.modified: 2>, '/workspace/app/backend/logs/app_20260519_121613.log')}
2026-05-19 12:17:48,971 - watchfiles.main - DEBUG - 1 change detected: {(<Change.modified: 2>, '/workspace/app/backend/logs/app_20260519_121613.log')}
2026-05-19 12:17:49,323 - watchfiles.main - DEBUG - 1 change detected: {(<Change.modified: 2>, '/workspace/app/backend/logs/app_20260519_121613.log')}
2026-05-19 12:17:49,674 - watchfiles.main - DEBUG - 1 change detected: {(<Change.modified: 2>, '/workspace/app/backend/logs/app_20260519_121613.log')}
2026-05-19 12:17:50,025 - watchfiles.main - DEBUG - 1 change detected: {(<Change.modified: 2>, '/workspace/app/backend/logs/app_20260519_121613.log')}
2026-05-19 12:17:50,376 - watchfiles.main - DEBUG - 1 change detected: {(<Change.modified: 2>, '/workspace/app/backend/logs/app_20260519_121613.log')}
2026-05-19 12:17:50,727 - watchfiles.main - DEBUG - 1 change detected: {(<Change.modified: 2>, '/workspace/app/backend/logs/app_20260519_121613.log')}
2026-05-19 12:17:51,078 - watchfiles.main - DEBUG - 1 change detected: {(<Change.modified: 2>, '/workspace/app/backend/logs/app_20260519_121613.log')}
2026-05-19 12:17:51,429 - watchfiles.main - DEBUG - 1 change detected: {(<Change.modified: 2>, '/workspace/app/backend/logs/app_20260519_121613.log')}
2026-05-19 12:17:51,780 - watchfiles.main - DEBUG - 1 change detected: {(<Change.modified: 2>, '/workspace/app/backend/logs/app_20260519_121613.log')}
2026-05-19 12:17:52,131 - watchfiles.main - DEBUG - 1 change detected: {(<Change.modified: 2>, '/workspace/app/backend/logs/app_20260519_121613.log')}
2026-05-19 12:17:52,482 - watchfiles.main - DEBUG - 1 change detected: {(<Change.modified: 2>, '/workspace/app/backend/logs/app_20260519_121613.log')}
2026-05-19 12:17:52,833 - watchfiles.main - DEBUG - 1 change detected: {(<Change.modified: 2>, '/workspace/app/backend/logs/app_20260519_121613.log')}
2026-05-19 12:17:53,184 - watchfiles.main - DEBUG - 2 changes detected: {(<Change.modified: 2>, '/workspace/app/backend/logs/app_20260519_121613.log'), (<Change.modified: 2>, '/workspace/app/backend/logs/app_20260519_121616.log')}
2026-05-19 12:17:53,535 - watchfiles.main - DEBUG - 2 changes detected: {(<Change.modified: 2>, '/workspace/app/backend/logs/app_20260519_121613.log'), (<Change.modified: 2>, '/workspace/app/backend/logs/app_20260519_121616.log')}
2026-05-19 12:17:53,886 - watchfiles.main - DEBUG - 1 change detected: {(<Change.modified: 2>, '/workspace/app/backend/logs/app_20260519_121613.log')}
2026-05-19 12:17:54,237 - watchfiles.main - DEBUG - 1 change detected: {(<Change.modified: 2>, '/workspace/app/backend/logs/app_20260519_121613.log')}
2026-05-19 12:17:54,588 - watchfiles.main - DEBUG - 1 change detected: {(<Change.modified: 2>, '/workspace/app/backend/logs/app_20260519_121613.log')}
2026-05-19 12:17:54,940 - watchfiles.main - DEBUG - 1 change detected: {(<Change.modified: 2>, '/workspace/app/backend/logs/app_20260519_121613.log')}
2026-05-19 12:17:55,290 - watchfiles.main - DEBUG - 1 change detected: {(<Change.modified: 2>, '/workspace/app/backend/logs/app_20260519_121613.log')}
2026-05-19 12:17:55,641 - watchfiles.main - DEBUG - 1 change detected: {(<Change.modified: 2>, '/workspace/app/backend/logs/app_20260519_121613.log')}
2026-05-19 12:17:55,992 - watchfiles.main - DEBUG - 1 change detected: {(<Change.modified: 2>, '/workspace/app/backend/logs/app_20260519_121613.log')}
2026-05-19 12:17:56,344 - watchfiles.main - DEBUG - 1 change detected: {(<Change.modified: 2>, '/workspace/app/backend/logs/app_20260519_121613.log')}
2026-05-19 12:17:56,695 - watchfiles.main - DEBUG - 1 change detected: {(<Change.modified: 2>, '/workspace/app/backend/logs/app_20260519_121613.log')}
2026-05-19 12:17:57,046 - watchfiles.main - DEBUG - 1 change detected: {(<Change.modified: 2>, '/workspace/app/backend/logs/app_20260519_121613.log')}
2026-05-19 12:17:57,397 - watchfiles.main - DEBUG - 1 change detected: {(<Change.modified: 2>, '/workspace/app/backend/logs/app_20260519_121613.log')}
2026-05-19 12:17:57,748 - watchfiles.main - DEBUG - 1 change detected: {(<Change.modified: 2>, '/workspace/app/backend/logs/app_20260519_121613.log')}
2026-05-19 12:17:58,099 - watchfiles.main - DEBUG - 1 change detected: {(<Change.modified: 2>, '/workspace/app/backend/logs/app_20260519_121613.log')}
2026-05-19 12:17:58,450 - watchfiles.main - DEBUG - 1 change detected: {(<Change.modified: 2>, '/workspace/app/backend/logs/app_20260519_121613.log')}
2026-05-19 12:17:58,801 - watchfiles.main - DEBUG - 1 change detected: {(<Change.modified: 2>, '/workspace/app/backend/logs/app_20260519_121613.log')}
2026-05-19 12:17:59,152 - watchfiles.main - DEBUG - 1 change detected: {(<Change.modified: 2>, '/workspace/app/backend/logs/app_20260519_121613.log')}
2026-05-19 12:17:59,503 - watchfiles.main - DEBUG - 1 change detected: {(<Change.modified: 2>, '/workspace/app/backend/logs/app_20260519_121613.log')}
2026-05-19 12:17:59,854 - watchfiles.main - DEBUG - 1 change detected: {(<Change.modified: 2>, '/workspace/app/backend/logs/app_20260519_121613.log')}
2026-05-19 12:18:00,206 - watchfiles.main - DEBUG - 1 change detected: {(<Change.modified: 2>, '/workspace/app/backend/logs/app_20260519_121613.log')}
2026-05-19 12:18:00,559 - watchfiles.main - DEBUG - 1 change detected: {(<Change.modified: 2>, '/workspace/app/backend/logs/app_20260519_121613.log')}
2026-05-19 12:18:00,910 - watchfiles.main - DEBUG - 1 change detected: {(<Change.modified: 2>, '/workspace/app/backend/logs/app_20260519_121613.log')}
2026-05-19 12:18:01,262 - watchfiles.main - DEBUG - 1 change detected: {(<Change.modified: 2>, '/workspace/app/backend/logs/app_20260519_121613.log')}
2026-05-19 12:18:01,613 - watchfiles.main - DEBUG - 1 change detected: {(<Change.modified: 2>, '/workspace/app/backend/logs/app_20260519_121613.log')}
2026-05-19 12:18:01,964 - watchfiles.main - DEBUG - 1 change detected: {(<Change.modified: 2>, '/workspace/app/backend/logs/app_20260519_121613.log')}
2026-05-19 12:18:02,314 - watchfiles.main - DEBUG - 1 change detected: {(<Change.modified: 2>, '/workspace/app/backend/logs/app_20260519_121613.log')}
2026-05-19 12:18:02,665 - watchfiles.main - DEBUG - 1 change detected: {(<Change.modified: 2>, '/workspace/app/backend/logs/app_20260519_121613.log')}
2026-05-19 12:18:03,017 - watchfiles.main - DEBUG - 1 change detected: {(<Change.modified: 2>, '/workspace/app/backend/logs/app_20260519_121613.log')}
2026-05-19 12:18:03,368 - watchfiles.main - DEBUG - 1 change detected: {(<Change.modified: 2>, '/workspace/app/backend/logs/app_20260519_121613.log')}
2026-05-19 12:18:03,719 - watchfiles.main - DEBUG - 1 change detected: {(<Change.modified: 2>, '/workspace/app/backend/logs/app_20260519_121613.log')}
2026-05-19 12:18:04,070 - watchfiles.main - DEBUG - 1 change detected: {(<Change.modified: 2>, '/workspace/app/backend/logs/app_20260519_121613.log')}
2026-05-19 12:18:04,421 - watchfiles.main - DEBUG - 1 change detected: {(<Change.modified: 2>, '/workspace/app/backend/logs/app_20260519_121613.log')}
2026-05-19 12:18:04,772 - watchfiles.main - DEBUG - 1 change detected: {(<Change.modified: 2>, '/workspace/app/backend/logs/app_20260519_121613.log')}
2026-05-19 12:18:05,123 - watchfiles.main - DEBUG - 1 change detected: {(<Change.modified: 2>, '/workspace/app/backend/logs/app_20260519_121613.log')}
2026-05-19 12:18:05,475 - watchfiles.main - DEBUG - 1 change detected: {(<Change.modified: 2>, '/workspace/app/backend/logs/app_20260519_121613.log')}
2026-05-19 12:18:05,827 - watchfiles.main - DEBUG - 1 change detected: {(<Change.modified: 2>, '/workspace/app/backend/logs/app_20260519_121613.log')}
2026-05-19 12:18:06,178 - watchfiles.main - DEBUG - 1 change detected: {(<Change.modified: 2>, '/workspace/app/backend/logs/app_20260519_121613.log')}
2026-05-19 12:18:06,529 - watchfiles.main - DEBUG - 1 change detected: {(<Change.modified: 2>, '/workspace/app/backend/logs/app_20260519_121613.log')}
2026-05-19 12:18:06,880 - watchfiles.main - DEBUG - 1 change detected: {(<Change.modified: 2>, '/workspace/app/backend/logs/app_20260519_121613.log')}
2026-05-19 12:18:07,231 - watchfiles.main - DEBUG - 1 change detected: {(<Change.modified: 2>, '/workspace/app/backend/logs/app_20260519_121613.log')}
2026-05-19 12:18:07,582 - watchfiles.main - DEBUG - 1 change detected: {(<Change.modified: 2>, '/workspace/app/backend/logs/app_20260519_121613.log')}
2026-05-19 12:18:07,933 - watchfiles.main - DEBUG - 1 change detected: {(<Change.modified: 2>, '/workspace/app/backend/logs/app_20260519_121613.log')}
2026-05-19 12:18:08,284 - watchfiles.main - DEBUG - 1 change detected: {(<Change.modified: 2>, '/workspace/app/backend/logs/app_20260519_121613.log')}
2026-05-19 12:18:08,635 - watchfiles.main - DEBUG - 1 change detected: {(<Change.modified: 2>, '/workspace/app/backend/logs/app_20260519_121613.log')}
2026-05-19 12:18:08,986 - watchfiles.main - DEBUG - 1 change detected: {(<Change.modified: 2>, '/workspace/app/backend/logs/app_20260519_121613.log')}
2026-05-19 12:18:09,337 - watchfiles.main - DEBUG - 1 change detected: {(<Change.modified: 2>, '/workspace/app/backend/logs/app_20260519_121613.log')}
2026-05-19 12:18:09,688 - watchfiles.main - DEBUG - 1 change detected: {(<Change.modified: 2>, '/workspace/app/backend/logs/app_20260519_121613.log')}
2026-05-19 12:18:10,039 - watchfiles.main - DEBUG - 1 change detected: {(<Change.modified: 2>, '/workspace/app/backend/logs/app_20260519_121613.log')}
2026-05-19 12:18:10,390 - watchfiles.main - DEBUG - 1 change detected: {(<Change.modified: 2>, '/workspace/app/backend/logs/app_20260519_121613.log')}
2026-05-19 12:18:10,741 - watchfiles.main - DEBUG - 1 change detected: {(<Change.modified: 2>, '/workspace/app/backend/logs/app_20260519_121613.log')}
2026-05-19 12:18:11,092 - watchfiles.main - DEBUG - 1 change detected: {(<Change.modified: 2>, '/workspace/app/backend/logs/app_20260519_121613.log')}
2026-05-19 12:18:11,443 - watchfiles.main - DEBUG - 1 change detected: {(<Change.modified: 2>, '/workspace/app/backend/logs/app_20260519_121613.log')}
2026-05-19 12:18:11,794 - watchfiles.main - DEBUG - 1 change detected: {(<Change.modified: 2>, '/workspace/app/backend/logs/app_20260519_121613.log')}
2026-05-19 12:18:12,145 - watchfiles.main - DEBUG - 1 change detected: {(<Change.modified: 2>, '/workspace/app/backend/logs/app_20260519_121613.log')}
2026-05-19 12:18:12,496 - watchfiles.main - DEBUG - 1 change detected: {(<Change.modified: 2>, '/workspace/app/backend/logs/app_20260519_121613.log')}
2026-05-19 12:18:12,847 - watchfiles.main - DEBUG - 1 change detected: {(<Change.modified: 2>, '/workspace/app/backend/logs/app_20260519_121613.log')}
2026-05-19 12:18:13,198 - watchfiles.main - DEBUG - 1 change detected: {(<Change.modified: 2>, '/workspace/app/backend/logs/app_20260519_121613.log')}
2026-05-19 12:18:13,549 - watchfiles.main - DEBUG - 1 change detected: {(<Change.modified: 2>, '/workspace/app/backend/logs/app_20260519_121613.log')}
2026-05-19 12:18:13,900 - watchfiles.main - DEBUG - 1 change detected: {(<Change.modified: 2>, '/workspace/app/backend/logs/app_20260519_121613.log')}
2026-05-19 12:18:14,251 - watchfiles.main - DEBUG - 1 change detected: {(<Change.modified: 2>, '/workspace/app/backend/logs/app_20260519_121613.log')}
2026-05-19 12:18:14,602 - watchfiles.main - DEBUG - 1 change detected: {(<Change.modified: 2>, '/workspace/app/backend/logs/app_20260519_121613.log')}
2026-05-19 12:18:14,954 - watchfiles.main - DEBUG - 1 change detected: {(<Change.modified: 2>, '/workspace/app/backend/logs/app_20260519_121613.log')}
2026-05-19 12:18:15,305 - watchfiles.main - DEBUG - 1 change detected: {(<Change.modified: 2>, '/workspace/app/backend/logs/app_20260519_121613.log')}
2026-05-19 12:18:15,656 - watchfiles.main - DEBUG - 1 change detected: {(<Change.modified: 2>, '/workspace/app/backend/logs/app_20260519_121613.log')}
2026-05-19 12:18:16,007 - watchfiles.main - DEBUG - 1 change detected: {(<Change.modified: 2>, '/workspace/app/backend/logs/app_20260519_121613.log')}
2026-05-19 12:18:16,358 - watchfiles.main - DEBUG - 1 change detected: {(<Change.modified: 2>, '/workspace/app/backend/logs/app_20260519_121613.log')}
2026-05-19 12:18:16,709 - watchfiles.main - DEBUG - 1 change detected: {(<Change.modified: 2>, '/workspace/app/backend/logs/app_20260519_121613.log')}
2026-05-19 12:18:17,060 - watchfiles.main - DEBUG - 1 change detected: {(<Change.modified: 2>, '/workspace/app/backend/logs/app_20260519_121613.log')}
2026-05-19 12:18:17,411 - watchfiles.main - DEBUG - 1 change detected: {(<Change.modified: 2>, '/workspace/app/backend/logs/app_20260519_121613.log')}
2026-05-19 12:18:17,762 - watchfiles.main - DEBUG - 1 change detected: {(<Change.modified: 2>, '/workspace/app/backend/logs/app_20260519_121613.log')}
2026-05-19 12:18:18,113 - watchfiles.main - DEBUG - 1 change detected: {(<Change.modified: 2>, '/workspace/app/backend/logs/app_20260519_121613.log')}
2026-05-19 12:18:18,464 - watchfiles.main - DEBUG - 1 change detected: {(<Change.modified: 2>, '/workspace/app/backend/logs/app_20260519_121613.log')}
2026-05-19 12:18:18,815 - watchfiles.main - DEBUG - 1 change detected: {(<Change.modified: 2>, '/workspace/app/backend/logs/app_20260519_121613.log')}
2026-05-19 12:18:19,165 - watchfiles.main - DEBUG - 1 change detected: {(<Change.modified: 2>, '/workspace/app/backend/logs/app_20260519_121613.log')}
2026-05-19 12:18:19,516 - watchfiles.main - DEBUG - 1 change detected: {(<Change.modified: 2>, '/workspace/app/backend/logs/app_20260519_121613.log')}
2026-05-19 12:18:19,867 - watchfiles.main - DEBUG - 1 change detected: {(<Change.modified: 2>, '/workspace/app/backend/logs/app_20260519_121613.log')}
2026-05-19 12:18:20,218 - watchfiles.main - DEBUG - 1 change detected: {(<Change.modified: 2>, '/workspace/app/backend/logs/app_20260519_121613.log')}
2026-05-19 12:18:20,569 - watchfiles.main - DEBUG - 1 change detected: {(<Change.modified: 2>, '/workspace/app/backend/logs/app_20260519_121613.log')}
2026-05-19 12:18:20,920 - watchfiles.main - DEBUG - 1 change detected: {(<Change.modified: 2>, '/workspace/app/backend/logs/app_20260519_121613.log')}
2026-05-19 12:18:21,272 - watchfiles.main - DEBUG - 1 change detected: {(<Change.modified: 2>, '/workspace/app/backend/logs/app_20260519_121613.log')}
2026-05-19 12:18:21,623 - watchfiles.main - DEBUG - 1 change detected: {(<Change.modified: 2>, '/workspace/app/backend/logs/app_20260519_121613.log')}
2026-05-19 12:18:21,974 - watchfiles.main - DEBUG - 1 change detected: {(<Change.modified: 2>, '/workspace/app/backend/logs/app_20260519_121613.log')}
2026-05-19 12:18:22,325 - watchfiles.main - DEBUG - 1 change detected: {(<Change.modified: 2>, '/workspace/app/backend/logs/app_20260519_121613.log')}
2026-05-19 12:18:22,676 - watchfiles.main - DEBUG - 2 changes detected: {(<Change.modified: 2>, '/workspace/app/backend/logs/app_20260519_121613.log'), (<Change.modified: 2>, '/workspace/app/backend/logs/app_20260519_121616.log')}
2026-05-19 12:18:23,077 - watchfiles.main - DEBUG - 2 changes detected: {(<Change.modified: 2>, '/workspace/app/backend/logs/app_20260519_121613.log'), (<Change.modified: 2>, '/workspace/app/backend/logs/app_20260519_121616.log')}
2026-05-19 12:18:23,428 - watchfiles.main - DEBUG - 1 change detected: {(<Change.modified: 2>, '/workspace/app/backend/logs/app_20260519_121613.log')}
2026-05-19 12:18:23,779 - watchfiles.main - DEBUG - 1 change detected: {(<Change.modified: 2>, '/workspace/app/backend/logs/app_20260519_121613.log')}
2026-05-19 12:18:24,130 - watchfiles.main - DEBUG - 1 change detected: {(<Change.modified: 2>, '/workspace/app/backend/logs/app_20260519_121613.log')}
2026-05-19 12:18:24,481 - watchfiles.main - DEBUG - 1 change detected: {(<Change.modified: 2>, '/workspace/app/backend/logs/app_20260519_121613.log')}
2026-05-19 12:18:24,832 - watchfiles.main - DEBUG - 1 change detected: {(<Change.modified: 2>, '/workspace/app/backend/logs/app_20260519_121613.log')}
2026-05-19 12:18:25,183 - watchfiles.main - DEBUG - 1 change detected: {(<Change.modified: 2>, '/workspace/app/backend/logs/app_20260519_121613.log')}
2026-05-19 12:18:25,534 - watchfiles.main - DEBUG - 1 change detected: {(<Change.modified: 2>, '/workspace/app/backend/logs/app_20260519_121613.log')}
2026-05-19 12:18:25,885 - watchfiles.main - DEBUG - 1 change detected: {(<Change.modified: 2>, '/workspace/app/backend/logs/app_20260519_121613.log')}
2026-05-19 12:18:26,237 - watchfiles.main - DEBUG - 1 change detected: {(<Change.modified: 2>, '/workspace/app/backend/logs/app_20260519_121613.log')}
2026-05-19 12:18:26,587 - watchfiles.main - DEBUG - 1 change detected: {(<Change.modified: 2>, '/workspace/app/backend/logs/app_20260519_121613.log')}
2026-05-19 12:18:26,939 - watchfiles.main - DEBUG - 1 change detected: {(<Change.modified: 2>, '/workspace/app/backend/logs/app_20260519_121613.log')}
2026-05-19 12:18:27,290 - watchfiles.main - DEBUG - 1 change detected: {(<Change.modified: 2>, '/workspace/app/backend/logs/app_20260519_121613.log')}
2026-05-19 12:18:27,640 - watchfiles.main - DEBUG - 1 change detected: {(<Change.modified: 2>, '/workspace/app/backend/logs/app_20260519_121613.log')}
2026-05-19 12:18:27,991 - watchfiles.main - DEBUG - 1 change detected: {(<Change.modified: 2>, '/workspace/app/backend/logs/app_20260519_121613.log')}
2026-05-19 12:18:28,342 - watchfiles.main - DEBUG - 1 change detected: {(<Change.modified: 2>, '/workspace/app/backend/logs/app_20260519_121613.log')}
2026-05-19 12:18:28,693 - watchfiles.main - DEBUG - 1 change detected: {(<Change.modified: 2>, '/workspace/app/backend/logs/app_20260519_121613.log')}
2026-05-19 12:18:29,044 - watchfiles.main - DEBUG - 1 change detected: {(<Change.modified: 2>, '/workspace/app/backend/logs/app_20260519_121613.log')}
2026-05-19 12:18:29,395 - watchfiles.main - DEBUG - 1 change detected: {(<Change.modified: 2>, '/workspace/app/backend/logs/app_20260519_121613.log')}
2026-05-19 12:18:29,747 - watchfiles.main - DEBUG - 1 change detected: {(<Change.modified: 2>, '/workspace/app/backend/logs/app_20260519_121613.log')}
2026-05-19 12:18:30,098 - watchfiles.main - DEBUG - 1 change detected: {(<Change.modified: 2>, '/workspace/app/backend/logs/app_20260519_121613.log')}
2026-05-19 12:18:30,449 - watchfiles.main - DEBUG - 1 change detected: {(<Change.modified: 2>, '/workspace/app/backend/logs/app_20260519_121613.log')}
2026-05-19 12:18:30,799 - watchfiles.main - DEBUG - 1 change detected: {(<Change.modified: 2>, '/workspace/app/backend/logs/app_20260519_121613.log')}
2026-05-19 12:18:31,150 - watchfiles.main - DEBUG - 1 change detected: {(<Change.modified: 2>, '/workspace/app/backend/logs/app_20260519_121613.log')}
2026-05-19 12:18:31,501 - watchfiles.main - DEBUG - 1 change detected: {(<Change.modified: 2>, '/workspace/app/backend/logs/app_20260519_121613.log')}
2026-05-19 12:18:31,852 - watchfiles.main - DEBUG - 1 change detected: {(<Change.modified: 2>, '/workspace/app/backend/logs/app_20260519_121613.log')}
2026-05-19 12:18:32,203 - watchfiles.main - DEBUG - 1 change detected: {(<Change.modified: 2>, '/workspace/app/backend/logs/app_20260519_121613.log')}
2026-05-19 12:18:32,554 - watchfiles.main - DEBUG - 1 change detected: {(<Change.modified: 2>, '/workspace/app/backend/logs/app_20260519_121613.log')}
2026-05-19 12:18:32,905 - watchfiles.main - DEBUG - 1 change detected: {(<Change.modified: 2>, '/workspace/app/backend/logs/app_20260519_121613.log')}
2026-05-19 12:18:33,256 - watchfiles.main - DEBUG - 1 change detected: {(<Change.modified: 2>, '/workspace/app/backend/logs/app_20260519_121613.log')}
2026-05-19 12:18:33,608 - watchfiles.main - DEBUG - 1 change detected: {(<Change.modified: 2>, '/workspace/app/backend/logs/app_20260519_121613.log')}
2026-05-19 12:18:33,959 - watchfiles.main - DEBUG - 1 change detected: {(<Change.modified: 2>, '/workspace/app/backend/logs/app_20260519_121613.log')}
2026-05-19 12:18:34,310 - watchfiles.main - DEBUG - 1 change detected: {(<Change.modified: 2>, '/workspace/app/backend/logs/app_20260519_121613.log')}
2026-05-19 12:18:34,661 - watchfiles.main - DEBUG - 1 change detected: {(<Change.modified: 2>, '/workspace/app/backend/logs/app_20260519_121613.log')}
2026-05-19 12:18:35,012 - watchfiles.main - DEBUG - 1 change detected: {(<Change.modified: 2>, '/workspace/app/backend/logs/app_20260519_121613.log')}
2026-05-19 12:18:35,364 - watchfiles.main - DEBUG - 1 change detected: {(<Change.modified: 2>, '/workspace/app/backend/logs/app_20260519_121613.log')}
2026-05-19 12:18:35,715 - watchfiles.main - DEBUG - 1 change detected: {(<Change.modified: 2>, '/workspace/app/backend/logs/app_20260519_121613.log')}
2026-05-19 12:18:36,066 - watchfiles.main - DEBUG - 1 change detected: {(<Change.modified: 2>, '/workspace/app/backend/logs/app_20260519_121613.log')}
2026-05-19 12:18:36,417 - watchfiles.main - DEBUG - 1 change detected: {(<Change.modified: 2>, '/workspace/app/backend/logs/app_20260519_121613.log')}
2026-05-19 12:18:36,768 - watchfiles.main - DEBUG - 1 change detected: {(<Change.modified: 2>, '/workspace/app/backend/logs/app_20260519_121613.log')}
2026-05-19 12:18:37,119 - watchfiles.main - DEBUG - 1 change detected: {(<Change.modified: 2>, '/workspace/app/backend/logs/app_20260519_121613.log')}
2026-05-19 12:18:37,470 - watchfiles.main - DEBUG - 1 change detected: {(<Change.modified: 2>, '/workspace/app/backend/logs/app_20260519_121613.log')}
2026-05-19 12:18:37,822 - watchfiles.main - DEBUG - 1 change detected: {(<Change.modified: 2>, '/workspace/app/backend/logs/app_20260519_121613.log')}
2026-05-19 12:18:38,173 - watchfiles.main - DEBUG - 1 change detected: {(<Change.modified: 2>, '/workspace/app/backend/logs/app_20260519_121613.log')}
2026-05-19 12:18:38,524 - watchfiles.main - DEBUG - 1 change detected: {(<Change.modified: 2>, '/workspace/app/backend/logs/app_20260519_121613.log')}
2026-05-19 12:18:38,875 - watchfiles.main - DEBUG - 1 change detected: {(<Change.modified: 2>, '/workspace/app/backend/logs/app_20260519_121613.log')}
2026-05-19 12:18:39,226 - watchfiles.main - DEBUG - 1 change detected: {(<Change.modified: 2>, '/workspace/app/backend/logs/app_20260519_121613.log')}
2026-05-19 12:18:39,577 - watchfiles.main - DEBUG - 1 change detected: {(<Change.modified: 2>, '/workspace/app/backend/logs/app_20260519_121613.log')}
2026-05-19 12:18:39,928 - watchfiles.main - DEBUG - 1 change detected: {(<Change.modified: 2>, '/workspace/app/backend/logs/app_20260519_121613.log')}
2026-05-19 12:18:40,279 - watchfiles.main - DEBUG - 1 change detected: {(<Change.modified: 2>, '/workspace/app/backend/logs/app_20260519_121613.log')}
2026-05-19 12:18:40,630 - watchfiles.main - DEBUG - 1 change detected: {(<Change.modified: 2>, '/workspace/app/backend/logs/app_20260519_121613.log')}
2026-05-19 12:18:40,981 - watchfiles.main - DEBUG - 1 change detected: {(<Change.modified: 2>, '/workspace/app/backend/logs/app_20260519_121613.log')}
2026-05-19 12:18:41,332 - watchfiles.main - DEBUG - 1 change detected: {(<Change.modified: 2>, '/workspace/app/backend/logs/app_20260519_121613.log')}
2026-05-19 12:18:41,683 - watchfiles.main - DEBUG - 1 change detected: {(<Change.modified: 2>, '/workspace/app/backend/logs/app_20260519_121613.log')}
2026-05-19 12:18:42,034 - watchfiles.main - DEBUG - 1 change detected: {(<Change.modified: 2>, '/workspace/app/backend/logs/app_20260519_121613.log')}
2026-05-19 12:18:42,386 - watchfiles.main - DEBUG - 1 change detected: {(<Change.modified: 2>, '/workspace/app/backend/logs/app_20260519_121613.log')}
2026-05-19 12:18:42,737 - watchfiles.main - DEBUG - 1 change detected: {(<Change.modified: 2>, '/workspace/app/backend/logs/app_20260519_121613.log')}
2026-05-19 12:18:43,088 - watchfiles.main - DEBUG - 1 change detected: {(<Change.modified: 2>, '/workspace/app/backend/logs/app_20260519_121613.log')}
2026-05-19 12:18:43,438 - watchfiles.main - DEBUG - 1 change detected: {(<Change.modified: 2>, '/workspace/app/backend/logs/app_20260519_121613.log')}
2026-05-19 12:18:43,789 - watchfiles.main - DEBUG - 1 change detected: {(<Change.modified: 2>, '/workspace/app/backend/logs/app_20260519_121613.log')}
2026-05-19 12:18:44,140 - watchfiles.main - DEBUG - 1 change detected: {(<Change.modified: 2>, '/workspace/app/backend/logs/app_20260519_121613.log')}
2026-05-19 12:18:44,492 - watchfiles.main - DEBUG - 1 change detected: {(<Change.modified: 2>, '/workspace/app/backend/logs/app_20260519_121613.log')}
2026-05-19 12:18:44,843 - watchfiles.main - DEBUG - 1 change detected: {(<Change.modified: 2>, '/workspace/app/backend/logs/app_20260519_121613.log')}
2026-05-19 12:18:45,194 - watchfiles.main - DEBUG - 1 change detected: {(<Change.modified: 2>, '/workspace/app/backend/logs/app_20260519_121613.log')}
2026-05-19 12:18:45,544 - watchfiles.main - DEBUG - 1 change detected: {(<Change.modified: 2>, '/workspace/app/backend/logs/app_20260519_121613.log')}
2026-05-19 12:18:45,896 - watchfiles.main - DEBUG - 1 change detected: {(<Change.modified: 2>, '/workspace/app/backend/logs/app_20260519_121613.log')}
2026-05-19 12:18:46,247 - watchfiles.main - DEBUG - 1 change detected: {(<Change.modified: 2>, '/workspace/app/backend/logs/app_20260519_121613.log')}
2026-05-19 12:18:46,598 - watchfiles.main - DEBUG - 1 change detected: {(<Change.modified: 2>, '/workspace/app/backend/logs/app_20260519_121613.log')}
2026-05-19 12:18:46,949 - watchfiles.main - DEBUG - 1 change detected: {(<Change.modified: 2>, '/workspace/app/backend/logs/app_20260519_121613.log')}
2026-05-19 12:18:47,300 - watchfiles.main - DEBUG - 1 change detected: {(<Change.modified: 2>, '/workspace/app/backend/logs/app_20260519_121613.log')}
2026-05-19 12:18:47,651 - watchfiles.main - DEBUG - 1 change detected: {(<Change.modified: 2>, '/workspace/app/backend/logs/app_20260519_121613.log')}
2026-05-19 12:18:48,002 - watchfiles.main - DEBUG - 1 change detected: {(<Change.modified: 2>, '/workspace/app/backend/logs/app_20260519_121613.log')}
2026-05-19 12:18:48,353 - watchfiles.main - DEBUG - 1 change detected: {(<Change.modified: 2>, '/workspace/app/backend/logs/app_20260519_121613.log')}
2026-05-19 12:18:48,704 - watchfiles.main - DEBUG - 1 change detected: {(<Change.modified: 2>, '/workspace/app/backend/logs/app_20260519_121613.log')}
2026-05-19 12:18:49,054 - watchfiles.main - DEBUG - 1 change detected: {(<Change.modified: 2>, '/workspace/app/backend/logs/app_20260519_121613.log')}
2026-05-19 12:18:49,405 - watchfiles.main - DEBUG - 1 change detected: {(<Change.modified: 2>, '/workspace/app/backend/logs/app_20260519_121613.log')}
2026-05-19 12:18:49,756 - watchfiles.main - DEBUG - 1 change detected: {(<Change.modified: 2>, '/workspace/app/backend/logs/app_20260519_121613.log')}
2026-05-19 12:18:50,107 - watchfiles.main - DEBUG - 1 change detected: {(<Change.modified: 2>, '/workspace/app/backend/logs/app_20260519_121613.log')}
2026-05-19 12:18:50,458 - watchfiles.main - DEBUG - 1 change detected: {(<Change.modified: 2>, '/workspace/app/backend/logs/app_20260519_121613.log')}
2026-05-19 12:18:50,811 - watchfiles.main - DEBUG - 1 change detected: {(<Change.modified: 2>, '/workspace/app/backend/logs/app_20260519_121613.log')}
2026-05-19 12:18:51,162 - watchfiles.main - DEBUG - 1 change detected: {(<Change.modified: 2>, '/workspace/app/backend/logs/app_20260519_121613.log')}
2026-05-19 12:18:51,512 - watchfiles.main - DEBUG - 1 change detected: {(<Change.modified: 2>, '/workspace/app/backend/logs/app_20260519_121613.log')}
2026-05-19 12:18:51,863 - watchfiles.main - DEBUG - 1 change detected: {(<Change.modified: 2>, '/workspace/app/backend/logs/app_20260519_121613.log')}
2026-05-19 12:18:52,214 - watchfiles.main - DEBUG - 1 change detected: {(<Change.modified: 2>, '/workspace/app/backend/logs/app_20260519_121613.log')}
2026-05-19 12:18:52,566 - watchfiles.main - DEBUG - 1 change detected: {(<Change.modified: 2>, '/workspace/app/backend/logs/app_20260519_121613.log')}
2026-05-19 12:18:52,969 - watchfiles.main - DEBUG - 2 changes detected: {(<Change.modified: 2>, '/workspace/app/backend/logs/app_20260519_121613.log'), (<Change.modified: 2>, '/workspace/app/backend/logs/app_20260519_121616.log')}
2026-05-19 12:18:53,370 - watchfiles.main - DEBUG - 2 changes detected: {(<Change.modified: 2>, '/workspace/app/backend/logs/app_20260519_121613.log'), (<Change.modified: 2>, '/workspace/app/backend/logs/app_20260519_121616.log')}
2026-05-19 12:18:53,721 - watchfiles.main - DEBUG - 1 change detected: {(<Change.modified: 2>, '/workspace/app/backend/logs/app_20260519_121613.log')}
2026-05-19 12:18:54,072 - watchfiles.main - DEBUG - 1 change detected: {(<Change.modified: 2>, '/workspace/app/backend/logs/app_20260519_121613.log')}
2026-05-19 12:18:54,424 - watchfiles.main - DEBUG - 1 change detected: {(<Change.modified: 2>, '/workspace/app/backend/logs/app_20260519_121613.log')}
2026-05-19 12:18:54,775 - watchfiles.main - DEBUG - 1 change detected: {(<Change.modified: 2>, '/workspace/app/backend/logs/app_20260519_121613.log')}
2026-05-19 12:18:55,126 - watchfiles.main - DEBUG - 1 change detected: {(<Change.modified: 2>, '/workspace/app/backend/logs/app_20260519_121613.log')}
2026-05-19 12:18:55,477 - watchfiles.main - DEBUG - 1 change detected: {(<Change.modified: 2>, '/workspace/app/backend/logs/app_20260519_121613.log')}
2026-05-19 12:18:55,828 - watchfiles.main - DEBUG - 1 change detected: {(<Change.modified: 2>, '/workspace/app/backend/logs/app_20260519_121613.log')}
2026-05-19 12:18:56,179 - watchfiles.main - DEBUG - 1 change detected: {(<Change.modified: 2>, '/workspace/app/backend/logs/app_20260519_121613.log')}
2026-05-19 12:18:56,530 - watchfiles.main - DEBUG - 1 change detected: {(<Change.modified: 2>, '/workspace/app/backend/logs/app_20260519_121613.log')}
2026-05-19 12:18:56,881 - watchfiles.main - DEBUG - 1 change detected: {(<Change.modified: 2>, '/workspace/app/backend/logs/app_20260519_121613.log')}
2026-05-19 12:18:57,232 - watchfiles.main - DEBUG - 1 change detected: {(<Change.modified: 2>, '/workspace/app/backend/logs/app_20260519_121613.log')}
2026-05-19 12:18:57,583 - watchfiles.main - DEBUG - 1 change detected: {(<Change.modified: 2>, '/workspace/app/backend/logs/app_20260519_121613.log')}
2026-05-19 12:18:57,934 - watchfiles.main - DEBUG - 1 change detected: {(<Change.modified: 2>, '/workspace/app/backend/logs/app_20260519_121613.log')}
2026-05-19 12:18:58,285 - watchfiles.main - DEBUG - 1 change detected: {(<Change.modified: 2>, '/workspace/app/backend/logs/app_20260519_121613.log')}
2026-05-19 12:18:58,636 - watchfiles.main - DEBUG - 1 change detected: {(<Change.modified: 2>, '/workspace/app/backend/logs/app_20260519_121613.log')}
2026-05-19 12:18:58,987 - watchfiles.main - DEBUG - 1 change detected: {(<Change.modified: 2>, '/workspace/app/backend/logs/app_20260519_121613.log')}
2026-05-19 12:18:59,338 - watchfiles.main - DEBUG - 1 change detected: {(<Change.modified: 2>, '/workspace/app/backend/logs/app_20260519_121613.log')}
2026-05-19 12:18:59,689 - watchfiles.main - DEBUG - 1 change detected: {(<Change.modified: 2>, '/workspace/app/backend/logs/app_20260519_121613.log')}
2026-05-19 12:19:00,041 - watchfiles.main - DEBUG - 1 change detected: {(<Change.modified: 2>, '/workspace/app/backend/logs/app_20260519_121613.log')}
2026-05-19 12:19:00,393 - watchfiles.main - DEBUG - 1 change detected: {(<Change.modified: 2>, '/workspace/app/backend/logs/app_20260519_121613.log')}
2026-05-19 12:19:00,744 - watchfiles.main - DEBUG - 1 change detected: {(<Change.modified: 2>, '/workspace/app/backend/logs/app_20260519_121613.log')}
2026-05-19 12:19:01,095 - watchfiles.main - DEBUG - 1 change detected: {(<Change.modified: 2>, '/workspace/app/backend/logs/app_20260519_121613.log')}
2026-05-19 12:19:01,446 - watchfiles.main - DEBUG - 1 change detected: {(<Change.modified: 2>, '/workspace/app/backend/logs/app_20260519_121613.log')}
2026-05-19 12:19:01,797 - watchfiles.main - DEBUG - 1 change detected: {(<Change.modified: 2>, '/workspace/app/backend/logs/app_20260519_121613.log')}
2026-05-19 12:19:02,148 - watchfiles.main - DEBUG - 1 change detected: {(<Change.modified: 2>, '/workspace/app/backend/logs/app_20260519_121613.log')}
2026-05-19 12:19:02,499 - watchfiles.main - DEBUG - 1 change detected: {(<Change.modified: 2>, '/workspace/app/backend/logs/app_20260519_121613.log')}
2026-05-19 12:19:02,850 - watchfiles.main - DEBUG - 1 change detected: {(<Change.modified: 2>, '/workspace/app/backend/logs/app_20260519_121613.log')}
2026-05-19 12:19:03,201 - watchfiles.main - DEBUG - 1 change detected: {(<Change.modified: 2>, '/workspace/app/backend/logs/app_20260519_121613.log')}
2026-05-19 12:19:03,552 - watchfiles.main - DEBUG - 1 change detected: {(<Change.modified: 2>, '/workspace/app/backend/logs/app_20260519_121613.log')}
2026-05-19 12:19:03,903 - watchfiles.main - DEBUG - 1 change detected: {(<Change.modified: 2>, '/workspace/app/backend/logs/app_20260519_121613.log')}
2026-05-19 12:19:04,254 - watchfiles.main - DEBUG - 1 change detected: {(<Change.modified: 2>, '/workspace/app/backend/logs/app_20260519_121613.log')}
2026-05-19 12:19:04,605 - watchfiles.main - DEBUG - 2 changes detected: {(<Change.modified: 2>, '/workspace/app/backend/logs/app_20260519_121613.log'), (<Change.modified: 2>, '/workspace/app/backend/services/reservations.py')}
2026-05-19 12:19:05,232 - watchfiles.main - DEBUG - 2 changes detected: {(<Change.modified: 2>, '/workspace/app/backend/logs/app_20260519_121613.log'), (<Change.modified: 2>, '/workspace/app/backend/logs/app_20260519_121616.log')}
2026-05-19 12:19:05,583 - watchfiles.main - DEBUG - 1 change detected: {(<Change.modified: 2>, '/workspace/app/backend/logs/app_20260519_121613.log')}
2026-05-19 12:19:05,934 - watchfiles.main - DEBUG - 1 change detected: {(<Change.modified: 2>, '/workspace/app/backend/logs/app_20260519_121613.log')}
2026-05-19 12:19:06,285 - watchfiles.main - DEBUG - 1 change detected: {(<Change.modified: 2>, '/workspace/app/backend/logs/app_20260519_121613.log')}
2026-05-19 12:19:06,636 - watchfiles.main - DEBUG - 1 change detected: {(<Change.modified: 2>, '/workspace/app/backend/logs/app_20260519_121613.log')}
2026-05-19 12:19:06,988 - watchfiles.main - DEBUG - 2 changes detected: {(<Change.modified: 2>, '/workspace/app/backend/logs/app_20260519_121613.log'), (<Change.added: 1>, '/workspace/app/backend/logs/app_20260519_121906.log')}
2026-05-19 12:19:07,339 - watchfiles.main - DEBUG - 1 change detected: {(<Change.modified: 2>, '/workspace/app/backend/logs/app_20260519_121613.log')}
2026-05-19 12:19:07,690 - watchfiles.main - DEBUG - 1 change detected: {(<Change.modified: 2>, '/workspace/app/backend/logs/app_20260519_121613.log')}
2026-05-19 12:19:08,041 - watchfiles.main - DEBUG - 1 change detected: {(<Change.modified: 2>, '/workspace/app/backend/logs/app_20260519_121613.log')}
2026-05-19 12:19:08,392 - watchfiles.main - DEBUG - 5 changes detected: {(<Change.added: 1>, '/workspace/app/backend/services/__pycache__/reservations.cpython-310.pyc'), (<Change.deleted: 3>, '/workspace/app/backend/services/__pycache__/reservations.cpython-310.pyc.140012696101168'), (<Change.added: 1>, '/workspace/app/backend/services/__pycache__/reservations.cpython-310.pyc.140012696101168'), (<Change.modified: 2>, '/workspace/app/backend/logs/app_20260519_121613.log'), (<Change.modified: 2>, '/workspace/app/backend/logs/app_20260519_121906.log')}
2026-05-19 12:19:08,743 - watchfiles.main - DEBUG - 1 change detected: {(<Change.modified: 2>, '/workspace/app/backend/logs/app_20260519_121613.log')}
2026-05-19 12:19:09,095 - watchfiles.main - DEBUG - 1 change detected: {(<Change.modified: 2>, '/workspace/app/backend/logs/app_20260519_121613.log')}
2026-05-19 12:19:09,446 - watchfiles.main - DEBUG - 1 change detected: {(<Change.modified: 2>, '/workspace/app/backend/logs/app_20260519_121613.log')}
2026-05-19 12:19:09,797 - watchfiles.main - DEBUG - 1 change detected: {(<Change.modified: 2>, '/workspace/app/backend/logs/app_20260519_121613.log')}
2026-05-19 12:19:10,147 - watchfiles.main - DEBUG - 1 change detected: {(<Change.modified: 2>, '/workspace/app/backend/logs/app_20260519_121613.log')}
2026-05-19 12:19:10,498 - watchfiles.main - DEBUG - 1 change detected: {(<Change.modified: 2>, '/workspace/app/backend/logs/app_20260519_121613.log')}
2026-05-19 12:19:10,849 - watchfiles.main - DEBUG - 1 change detected: {(<Change.modified: 2>, '/workspace/app/backend/logs/app_20260519_121613.log')}
2026-05-19 12:19:11,201 - watchfiles.main - DEBUG - 1 change detected: {(<Change.modified: 2>, '/workspace/app/backend/logs/app_20260519_121613.log')}
2026-05-19 12:19:11,552 - watchfiles.main - DEBUG - 1 change detected: {(<Change.modified: 2>, '/workspace/app/backend/logs/app_20260519_121613.log')}
2026-05-19 12:19:11,903 - watchfiles.main - DEBUG - 1 change detected: {(<Change.modified: 2>, '/workspace/app/backend/logs/app_20260519_121613.log')}
2026-05-19 12:19:12,254 - watchfiles.main - DEBUG - 1 change detected: {(<Change.modified: 2>, '/workspace/app/backend/logs/app_20260519_121613.log')}
2026-05-19 12:19:12,605 - watchfiles.main - DEBUG - 1 change detected: {(<Change.modified: 2>, '/workspace/app/backend/logs/app_20260519_121613.log')}
2026-05-19 12:19:12,956 - watchfiles.main - DEBUG - 1 change detected: {(<Change.modified: 2>, '/workspace/app/backend/logs/app_20260519_121613.log')}
2026-05-19 12:19:13,306 - watchfiles.main - DEBUG - 1 change detected: {(<Change.modified: 2>, '/workspace/app/backend/logs/app_20260519_121613.log')}
2026-05-19 12:19:13,658 - watchfiles.main - DEBUG - 1 change detected: {(<Change.modified: 2>, '/workspace/app/backend/logs/app_20260519_121613.log')}
2026-05-19 12:19:14,008 - watchfiles.main - DEBUG - 1 change detected: {(<Change.modified: 2>, '/workspace/app/backend/logs/app_20260519_121613.log')}
2026-05-19 12:19:14,360 - watchfiles.main - DEBUG - 1 change detected: {(<Change.modified: 2>, '/workspace/app/backend/logs/app_20260519_121613.log')}
2026-05-19 12:19:14,711 - watchfiles.main - DEBUG - 1 change detected: {(<Change.modified: 2>, '/workspace/app/backend/logs/app_20260519_121613.log')}
2026-05-19 12:19:15,063 - watchfiles.main - DEBUG - 1 change detected: {(<Change.modified: 2>, '/workspace/app/backend/logs/app_20260519_121613.log')}
2026-05-19 12:19:15,414 - watchfiles.main - DEBUG - 1 change detected: {(<Change.modified: 2>, '/workspace/app/backend/logs/app_20260519_121613.log')}
2026-05-19 12:19:15,766 - watchfiles.main - DEBUG - 1 change detected: {(<Change.modified: 2>, '/workspace/app/backend/logs/app_20260519_121613.log')}
2026-05-19 12:19:16,118 - watchfiles.main - DEBUG - 1 change detected: {(<Change.modified: 2>, '/workspace/app/backend/logs/app_20260519_121613.log')}
2026-05-19 12:19:16,469 - watchfiles.main - DEBUG - 1 change detected: {(<Change.modified: 2>, '/workspace/app/backend/logs/app_20260519_121613.log')}
2026-05-19 12:19:16,820 - watchfiles.main - DEBUG - 1 change detected: {(<Change.modified: 2>, '/workspace/app/backend/logs/app_20260519_121613.log')}
2026-05-19 12:19:17,171 - watchfiles.main - DEBUG - 1 change detected: {(<Change.modified: 2>, '/workspace/app/backend/logs/app_20260519_121613.log')}
2026-05-19 12:19:17,521 - watchfiles.main - DEBUG - 1 change detected: {(<Change.modified: 2>, '/workspace/app/backend/logs/app_20260519_121613.log')}
2026-05-19 12:19:17,873 - watchfiles.main - DEBUG - 1 change detected: {(<Change.modified: 2>, '/workspace/app/backend/logs/app_20260519_121613.log')}
2026-05-19 12:19:18,224 - watchfiles.main - DEBUG - 1 change detected: {(<Change.modified: 2>, '/workspace/app/backend/logs/app_20260519_121613.log')}
2026-05-19 12:19:18,575 - watchfiles.main - DEBUG - 1 change detected: {(<Change.modified: 2>, '/workspace/app/backend/logs/app_20260519_121613.log')}
2026-05-19 12:19:18,926 - watchfiles.main - DEBUG - 2 changes detected: {(<Change.modified: 2>, '/workspace/app/backend/routers/reservations.py'), (<Change.modified: 2>, '/workspace/app/backend/logs/app_20260519_121613.log')}
2026-05-19 12:19:19,461 - watchfiles.main - DEBUG - 2 changes detected: {(<Change.modified: 2>, '/workspace/app/backend/logs/app_20260519_121906.log'), (<Change.modified: 2>, '/workspace/app/backend/logs/app_20260519_121613.log')}
2026-05-19 12:19:19,812 - watchfiles.main - DEBUG - 1 change detected: {(<Change.modified: 2>, '/workspace/app/backend/logs/app_20260519_121613.log')}
2026-05-19 12:19:20,163 - watchfiles.main - DEBUG - 1 change detected: {(<Change.modified: 2>, '/workspace/app/backend/logs/app_20260519_121613.log')}
2026-05-19 12:19:20,514 - watchfiles.main - DEBUG - 1 change detected: {(<Change.modified: 2>, '/workspace/app/backend/logs/app_20260519_121613.log')}
2026-05-19 12:19:20,865 - watchfiles.main - DEBUG - 2 changes detected: {(<Change.modified: 2>, '/workspace/app/backend/logs/app_20260519_121613.log'), (<Change.added: 1>, '/workspace/app/backend/logs/app_20260519_121920.log')}
2026-05-19 12:19:21,216 - watchfiles.main - DEBUG - 1 change detected: {(<Change.modified: 2>, '/workspace/app/backend/logs/app_20260519_121613.log')}
2026-05-19 12:19:21,568 - watchfiles.main - DEBUG - 1 change detected: {(<Change.modified: 2>, '/workspace/app/backend/logs/app_20260519_121613.log')}
2026-05-19 12:19:21,920 - watchfiles.main - DEBUG - 1 change detected: {(<Change.modified: 2>, '/workspace/app/backend/logs/app_20260519_121613.log')}
2026-05-19 12:19:22,271 - watchfiles.main - DEBUG - 1 change detected: {(<Change.modified: 2>, '/workspace/app/backend/logs/app_20260519_121613.log')}
2026-05-19 12:19:22,622 - watchfiles.main - DEBUG - 5 changes detected: {(<Change.added: 1>, '/workspace/app/backend/routers/__pycache__/reservations.cpython-310.pyc'), (<Change.deleted: 3>, '/workspace/app/backend/routers/__pycache__/reservations.cpython-310.pyc.140275450896688'), (<Change.modified: 2>, '/workspace/app/backend/logs/app_20260519_121920.log'), (<Change.added: 1>, '/workspace/app/backend/routers/__pycache__/reservations.cpython-310.pyc.140275450896688'), (<Change.modified: 2>, '/workspace/app/backend/logs/app_20260519_121613.log')}
2026-05-19 12:19:22,973 - watchfiles.main - DEBUG - 2 changes detected: {(<Change.modified: 2>, '/workspace/app/backend/logs/app_20260519_121920.log'), (<Change.modified: 2>, '/workspace/app/backend/logs/app_20260519_121613.log')}
2026-05-19 12:19:23,324 - watchfiles.main - DEBUG - 1 change detected: {(<Change.modified: 2>, '/workspace/app/backend/logs/app_20260519_121613.log')}
2026-05-19 12:19:23,675 - watchfiles.main - DEBUG - 1 change detected: {(<Change.modified: 2>, '/workspace/app/backend/logs/app_20260519_121613.log')}
2026-05-19 12:19:24,026 - watchfiles.main - DEBUG - 1 change detected: {(<Change.modified: 2>, '/workspace/app/backend/logs/app_20260519_121613.log')}
2026-05-19 12:19:24,377 - watchfiles.main - DEBUG - 1 change detected: {(<Change.modified: 2>, '/workspace/app/backend/logs/app_20260519_121613.log')}
2026-05-19 12:19:24,728 - watchfiles.main - DEBUG - 2 changes detected: {(<Change.modified: 2>, '/workspace/app/backend/logs/app_20260519_121920.log'), (<Change.modified: 2>, '/workspace/app/backend/logs/app_20260519_121613.log')}
2026-05-19 12:19:25,079 - watchfiles.main - DEBUG - 2 changes detected: {(<Change.modified: 2>, '/workspace/app/backend/logs/app_20260519_121920.log'), (<Change.modified: 2>, '/workspace/app/backend/logs/app_20260519_121613.log')}
2026-05-19 12:19:25,430 - watchfiles.main - DEBUG - 8 changes detected: {(<Change.added: 1>, '/workspace/app/backend/routers/__pycache__/reservations.cpython-310.pyc'), (<Change.deleted: 3>, '/workspace/app/backend/services/__pycache__/reservations.cpython-310.pyc.140391846422640'), (<Change.added: 1>, '/workspace/app/backend/services/__pycache__/reservations.cpython-310.pyc'), (<Change.modified: 2>, '/workspace/app/backend/logs/app_20260519_121920.log'), (<Change.added: 1>, '/workspace/app/backend/services/__pycache__/reservations.cpython-310.pyc.140391846422640'), (<Change.modified: 2>, '/workspace/app/backend/logs/app_20260519_121613.log'), (<Change.deleted: 3>, '/workspace/app/backend/routers/__pycache__/reservations.cpython-310.pyc.140617539053680'), (<Change.added: 1>, '/workspace/app/backend/routers/__pycache__/reservations.cpython-310.pyc.140617539053680')}
2026-05-19 12:19:25,781 - watchfiles.main - DEBUG - 1 change detected: {(<Change.modified: 2>, '/workspace/app/backend/logs/app_20260519_121613.log')}
2026-05-19 12:19:26,132 - watchfiles.main - DEBUG - 1 change detected: {(<Change.modified: 2>, '/workspace/app/backend/logs/app_20260519_121613.log')}
2026-05-19 12:19:26,483 - watchfiles.main - DEBUG - 1 change detected: {(<Change.modified: 2>, '/workspace/app/backend/logs/app_20260519_121613.log')}
2026-05-19 12:19:26,834 - watchfiles.main - DEBUG - 1 change detected: {(<Change.modified: 2>, '/workspace/app/backend/logs/app_20260519_121613.log')}
2026-05-19 12:19:27,185 - watchfiles.main - DEBUG - 1 change detected: {(<Change.modified: 2>, '/workspace/app/backend/logs/app_20260519_121613.log')}
2026-05-19 12:19:27,536 - watchfiles.main - DEBUG - 1 change detected: {(<Change.modified: 2>, '/workspace/app/backend/logs/app_20260519_121613.log')}
2026-05-19 12:19:27,887 - watchfiles.main - DEBUG - 1 change detected: {(<Change.modified: 2>, '/workspace/app/backend/logs/app_20260519_121613.log')}
2026-05-19 12:19:28,238 - watchfiles.main - DEBUG - 1 change detected: {(<Change.modified: 2>, '/workspace/app/backend/logs/app_20260519_121613.log')}
2026-05-19 12:19:28,589 - watchfiles.main - DEBUG - 1 change detected: {(<Change.modified: 2>, '/workspace/app/backend/logs/app_20260519_121613.log')}
2026-05-19 12:19:28,940 - watchfiles.main - DEBUG - 1 change detected: {(<Change.modified: 2>, '/workspace/app/backend/logs/app_20260519_121613.log')}
2026-05-19 12:19:29,293 - watchfiles.main - DEBUG - 1 change detected: {(<Change.modified: 2>, '/workspace/app/backend/logs/app_20260519_121613.log')}
2026-05-19 12:19:29,644 - watchfiles.main - DEBUG - 1 change detected: {(<Change.modified: 2>, '/workspace/app/backend/logs/app_20260519_121613.log')}
2026-05-19 12:19:29,995 - watchfiles.main - DEBUG - 1 change detected: {(<Change.modified: 2>, '/workspace/app/backend/logs/app_20260519_121613.log')}
2026-05-19 12:19:30,346 - watchfiles.main - DEBUG - 1 change detected: {(<Change.modified: 2>, '/workspace/app/backend/logs/app_20260519_121613.log')}
2026-05-19 12:19:30,697 - watchfiles.main - DEBUG - 1 change detected: {(<Change.modified: 2>, '/workspace/app/backend/logs/app_20260519_121613.log')}
2026-05-19 12:19:31,048 - watchfiles.main - DEBUG - 1 change detected: {(<Change.modified: 2>, '/workspace/app/backend/logs/app_20260519_121613.log')}
2026-05-19 12:19:31,402 - watchfiles.main - DEBUG - 1 change detected: {(<Change.modified: 2>, '/workspace/app/backend/logs/app_20260519_121613.log')}
2026-05-19 12:19:31,753 - watchfiles.main - DEBUG - 1 change detected: {(<Change.modified: 2>, '/workspace/app/backend/logs/app_20260519_121613.log')}
2026-05-19 12:19:32,105 - watchfiles.main - DEBUG - 1 change detected: {(<Change.modified: 2>, '/workspace/app/backend/logs/app_20260519_121613.log')}
2026-05-19 12:19:32,456 - watchfiles.main - DEBUG - 1 change detected: {(<Change.modified: 2>, '/workspace/app/backend/logs/app_20260519_121613.log')}
2026-05-19 12:19:32,807 - watchfiles.main - DEBUG - 1 change detected: {(<Change.modified: 2>, '/workspace/app/backend/logs/app_20260519_121613.log')}
2026-05-19 12:19:33,158 - watchfiles.main - DEBUG - 1 change detected: {(<Change.modified: 2>, '/workspace/app/backend/logs/app_20260519_121613.log')}
2026-05-19 12:19:33,509 - watchfiles.main - DEBUG - 1 change detected: {(<Change.modified: 2>, '/workspace/app/backend/logs/app_20260519_121613.log')}
2026-05-19 12:19:33,860 - watchfiles.main - DEBUG - 1 change detected: {(<Change.modified: 2>, '/workspace/app/backend/logs/app_20260519_121613.log')}
2026-05-19 12:19:34,211 - watchfiles.main - DEBUG - 1 change detected: {(<Change.modified: 2>, '/workspace/app/backend/logs/app_20260519_121613.log')}
2026-05-19 12:19:34,565 - watchfiles.main - DEBUG - 1 change detected: {(<Change.modified: 2>, '/workspace/app/backend/logs/app_20260519_121613.log')}
2026-05-19 12:19:34,916 - watchfiles.main - DEBUG - 1 change detected: {(<Change.modified: 2>, '/workspace/app/backend/logs/app_20260519_121613.log')}
2026-05-19 12:19:35,268 - watchfiles.main - DEBUG - 1 change detected: {(<Change.modified: 2>, '/workspace/app/backend/logs/app_20260519_121613.log')}
2026-05-19 12:19:35,620 - watchfiles.main - DEBUG - 1 change detected: {(<Change.modified: 2>, '/workspace/app/backend/logs/app_20260519_121613.log')}
2026-05-19 12:19:35,971 - watchfiles.main - DEBUG - 1 change detected: {(<Change.modified: 2>, '/workspace/app/backend/logs/app_20260519_121613.log')}
2026-05-19 12:19:36,322 - watchfiles.main - DEBUG - 1 change detected: {(<Change.modified: 2>, '/workspace/app/backend/logs/app_20260519_121613.log')}
2026-05-19 12:19:36,673 - watchfiles.main - DEBUG - 1 change detected: {(<Change.modified: 2>, '/workspace/app/backend/logs/app_20260519_121613.log')}
2026-05-19 12:19:37,024 - watchfiles.main - DEBUG - 1 change detected: {(<Change.modified: 2>, '/workspace/app/backend/logs/app_20260519_121613.log')}
2026-05-19 12:19:37,377 - watchfiles.main - DEBUG - 1 change detected: {(<Change.modified: 2>, '/workspace/app/backend/logs/app_20260519_121613.log')}
2026-05-19 12:19:37,728 - watchfiles.main - DEBUG - 1 change detected: {(<Change.modified: 2>, '/workspace/app/backend/logs/app_20260519_121613.log')}
2026-05-19 12:19:38,080 - watchfiles.main - DEBUG - 1 change detected: {(<Change.modified: 2>, '/workspace/app/backend/logs/app_20260519_121613.log')}
2026-05-19 12:19:38,431 - watchfiles.main - DEBUG - 1 change detected: {(<Change.modified: 2>, '/workspace/app/backend/logs/app_20260519_121613.log')}
2026-05-19 12:19:38,782 - watchfiles.main - DEBUG - 1 change detected: {(<Change.modified: 2>, '/workspace/app/backend/logs/app_20260519_121613.log')}
2026-05-19 12:19:39,133 - watchfiles.main - DEBUG - 1 change detected: {(<Change.modified: 2>, '/workspace/app/backend/logs/app_20260519_121613.log')}
2026-05-19 12:19:39,484 - watchfiles.main - DEBUG - 1 change detected: {(<Change.modified: 2>, '/workspace/app/backend/logs/app_20260519_121613.log')}
2026-05-19 12:19:39,835 - watchfiles.main - DEBUG - 1 change detected: {(<Change.modified: 2>, '/workspace/app/backend/logs/app_20260519_121613.log')}
2026-05-19 12:19:40,186 - watchfiles.main - DEBUG - 1 change detected: {(<Change.modified: 2>, '/workspace/app/backend/logs/app_20260519_121613.log')}
2026-05-19 12:19:40,537 - watchfiles.main - DEBUG - 1 change detected: {(<Change.modified: 2>, '/workspace/app/backend/logs/app_20260519_121613.log')}
2026-05-19 12:19:40,889 - watchfiles.main - DEBUG - 1 change detected: {(<Change.modified: 2>, '/workspace/app/backend/logs/app_20260519_121613.log')}
2026-05-19 12:19:41,239 - watchfiles.main - DEBUG - 1 change detected: {(<Change.modified: 2>, '/workspace/app/backend/logs/app_20260519_121613.log')}
2026-05-19 12:19:41,590 - watchfiles.main - DEBUG - 1 change detected: {(<Change.modified: 2>, '/workspace/app/backend/logs/app_20260519_121613.log')}
2026-05-19 12:19:41,942 - watchfiles.main - DEBUG - 1 change detected: {(<Change.modified: 2>, '/workspace/app/backend/logs/app_20260519_121613.log')}
2026-05-19 12:19:42,293 - watchfiles.main - DEBUG - 1 change detected: {(<Change.modified: 2>, '/workspace/app/backend/logs/app_20260519_121613.log')}
2026-05-19 12:19:42,646 - watchfiles.main - DEBUG - 1 change detected: {(<Change.modified: 2>, '/workspace/app/backend/logs/app_20260519_121613.log')}
2026-05-19 12:19:42,997 - watchfiles.main - DEBUG - 1 change detected: {(<Change.modified: 2>, '/workspace/app/backend/logs/app_20260519_121613.log')}
2026-05-19 12:19:43,348 - watchfiles.main - DEBUG - 1 change detected: {(<Change.modified: 2>, '/workspace/app/backend/logs/app_20260519_121613.log')}
2026-05-19 12:19:43,699 - watchfiles.main - DEBUG - 1 change detected: {(<Change.modified: 2>, '/workspace/app/backend/logs/app_20260519_121613.log')}
2026-05-19 12:19:44,050 - watchfiles.main - DEBUG - 1 change detected: {(<Change.modified: 2>, '/workspace/app/backend/logs/app_20260519_121613.log')}
2026-05-19 12:19:44,401 - watchfiles.main - DEBUG - 1 change detected: {(<Change.modified: 2>, '/workspace/app/backend/logs/app_20260519_121613.log')}
2026-05-19 12:19:44,752 - watchfiles.main - DEBUG - 1 change detected: {(<Change.modified: 2>, '/workspace/app/backend/logs/app_20260519_121613.log')}
2026-05-19 12:19:45,103 - watchfiles.main - DEBUG - 1 change detected: {(<Change.modified: 2>, '/workspace/app/backend/logs/app_20260519_121613.log')}
2026-05-19 12:19:45,454 - watchfiles.main - DEBUG - 1 change detected: {(<Change.modified: 2>, '/workspace/app/backend/logs/app_20260519_121613.log')}
2026-05-19 12:19:45,805 - watchfiles.main - DEBUG - 1 change detected: {(<Change.modified: 2>, '/workspace/app/backend/logs/app_20260519_121613.log')}
2026-05-19 12:19:46,156 - watchfiles.main - DEBUG - 1 change detected: {(<Change.modified: 2>, '/workspace/app/backend/logs/app_20260519_121613.log')}
2026-05-19 12:19:46,507 - watchfiles.main - DEBUG - 1 change detected: {(<Change.modified: 2>, '/workspace/app/backend/logs/app_20260519_121613.log')}
2026-05-19 12:19:46,858 - watchfiles.main - DEBUG - 1 change detected: {(<Change.modified: 2>, '/workspace/app/backend/logs/app_20260519_121613.log')}
2026-05-19 12:19:47,209 - watchfiles.main - DEBUG - 1 change detected: {(<Change.modified: 2>, '/workspace/app/backend/logs/app_20260519_121613.log')}
2026-05-19 12:19:47,560 - watchfiles.main - DEBUG - 1 change detected: {(<Change.modified: 2>, '/workspace/app/backend/logs/app_20260519_121613.log')}
2026-05-19 12:19:47,911 - watchfiles.main - DEBUG - 1 change detected: {(<Change.modified: 2>, '/workspace/app/backend/logs/app_20260519_121613.log')}
2026-05-19 12:19:48,262 - watchfiles.main - DEBUG - 1 change detected: {(<Change.modified: 2>, '/workspace/app/backend/logs/app_20260519_121613.log')}
2026-05-19 12:19:48,613 - watchfiles.main - DEBUG - 1 change detected: {(<Change.modified: 2>, '/workspace/app/backend/logs/app_20260519_121613.log')}
2026-05-19 12:19:48,964 - watchfiles.main - DEBUG - 1 change detected: {(<Change.modified: 2>, '/workspace/app/backend/logs/app_20260519_121613.log')}
2026-05-19 12:19:49,315 - watchfiles.main - DEBUG - 1 change detected: {(<Change.modified: 2>, '/workspace/app/backend/logs/app_20260519_121613.log')}
2026-05-19 12:19:49,666 - watchfiles.main - DEBUG - 1 change detected: {(<Change.modified: 2>, '/workspace/app/backend/logs/app_20260519_121613.log')}
2026-05-19 12:19:50,017 - watchfiles.main - DEBUG - 1 change detected: {(<Change.modified: 2>, '/workspace/app/backend/logs/app_20260519_121613.log')}
2026-05-19 12:19:50,368 - watchfiles.main - DEBUG - 1 change detected: {(<Change.modified: 2>, '/workspace/app/backend/logs/app_20260519_121613.log')}
2026-05-19 12:19:50,719 - watchfiles.main - DEBUG - 1 change detected: {(<Change.modified: 2>, '/workspace/app/backend/logs/app_20260519_121613.log')}
2026-05-19 12:19:51,070 - watchfiles.main - DEBUG - 1 change detected: {(<Change.modified: 2>, '/workspace/app/backend/logs/app_20260519_121613.log')}
2026-05-19 12:19:51,421 - watchfiles.main - DEBUG - 1 change detected: {(<Change.modified: 2>, '/workspace/app/backend/logs/app_20260519_121613.log')}
2026-05-19 12:19:51,772 - watchfiles.main - DEBUG - 1 change detected: {(<Change.modified: 2>, '/workspace/app/backend/logs/app_20260519_121613.log')}
2026-05-19 12:19:52,123 - watchfiles.main - DEBUG - 1 change detected: {(<Change.modified: 2>, '/workspace/app/backend/logs/app_20260519_121613.log')}
2026-05-19 12:19:52,474 - watchfiles.main - DEBUG - 1 change detected: {(<Change.modified: 2>, '/workspace/app/backend/logs/app_20260519_121613.log')}
2026-05-19 12:19:52,825 - watchfiles.main - DEBUG - 1 change detected: {(<Change.modified: 2>, '/workspace/app/backend/logs/app_20260519_121613.log')}
2026-05-19 12:19:53,176 - watchfiles.main - DEBUG - 2 changes detected: {(<Change.modified: 2>, '/workspace/app/backend/logs/app_20260519_121920.log'), (<Change.modified: 2>, '/workspace/app/backend/logs/app_20260519_121613.log')}
2026-05-19 12:19:53,528 - watchfiles.main - DEBUG - 2 changes detected: {(<Change.modified: 2>, '/workspace/app/backend/logs/app_20260519_121920.log'), (<Change.modified: 2>, '/workspace/app/backend/logs/app_20260519_121613.log')}
2026-05-19 12:19:53,879 - watchfiles.main - DEBUG - 1 change detected: {(<Change.modified: 2>, '/workspace/app/backend/logs/app_20260519_121613.log')}
2026-05-19 12:19:54,230 - watchfiles.main - DEBUG - 1 change detected: {(<Change.modified: 2>, '/workspace/app/backend/logs/app_20260519_121613.log')}
2026-05-19 12:19:54,581 - watchfiles.main - DEBUG - 1 change detected: {(<Change.modified: 2>, '/workspace/app/backend/logs/app_20260519_121613.log')}
2026-05-19 12:19:54,933 - watchfiles.main - DEBUG - 1 change detected: {(<Change.modified: 2>, '/workspace/app/backend/logs/app_20260519_121613.log')}
2026-05-19 12:19:55,283 - watchfiles.main - DEBUG - 1 change detected: {(<Change.modified: 2>, '/workspace/app/backend/logs/app_20260519_121613.log')}
2026-05-19 12:19:55,634 - watchfiles.main - DEBUG - 1 change detected: {(<Change.modified: 2>, '/workspace/app/backend/logs/app_20260519_121613.log')}
2026-05-19 12:19:55,985 - watchfiles.main - DEBUG - 1 change detected: {(<Change.modified: 2>, '/workspace/app/backend/logs/app_20260519_121613.log')}
2026-05-19 12:19:56,337 - watchfiles.main - DEBUG - 1 change detected: {(<Change.modified: 2>, '/workspace/app/backend/logs/app_20260519_121613.log')}
2026-05-19 12:19:56,688 - watchfiles.main - DEBUG - 1 change detected: {(<Change.modified: 2>, '/workspace/app/backend/logs/app_20260519_121613.log')}
2026-05-19 12:19:57,039 - watchfiles.main - DEBUG - 1 change detected: {(<Change.modified: 2>, '/workspace/app/backend/logs/app_20260519_121613.log')}
2026-05-19 12:19:57,390 - watchfiles.main - DEBUG - 1 change detected: {(<Change.modified: 2>, '/workspace/app/backend/logs/app_20260519_121613.log')}
2026-05-19 12:19:57,741 - watchfiles.main - DEBUG - 1 change detected: {(<Change.modified: 2>, '/workspace/app/backend/logs/app_20260519_121613.log')}
2026-05-19 12:19:58,092 - watchfiles.main - DEBUG - 1 change detected: {(<Change.modified: 2>, '/workspace/app/backend/logs/app_20260519_121613.log')}
2026-05-19 12:19:58,443 - watchfiles.main - DEBUG - 1 change detected: {(<Change.modified: 2>, '/workspace/app/backend/logs/app_20260519_121613.log')}
2026-05-19 12:19:58,794 - watchfiles.main - DEBUG - 1 change detected: {(<Change.modified: 2>, '/workspace/app/backend/logs/app_20260519_121613.log')}
2026-05-19 12:19:59,145 - watchfiles.main - DEBUG - 1 change detected: {(<Change.modified: 2>, '/workspace/app/backend/logs/app_20260519_121613.log')}
2026-05-19 12:19:59,496 - watchfiles.main - DEBUG - 1 change detected: {(<Change.modified: 2>, '/workspace/app/backend/logs/app_20260519_121613.log')}
2026-05-19 12:19:59,847 - watchfiles.main - DEBUG - 1 change detected: {(<Change.modified: 2>, '/workspace/app/backend/logs/app_20260519_121613.log')}
2026-05-19 12:20:00,198 - watchfiles.main - DEBUG - 1 change detected: {(<Change.modified: 2>, '/workspace/app/backend/logs/app_20260519_121613.log')}
2026-05-19 12:20:00,551 - watchfiles.main - DEBUG - 1 change detected: {(<Change.modified: 2>, '/workspace/app/backend/logs/app_20260519_121613.log')}
2026-05-19 12:20:00,904 - watchfiles.main - DEBUG - 1 change detected: {(<Change.modified: 2>, '/workspace/app/backend/logs/app_20260519_121613.log')}
2026-05-19 12:20:01,255 - watchfiles.main - DEBUG - 1 change detected: {(<Change.modified: 2>, '/workspace/app/backend/logs/app_20260519_121613.log')}
2026-05-19 12:20:01,606 - watchfiles.main - DEBUG - 1 change detected: {(<Change.modified: 2>, '/workspace/app/backend/logs/app_20260519_121613.log')}
2026-05-19 12:20:01,957 - watchfiles.main - DEBUG - 1 change detected: {(<Change.modified: 2>, '/workspace/app/backend/logs/app_20260519_121613.log')}
2026-05-19 12:20:02,308 - watchfiles.main - DEBUG - 1 change detected: {(<Change.modified: 2>, '/workspace/app/backend/logs/app_20260519_121613.log')}
2026-05-19 12:20:02,659 - watchfiles.main - DEBUG - 1 change detected: {(<Change.modified: 2>, '/workspace/app/backend/logs/app_20260519_121613.log')}
2026-05-19 12:20:03,010 - watchfiles.main - DEBUG - 1 change detected: {(<Change.modified: 2>, '/workspace/app/backend/logs/app_20260519_121613.log')}
2026-05-19 12:20:03,362 - watchfiles.main - DEBUG - 1 change detected: {(<Change.modified: 2>, '/workspace/app/backend/logs/app_20260519_121613.log')}
2026-05-19 12:20:03,713 - watchfiles.main - DEBUG - 1 change detected: {(<Change.modified: 2>, '/workspace/app/backend/logs/app_20260519_121613.log')}
2026-05-19 12:20:04,064 - watchfiles.main - DEBUG - 1 change detected: {(<Change.modified: 2>, '/workspace/app/backend/logs/app_20260519_121613.log')}
2026-05-19 12:20:04,415 - watchfiles.main - DEBUG - 1 change detected: {(<Change.modified: 2>, '/workspace/app/backend/logs/app_20260519_121613.log')}
2026-05-19 12:20:04,766 - watchfiles.main - DEBUG - 1 change detected: {(<Change.modified: 2>, '/workspace/app/backend/logs/app_20260519_121613.log')}
2026-05-19 12:20:05,117 - watchfiles.main - DEBUG - 1 change detected: {(<Change.modified: 2>, '/workspace/app/backend/logs/app_20260519_121613.log')}
2026-05-19 12:20:05,468 - watchfiles.main - DEBUG - 1 change detected: {(<Change.modified: 2>, '/workspace/app/backend/logs/app_20260519_121613.log')}
2026-05-19 12:20:05,820 - watchfiles.main - DEBUG - 1 change detected: {(<Change.modified: 2>, '/workspace/app/backend/logs/app_20260519_121613.log')}
2026-05-19 12:20:06,171 - watchfiles.main - DEBUG - 1 change detected: {(<Change.modified: 2>, '/workspace/app/backend/logs/app_20260519_121613.log')}
2026-05-19 12:20:06,523 - watchfiles.main - DEBUG - 1 change detected: {(<Change.modified: 2>, '/workspace/app/backend/logs/app_20260519_121613.log')}
2026-05-19 12:20:06,874 - watchfiles.main - DEBUG - 1 change detected: {(<Change.modified: 2>, '/workspace/app/backend/logs/app_20260519_121613.log')}
2026-05-19 12:20:07,225 - watchfiles.main - DEBUG - 1 change detected: {(<Change.modified: 2>, '/workspace/app/backend/logs/app_20260519_121613.log')}
2026-05-19 12:20:07,577 - watchfiles.main - DEBUG - 1 change detected: {(<Change.modified: 2>, '/workspace/app/backend/logs/app_20260519_121613.log')}
2026-05-19 12:20:07,928 - watchfiles.main - DEBUG - 1 change detected: {(<Change.modified: 2>, '/workspace/app/backend/logs/app_20260519_121613.log')}
2026-05-19 12:20:08,279 - watchfiles.main - DEBUG - 1 change detected: {(<Change.modified: 2>, '/workspace/app/backend/logs/app_20260519_121613.log')}
2026-05-19 12:20:08,630 - watchfiles.main - DEBUG - 1 change detected: {(<Change.modified: 2>, '/workspace/app/backend/logs/app_20260519_121613.log')}
2026-05-19 12:20:08,981 - watchfiles.main - DEBUG - 1 change detected: {(<Change.modified: 2>, '/workspace/app/backend/logs/app_20260519_121613.log')}
2026-05-19 12:20:09,333 - watchfiles.main - DEBUG - 1 change detected: {(<Change.modified: 2>, '/workspace/app/backend/logs/app_20260519_121613.log')}
2026-05-19 12:20:09,684 - watchfiles.main - DEBUG - 1 change detected: {(<Change.modified: 2>, '/workspace/app/backend/logs/app_20260519_121613.log')}
2026-05-19 12:20:10,035 - watchfiles.main - DEBUG - 1 change detected: {(<Change.modified: 2>, '/workspace/app/backend/logs/app_20260519_121613.log')}
2026-05-19 12:20:10,386 - watchfiles.main - DEBUG - 1 change detected: {(<Change.modified: 2>, '/workspace/app/backend/logs/app_20260519_121613.log')}
2026-05-19 12:20:10,737 - watchfiles.main - DEBUG - 1 change detected: {(<Change.modified: 2>, '/workspace/app/backend/logs/app_20260519_121613.log')}
2026-05-19 12:20:11,088 - watchfiles.main - DEBUG - 1 change detected: {(<Change.modified: 2>, '/workspace/app/backend/logs/app_20260519_121613.log')}
2026-05-19 12:20:11,439 - watchfiles.main - DEBUG - 1 change detected: {(<Change.modified: 2>, '/workspace/app/backend/logs/app_20260519_121613.log')}
2026-05-19 12:20:11,791 - watchfiles.main - DEBUG - 1 change detected: {(<Change.modified: 2>, '/workspace/app/backend/logs/app_20260519_121613.log')}
2026-05-19 12:20:12,142 - watchfiles.main - DEBUG - 1 change detected: {(<Change.modified: 2>, '/workspace/app/backend/logs/app_20260519_121613.log')}
2026-05-19 12:20:12,494 - watchfiles.main - DEBUG - 1 change detected: {(<Change.modified: 2>, '/workspace/app/backend/logs/app_20260519_121613.log')}
2026-05-19 12:20:12,845 - watchfiles.main - DEBUG - 1 change detected: {(<Change.modified: 2>, '/workspace/app/backend/logs/app_20260519_121613.log')}
2026-05-19 12:20:13,196 - watchfiles.main - DEBUG - 1 change detected: {(<Change.modified: 2>, '/workspace/app/backend/logs/app_20260519_121613.log')}
2026-05-19 12:20:13,547 - watchfiles.main - DEBUG - 1 change detected: {(<Change.modified: 2>, '/workspace/app/backend/logs/app_20260519_121613.log')}
2026-05-19 12:20:13,898 - watchfiles.main - DEBUG - 1 change detected: {(<Change.modified: 2>, '/workspace/app/backend/logs/app_20260519_121613.log')}
2026-05-19 12:20:14,249 - watchfiles.main - DEBUG - 1 change detected: {(<Change.modified: 2>, '/workspace/app/backend/logs/app_20260519_121613.log')}
2026-05-19 12:20:14,600 - watchfiles.main - DEBUG - 1 change detected: {(<Change.modified: 2>, '/workspace/app/backend/logs/app_20260519_121613.log')}
2026-05-19 12:20:14,951 - watchfiles.main - DEBUG - 1 change detected: {(<Change.modified: 2>, '/workspace/app/backend/logs/app_20260519_121613.log')}
2026-05-19 12:20:15,302 - watchfiles.main - DEBUG - 1 change detected: {(<Change.modified: 2>, '/workspace/app/backend/logs/app_20260519_121613.log')}
2026-05-19 12:20:15,653 - watchfiles.main - DEBUG - 1 change detected: {(<Change.modified: 2>, '/workspace/app/backend/logs/app_20260519_121613.log')}
2026-05-19 12:20:16,005 - watchfiles.main - DEBUG - 1 change detected: {(<Change.modified: 2>, '/workspace/app/backend/logs/app_20260519_121613.log')}
2026-05-19 12:20:16,356 - watchfiles.main - DEBUG - 1 change detected: {(<Change.modified: 2>, '/workspace/app/backend/logs/app_20260519_121613.log')}
2026-05-19 12:20:16,707 - watchfiles.main - DEBUG - 1 change detected: {(<Change.modified: 2>, '/workspace/app/backend/logs/app_20260519_121613.log')}
2026-05-19 12:20:17,058 - watchfiles.main - DEBUG - 1 change detected: {(<Change.modified: 2>, '/workspace/app/backend/logs/app_20260519_121613.log')}
2026-05-19 12:20:17,409 - watchfiles.main - DEBUG - 1 change detected: {(<Change.modified: 2>, '/workspace/app/backend/logs/app_20260519_121613.log')}
2026-05-19 12:20:17,760 - watchfiles.main - DEBUG - 1 change detected: {(<Change.modified: 2>, '/workspace/app/backend/logs/app_20260519_121613.log')}
2026-05-19 12:20:18,111 - watchfiles.main - DEBUG - 1 change detected: {(<Change.modified: 2>, '/workspace/app/backend/logs/app_20260519_121613.log')}
2026-05-19 12:20:18,462 - watchfiles.main - DEBUG - 1 change detected: {(<Change.modified: 2>, '/workspace/app/backend/logs/app_20260519_121613.log')}
2026-05-19 12:20:18,813 - watchfiles.main - DEBUG - 1 change detected: {(<Change.modified: 2>, '/workspace/app/backend/logs/app_20260519_121613.log')}
2026-05-19 12:20:19,165 - watchfiles.main - DEBUG - 1 change detected: {(<Change.modified: 2>, '/workspace/app/backend/logs/app_20260519_121613.log')}
2026-05-19 12:20:19,516 - watchfiles.main - DEBUG - 1 change detected: {(<Change.modified: 2>, '/workspace/app/backend/logs/app_20260519_121613.log')}
2026-05-19 12:20:19,867 - watchfiles.main - DEBUG - 1 change detected: {(<Change.modified: 2>, '/workspace/app/backend/logs/app_20260519_121613.log')}
2026-05-19 12:20:20,218 - watchfiles.main - DEBUG - 1 change detected: {(<Change.modified: 2>, '/workspace/app/backend/logs/app_20260519_121613.log')}
2026-05-19 12:20:20,569 - watchfiles.main - DEBUG - 1 change detected: {(<Change.modified: 2>, '/workspace/app/backend/logs/app_20260519_121613.log')}
2026-05-19 12:20:20,920 - watchfiles.main - DEBUG - 1 change detected: {(<Change.modified: 2>, '/workspace/app/backend/logs/app_20260519_121613.log')}
2026-05-19 12:20:21,271 - watchfiles.main - DEBUG - 1 change detected: {(<Change.modified: 2>, '/workspace/app/backend/logs/app_20260519_121613.log')}
2026-05-19 12:20:21,622 - watchfiles.main - DEBUG - 1 change detected: {(<Change.modified: 2>, '/workspace/app/backend/logs/app_20260519_121613.log')}
2026-05-19 12:20:21,973 - watchfiles.main - DEBUG - 1 change detected: {(<Change.modified: 2>, '/workspace/app/backend/logs/app_20260519_121613.log')}
2026-05-19 12:20:22,324 - watchfiles.main - DEBUG - 1 change detected: {(<Change.modified: 2>, '/workspace/app/backend/logs/app_20260519_121613.log')}
2026-05-19 12:20:22,676 - watchfiles.main - DEBUG - 1 change detected: {(<Change.modified: 2>, '/workspace/app/backend/logs/app_20260519_121613.log')}
2026-05-19 12:20:23,028 - watchfiles.main - DEBUG - 2 changes detected: {(<Change.modified: 2>, '/workspace/app/backend/logs/app_20260519_121920.log'), (<Change.modified: 2>, '/workspace/app/backend/logs/app_20260519_121613.log')}
2026-05-19 12:20:23,379 - watchfiles.main - DEBUG - 2 changes detected: {(<Change.modified: 2>, '/workspace/app/backend/logs/app_20260519_121920.log'), (<Change.modified: 2>, '/workspace/app/backend/logs/app_20260519_121613.log')}
2026-05-19 12:20:23,730 - watchfiles.main - DEBUG - 1 change detected: {(<Change.modified: 2>, '/workspace/app/backend/logs/app_20260519_121613.log')}
2026-05-19 12:20:24,081 - watchfiles.main - DEBUG - 1 change detected: {(<Change.modified: 2>, '/workspace/app/backend/logs/app_20260519_121613.log')}
2026-05-19 12:20:24,432 - watchfiles.main - DEBUG - 1 change detected: {(<Change.modified: 2>, '/workspace/app/backend/logs/app_20260519_121613.log')}
2026-05-19 12:20:24,783 - watchfiles.main - DEBUG - 1 change detected: {(<Change.modified: 2>, '/workspace/app/backend/logs/app_20260519_121613.log')}
2026-05-19 12:20:25,134 - watchfiles.main - DEBUG - 1 change detected: {(<Change.modified: 2>, '/workspace/app/backend/logs/app_20260519_121613.log')}
2026-05-19 12:20:25,485 - watchfiles.main - DEBUG - 1 change detected: {(<Change.modified: 2>, '/workspace/app/backend/logs/app_20260519_121613.log')}
2026-05-19 12:20:25,836 - watchfiles.main - DEBUG - 1 change detected: {(<Change.modified: 2>, '/workspace/app/backend/logs/app_20260519_121613.log')}
2026-05-19 12:20:26,187 - watchfiles.main - DEBUG - 1 change detected: {(<Change.modified: 2>, '/workspace/app/backend/logs/app_20260519_121613.log')}
2026-05-19 12:20:26,538 - watchfiles.main - DEBUG - 1 change detected: {(<Change.modified: 2>, '/workspace/app/backend/logs/app_20260519_121613.log')}
2026-05-19 12:20:26,889 - watchfiles.main - DEBUG - 1 change detected: {(<Change.modified: 2>, '/workspace/app/backend/logs/app_20260519_121613.log')}
2026-05-19 12:20:27,240 - watchfiles.main - DEBUG - 1 change detected: {(<Change.modified: 2>, '/workspace/app/backend/logs/app_20260519_121613.log')}
2026-05-19 12:20:27,591 - watchfiles.main - DEBUG - 1 change detected: {(<Change.modified: 2>, '/workspace/app/backend/logs/app_20260519_121613.log')}
2026-05-19 12:20:27,942 - watchfiles.main - DEBUG - 1 change detected: {(<Change.modified: 2>, '/workspace/app/backend/logs/app_20260519_121613.log')}
2026-05-19 12:20:28,293 - watchfiles.main - DEBUG - 1 change detected: {(<Change.modified: 2>, '/workspace/app/backend/logs/app_20260519_121613.log')}
2026-05-19 12:20:28,644 - watchfiles.main - DEBUG - 1 change detected: {(<Change.modified: 2>, '/workspace/app/backend/logs/app_20260519_121613.log')}
2026-05-19 12:20:28,995 - watchfiles.main - DEBUG - 1 change detected: {(<Change.modified: 2>, '/workspace/app/backend/logs/app_20260519_121613.log')}
2026-05-19 12:20:29,346 - watchfiles.main - DEBUG - 1 change detected: {(<Change.modified: 2>, '/workspace/app/backend/logs/app_20260519_121613.log')}
2026-05-19 12:20:29,697 - watchfiles.main - DEBUG - 1 change detected: {(<Change.modified: 2>, '/workspace/app/backend/logs/app_20260519_121613.log')}
2026-05-19 12:20:30,048 - watchfiles.main - DEBUG - 1 change detected: {(<Change.modified: 2>, '/workspace/app/backend/logs/app_20260519_121613.log')}
2026-05-19 12:20:30,399 - watchfiles.main - DEBUG - 1 change detected: {(<Change.modified: 2>, '/workspace/app/backend/logs/app_20260519_121613.log')}
2026-05-19 12:20:30,750 - watchfiles.main - DEBUG - 1 change detected: {(<Change.modified: 2>, '/workspace/app/backend/logs/app_20260519_121613.log')}
2026-05-19 12:20:31,101 - watchfiles.main - DEBUG - 1 change detected: {(<Change.modified: 2>, '/workspace/app/backend/logs/app_20260519_121613.log')}
2026-05-19 12:20:31,452 - watchfiles.main - DEBUG - 1 change detected: {(<Change.modified: 2>, '/workspace/app/backend/logs/app_20260519_121613.log')}
2026-05-19 12:20:31,803 - watchfiles.main - DEBUG - 1 change detected: {(<Change.modified: 2>, '/workspace/app/backend/logs/app_20260519_121613.log')}
2026-05-19 12:20:32,154 - watchfiles.main - DEBUG - 1 change detected: {(<Change.modified: 2>, '/workspace/app/backend/logs/app_20260519_121613.log')}
2026-05-19 12:20:32,505 - watchfiles.main - DEBUG - 1 change detected: {(<Change.modified: 2>, '/workspace/app/backend/logs/app_20260519_121613.log')}
2026-05-19 12:20:32,856 - watchfiles.main - DEBUG - 1 change detected: {(<Change.modified: 2>, '/workspace/app/backend/logs/app_20260519_121613.log')}
2026-05-19 12:20:33,207 - watchfiles.main - DEBUG - 1 change detected: {(<Change.modified: 2>, '/workspace/app/backend/logs/app_20260519_121613.log')}
2026-05-19 12:20:33,558 - watchfiles.main - DEBUG - 1 change detected: {(<Change.modified: 2>, '/workspace/app/backend/logs/app_20260519_121613.log')}
2026-05-19 12:20:33,909 - watchfiles.main - DEBUG - 1 change detected: {(<Change.modified: 2>, '/workspace/app/backend/logs/app_20260519_121613.log')}
2026-05-19 12:20:34,262 - watchfiles.main - DEBUG - 1 change detected: {(<Change.modified: 2>, '/workspace/app/backend/logs/app_20260519_121613.log')}
2026-05-19 12:20:34,613 - watchfiles.main - DEBUG - 1 change detected: {(<Change.modified: 2>, '/workspace/app/backend/logs/app_20260519_121613.log')}
2026-05-19 12:20:34,964 - watchfiles.main - DEBUG - 1 change detected: {(<Change.modified: 2>, '/workspace/app/backend/logs/app_20260519_121613.log')}
2026-05-19 12:20:35,315 - watchfiles.main - DEBUG - 1 change detected: {(<Change.modified: 2>, '/workspace/app/backend/logs/app_20260519_121613.log')}
2026-05-19 12:20:35,666 - watchfiles.main - DEBUG - 1 change detected: {(<Change.modified: 2>, '/workspace/app/backend/logs/app_20260519_121613.log')}
2026-05-19 12:20:36,018 - watchfiles.main - DEBUG - 1 change detected: {(<Change.modified: 2>, '/workspace/app/backend/logs/app_20260519_121613.log')}
2026-05-19 12:20:36,369 - watchfiles.main - DEBUG - 1 change detected: {(<Change.modified: 2>, '/workspace/app/backend/logs/app_20260519_121613.log')}
2026-05-19 12:20:36,720 - watchfiles.main - DEBUG - 2 changes detected: {(<Change.modified: 2>, '/workspace/app/backend/logs/app_20260519_121920.log'), (<Change.modified: 2>, '/workspace/app/backend/logs/app_20260519_121613.log')}
2026-05-19 12:20:37,071 - watchfiles.main - DEBUG - 1 change detected: {(<Change.modified: 2>, '/workspace/app/backend/logs/app_20260519_121613.log')}
2026-05-19 12:20:37,422 - watchfiles.main - DEBUG - 1 change detected: {(<Change.modified: 2>, '/workspace/app/backend/logs/app_20260519_121613.log')}
2026-05-19 12:20:37,773 - watchfiles.main - DEBUG - 1 change detected: {(<Change.modified: 2>, '/workspace/app/backend/logs/app_20260519_121613.log')}
2026-05-19 12:20:38,124 - watchfiles.main - DEBUG - 1 change detected: {(<Change.modified: 2>, '/workspace/app/backend/logs/app_20260519_121613.log')}
2026-05-19 12:20:38,475 - watchfiles.main - DEBUG - 1 change detected: {(<Change.modified: 2>, '/workspace/app/backend/logs/app_20260519_121613.log')}
2026-05-19 12:20:38,826 - watchfiles.main - DEBUG - 1 change detected: {(<Change.modified: 2>, '/workspace/app/backend/logs/app_20260519_121613.log')}
2026-05-19 12:20:39,178 - watchfiles.main - DEBUG - 1 change detected: {(<Change.modified: 2>, '/workspace/app/backend/logs/app_20260519_121613.log')}
2026-05-19 12:20:39,528 - watchfiles.main - DEBUG - 1 change detected: {(<Change.modified: 2>, '/workspace/app/backend/logs/app_20260519_121613.log')}
2026-05-19 12:20:39,880 - watchfiles.main - DEBUG - 1 change detected: {(<Change.modified: 2>, '/workspace/app/backend/logs/app_20260519_121613.log')}
2026-05-19 12:20:40,231 - watchfiles.main - DEBUG - 1 change detected: {(<Change.modified: 2>, '/workspace/app/backend/logs/app_20260519_121613.log')}
2026-05-19 12:20:40,581 - watchfiles.main - DEBUG - 1 change detected: {(<Change.modified: 2>, '/workspace/app/backend/logs/app_20260519_121613.log')}
2026-05-19 12:20:40,932 - watchfiles.main - DEBUG - 1 change detected: {(<Change.modified: 2>, '/workspace/app/backend/logs/app_20260519_121613.log')}
2026-05-19 12:20:41,283 - watchfiles.main - DEBUG - 1 change detected: {(<Change.modified: 2>, '/workspace/app/backend/logs/app_20260519_121613.log')}
2026-05-19 12:20:41,635 - watchfiles.main - DEBUG - 1 change detected: {(<Change.modified: 2>, '/workspace/app/backend/logs/app_20260519_121613.log')}
2026-05-19 12:20:41,986 - watchfiles.main - DEBUG - 1 change detected: {(<Change.modified: 2>, '/workspace/app/backend/logs/app_20260519_121613.log')}
2026-05-19 12:20:42,337 - watchfiles.main - DEBUG - 1 change detected: {(<Change.modified: 2>, '/workspace/app/backend/logs/app_20260519_121613.log')}
2026-05-19 12:20:42,688 - watchfiles.main - DEBUG - 1 change detected: {(<Change.modified: 2>, '/workspace/app/backend/logs/app_20260519_121613.log')}
2026-05-19 12:20:43,039 - watchfiles.main - DEBUG - 1 change detected: {(<Change.modified: 2>, '/workspace/app/backend/logs/app_20260519_121613.log')}
2026-05-19 12:20:43,390 - watchfiles.main - DEBUG - 1 change detected: {(<Change.modified: 2>, '/workspace/app/backend/logs/app_20260519_121613.log')}
2026-05-19 12:20:43,741 - watchfiles.main - DEBUG - 1 change detected: {(<Change.modified: 2>, '/workspace/app/backend/logs/app_20260519_121613.log')}
2026-05-19 12:20:44,092 - watchfiles.main - DEBUG - 1 change detected: {(<Change.modified: 2>, '/workspace/app/backend/logs/app_20260519_121613.log')}
2026-05-19 12:20:44,443 - watchfiles.main - DEBUG - 1 change detected: {(<Change.modified: 2>, '/workspace/app/backend/logs/app_20260519_121613.log')}
2026-05-19 12:20:44,794 - watchfiles.main - DEBUG - 1 change detected: {(<Change.modified: 2>, '/workspace/app/backend/logs/app_20260519_121613.log')}
2026-05-19 12:20:45,145 - watchfiles.main - DEBUG - 1 change detected: {(<Change.modified: 2>, '/workspace/app/backend/logs/app_20260519_121613.log')}
2026-05-19 12:20:45,496 - watchfiles.main - DEBUG - 1 change detected: {(<Change.modified: 2>, '/workspace/app/backend/logs/app_20260519_121613.log')}
2026-05-19 12:20:45,847 - watchfiles.main - DEBUG - 1 change detected: {(<Change.modified: 2>, '/workspace/app/backend/logs/app_20260519_121613.log')}
2026-05-19 12:20:46,198 - watchfiles.main - DEBUG - 1 change detected: {(<Change.modified: 2>, '/workspace/app/backend/logs/app_20260519_121613.log')}
2026-05-19 12:20:46,549 - watchfiles.main - DEBUG - 1 change detected: {(<Change.modified: 2>, '/workspace/app/backend/logs/app_20260519_121613.log')}
2026-05-19 12:20:46,900 - watchfiles.main - DEBUG - 1 change detected: {(<Change.modified: 2>, '/workspace/app/backend/logs/app_20260519_121613.log')}
2026-05-19 12:20:47,251 - watchfiles.main - DEBUG - 1 change detected: {(<Change.modified: 2>, '/workspace/app/backend/logs/app_20260519_121613.log')}
2026-05-19 12:20:47,602 - watchfiles.main - DEBUG - 1 change detected: {(<Change.modified: 2>, '/workspace/app/backend/logs/app_20260519_121613.log')}
2026-05-19 12:20:47,953 - watchfiles.main - DEBUG - 1 change detected: {(<Change.modified: 2>, '/workspace/app/backend/logs/app_20260519_121613.log')}
2026-05-19 12:20:48,305 - watchfiles.main - DEBUG - 1 change detected: {(<Change.modified: 2>, '/workspace/app/backend/logs/app_20260519_121613.log')}
2026-05-19 12:20:48,656 - watchfiles.main - DEBUG - 1 change detected: {(<Change.modified: 2>, '/workspace/app/backend/logs/app_20260519_121613.log')}
2026-05-19 12:20:49,007 - watchfiles.main - DEBUG - 1 change detected: {(<Change.modified: 2>, '/workspace/app/backend/logs/app_20260519_121613.log')}
2026-05-19 12:20:49,358 - watchfiles.main - DEBUG - 1 change detected: {(<Change.modified: 2>, '/workspace/app/backend/logs/app_20260519_121613.log')}
2026-05-19 12:20:49,708 - watchfiles.main - DEBUG - 1 change detected: {(<Change.modified: 2>, '/workspace/app/backend/logs/app_20260519_121613.log')}
2026-05-19 12:20:50,060 - watchfiles.main - DEBUG - 1 change detected: {(<Change.modified: 2>, '/workspace/app/backend/logs/app_20260519_121613.log')}
2026-05-19 12:20:50,412 - watchfiles.main - DEBUG - 1 change detected: {(<Change.modified: 2>, '/workspace/app/backend/logs/app_20260519_121613.log')}
2026-05-19 12:20:50,762 - watchfiles.main - DEBUG - 1 change detected: {(<Change.modified: 2>, '/workspace/app/backend/logs/app_20260519_121613.log')}
2026-05-19 12:20:51,113 - watchfiles.main - DEBUG - 1 change detected: {(<Change.modified: 2>, '/workspace/app/backend/logs/app_20260519_121613.log')}
2026-05-19 12:20:51,465 - watchfiles.main - DEBUG - 1 change detected: {(<Change.modified: 2>, '/workspace/app/backend/logs/app_20260519_121613.log')}
2026-05-19 12:20:51,816 - watchfiles.main - DEBUG - 1 change detected: {(<Change.modified: 2>, '/workspace/app/backend/logs/app_20260519_121613.log')}
2026-05-19 12:20:52,167 - watchfiles.main - DEBUG - 1 change detected: {(<Change.modified: 2>, '/workspace/app/backend/logs/app_20260519_121613.log')}
2026-05-19 12:20:52,519 - watchfiles.main - DEBUG - 1 change detected: {(<Change.modified: 2>, '/workspace/app/backend/logs/app_20260519_121613.log')}
2026-05-19 12:20:52,920 - watchfiles.main - DEBUG - 2 changes detected: {(<Change.modified: 2>, '/workspace/app/backend/logs/app_20260519_121920.log'), (<Change.modified: 2>, '/workspace/app/backend/logs/app_20260519_121613.log')}
2026-05-19 12:20:53,321 - watchfiles.main - DEBUG - 2 changes detected: {(<Change.modified: 2>, '/workspace/app/backend/logs/app_20260519_121920.log'), (<Change.modified: 2>, '/workspace/app/backend/logs/app_20260519_121613.log')}
2026-05-19 12:20:53,672 - watchfiles.main - DEBUG - 1 change detected: {(<Change.modified: 2>, '/workspace/app/backend/logs/app_20260519_121613.log')}
2026-05-19 12:20:54,023 - watchfiles.main - DEBUG - 1 change detected: {(<Change.modified: 2>, '/workspace/app/backend/logs/app_20260519_121613.log')}
