2026-05-27 14:51:41,120 - main - INFO - === Logging system initialized ===
2026-05-27 14:51:41,120 - main - INFO - Log file: logs/app_20260527_145141.log
2026-05-27 14:51:41,120 - main - INFO - Log level: INFO
2026-05-27 14:51:41,121 - main - INFO - Timestamp: 20260527_145141
2026-05-27 14:51:42,279 - main - INFO - Included router: routers.aihub.router
2026-05-27 14:51:42,298 - main - INFO - Included router: routers.auth.router
2026-05-27 14:51:42,352 - main - INFO - Included router: routers.clients.router
2026-05-27 14:51:42,367 - main - INFO - Included router: routers.google_calendar.router
2026-05-27 14:51:42,369 - main - INFO - Included router: routers.health.router
2026-05-27 14:51:42,418 - main - INFO - Included router: routers.printer_settings.router
2026-05-27 14:51:42,479 - main - INFO - Included router: routers.reservations.router
2026-05-27 14:51:42,526 - main - INFO - Included router: routers.salons.router
2026-05-27 14:51:42,547 - main - INFO - Included router: routers.settings.router
2026-05-27 14:51:42,584 - main - INFO - Included router: routers.storage.router
2026-05-27 14:51:42,593 - main - INFO - Included router: routers.user.router
2026-05-27 14:51:44,015 - watchfiles.main - DEBUG - 1 change detected: {(<Change.added: 1>, '/workspace/app/backend/logs/app_20260527_145143.log')}
2026-05-27 14:51:44,366 - watchfiles.main - DEBUG - 1 change detected: {(<Change.modified: 2>, '/workspace/app/backend/logs/app_20260527_145141.log')}
2026-05-27 14:51:44,717 - watchfiles.main - DEBUG - 1 change detected: {(<Change.modified: 2>, '/workspace/app/backend/logs/app_20260527_145141.log')}
2026-05-27 14:51:45,068 - watchfiles.main - DEBUG - 2 changes detected: {(<Change.modified: 2>, '/workspace/app/backend/logs/app_20260527_145141.log'), (<Change.modified: 2>, '/workspace/app/backend/logs/app_20260527_145143.log')}
2026-05-27 14:51:45,419 - watchfiles.main - DEBUG - 2 changes detected: {(<Change.modified: 2>, '/workspace/app/backend/logs/app_20260527_145141.log'), (<Change.modified: 2>, '/workspace/app/backend/logs/app_20260527_145143.log')}
2026-05-27 14:51:45,770 - watchfiles.main - DEBUG - 1 change detected: {(<Change.modified: 2>, '/workspace/app/backend/logs/app_20260527_145141.log')}
2026-05-27 14:51:46,121 - watchfiles.main - DEBUG - 1 change detected: {(<Change.modified: 2>, '/workspace/app/backend/logs/app_20260527_145141.log')}
2026-05-27 14:51:46,472 - watchfiles.main - DEBUG - 1 change detected: {(<Change.modified: 2>, '/workspace/app/backend/logs/app_20260527_145141.log')}
2026-05-27 14:51:46,823 - watchfiles.main - DEBUG - 1 change detected: {(<Change.modified: 2>, '/workspace/app/backend/logs/app_20260527_145141.log')}
2026-05-27 14:51:47,174 - watchfiles.main - DEBUG - 1 change detected: {(<Change.modified: 2>, '/workspace/app/backend/logs/app_20260527_145141.log')}
2026-05-27 14:51:47,525 - watchfiles.main - DEBUG - 1 change detected: {(<Change.modified: 2>, '/workspace/app/backend/logs/app_20260527_145141.log')}
2026-05-27 14:51:47,876 - watchfiles.main - DEBUG - 1 change detected: {(<Change.modified: 2>, '/workspace/app/backend/logs/app_20260527_145141.log')}
2026-05-27 14:51:48,228 - watchfiles.main - DEBUG - 1 change detected: {(<Change.modified: 2>, '/workspace/app/backend/logs/app_20260527_145141.log')}
2026-05-27 14:51:48,578 - watchfiles.main - DEBUG - 1 change detected: {(<Change.modified: 2>, '/workspace/app/backend/logs/app_20260527_145141.log')}
2026-05-27 14:51:48,930 - watchfiles.main - DEBUG - 1 change detected: {(<Change.modified: 2>, '/workspace/app/backend/logs/app_20260527_145141.log')}
2026-05-27 14:51:49,281 - watchfiles.main - DEBUG - 1 change detected: {(<Change.modified: 2>, '/workspace/app/backend/logs/app_20260527_145141.log')}
2026-05-27 14:51:49,632 - watchfiles.main - DEBUG - 1 change detected: {(<Change.modified: 2>, '/workspace/app/backend/logs/app_20260527_145141.log')}
2026-05-27 14:51:49,983 - watchfiles.main - DEBUG - 1 change detected: {(<Change.modified: 2>, '/workspace/app/backend/logs/app_20260527_145141.log')}
2026-05-27 14:51:50,334 - watchfiles.main - DEBUG - 1 change detected: {(<Change.modified: 2>, '/workspace/app/backend/logs/app_20260527_145141.log')}
2026-05-27 14:51:50,685 - watchfiles.main - DEBUG - 1 change detected: {(<Change.modified: 2>, '/workspace/app/backend/logs/app_20260527_145141.log')}
2026-05-27 14:51:51,036 - watchfiles.main - DEBUG - 1 change detected: {(<Change.modified: 2>, '/workspace/app/backend/logs/app_20260527_145141.log')}
2026-05-27 14:51:51,387 - watchfiles.main - DEBUG - 1 change detected: {(<Change.modified: 2>, '/workspace/app/backend/logs/app_20260527_145141.log')}
2026-05-27 14:51:51,738 - watchfiles.main - DEBUG - 1 change detected: {(<Change.modified: 2>, '/workspace/app/backend/logs/app_20260527_145141.log')}
2026-05-27 14:51:52,089 - watchfiles.main - DEBUG - 1 change detected: {(<Change.modified: 2>, '/workspace/app/backend/logs/app_20260527_145141.log')}
2026-05-27 14:51:52,440 - watchfiles.main - DEBUG - 1 change detected: {(<Change.modified: 2>, '/workspace/app/backend/logs/app_20260527_145141.log')}
2026-05-27 14:51:52,791 - watchfiles.main - DEBUG - 1 change detected: {(<Change.modified: 2>, '/workspace/app/backend/logs/app_20260527_145141.log')}
2026-05-27 14:51:53,143 - watchfiles.main - DEBUG - 1 change detected: {(<Change.modified: 2>, '/workspace/app/backend/logs/app_20260527_145141.log')}
2026-05-27 14:51:53,494 - watchfiles.main - DEBUG - 1 change detected: {(<Change.modified: 2>, '/workspace/app/backend/logs/app_20260527_145141.log')}
2026-05-27 14:51:53,845 - watchfiles.main - DEBUG - 1 change detected: {(<Change.modified: 2>, '/workspace/app/backend/logs/app_20260527_145141.log')}
2026-05-27 14:51:54,196 - watchfiles.main - DEBUG - 1 change detected: {(<Change.modified: 2>, '/workspace/app/backend/logs/app_20260527_145141.log')}
2026-05-27 14:51:54,547 - watchfiles.main - DEBUG - 1 change detected: {(<Change.modified: 2>, '/workspace/app/backend/logs/app_20260527_145141.log')}
2026-05-27 14:51:54,898 - watchfiles.main - DEBUG - 1 change detected: {(<Change.modified: 2>, '/workspace/app/backend/logs/app_20260527_145141.log')}
2026-05-27 14:51:55,249 - watchfiles.main - DEBUG - 1 change detected: {(<Change.modified: 2>, '/workspace/app/backend/logs/app_20260527_145141.log')}
2026-05-27 14:51:55,600 - watchfiles.main - DEBUG - 1 change detected: {(<Change.modified: 2>, '/workspace/app/backend/logs/app_20260527_145141.log')}
2026-05-27 14:51:55,951 - watchfiles.main - DEBUG - 1 change detected: {(<Change.modified: 2>, '/workspace/app/backend/logs/app_20260527_145141.log')}
2026-05-27 14:51:56,301 - watchfiles.main - DEBUG - 1 change detected: {(<Change.modified: 2>, '/workspace/app/backend/logs/app_20260527_145141.log')}
2026-05-27 14:51:56,652 - watchfiles.main - DEBUG - 1 change detected: {(<Change.modified: 2>, '/workspace/app/backend/logs/app_20260527_145141.log')}
2026-05-27 14:51:57,004 - watchfiles.main - DEBUG - 1 change detected: {(<Change.modified: 2>, '/workspace/app/backend/logs/app_20260527_145141.log')}
2026-05-27 14:51:57,355 - watchfiles.main - DEBUG - 1 change detected: {(<Change.modified: 2>, '/workspace/app/backend/logs/app_20260527_145141.log')}
2026-05-27 14:51:57,705 - watchfiles.main - DEBUG - 1 change detected: {(<Change.modified: 2>, '/workspace/app/backend/logs/app_20260527_145141.log')}
2026-05-27 14:51:58,056 - watchfiles.main - DEBUG - 1 change detected: {(<Change.modified: 2>, '/workspace/app/backend/logs/app_20260527_145141.log')}
2026-05-27 14:51:58,407 - watchfiles.main - DEBUG - 1 change detected: {(<Change.modified: 2>, '/workspace/app/backend/logs/app_20260527_145141.log')}
2026-05-27 14:51:58,758 - watchfiles.main - DEBUG - 1 change detected: {(<Change.modified: 2>, '/workspace/app/backend/logs/app_20260527_145141.log')}
2026-05-27 14:51:59,109 - watchfiles.main - DEBUG - 1 change detected: {(<Change.modified: 2>, '/workspace/app/backend/logs/app_20260527_145141.log')}
2026-05-27 14:51:59,460 - watchfiles.main - DEBUG - 1 change detected: {(<Change.modified: 2>, '/workspace/app/backend/logs/app_20260527_145141.log')}
2026-05-27 14:51:59,810 - watchfiles.main - DEBUG - 1 change detected: {(<Change.modified: 2>, '/workspace/app/backend/logs/app_20260527_145141.log')}
2026-05-27 14:52:00,162 - watchfiles.main - DEBUG - 1 change detected: {(<Change.modified: 2>, '/workspace/app/backend/logs/app_20260527_145141.log')}
2026-05-27 14:52:00,513 - watchfiles.main - DEBUG - 1 change detected: {(<Change.modified: 2>, '/workspace/app/backend/logs/app_20260527_145141.log')}
2026-05-27 14:52:00,864 - watchfiles.main - DEBUG - 1 change detected: {(<Change.modified: 2>, '/workspace/app/backend/logs/app_20260527_145141.log')}
2026-05-27 14:52:01,215 - watchfiles.main - DEBUG - 1 change detected: {(<Change.modified: 2>, '/workspace/app/backend/logs/app_20260527_145141.log')}
2026-05-27 14:52:01,566 - watchfiles.main - DEBUG - 1 change detected: {(<Change.modified: 2>, '/workspace/app/backend/logs/app_20260527_145141.log')}
2026-05-27 14:52:01,917 - watchfiles.main - DEBUG - 1 change detected: {(<Change.modified: 2>, '/workspace/app/backend/logs/app_20260527_145141.log')}
2026-05-27 14:52:02,268 - watchfiles.main - DEBUG - 1 change detected: {(<Change.modified: 2>, '/workspace/app/backend/logs/app_20260527_145141.log')}
2026-05-27 14:52:02,619 - watchfiles.main - DEBUG - 1 change detected: {(<Change.modified: 2>, '/workspace/app/backend/logs/app_20260527_145141.log')}
2026-05-27 14:52:02,969 - watchfiles.main - DEBUG - 1 change detected: {(<Change.modified: 2>, '/workspace/app/backend/logs/app_20260527_145141.log')}
2026-05-27 14:52:03,320 - watchfiles.main - DEBUG - 1 change detected: {(<Change.modified: 2>, '/workspace/app/backend/logs/app_20260527_145141.log')}
2026-05-27 14:52:03,672 - watchfiles.main - DEBUG - 1 change detected: {(<Change.modified: 2>, '/workspace/app/backend/logs/app_20260527_145141.log')}
2026-05-27 14:52:04,023 - watchfiles.main - DEBUG - 1 change detected: {(<Change.modified: 2>, '/workspace/app/backend/logs/app_20260527_145141.log')}
2026-05-27 14:52:04,374 - watchfiles.main - DEBUG - 1 change detected: {(<Change.modified: 2>, '/workspace/app/backend/logs/app_20260527_145141.log')}
2026-05-27 14:52:04,725 - watchfiles.main - DEBUG - 1 change detected: {(<Change.modified: 2>, '/workspace/app/backend/logs/app_20260527_145141.log')}
2026-05-27 14:52:05,076 - watchfiles.main - DEBUG - 1 change detected: {(<Change.modified: 2>, '/workspace/app/backend/logs/app_20260527_145141.log')}
2026-05-27 14:52:05,427 - watchfiles.main - DEBUG - 1 change detected: {(<Change.modified: 2>, '/workspace/app/backend/logs/app_20260527_145141.log')}
2026-05-27 14:52:05,778 - watchfiles.main - DEBUG - 1 change detected: {(<Change.modified: 2>, '/workspace/app/backend/logs/app_20260527_145141.log')}
2026-05-27 14:52:06,129 - watchfiles.main - DEBUG - 1 change detected: {(<Change.modified: 2>, '/workspace/app/backend/logs/app_20260527_145141.log')}
2026-05-27 14:52:06,480 - watchfiles.main - DEBUG - 1 change detected: {(<Change.modified: 2>, '/workspace/app/backend/logs/app_20260527_145141.log')}
2026-05-27 14:52:06,831 - watchfiles.main - DEBUG - 1 change detected: {(<Change.modified: 2>, '/workspace/app/backend/logs/app_20260527_145141.log')}
2026-05-27 14:52:07,182 - watchfiles.main - DEBUG - 1 change detected: {(<Change.modified: 2>, '/workspace/app/backend/logs/app_20260527_145141.log')}
2026-05-27 14:52:07,533 - watchfiles.main - DEBUG - 1 change detected: {(<Change.modified: 2>, '/workspace/app/backend/logs/app_20260527_145141.log')}
2026-05-27 14:52:07,884 - watchfiles.main - DEBUG - 1 change detected: {(<Change.modified: 2>, '/workspace/app/backend/logs/app_20260527_145141.log')}
2026-05-27 14:52:08,235 - watchfiles.main - DEBUG - 1 change detected: {(<Change.modified: 2>, '/workspace/app/backend/logs/app_20260527_145141.log')}
2026-05-27 14:52:08,586 - watchfiles.main - DEBUG - 1 change detected: {(<Change.modified: 2>, '/workspace/app/backend/logs/app_20260527_145141.log')}
2026-05-27 14:52:08,937 - watchfiles.main - DEBUG - 1 change detected: {(<Change.modified: 2>, '/workspace/app/backend/logs/app_20260527_145141.log')}
2026-05-27 14:52:09,288 - watchfiles.main - DEBUG - 1 change detected: {(<Change.modified: 2>, '/workspace/app/backend/logs/app_20260527_145141.log')}
2026-05-27 14:52:09,639 - watchfiles.main - DEBUG - 1 change detected: {(<Change.modified: 2>, '/workspace/app/backend/logs/app_20260527_145141.log')}
2026-05-27 14:52:09,990 - watchfiles.main - DEBUG - 1 change detected: {(<Change.modified: 2>, '/workspace/app/backend/logs/app_20260527_145141.log')}
2026-05-27 14:52:10,340 - watchfiles.main - DEBUG - 1 change detected: {(<Change.modified: 2>, '/workspace/app/backend/logs/app_20260527_145141.log')}
2026-05-27 14:52:10,692 - watchfiles.main - DEBUG - 1 change detected: {(<Change.modified: 2>, '/workspace/app/backend/logs/app_20260527_145141.log')}
2026-05-27 14:52:11,043 - watchfiles.main - DEBUG - 1 change detected: {(<Change.modified: 2>, '/workspace/app/backend/logs/app_20260527_145141.log')}
2026-05-27 14:52:11,394 - watchfiles.main - DEBUG - 1 change detected: {(<Change.modified: 2>, '/workspace/app/backend/logs/app_20260527_145141.log')}
2026-05-27 14:52:11,745 - watchfiles.main - DEBUG - 1 change detected: {(<Change.modified: 2>, '/workspace/app/backend/logs/app_20260527_145141.log')}
2026-05-27 14:52:12,096 - watchfiles.main - DEBUG - 1 change detected: {(<Change.modified: 2>, '/workspace/app/backend/logs/app_20260527_145141.log')}
2026-05-27 14:52:12,447 - watchfiles.main - DEBUG - 1 change detected: {(<Change.modified: 2>, '/workspace/app/backend/logs/app_20260527_145141.log')}
2026-05-27 14:52:12,798 - watchfiles.main - DEBUG - 1 change detected: {(<Change.modified: 2>, '/workspace/app/backend/logs/app_20260527_145141.log')}
2026-05-27 14:52:13,149 - watchfiles.main - DEBUG - 1 change detected: {(<Change.modified: 2>, '/workspace/app/backend/logs/app_20260527_145141.log')}
2026-05-27 14:52:13,500 - watchfiles.main - DEBUG - 1 change detected: {(<Change.modified: 2>, '/workspace/app/backend/logs/app_20260527_145141.log')}
2026-05-27 14:52:13,851 - watchfiles.main - DEBUG - 1 change detected: {(<Change.modified: 2>, '/workspace/app/backend/logs/app_20260527_145141.log')}
2026-05-27 14:52:14,202 - watchfiles.main - DEBUG - 1 change detected: {(<Change.modified: 2>, '/workspace/app/backend/logs/app_20260527_145141.log')}
2026-05-27 14:52:14,553 - watchfiles.main - DEBUG - 1 change detected: {(<Change.modified: 2>, '/workspace/app/backend/logs/app_20260527_145141.log')}
2026-05-27 14:52:14,904 - watchfiles.main - DEBUG - 1 change detected: {(<Change.modified: 2>, '/workspace/app/backend/logs/app_20260527_145141.log')}
2026-05-27 14:52:15,255 - watchfiles.main - DEBUG - 1 change detected: {(<Change.modified: 2>, '/workspace/app/backend/logs/app_20260527_145141.log')}
2026-05-27 14:52:15,606 - watchfiles.main - DEBUG - 1 change detected: {(<Change.modified: 2>, '/workspace/app/backend/logs/app_20260527_145141.log')}
2026-05-27 14:52:15,957 - watchfiles.main - DEBUG - 1 change detected: {(<Change.modified: 2>, '/workspace/app/backend/logs/app_20260527_145141.log')}
2026-05-27 14:52:16,308 - watchfiles.main - DEBUG - 1 change detected: {(<Change.modified: 2>, '/workspace/app/backend/logs/app_20260527_145141.log')}
2026-05-27 14:52:16,659 - watchfiles.main - DEBUG - 1 change detected: {(<Change.modified: 2>, '/workspace/app/backend/logs/app_20260527_145141.log')}
2026-05-27 14:52:17,010 - watchfiles.main - DEBUG - 1 change detected: {(<Change.modified: 2>, '/workspace/app/backend/logs/app_20260527_145141.log')}
2026-05-27 14:52:17,361 - watchfiles.main - DEBUG - 1 change detected: {(<Change.modified: 2>, '/workspace/app/backend/logs/app_20260527_145141.log')}
2026-05-27 14:52:17,712 - watchfiles.main - DEBUG - 1 change detected: {(<Change.modified: 2>, '/workspace/app/backend/logs/app_20260527_145141.log')}
2026-05-27 14:52:18,063 - watchfiles.main - DEBUG - 1 change detected: {(<Change.modified: 2>, '/workspace/app/backend/logs/app_20260527_145141.log')}
2026-05-27 14:52:18,414 - watchfiles.main - DEBUG - 1 change detected: {(<Change.modified: 2>, '/workspace/app/backend/logs/app_20260527_145141.log')}
2026-05-27 14:52:18,765 - watchfiles.main - DEBUG - 1 change detected: {(<Change.modified: 2>, '/workspace/app/backend/logs/app_20260527_145141.log')}
2026-05-27 14:52:19,117 - watchfiles.main - DEBUG - 1 change detected: {(<Change.modified: 2>, '/workspace/app/backend/logs/app_20260527_145141.log')}
2026-05-27 14:52:19,469 - watchfiles.main - DEBUG - 1 change detected: {(<Change.modified: 2>, '/workspace/app/backend/logs/app_20260527_145141.log')}
2026-05-27 14:52:19,820 - watchfiles.main - DEBUG - 1 change detected: {(<Change.modified: 2>, '/workspace/app/backend/logs/app_20260527_145141.log')}
2026-05-27 14:52:20,171 - watchfiles.main - DEBUG - 1 change detected: {(<Change.modified: 2>, '/workspace/app/backend/logs/app_20260527_145141.log')}
2026-05-27 14:52:20,522 - watchfiles.main - DEBUG - 1 change detected: {(<Change.modified: 2>, '/workspace/app/backend/logs/app_20260527_145141.log')}
2026-05-27 14:52:20,873 - watchfiles.main - DEBUG - 1 change detected: {(<Change.modified: 2>, '/workspace/app/backend/logs/app_20260527_145141.log')}
2026-05-27 14:52:21,224 - watchfiles.main - DEBUG - 1 change detected: {(<Change.modified: 2>, '/workspace/app/backend/logs/app_20260527_145141.log')}
2026-05-27 14:52:21,575 - watchfiles.main - DEBUG - 1 change detected: {(<Change.modified: 2>, '/workspace/app/backend/logs/app_20260527_145141.log')}
2026-05-27 14:52:21,926 - watchfiles.main - DEBUG - 1 change detected: {(<Change.modified: 2>, '/workspace/app/backend/logs/app_20260527_145141.log')}
2026-05-27 14:52:22,277 - watchfiles.main - DEBUG - 1 change detected: {(<Change.modified: 2>, '/workspace/app/backend/logs/app_20260527_145141.log')}
2026-05-27 14:52:22,628 - watchfiles.main - DEBUG - 1 change detected: {(<Change.modified: 2>, '/workspace/app/backend/logs/app_20260527_145141.log')}
2026-05-27 14:52:22,979 - watchfiles.main - DEBUG - 1 change detected: {(<Change.modified: 2>, '/workspace/app/backend/logs/app_20260527_145141.log')}
2026-05-27 14:52:23,330 - watchfiles.main - DEBUG - 1 change detected: {(<Change.modified: 2>, '/workspace/app/backend/logs/app_20260527_145141.log')}
2026-05-27 14:52:23,681 - watchfiles.main - DEBUG - 1 change detected: {(<Change.modified: 2>, '/workspace/app/backend/logs/app_20260527_145141.log')}
2026-05-27 14:52:24,032 - watchfiles.main - DEBUG - 1 change detected: {(<Change.modified: 2>, '/workspace/app/backend/logs/app_20260527_145141.log')}
2026-05-27 14:52:24,384 - watchfiles.main - DEBUG - 1 change detected: {(<Change.modified: 2>, '/workspace/app/backend/logs/app_20260527_145141.log')}
2026-05-27 14:52:24,735 - watchfiles.main - DEBUG - 1 change detected: {(<Change.modified: 2>, '/workspace/app/backend/logs/app_20260527_145141.log')}
2026-05-27 14:52:25,086 - watchfiles.main - DEBUG - 1 change detected: {(<Change.modified: 2>, '/workspace/app/backend/logs/app_20260527_145141.log')}
2026-05-27 14:52:25,437 - watchfiles.main - DEBUG - 1 change detected: {(<Change.modified: 2>, '/workspace/app/backend/logs/app_20260527_145141.log')}
2026-05-27 14:52:25,788 - watchfiles.main - DEBUG - 1 change detected: {(<Change.modified: 2>, '/workspace/app/backend/logs/app_20260527_145141.log')}
2026-05-27 14:52:26,139 - watchfiles.main - DEBUG - 1 change detected: {(<Change.modified: 2>, '/workspace/app/backend/logs/app_20260527_145141.log')}
2026-05-27 14:52:26,490 - watchfiles.main - DEBUG - 1 change detected: {(<Change.modified: 2>, '/workspace/app/backend/logs/app_20260527_145141.log')}
2026-05-27 14:52:26,841 - watchfiles.main - DEBUG - 1 change detected: {(<Change.modified: 2>, '/workspace/app/backend/logs/app_20260527_145141.log')}
2026-05-27 14:52:27,193 - watchfiles.main - DEBUG - 1 change detected: {(<Change.modified: 2>, '/workspace/app/backend/logs/app_20260527_145141.log')}
2026-05-27 14:52:27,544 - watchfiles.main - DEBUG - 1 change detected: {(<Change.modified: 2>, '/workspace/app/backend/logs/app_20260527_145141.log')}
2026-05-27 14:52:27,895 - watchfiles.main - DEBUG - 1 change detected: {(<Change.modified: 2>, '/workspace/app/backend/logs/app_20260527_145141.log')}
2026-05-27 14:52:28,246 - watchfiles.main - DEBUG - 1 change detected: {(<Change.modified: 2>, '/workspace/app/backend/logs/app_20260527_145141.log')}
2026-05-27 14:52:28,597 - watchfiles.main - DEBUG - 1 change detected: {(<Change.modified: 2>, '/workspace/app/backend/logs/app_20260527_145141.log')}
2026-05-27 14:52:28,948 - watchfiles.main - DEBUG - 1 change detected: {(<Change.modified: 2>, '/workspace/app/backend/logs/app_20260527_145141.log')}
2026-05-27 14:52:29,299 - watchfiles.main - DEBUG - 1 change detected: {(<Change.modified: 2>, '/workspace/app/backend/logs/app_20260527_145141.log')}
2026-05-27 14:52:29,650 - watchfiles.main - DEBUG - 1 change detected: {(<Change.modified: 2>, '/workspace/app/backend/logs/app_20260527_145141.log')}
2026-05-27 14:52:30,001 - watchfiles.main - DEBUG - 1 change detected: {(<Change.modified: 2>, '/workspace/app/backend/logs/app_20260527_145141.log')}
2026-05-27 14:52:30,352 - watchfiles.main - DEBUG - 1 change detected: {(<Change.modified: 2>, '/workspace/app/backend/logs/app_20260527_145141.log')}
2026-05-27 14:52:30,703 - watchfiles.main - DEBUG - 1 change detected: {(<Change.modified: 2>, '/workspace/app/backend/logs/app_20260527_145141.log')}
2026-05-27 14:52:31,054 - watchfiles.main - DEBUG - 1 change detected: {(<Change.modified: 2>, '/workspace/app/backend/logs/app_20260527_145141.log')}
2026-05-27 14:52:31,405 - watchfiles.main - DEBUG - 1 change detected: {(<Change.modified: 2>, '/workspace/app/backend/logs/app_20260527_145141.log')}
2026-05-27 14:52:31,756 - watchfiles.main - DEBUG - 1 change detected: {(<Change.modified: 2>, '/workspace/app/backend/logs/app_20260527_145141.log')}
2026-05-27 14:52:32,107 - watchfiles.main - DEBUG - 1 change detected: {(<Change.modified: 2>, '/workspace/app/backend/logs/app_20260527_145141.log')}
2026-05-27 14:52:32,458 - watchfiles.main - DEBUG - 1 change detected: {(<Change.modified: 2>, '/workspace/app/backend/logs/app_20260527_145141.log')}
2026-05-27 14:52:32,809 - watchfiles.main - DEBUG - 1 change detected: {(<Change.modified: 2>, '/workspace/app/backend/logs/app_20260527_145141.log')}
2026-05-27 14:52:33,160 - watchfiles.main - DEBUG - 1 change detected: {(<Change.modified: 2>, '/workspace/app/backend/logs/app_20260527_145141.log')}
2026-05-27 14:52:33,511 - watchfiles.main - DEBUG - 1 change detected: {(<Change.modified: 2>, '/workspace/app/backend/logs/app_20260527_145141.log')}
2026-05-27 14:52:33,862 - watchfiles.main - DEBUG - 1 change detected: {(<Change.modified: 2>, '/workspace/app/backend/logs/app_20260527_145141.log')}
2026-05-27 14:52:34,213 - watchfiles.main - DEBUG - 1 change detected: {(<Change.modified: 2>, '/workspace/app/backend/logs/app_20260527_145141.log')}
2026-05-27 14:52:34,565 - watchfiles.main - DEBUG - 1 change detected: {(<Change.modified: 2>, '/workspace/app/backend/logs/app_20260527_145141.log')}
2026-05-27 14:52:34,916 - watchfiles.main - DEBUG - 1 change detected: {(<Change.modified: 2>, '/workspace/app/backend/logs/app_20260527_145141.log')}
2026-05-27 14:52:35,267 - watchfiles.main - DEBUG - 1 change detected: {(<Change.modified: 2>, '/workspace/app/backend/logs/app_20260527_145141.log')}
2026-05-27 14:52:35,618 - watchfiles.main - DEBUG - 1 change detected: {(<Change.modified: 2>, '/workspace/app/backend/logs/app_20260527_145141.log')}
2026-05-27 14:52:35,969 - watchfiles.main - DEBUG - 1 change detected: {(<Change.modified: 2>, '/workspace/app/backend/logs/app_20260527_145141.log')}
2026-05-27 14:52:36,320 - watchfiles.main - DEBUG - 1 change detected: {(<Change.modified: 2>, '/workspace/app/backend/logs/app_20260527_145141.log')}
2026-05-27 14:52:36,671 - watchfiles.main - DEBUG - 1 change detected: {(<Change.modified: 2>, '/workspace/app/backend/logs/app_20260527_145141.log')}
2026-05-27 14:52:37,023 - watchfiles.main - DEBUG - 1 change detected: {(<Change.modified: 2>, '/workspace/app/backend/logs/app_20260527_145141.log')}
2026-05-27 14:52:37,374 - watchfiles.main - DEBUG - 1 change detected: {(<Change.modified: 2>, '/workspace/app/backend/logs/app_20260527_145141.log')}
2026-05-27 14:52:37,725 - watchfiles.main - DEBUG - 1 change detected: {(<Change.modified: 2>, '/workspace/app/backend/logs/app_20260527_145141.log')}
2026-05-27 14:52:38,076 - watchfiles.main - DEBUG - 1 change detected: {(<Change.modified: 2>, '/workspace/app/backend/logs/app_20260527_145141.log')}
2026-05-27 14:52:38,427 - watchfiles.main - DEBUG - 1 change detected: {(<Change.modified: 2>, '/workspace/app/backend/logs/app_20260527_145141.log')}
2026-05-27 14:52:38,778 - watchfiles.main - DEBUG - 1 change detected: {(<Change.modified: 2>, '/workspace/app/backend/logs/app_20260527_145141.log')}
2026-05-27 14:52:39,129 - watchfiles.main - DEBUG - 1 change detected: {(<Change.modified: 2>, '/workspace/app/backend/logs/app_20260527_145141.log')}
2026-05-27 14:52:39,480 - watchfiles.main - DEBUG - 1 change detected: {(<Change.modified: 2>, '/workspace/app/backend/logs/app_20260527_145141.log')}
2026-05-27 14:52:39,831 - watchfiles.main - DEBUG - 1 change detected: {(<Change.modified: 2>, '/workspace/app/backend/logs/app_20260527_145141.log')}
2026-05-27 14:52:40,182 - watchfiles.main - DEBUG - 1 change detected: {(<Change.modified: 2>, '/workspace/app/backend/logs/app_20260527_145141.log')}
2026-05-27 14:52:40,533 - watchfiles.main - DEBUG - 1 change detected: {(<Change.modified: 2>, '/workspace/app/backend/logs/app_20260527_145141.log')}
2026-05-27 14:52:40,884 - watchfiles.main - DEBUG - 1 change detected: {(<Change.modified: 2>, '/workspace/app/backend/logs/app_20260527_145141.log')}
2026-05-27 14:52:41,235 - watchfiles.main - DEBUG - 1 change detected: {(<Change.modified: 2>, '/workspace/app/backend/logs/app_20260527_145141.log')}
2026-05-27 14:52:41,586 - watchfiles.main - DEBUG - 1 change detected: {(<Change.modified: 2>, '/workspace/app/backend/logs/app_20260527_145141.log')}
2026-05-27 14:52:41,937 - watchfiles.main - DEBUG - 1 change detected: {(<Change.modified: 2>, '/workspace/app/backend/logs/app_20260527_145141.log')}
2026-05-27 14:52:42,288 - watchfiles.main - DEBUG - 1 change detected: {(<Change.modified: 2>, '/workspace/app/backend/logs/app_20260527_145141.log')}
2026-05-27 14:52:42,639 - watchfiles.main - DEBUG - 1 change detected: {(<Change.modified: 2>, '/workspace/app/backend/logs/app_20260527_145141.log')}
2026-05-27 14:52:42,991 - watchfiles.main - DEBUG - 1 change detected: {(<Change.modified: 2>, '/workspace/app/backend/logs/app_20260527_145141.log')}
2026-05-27 14:52:43,343 - watchfiles.main - DEBUG - 1 change detected: {(<Change.modified: 2>, '/workspace/app/backend/logs/app_20260527_145141.log')}
2026-05-27 14:52:43,694 - watchfiles.main - DEBUG - 1 change detected: {(<Change.modified: 2>, '/workspace/app/backend/logs/app_20260527_145141.log')}
2026-05-27 14:52:44,045 - watchfiles.main - DEBUG - 1 change detected: {(<Change.modified: 2>, '/workspace/app/backend/logs/app_20260527_145141.log')}
2026-05-27 14:52:44,396 - watchfiles.main - DEBUG - 1 change detected: {(<Change.modified: 2>, '/workspace/app/backend/logs/app_20260527_145141.log')}
2026-05-27 14:52:44,747 - watchfiles.main - DEBUG - 1 change detected: {(<Change.modified: 2>, '/workspace/app/backend/logs/app_20260527_145141.log')}
2026-05-27 14:52:45,098 - watchfiles.main - DEBUG - 1 change detected: {(<Change.modified: 2>, '/workspace/app/backend/logs/app_20260527_145141.log')}
2026-05-27 14:52:45,449 - watchfiles.main - DEBUG - 1 change detected: {(<Change.modified: 2>, '/workspace/app/backend/logs/app_20260527_145141.log')}
2026-05-27 14:52:45,800 - watchfiles.main - DEBUG - 1 change detected: {(<Change.modified: 2>, '/workspace/app/backend/logs/app_20260527_145141.log')}
2026-05-27 14:52:46,151 - watchfiles.main - DEBUG - 1 change detected: {(<Change.modified: 2>, '/workspace/app/backend/logs/app_20260527_145141.log')}
2026-05-27 14:52:46,502 - watchfiles.main - DEBUG - 1 change detected: {(<Change.modified: 2>, '/workspace/app/backend/logs/app_20260527_145141.log')}
2026-05-27 14:52:46,853 - watchfiles.main - DEBUG - 1 change detected: {(<Change.modified: 2>, '/workspace/app/backend/logs/app_20260527_145141.log')}
2026-05-27 14:52:47,204 - watchfiles.main - DEBUG - 1 change detected: {(<Change.modified: 2>, '/workspace/app/backend/logs/app_20260527_145141.log')}
2026-05-27 14:52:47,555 - watchfiles.main - DEBUG - 1 change detected: {(<Change.modified: 2>, '/workspace/app/backend/logs/app_20260527_145141.log')}
2026-05-27 14:52:47,907 - watchfiles.main - DEBUG - 1 change detected: {(<Change.modified: 2>, '/workspace/app/backend/logs/app_20260527_145141.log')}
2026-05-27 14:52:48,258 - watchfiles.main - DEBUG - 1 change detected: {(<Change.modified: 2>, '/workspace/app/backend/logs/app_20260527_145141.log')}
2026-05-27 14:52:48,609 - watchfiles.main - DEBUG - 1 change detected: {(<Change.modified: 2>, '/workspace/app/backend/logs/app_20260527_145141.log')}
2026-05-27 14:52:48,960 - watchfiles.main - DEBUG - 1 change detected: {(<Change.modified: 2>, '/workspace/app/backend/logs/app_20260527_145141.log')}
2026-05-27 14:52:49,311 - watchfiles.main - DEBUG - 1 change detected: {(<Change.modified: 2>, '/workspace/app/backend/logs/app_20260527_145141.log')}
2026-05-27 14:52:49,662 - watchfiles.main - DEBUG - 1 change detected: {(<Change.modified: 2>, '/workspace/app/backend/logs/app_20260527_145141.log')}
2026-05-27 14:52:50,013 - watchfiles.main - DEBUG - 1 change detected: {(<Change.modified: 2>, '/workspace/app/backend/logs/app_20260527_145141.log')}
2026-05-27 14:52:50,364 - watchfiles.main - DEBUG - 1 change detected: {(<Change.modified: 2>, '/workspace/app/backend/logs/app_20260527_145141.log')}
2026-05-27 14:52:50,715 - watchfiles.main - DEBUG - 1 change detected: {(<Change.modified: 2>, '/workspace/app/backend/logs/app_20260527_145141.log')}
2026-05-27 14:52:51,066 - watchfiles.main - DEBUG - 1 change detected: {(<Change.modified: 2>, '/workspace/app/backend/logs/app_20260527_145141.log')}
2026-05-27 14:52:51,417 - watchfiles.main - DEBUG - 1 change detected: {(<Change.modified: 2>, '/workspace/app/backend/logs/app_20260527_145141.log')}
2026-05-27 14:52:51,768 - watchfiles.main - DEBUG - 1 change detected: {(<Change.modified: 2>, '/workspace/app/backend/logs/app_20260527_145141.log')}
2026-05-27 14:52:52,119 - watchfiles.main - DEBUG - 1 change detected: {(<Change.modified: 2>, '/workspace/app/backend/logs/app_20260527_145141.log')}
2026-05-27 14:52:52,470 - watchfiles.main - DEBUG - 1 change detected: {(<Change.modified: 2>, '/workspace/app/backend/logs/app_20260527_145141.log')}
2026-05-27 14:52:52,821 - watchfiles.main - DEBUG - 1 change detected: {(<Change.modified: 2>, '/workspace/app/backend/logs/app_20260527_145141.log')}
2026-05-27 14:52:53,172 - watchfiles.main - DEBUG - 1 change detected: {(<Change.modified: 2>, '/workspace/app/backend/logs/app_20260527_145141.log')}
2026-05-27 14:52:53,523 - watchfiles.main - DEBUG - 1 change detected: {(<Change.modified: 2>, '/workspace/app/backend/logs/app_20260527_145141.log')}
2026-05-27 14:52:53,874 - watchfiles.main - DEBUG - 1 change detected: {(<Change.modified: 2>, '/workspace/app/backend/logs/app_20260527_145141.log')}
2026-05-27 14:52:54,225 - watchfiles.main - DEBUG - 1 change detected: {(<Change.modified: 2>, '/workspace/app/backend/logs/app_20260527_145141.log')}
2026-05-27 14:52:54,576 - watchfiles.main - DEBUG - 1 change detected: {(<Change.modified: 2>, '/workspace/app/backend/logs/app_20260527_145141.log')}
2026-05-27 14:52:54,927 - watchfiles.main - DEBUG - 1 change detected: {(<Change.modified: 2>, '/workspace/app/backend/logs/app_20260527_145141.log')}
2026-05-27 14:52:55,278 - watchfiles.main - DEBUG - 1 change detected: {(<Change.modified: 2>, '/workspace/app/backend/logs/app_20260527_145141.log')}
2026-05-27 14:52:55,629 - watchfiles.main - DEBUG - 1 change detected: {(<Change.modified: 2>, '/workspace/app/backend/logs/app_20260527_145141.log')}
2026-05-27 14:52:55,980 - watchfiles.main - DEBUG - 1 change detected: {(<Change.modified: 2>, '/workspace/app/backend/logs/app_20260527_145141.log')}
2026-05-27 14:52:56,331 - watchfiles.main - DEBUG - 1 change detected: {(<Change.modified: 2>, '/workspace/app/backend/logs/app_20260527_145141.log')}
2026-05-27 14:52:56,682 - watchfiles.main - DEBUG - 1 change detected: {(<Change.modified: 2>, '/workspace/app/backend/logs/app_20260527_145141.log')}
2026-05-27 14:52:57,033 - watchfiles.main - DEBUG - 1 change detected: {(<Change.modified: 2>, '/workspace/app/backend/logs/app_20260527_145141.log')}
2026-05-27 14:52:57,384 - watchfiles.main - DEBUG - 1 change detected: {(<Change.modified: 2>, '/workspace/app/backend/logs/app_20260527_145141.log')}
2026-05-27 14:52:57,735 - watchfiles.main - DEBUG - 1 change detected: {(<Change.modified: 2>, '/workspace/app/backend/logs/app_20260527_145141.log')}
2026-05-27 14:52:58,086 - watchfiles.main - DEBUG - 1 change detected: {(<Change.modified: 2>, '/workspace/app/backend/logs/app_20260527_145141.log')}
2026-05-27 14:52:58,437 - watchfiles.main - DEBUG - 1 change detected: {(<Change.modified: 2>, '/workspace/app/backend/logs/app_20260527_145141.log')}
2026-05-27 14:52:58,789 - watchfiles.main - DEBUG - 1 change detected: {(<Change.modified: 2>, '/workspace/app/backend/logs/app_20260527_145141.log')}
2026-05-27 14:52:59,140 - watchfiles.main - DEBUG - 1 change detected: {(<Change.modified: 2>, '/workspace/app/backend/logs/app_20260527_145141.log')}
2026-05-27 14:52:59,491 - watchfiles.main - DEBUG - 1 change detected: {(<Change.modified: 2>, '/workspace/app/backend/logs/app_20260527_145141.log')}
2026-05-27 14:52:59,842 - watchfiles.main - DEBUG - 1 change detected: {(<Change.modified: 2>, '/workspace/app/backend/logs/app_20260527_145141.log')}
2026-05-27 14:53:00,194 - watchfiles.main - DEBUG - 1 change detected: {(<Change.modified: 2>, '/workspace/app/backend/logs/app_20260527_145141.log')}
2026-05-27 14:53:00,545 - watchfiles.main - DEBUG - 1 change detected: {(<Change.modified: 2>, '/workspace/app/backend/logs/app_20260527_145141.log')}
2026-05-27 14:53:00,896 - watchfiles.main - DEBUG - 1 change detected: {(<Change.modified: 2>, '/workspace/app/backend/logs/app_20260527_145141.log')}
2026-05-27 14:53:01,247 - watchfiles.main - DEBUG - 1 change detected: {(<Change.modified: 2>, '/workspace/app/backend/logs/app_20260527_145141.log')}
2026-05-27 14:53:01,598 - watchfiles.main - DEBUG - 1 change detected: {(<Change.modified: 2>, '/workspace/app/backend/logs/app_20260527_145141.log')}
2026-05-27 14:53:01,949 - watchfiles.main - DEBUG - 1 change detected: {(<Change.modified: 2>, '/workspace/app/backend/logs/app_20260527_145141.log')}
2026-05-27 14:53:02,300 - watchfiles.main - DEBUG - 1 change detected: {(<Change.modified: 2>, '/workspace/app/backend/logs/app_20260527_145141.log')}
2026-05-27 14:53:02,651 - watchfiles.main - DEBUG - 1 change detected: {(<Change.modified: 2>, '/workspace/app/backend/logs/app_20260527_145141.log')}
2026-05-27 14:53:03,002 - watchfiles.main - DEBUG - 1 change detected: {(<Change.modified: 2>, '/workspace/app/backend/logs/app_20260527_145141.log')}
2026-05-27 14:53:03,353 - watchfiles.main - DEBUG - 1 change detected: {(<Change.modified: 2>, '/workspace/app/backend/logs/app_20260527_145141.log')}
2026-05-27 14:53:03,704 - watchfiles.main - DEBUG - 1 change detected: {(<Change.modified: 2>, '/workspace/app/backend/logs/app_20260527_145141.log')}
2026-05-27 14:53:04,055 - watchfiles.main - DEBUG - 1 change detected: {(<Change.modified: 2>, '/workspace/app/backend/logs/app_20260527_145141.log')}
2026-05-27 14:53:04,406 - watchfiles.main - DEBUG - 1 change detected: {(<Change.modified: 2>, '/workspace/app/backend/logs/app_20260527_145141.log')}
2026-05-27 14:53:04,757 - watchfiles.main - DEBUG - 1 change detected: {(<Change.modified: 2>, '/workspace/app/backend/logs/app_20260527_145141.log')}
2026-05-27 14:53:05,108 - watchfiles.main - DEBUG - 1 change detected: {(<Change.modified: 2>, '/workspace/app/backend/logs/app_20260527_145141.log')}
2026-05-27 14:53:05,459 - watchfiles.main - DEBUG - 1 change detected: {(<Change.modified: 2>, '/workspace/app/backend/logs/app_20260527_145141.log')}
2026-05-27 14:53:05,810 - watchfiles.main - DEBUG - 1 change detected: {(<Change.modified: 2>, '/workspace/app/backend/logs/app_20260527_145141.log')}
2026-05-27 14:53:06,161 - watchfiles.main - DEBUG - 1 change detected: {(<Change.modified: 2>, '/workspace/app/backend/logs/app_20260527_145141.log')}
2026-05-27 14:53:06,512 - watchfiles.main - DEBUG - 1 change detected: {(<Change.modified: 2>, '/workspace/app/backend/logs/app_20260527_145141.log')}
2026-05-27 14:53:06,863 - watchfiles.main - DEBUG - 1 change detected: {(<Change.modified: 2>, '/workspace/app/backend/logs/app_20260527_145141.log')}
2026-05-27 14:53:07,214 - watchfiles.main - DEBUG - 1 change detected: {(<Change.modified: 2>, '/workspace/app/backend/logs/app_20260527_145141.log')}
2026-05-27 14:53:07,565 - watchfiles.main - DEBUG - 1 change detected: {(<Change.modified: 2>, '/workspace/app/backend/logs/app_20260527_145141.log')}
2026-05-27 14:53:07,916 - watchfiles.main - DEBUG - 1 change detected: {(<Change.modified: 2>, '/workspace/app/backend/logs/app_20260527_145141.log')}
2026-05-27 14:53:08,267 - watchfiles.main - DEBUG - 1 change detected: {(<Change.modified: 2>, '/workspace/app/backend/logs/app_20260527_145141.log')}
2026-05-27 14:53:08,618 - watchfiles.main - DEBUG - 1 change detected: {(<Change.modified: 2>, '/workspace/app/backend/logs/app_20260527_145141.log')}
2026-05-27 14:53:08,969 - watchfiles.main - DEBUG - 1 change detected: {(<Change.modified: 2>, '/workspace/app/backend/logs/app_20260527_145141.log')}
2026-05-27 14:53:09,320 - watchfiles.main - DEBUG - 1 change detected: {(<Change.modified: 2>, '/workspace/app/backend/logs/app_20260527_145141.log')}
2026-05-27 14:53:09,671 - watchfiles.main - DEBUG - 1 change detected: {(<Change.modified: 2>, '/workspace/app/backend/logs/app_20260527_145141.log')}
2026-05-27 14:53:10,022 - watchfiles.main - DEBUG - 1 change detected: {(<Change.modified: 2>, '/workspace/app/backend/logs/app_20260527_145141.log')}
2026-05-27 14:53:10,373 - watchfiles.main - DEBUG - 1 change detected: {(<Change.modified: 2>, '/workspace/app/backend/logs/app_20260527_145141.log')}
2026-05-27 14:53:10,724 - watchfiles.main - DEBUG - 1 change detected: {(<Change.modified: 2>, '/workspace/app/backend/logs/app_20260527_145141.log')}
2026-05-27 14:53:11,075 - watchfiles.main - DEBUG - 1 change detected: {(<Change.modified: 2>, '/workspace/app/backend/logs/app_20260527_145141.log')}
2026-05-27 14:53:11,426 - watchfiles.main - DEBUG - 1 change detected: {(<Change.modified: 2>, '/workspace/app/backend/logs/app_20260527_145141.log')}
2026-05-27 14:53:11,777 - watchfiles.main - DEBUG - 1 change detected: {(<Change.modified: 2>, '/workspace/app/backend/logs/app_20260527_145141.log')}
2026-05-27 14:53:12,128 - watchfiles.main - DEBUG - 1 change detected: {(<Change.modified: 2>, '/workspace/app/backend/logs/app_20260527_145141.log')}
2026-05-27 14:53:12,479 - watchfiles.main - DEBUG - 1 change detected: {(<Change.modified: 2>, '/workspace/app/backend/logs/app_20260527_145141.log')}
2026-05-27 14:53:12,830 - watchfiles.main - DEBUG - 1 change detected: {(<Change.modified: 2>, '/workspace/app/backend/logs/app_20260527_145141.log')}
2026-05-27 14:53:13,181 - watchfiles.main - DEBUG - 1 change detected: {(<Change.modified: 2>, '/workspace/app/backend/logs/app_20260527_145141.log')}
2026-05-27 14:53:13,532 - watchfiles.main - DEBUG - 1 change detected: {(<Change.modified: 2>, '/workspace/app/backend/logs/app_20260527_145141.log')}
2026-05-27 14:53:13,883 - watchfiles.main - DEBUG - 1 change detected: {(<Change.modified: 2>, '/workspace/app/backend/logs/app_20260527_145141.log')}
2026-05-27 14:53:14,234 - watchfiles.main - DEBUG - 1 change detected: {(<Change.modified: 2>, '/workspace/app/backend/logs/app_20260527_145141.log')}
2026-05-27 14:53:14,585 - watchfiles.main - DEBUG - 1 change detected: {(<Change.modified: 2>, '/workspace/app/backend/logs/app_20260527_145141.log')}
2026-05-27 14:53:14,936 - watchfiles.main - DEBUG - 1 change detected: {(<Change.modified: 2>, '/workspace/app/backend/logs/app_20260527_145141.log')}
2026-05-27 14:53:15,287 - watchfiles.main - DEBUG - 1 change detected: {(<Change.modified: 2>, '/workspace/app/backend/logs/app_20260527_145141.log')}
2026-05-27 14:53:15,638 - watchfiles.main - DEBUG - 1 change detected: {(<Change.modified: 2>, '/workspace/app/backend/logs/app_20260527_145141.log')}
2026-05-27 14:53:15,989 - watchfiles.main - DEBUG - 1 change detected: {(<Change.modified: 2>, '/workspace/app/backend/logs/app_20260527_145141.log')}
2026-05-27 14:53:16,340 - watchfiles.main - DEBUG - 1 change detected: {(<Change.modified: 2>, '/workspace/app/backend/logs/app_20260527_145141.log')}
2026-05-27 14:53:16,691 - watchfiles.main - DEBUG - 1 change detected: {(<Change.modified: 2>, '/workspace/app/backend/logs/app_20260527_145141.log')}
2026-05-27 14:53:17,042 - watchfiles.main - DEBUG - 1 change detected: {(<Change.modified: 2>, '/workspace/app/backend/logs/app_20260527_145141.log')}
2026-05-27 14:53:17,393 - watchfiles.main - DEBUG - 1 change detected: {(<Change.modified: 2>, '/workspace/app/backend/logs/app_20260527_145141.log')}
2026-05-27 14:53:17,744 - watchfiles.main - DEBUG - 1 change detected: {(<Change.modified: 2>, '/workspace/app/backend/logs/app_20260527_145141.log')}
2026-05-27 14:53:18,095 - watchfiles.main - DEBUG - 1 change detected: {(<Change.modified: 2>, '/workspace/app/backend/logs/app_20260527_145141.log')}
2026-05-27 14:53:18,446 - watchfiles.main - DEBUG - 1 change detected: {(<Change.modified: 2>, '/workspace/app/backend/logs/app_20260527_145141.log')}
2026-05-27 14:53:18,797 - watchfiles.main - DEBUG - 1 change detected: {(<Change.modified: 2>, '/workspace/app/backend/logs/app_20260527_145141.log')}
2026-05-27 14:53:19,149 - watchfiles.main - DEBUG - 1 change detected: {(<Change.modified: 2>, '/workspace/app/backend/logs/app_20260527_145141.log')}
2026-05-27 14:53:19,500 - watchfiles.main - DEBUG - 1 change detected: {(<Change.modified: 2>, '/workspace/app/backend/logs/app_20260527_145141.log')}
2026-05-27 14:53:19,851 - watchfiles.main - DEBUG - 1 change detected: {(<Change.modified: 2>, '/workspace/app/backend/logs/app_20260527_145141.log')}
2026-05-27 14:53:20,201 - watchfiles.main - DEBUG - 1 change detected: {(<Change.modified: 2>, '/workspace/app/backend/logs/app_20260527_145141.log')}
2026-05-27 14:53:20,552 - watchfiles.main - DEBUG - 1 change detected: {(<Change.modified: 2>, '/workspace/app/backend/logs/app_20260527_145141.log')}
2026-05-27 14:53:20,903 - watchfiles.main - DEBUG - 1 change detected: {(<Change.modified: 2>, '/workspace/app/backend/logs/app_20260527_145141.log')}
2026-05-27 14:53:21,254 - watchfiles.main - DEBUG - 1 change detected: {(<Change.modified: 2>, '/workspace/app/backend/logs/app_20260527_145141.log')}
2026-05-27 14:53:21,605 - watchfiles.main - DEBUG - 1 change detected: {(<Change.modified: 2>, '/workspace/app/backend/logs/app_20260527_145141.log')}
2026-05-27 14:53:21,957 - watchfiles.main - DEBUG - 1 change detected: {(<Change.modified: 2>, '/workspace/app/backend/logs/app_20260527_145141.log')}
2026-05-27 14:53:22,308 - watchfiles.main - DEBUG - 1 change detected: {(<Change.modified: 2>, '/workspace/app/backend/logs/app_20260527_145141.log')}
2026-05-27 14:53:22,659 - watchfiles.main - DEBUG - 1 change detected: {(<Change.modified: 2>, '/workspace/app/backend/logs/app_20260527_145141.log')}
2026-05-27 14:53:23,010 - watchfiles.main - DEBUG - 1 change detected: {(<Change.modified: 2>, '/workspace/app/backend/logs/app_20260527_145141.log')}
2026-05-27 14:53:23,361 - watchfiles.main - DEBUG - 1 change detected: {(<Change.modified: 2>, '/workspace/app/backend/logs/app_20260527_145141.log')}
2026-05-27 14:53:23,712 - watchfiles.main - DEBUG - 1 change detected: {(<Change.modified: 2>, '/workspace/app/backend/logs/app_20260527_145141.log')}
2026-05-27 14:53:24,063 - watchfiles.main - DEBUG - 1 change detected: {(<Change.modified: 2>, '/workspace/app/backend/logs/app_20260527_145141.log')}
2026-05-27 14:53:24,414 - watchfiles.main - DEBUG - 1 change detected: {(<Change.modified: 2>, '/workspace/app/backend/logs/app_20260527_145141.log')}
2026-05-27 14:53:24,765 - watchfiles.main - DEBUG - 1 change detected: {(<Change.modified: 2>, '/workspace/app/backend/logs/app_20260527_145141.log')}
2026-05-27 14:53:25,116 - watchfiles.main - DEBUG - 1 change detected: {(<Change.modified: 2>, '/workspace/app/backend/logs/app_20260527_145141.log')}
2026-05-27 14:53:25,467 - watchfiles.main - DEBUG - 1 change detected: {(<Change.modified: 2>, '/workspace/app/backend/logs/app_20260527_145141.log')}
2026-05-27 14:53:25,818 - watchfiles.main - DEBUG - 1 change detected: {(<Change.modified: 2>, '/workspace/app/backend/logs/app_20260527_145141.log')}
2026-05-27 14:53:26,169 - watchfiles.main - DEBUG - 1 change detected: {(<Change.modified: 2>, '/workspace/app/backend/logs/app_20260527_145141.log')}
2026-05-27 14:53:26,520 - watchfiles.main - DEBUG - 1 change detected: {(<Change.modified: 2>, '/workspace/app/backend/logs/app_20260527_145141.log')}
2026-05-27 14:53:26,871 - watchfiles.main - DEBUG - 1 change detected: {(<Change.modified: 2>, '/workspace/app/backend/logs/app_20260527_145141.log')}
2026-05-27 14:53:27,222 - watchfiles.main - DEBUG - 1 change detected: {(<Change.modified: 2>, '/workspace/app/backend/logs/app_20260527_145141.log')}
2026-05-27 14:53:27,573 - watchfiles.main - DEBUG - 1 change detected: {(<Change.modified: 2>, '/workspace/app/backend/logs/app_20260527_145141.log')}
2026-05-27 14:53:27,924 - watchfiles.main - DEBUG - 1 change detected: {(<Change.modified: 2>, '/workspace/app/backend/logs/app_20260527_145141.log')}
2026-05-27 14:53:28,275 - watchfiles.main - DEBUG - 1 change detected: {(<Change.modified: 2>, '/workspace/app/backend/logs/app_20260527_145141.log')}
2026-05-27 14:53:28,626 - watchfiles.main - DEBUG - 1 change detected: {(<Change.modified: 2>, '/workspace/app/backend/logs/app_20260527_145141.log')}
2026-05-27 14:53:28,977 - watchfiles.main - DEBUG - 1 change detected: {(<Change.modified: 2>, '/workspace/app/backend/logs/app_20260527_145141.log')}
2026-05-27 14:53:29,328 - watchfiles.main - DEBUG - 1 change detected: {(<Change.modified: 2>, '/workspace/app/backend/logs/app_20260527_145141.log')}
2026-05-27 14:53:29,679 - watchfiles.main - DEBUG - 1 change detected: {(<Change.modified: 2>, '/workspace/app/backend/logs/app_20260527_145141.log')}
2026-05-27 14:53:30,030 - watchfiles.main - DEBUG - 1 change detected: {(<Change.modified: 2>, '/workspace/app/backend/logs/app_20260527_145141.log')}
2026-05-27 14:53:30,381 - watchfiles.main - DEBUG - 1 change detected: {(<Change.modified: 2>, '/workspace/app/backend/logs/app_20260527_145141.log')}
2026-05-27 14:53:30,732 - watchfiles.main - DEBUG - 1 change detected: {(<Change.modified: 2>, '/workspace/app/backend/logs/app_20260527_145141.log')}
2026-05-27 14:53:31,083 - watchfiles.main - DEBUG - 1 change detected: {(<Change.modified: 2>, '/workspace/app/backend/logs/app_20260527_145141.log')}
2026-05-27 14:53:31,434 - watchfiles.main - DEBUG - 1 change detected: {(<Change.modified: 2>, '/workspace/app/backend/logs/app_20260527_145141.log')}
2026-05-27 14:53:31,785 - watchfiles.main - DEBUG - 1 change detected: {(<Change.modified: 2>, '/workspace/app/backend/logs/app_20260527_145141.log')}
2026-05-27 14:53:32,136 - watchfiles.main - DEBUG - 1 change detected: {(<Change.modified: 2>, '/workspace/app/backend/logs/app_20260527_145141.log')}
2026-05-27 14:53:32,487 - watchfiles.main - DEBUG - 1 change detected: {(<Change.modified: 2>, '/workspace/app/backend/logs/app_20260527_145141.log')}
2026-05-27 14:53:32,838 - watchfiles.main - DEBUG - 1 change detected: {(<Change.modified: 2>, '/workspace/app/backend/logs/app_20260527_145141.log')}
2026-05-27 14:53:33,189 - watchfiles.main - DEBUG - 1 change detected: {(<Change.modified: 2>, '/workspace/app/backend/logs/app_20260527_145141.log')}
2026-05-27 14:53:33,540 - watchfiles.main - DEBUG - 1 change detected: {(<Change.modified: 2>, '/workspace/app/backend/logs/app_20260527_145141.log')}
2026-05-27 14:53:33,891 - watchfiles.main - DEBUG - 1 change detected: {(<Change.modified: 2>, '/workspace/app/backend/logs/app_20260527_145141.log')}
2026-05-27 14:53:34,242 - watchfiles.main - DEBUG - 1 change detected: {(<Change.modified: 2>, '/workspace/app/backend/logs/app_20260527_145141.log')}
2026-05-27 14:53:34,593 - watchfiles.main - DEBUG - 1 change detected: {(<Change.modified: 2>, '/workspace/app/backend/logs/app_20260527_145141.log')}
2026-05-27 14:53:34,944 - watchfiles.main - DEBUG - 1 change detected: {(<Change.modified: 2>, '/workspace/app/backend/logs/app_20260527_145141.log')}
2026-05-27 14:53:35,295 - watchfiles.main - DEBUG - 1 change detected: {(<Change.modified: 2>, '/workspace/app/backend/logs/app_20260527_145141.log')}
2026-05-27 14:53:35,646 - watchfiles.main - DEBUG - 1 change detected: {(<Change.modified: 2>, '/workspace/app/backend/logs/app_20260527_145141.log')}
2026-05-27 14:53:35,997 - watchfiles.main - DEBUG - 1 change detected: {(<Change.modified: 2>, '/workspace/app/backend/logs/app_20260527_145141.log')}
2026-05-27 14:53:36,348 - watchfiles.main - DEBUG - 1 change detected: {(<Change.modified: 2>, '/workspace/app/backend/logs/app_20260527_145141.log')}
2026-05-27 14:53:36,699 - watchfiles.main - DEBUG - 1 change detected: {(<Change.modified: 2>, '/workspace/app/backend/logs/app_20260527_145141.log')}
2026-05-27 14:53:37,050 - watchfiles.main - DEBUG - 1 change detected: {(<Change.modified: 2>, '/workspace/app/backend/logs/app_20260527_145141.log')}
2026-05-27 14:53:37,401 - watchfiles.main - DEBUG - 1 change detected: {(<Change.modified: 2>, '/workspace/app/backend/logs/app_20260527_145141.log')}
2026-05-27 14:53:37,753 - watchfiles.main - DEBUG - 1 change detected: {(<Change.modified: 2>, '/workspace/app/backend/logs/app_20260527_145141.log')}
2026-05-27 14:53:38,104 - watchfiles.main - DEBUG - 1 change detected: {(<Change.modified: 2>, '/workspace/app/backend/logs/app_20260527_145141.log')}
2026-05-27 14:53:38,455 - watchfiles.main - DEBUG - 1 change detected: {(<Change.modified: 2>, '/workspace/app/backend/logs/app_20260527_145141.log')}
2026-05-27 14:53:38,806 - watchfiles.main - DEBUG - 1 change detected: {(<Change.modified: 2>, '/workspace/app/backend/logs/app_20260527_145141.log')}
2026-05-27 14:53:39,157 - watchfiles.main - DEBUG - 1 change detected: {(<Change.modified: 2>, '/workspace/app/backend/logs/app_20260527_145141.log')}
2026-05-27 14:53:39,507 - watchfiles.main - DEBUG - 1 change detected: {(<Change.modified: 2>, '/workspace/app/backend/logs/app_20260527_145141.log')}
2026-05-27 14:53:39,859 - watchfiles.main - DEBUG - 1 change detected: {(<Change.modified: 2>, '/workspace/app/backend/logs/app_20260527_145141.log')}
2026-05-27 14:53:40,210 - watchfiles.main - DEBUG - 1 change detected: {(<Change.modified: 2>, '/workspace/app/backend/logs/app_20260527_145141.log')}
2026-05-27 14:53:40,561 - watchfiles.main - DEBUG - 1 change detected: {(<Change.modified: 2>, '/workspace/app/backend/logs/app_20260527_145141.log')}
2026-05-27 14:53:40,912 - watchfiles.main - DEBUG - 1 change detected: {(<Change.modified: 2>, '/workspace/app/backend/logs/app_20260527_145141.log')}
2026-05-27 14:53:41,263 - watchfiles.main - DEBUG - 1 change detected: {(<Change.modified: 2>, '/workspace/app/backend/logs/app_20260527_145141.log')}
2026-05-27 14:53:41,614 - watchfiles.main - DEBUG - 1 change detected: {(<Change.modified: 2>, '/workspace/app/backend/logs/app_20260527_145141.log')}
2026-05-27 14:53:41,965 - watchfiles.main - DEBUG - 1 change detected: {(<Change.modified: 2>, '/workspace/app/backend/logs/app_20260527_145141.log')}
2026-05-27 14:53:42,316 - watchfiles.main - DEBUG - 1 change detected: {(<Change.modified: 2>, '/workspace/app/backend/logs/app_20260527_145141.log')}
2026-05-27 14:53:42,667 - watchfiles.main - DEBUG - 1 change detected: {(<Change.modified: 2>, '/workspace/app/backend/logs/app_20260527_145141.log')}
2026-05-27 14:53:43,018 - watchfiles.main - DEBUG - 1 change detected: {(<Change.modified: 2>, '/workspace/app/backend/logs/app_20260527_145141.log')}
2026-05-27 14:53:43,369 - watchfiles.main - DEBUG - 1 change detected: {(<Change.modified: 2>, '/workspace/app/backend/logs/app_20260527_145141.log')}
2026-05-27 14:53:43,720 - watchfiles.main - DEBUG - 1 change detected: {(<Change.modified: 2>, '/workspace/app/backend/logs/app_20260527_145141.log')}
2026-05-27 14:53:44,071 - watchfiles.main - DEBUG - 1 change detected: {(<Change.modified: 2>, '/workspace/app/backend/logs/app_20260527_145141.log')}
2026-05-27 14:53:44,423 - watchfiles.main - DEBUG - 1 change detected: {(<Change.modified: 2>, '/workspace/app/backend/logs/app_20260527_145141.log')}
2026-05-27 14:53:44,774 - watchfiles.main - DEBUG - 1 change detected: {(<Change.modified: 2>, '/workspace/app/backend/logs/app_20260527_145141.log')}
2026-05-27 14:53:45,125 - watchfiles.main - DEBUG - 1 change detected: {(<Change.modified: 2>, '/workspace/app/backend/logs/app_20260527_145141.log')}
2026-05-27 14:53:45,476 - watchfiles.main - DEBUG - 1 change detected: {(<Change.modified: 2>, '/workspace/app/backend/logs/app_20260527_145141.log')}
2026-05-27 14:53:45,827 - watchfiles.main - DEBUG - 1 change detected: {(<Change.modified: 2>, '/workspace/app/backend/logs/app_20260527_145141.log')}
2026-05-27 14:53:46,178 - watchfiles.main - DEBUG - 1 change detected: {(<Change.modified: 2>, '/workspace/app/backend/logs/app_20260527_145141.log')}
2026-05-27 14:53:46,529 - watchfiles.main - DEBUG - 1 change detected: {(<Change.modified: 2>, '/workspace/app/backend/logs/app_20260527_145141.log')}
2026-05-27 14:53:46,880 - watchfiles.main - DEBUG - 1 change detected: {(<Change.modified: 2>, '/workspace/app/backend/logs/app_20260527_145141.log')}
2026-05-27 14:53:47,231 - watchfiles.main - DEBUG - 1 change detected: {(<Change.modified: 2>, '/workspace/app/backend/logs/app_20260527_145141.log')}
2026-05-27 14:53:47,582 - watchfiles.main - DEBUG - 1 change detected: {(<Change.modified: 2>, '/workspace/app/backend/logs/app_20260527_145141.log')}
2026-05-27 14:53:47,933 - watchfiles.main - DEBUG - 1 change detected: {(<Change.modified: 2>, '/workspace/app/backend/logs/app_20260527_145141.log')}
2026-05-27 14:53:48,284 - watchfiles.main - DEBUG - 1 change detected: {(<Change.modified: 2>, '/workspace/app/backend/logs/app_20260527_145141.log')}
2026-05-27 14:53:48,635 - watchfiles.main - DEBUG - 1 change detected: {(<Change.modified: 2>, '/workspace/app/backend/logs/app_20260527_145141.log')}
2026-05-27 14:53:48,986 - watchfiles.main - DEBUG - 1 change detected: {(<Change.modified: 2>, '/workspace/app/backend/logs/app_20260527_145141.log')}
2026-05-27 14:53:49,337 - watchfiles.main - DEBUG - 1 change detected: {(<Change.modified: 2>, '/workspace/app/backend/logs/app_20260527_145141.log')}
2026-05-27 14:53:49,688 - watchfiles.main - DEBUG - 1 change detected: {(<Change.modified: 2>, '/workspace/app/backend/logs/app_20260527_145141.log')}
2026-05-27 14:53:50,039 - watchfiles.main - DEBUG - 1 change detected: {(<Change.modified: 2>, '/workspace/app/backend/logs/app_20260527_145141.log')}
2026-05-27 14:53:50,390 - watchfiles.main - DEBUG - 1 change detected: {(<Change.modified: 2>, '/workspace/app/backend/logs/app_20260527_145141.log')}
2026-05-27 14:53:50,741 - watchfiles.main - DEBUG - 1 change detected: {(<Change.modified: 2>, '/workspace/app/backend/logs/app_20260527_145141.log')}
2026-05-27 14:53:51,092 - watchfiles.main - DEBUG - 1 change detected: {(<Change.modified: 2>, '/workspace/app/backend/logs/app_20260527_145141.log')}
2026-05-27 14:53:51,443 - watchfiles.main - DEBUG - 1 change detected: {(<Change.modified: 2>, '/workspace/app/backend/logs/app_20260527_145141.log')}
2026-05-27 14:53:51,794 - watchfiles.main - DEBUG - 1 change detected: {(<Change.modified: 2>, '/workspace/app/backend/logs/app_20260527_145141.log')}
2026-05-27 14:53:52,145 - watchfiles.main - DEBUG - 1 change detected: {(<Change.modified: 2>, '/workspace/app/backend/logs/app_20260527_145141.log')}
2026-05-27 14:53:52,496 - watchfiles.main - DEBUG - 1 change detected: {(<Change.modified: 2>, '/workspace/app/backend/logs/app_20260527_145141.log')}
2026-05-27 14:53:52,847 - watchfiles.main - DEBUG - 1 change detected: {(<Change.modified: 2>, '/workspace/app/backend/logs/app_20260527_145141.log')}
2026-05-27 14:53:53,198 - watchfiles.main - DEBUG - 1 change detected: {(<Change.modified: 2>, '/workspace/app/backend/logs/app_20260527_145141.log')}
2026-05-27 14:53:53,549 - watchfiles.main - DEBUG - 1 change detected: {(<Change.modified: 2>, '/workspace/app/backend/logs/app_20260527_145141.log')}
2026-05-27 14:53:53,900 - watchfiles.main - DEBUG - 1 change detected: {(<Change.modified: 2>, '/workspace/app/backend/logs/app_20260527_145141.log')}
2026-05-27 14:53:54,252 - watchfiles.main - DEBUG - 1 change detected: {(<Change.modified: 2>, '/workspace/app/backend/logs/app_20260527_145141.log')}
2026-05-27 14:53:54,603 - watchfiles.main - DEBUG - 1 change detected: {(<Change.modified: 2>, '/workspace/app/backend/logs/app_20260527_145141.log')}
2026-05-27 14:53:54,954 - watchfiles.main - DEBUG - 1 change detected: {(<Change.modified: 2>, '/workspace/app/backend/logs/app_20260527_145141.log')}
2026-05-27 14:53:55,305 - watchfiles.main - DEBUG - 1 change detected: {(<Change.modified: 2>, '/workspace/app/backend/logs/app_20260527_145141.log')}
2026-05-27 14:53:55,656 - watchfiles.main - DEBUG - 1 change detected: {(<Change.modified: 2>, '/workspace/app/backend/logs/app_20260527_145141.log')}
2026-05-27 14:53:56,007 - watchfiles.main - DEBUG - 1 change detected: {(<Change.modified: 2>, '/workspace/app/backend/logs/app_20260527_145141.log')}
2026-05-27 14:53:56,359 - watchfiles.main - DEBUG - 1 change detected: {(<Change.modified: 2>, '/workspace/app/backend/logs/app_20260527_145141.log')}
2026-05-27 14:53:56,710 - watchfiles.main - DEBUG - 1 change detected: {(<Change.modified: 2>, '/workspace/app/backend/logs/app_20260527_145141.log')}
2026-05-27 14:53:57,060 - watchfiles.main - DEBUG - 1 change detected: {(<Change.modified: 2>, '/workspace/app/backend/logs/app_20260527_145141.log')}
2026-05-27 14:53:57,411 - watchfiles.main - DEBUG - 1 change detected: {(<Change.modified: 2>, '/workspace/app/backend/logs/app_20260527_145141.log')}
2026-05-27 14:53:57,762 - watchfiles.main - DEBUG - 1 change detected: {(<Change.modified: 2>, '/workspace/app/backend/logs/app_20260527_145141.log')}
2026-05-27 14:53:58,113 - watchfiles.main - DEBUG - 1 change detected: {(<Change.modified: 2>, '/workspace/app/backend/logs/app_20260527_145141.log')}
2026-05-27 14:53:58,464 - watchfiles.main - DEBUG - 1 change detected: {(<Change.modified: 2>, '/workspace/app/backend/logs/app_20260527_145141.log')}
2026-05-27 14:53:58,815 - watchfiles.main - DEBUG - 1 change detected: {(<Change.modified: 2>, '/workspace/app/backend/logs/app_20260527_145141.log')}
2026-05-27 14:53:59,166 - watchfiles.main - DEBUG - 1 change detected: {(<Change.modified: 2>, '/workspace/app/backend/logs/app_20260527_145141.log')}
2026-05-27 14:53:59,517 - watchfiles.main - DEBUG - 1 change detected: {(<Change.modified: 2>, '/workspace/app/backend/logs/app_20260527_145141.log')}
2026-05-27 14:53:59,870 - watchfiles.main - DEBUG - 1 change detected: {(<Change.modified: 2>, '/workspace/app/backend/logs/app_20260527_145141.log')}
2026-05-27 14:54:00,221 - watchfiles.main - DEBUG - 1 change detected: {(<Change.modified: 2>, '/workspace/app/backend/logs/app_20260527_145141.log')}
2026-05-27 14:54:00,573 - watchfiles.main - DEBUG - 1 change detected: {(<Change.modified: 2>, '/workspace/app/backend/logs/app_20260527_145141.log')}
2026-05-27 14:54:00,924 - watchfiles.main - DEBUG - 1 change detected: {(<Change.modified: 2>, '/workspace/app/backend/logs/app_20260527_145141.log')}
2026-05-27 14:54:01,275 - watchfiles.main - DEBUG - 1 change detected: {(<Change.modified: 2>, '/workspace/app/backend/logs/app_20260527_145141.log')}
2026-05-27 14:54:01,626 - watchfiles.main - DEBUG - 1 change detected: {(<Change.modified: 2>, '/workspace/app/backend/logs/app_20260527_145141.log')}
2026-05-27 14:54:01,977 - watchfiles.main - DEBUG - 1 change detected: {(<Change.modified: 2>, '/workspace/app/backend/logs/app_20260527_145141.log')}
2026-05-27 14:54:02,328 - watchfiles.main - DEBUG - 1 change detected: {(<Change.modified: 2>, '/workspace/app/backend/logs/app_20260527_145141.log')}
2026-05-27 14:54:02,679 - watchfiles.main - DEBUG - 1 change detected: {(<Change.modified: 2>, '/workspace/app/backend/logs/app_20260527_145141.log')}
2026-05-27 14:54:03,030 - watchfiles.main - DEBUG - 1 change detected: {(<Change.modified: 2>, '/workspace/app/backend/logs/app_20260527_145141.log')}
2026-05-27 14:54:03,381 - watchfiles.main - DEBUG - 1 change detected: {(<Change.modified: 2>, '/workspace/app/backend/logs/app_20260527_145141.log')}
2026-05-27 14:54:03,732 - watchfiles.main - DEBUG - 1 change detected: {(<Change.modified: 2>, '/workspace/app/backend/logs/app_20260527_145141.log')}
2026-05-27 14:54:04,083 - watchfiles.main - DEBUG - 1 change detected: {(<Change.modified: 2>, '/workspace/app/backend/logs/app_20260527_145141.log')}
2026-05-27 14:54:04,434 - watchfiles.main - DEBUG - 1 change detected: {(<Change.modified: 2>, '/workspace/app/backend/logs/app_20260527_145141.log')}
2026-05-27 14:54:04,786 - watchfiles.main - DEBUG - 1 change detected: {(<Change.modified: 2>, '/workspace/app/backend/logs/app_20260527_145141.log')}
2026-05-27 14:54:05,137 - watchfiles.main - DEBUG - 1 change detected: {(<Change.modified: 2>, '/workspace/app/backend/logs/app_20260527_145141.log')}
2026-05-27 14:54:05,488 - watchfiles.main - DEBUG - 1 change detected: {(<Change.modified: 2>, '/workspace/app/backend/logs/app_20260527_145141.log')}
2026-05-27 14:54:05,839 - watchfiles.main - DEBUG - 1 change detected: {(<Change.modified: 2>, '/workspace/app/backend/logs/app_20260527_145141.log')}
2026-05-27 14:54:06,190 - watchfiles.main - DEBUG - 1 change detected: {(<Change.modified: 2>, '/workspace/app/backend/logs/app_20260527_145141.log')}
2026-05-27 14:54:06,541 - watchfiles.main - DEBUG - 1 change detected: {(<Change.modified: 2>, '/workspace/app/backend/logs/app_20260527_145141.log')}
2026-05-27 14:54:06,892 - watchfiles.main - DEBUG - 1 change detected: {(<Change.modified: 2>, '/workspace/app/backend/logs/app_20260527_145141.log')}
2026-05-27 14:54:07,243 - watchfiles.main - DEBUG - 1 change detected: {(<Change.modified: 2>, '/workspace/app/backend/logs/app_20260527_145141.log')}
2026-05-27 14:54:07,594 - watchfiles.main - DEBUG - 1 change detected: {(<Change.modified: 2>, '/workspace/app/backend/logs/app_20260527_145141.log')}
2026-05-27 14:54:07,945 - watchfiles.main - DEBUG - 1 change detected: {(<Change.modified: 2>, '/workspace/app/backend/logs/app_20260527_145141.log')}
2026-05-27 14:54:08,296 - watchfiles.main - DEBUG - 1 change detected: {(<Change.modified: 2>, '/workspace/app/backend/logs/app_20260527_145141.log')}
2026-05-27 14:54:08,647 - watchfiles.main - DEBUG - 1 change detected: {(<Change.modified: 2>, '/workspace/app/backend/logs/app_20260527_145141.log')}
2026-05-27 14:54:08,998 - watchfiles.main - DEBUG - 1 change detected: {(<Change.modified: 2>, '/workspace/app/backend/logs/app_20260527_145141.log')}
2026-05-27 14:54:09,349 - watchfiles.main - DEBUG - 1 change detected: {(<Change.modified: 2>, '/workspace/app/backend/logs/app_20260527_145141.log')}
2026-05-27 14:54:09,700 - watchfiles.main - DEBUG - 1 change detected: {(<Change.modified: 2>, '/workspace/app/backend/logs/app_20260527_145141.log')}
2026-05-27 14:54:10,052 - watchfiles.main - DEBUG - 1 change detected: {(<Change.modified: 2>, '/workspace/app/backend/logs/app_20260527_145141.log')}
2026-05-27 14:54:10,403 - watchfiles.main - DEBUG - 1 change detected: {(<Change.modified: 2>, '/workspace/app/backend/logs/app_20260527_145141.log')}
2026-05-27 14:54:10,754 - watchfiles.main - DEBUG - 1 change detected: {(<Change.modified: 2>, '/workspace/app/backend/logs/app_20260527_145141.log')}
2026-05-27 14:54:11,105 - watchfiles.main - DEBUG - 1 change detected: {(<Change.modified: 2>, '/workspace/app/backend/logs/app_20260527_145141.log')}
2026-05-27 14:54:11,456 - watchfiles.main - DEBUG - 1 change detected: {(<Change.modified: 2>, '/workspace/app/backend/logs/app_20260527_145141.log')}
2026-05-27 14:54:11,807 - watchfiles.main - DEBUG - 1 change detected: {(<Change.modified: 2>, '/workspace/app/backend/logs/app_20260527_145141.log')}
2026-05-27 14:54:12,159 - watchfiles.main - DEBUG - 1 change detected: {(<Change.modified: 2>, '/workspace/app/backend/logs/app_20260527_145141.log')}
2026-05-27 14:54:12,510 - watchfiles.main - DEBUG - 1 change detected: {(<Change.modified: 2>, '/workspace/app/backend/logs/app_20260527_145141.log')}
2026-05-27 14:54:12,861 - watchfiles.main - DEBUG - 1 change detected: {(<Change.modified: 2>, '/workspace/app/backend/logs/app_20260527_145141.log')}
2026-05-27 14:54:13,212 - watchfiles.main - DEBUG - 1 change detected: {(<Change.modified: 2>, '/workspace/app/backend/logs/app_20260527_145141.log')}
2026-05-27 14:54:13,563 - watchfiles.main - DEBUG - 1 change detected: {(<Change.modified: 2>, '/workspace/app/backend/logs/app_20260527_145141.log')}
2026-05-27 14:54:13,914 - watchfiles.main - DEBUG - 1 change detected: {(<Change.modified: 2>, '/workspace/app/backend/logs/app_20260527_145141.log')}
2026-05-27 14:54:14,265 - watchfiles.main - DEBUG - 1 change detected: {(<Change.modified: 2>, '/workspace/app/backend/logs/app_20260527_145141.log')}
2026-05-27 14:54:14,616 - watchfiles.main - DEBUG - 1 change detected: {(<Change.modified: 2>, '/workspace/app/backend/logs/app_20260527_145141.log')}
2026-05-27 14:54:14,967 - watchfiles.main - DEBUG - 1 change detected: {(<Change.modified: 2>, '/workspace/app/backend/logs/app_20260527_145141.log')}
2026-05-27 14:54:15,318 - watchfiles.main - DEBUG - 1 change detected: {(<Change.modified: 2>, '/workspace/app/backend/logs/app_20260527_145141.log')}
2026-05-27 14:54:15,669 - watchfiles.main - DEBUG - 1 change detected: {(<Change.modified: 2>, '/workspace/app/backend/logs/app_20260527_145141.log')}
2026-05-27 14:54:16,020 - watchfiles.main - DEBUG - 1 change detected: {(<Change.modified: 2>, '/workspace/app/backend/logs/app_20260527_145141.log')}
2026-05-27 14:54:16,371 - watchfiles.main - DEBUG - 1 change detected: {(<Change.modified: 2>, '/workspace/app/backend/logs/app_20260527_145141.log')}
2026-05-27 14:54:16,722 - watchfiles.main - DEBUG - 1 change detected: {(<Change.modified: 2>, '/workspace/app/backend/logs/app_20260527_145141.log')}
2026-05-27 14:54:17,073 - watchfiles.main - DEBUG - 1 change detected: {(<Change.modified: 2>, '/workspace/app/backend/logs/app_20260527_145141.log')}
2026-05-27 14:54:17,424 - watchfiles.main - DEBUG - 1 change detected: {(<Change.modified: 2>, '/workspace/app/backend/logs/app_20260527_145141.log')}
2026-05-27 14:54:17,775 - watchfiles.main - DEBUG - 1 change detected: {(<Change.modified: 2>, '/workspace/app/backend/logs/app_20260527_145141.log')}
2026-05-27 14:54:18,126 - watchfiles.main - DEBUG - 1 change detected: {(<Change.modified: 2>, '/workspace/app/backend/logs/app_20260527_145141.log')}
2026-05-27 14:54:18,477 - watchfiles.main - DEBUG - 1 change detected: {(<Change.modified: 2>, '/workspace/app/backend/logs/app_20260527_145141.log')}
2026-05-27 14:54:18,828 - watchfiles.main - DEBUG - 1 change detected: {(<Change.modified: 2>, '/workspace/app/backend/logs/app_20260527_145141.log')}
2026-05-27 14:54:19,179 - watchfiles.main - DEBUG - 1 change detected: {(<Change.modified: 2>, '/workspace/app/backend/logs/app_20260527_145141.log')}
2026-05-27 14:54:19,530 - watchfiles.main - DEBUG - 1 change detected: {(<Change.modified: 2>, '/workspace/app/backend/logs/app_20260527_145141.log')}
2026-05-27 14:54:19,881 - watchfiles.main - DEBUG - 1 change detected: {(<Change.modified: 2>, '/workspace/app/backend/logs/app_20260527_145141.log')}
2026-05-27 14:54:20,232 - watchfiles.main - DEBUG - 1 change detected: {(<Change.modified: 2>, '/workspace/app/backend/logs/app_20260527_145141.log')}
2026-05-27 14:54:20,583 - watchfiles.main - DEBUG - 1 change detected: {(<Change.modified: 2>, '/workspace/app/backend/logs/app_20260527_145141.log')}
2026-05-27 14:54:20,934 - watchfiles.main - DEBUG - 1 change detected: {(<Change.modified: 2>, '/workspace/app/backend/logs/app_20260527_145141.log')}
2026-05-27 14:54:21,285 - watchfiles.main - DEBUG - 1 change detected: {(<Change.modified: 2>, '/workspace/app/backend/logs/app_20260527_145141.log')}
2026-05-27 14:54:21,636 - watchfiles.main - DEBUG - 1 change detected: {(<Change.modified: 2>, '/workspace/app/backend/logs/app_20260527_145141.log')}
2026-05-27 14:54:21,987 - watchfiles.main - DEBUG - 1 change detected: {(<Change.modified: 2>, '/workspace/app/backend/logs/app_20260527_145141.log')}
2026-05-27 14:54:22,338 - watchfiles.main - DEBUG - 1 change detected: {(<Change.modified: 2>, '/workspace/app/backend/logs/app_20260527_145141.log')}
2026-05-27 14:54:22,689 - watchfiles.main - DEBUG - 1 change detected: {(<Change.modified: 2>, '/workspace/app/backend/logs/app_20260527_145141.log')}
2026-05-27 14:54:23,041 - watchfiles.main - DEBUG - 1 change detected: {(<Change.modified: 2>, '/workspace/app/backend/logs/app_20260527_145141.log')}
2026-05-27 14:54:23,392 - watchfiles.main - DEBUG - 1 change detected: {(<Change.modified: 2>, '/workspace/app/backend/logs/app_20260527_145141.log')}
2026-05-27 14:54:23,743 - watchfiles.main - DEBUG - 1 change detected: {(<Change.modified: 2>, '/workspace/app/backend/logs/app_20260527_145141.log')}
2026-05-27 14:54:24,094 - watchfiles.main - DEBUG - 1 change detected: {(<Change.modified: 2>, '/workspace/app/backend/logs/app_20260527_145141.log')}
2026-05-27 14:54:24,445 - watchfiles.main - DEBUG - 1 change detected: {(<Change.modified: 2>, '/workspace/app/backend/logs/app_20260527_145141.log')}
2026-05-27 14:54:24,796 - watchfiles.main - DEBUG - 1 change detected: {(<Change.modified: 2>, '/workspace/app/backend/logs/app_20260527_145141.log')}
2026-05-27 14:54:25,147 - watchfiles.main - DEBUG - 1 change detected: {(<Change.modified: 2>, '/workspace/app/backend/logs/app_20260527_145141.log')}
2026-05-27 14:54:25,498 - watchfiles.main - DEBUG - 1 change detected: {(<Change.modified: 2>, '/workspace/app/backend/logs/app_20260527_145141.log')}
2026-05-27 14:54:25,849 - watchfiles.main - DEBUG - 1 change detected: {(<Change.modified: 2>, '/workspace/app/backend/logs/app_20260527_145141.log')}
2026-05-27 14:54:26,200 - watchfiles.main - DEBUG - 1 change detected: {(<Change.modified: 2>, '/workspace/app/backend/logs/app_20260527_145141.log')}
2026-05-27 14:54:26,551 - watchfiles.main - DEBUG - 1 change detected: {(<Change.modified: 2>, '/workspace/app/backend/logs/app_20260527_145141.log')}
2026-05-27 14:54:26,902 - watchfiles.main - DEBUG - 1 change detected: {(<Change.modified: 2>, '/workspace/app/backend/logs/app_20260527_145141.log')}
2026-05-27 14:54:27,253 - watchfiles.main - DEBUG - 1 change detected: {(<Change.modified: 2>, '/workspace/app/backend/logs/app_20260527_145141.log')}
2026-05-27 14:54:27,604 - watchfiles.main - DEBUG - 1 change detected: {(<Change.modified: 2>, '/workspace/app/backend/logs/app_20260527_145141.log')}
2026-05-27 14:54:27,955 - watchfiles.main - DEBUG - 1 change detected: {(<Change.modified: 2>, '/workspace/app/backend/logs/app_20260527_145141.log')}
2026-05-27 14:54:28,306 - watchfiles.main - DEBUG - 1 change detected: {(<Change.modified: 2>, '/workspace/app/backend/logs/app_20260527_145141.log')}
2026-05-27 14:54:28,657 - watchfiles.main - DEBUG - 1 change detected: {(<Change.modified: 2>, '/workspace/app/backend/logs/app_20260527_145141.log')}
2026-05-27 14:54:29,008 - watchfiles.main - DEBUG - 1 change detected: {(<Change.modified: 2>, '/workspace/app/backend/logs/app_20260527_145141.log')}
2026-05-27 14:54:29,359 - watchfiles.main - DEBUG - 1 change detected: {(<Change.modified: 2>, '/workspace/app/backend/logs/app_20260527_145141.log')}
2026-05-27 14:54:29,710 - watchfiles.main - DEBUG - 1 change detected: {(<Change.modified: 2>, '/workspace/app/backend/logs/app_20260527_145141.log')}
2026-05-27 14:54:30,062 - watchfiles.main - DEBUG - 1 change detected: {(<Change.modified: 2>, '/workspace/app/backend/logs/app_20260527_145141.log')}
2026-05-27 14:54:30,413 - watchfiles.main - DEBUG - 1 change detected: {(<Change.modified: 2>, '/workspace/app/backend/logs/app_20260527_145141.log')}
2026-05-27 14:54:30,764 - watchfiles.main - DEBUG - 1 change detected: {(<Change.modified: 2>, '/workspace/app/backend/logs/app_20260527_145141.log')}
2026-05-27 14:54:31,115 - watchfiles.main - DEBUG - 1 change detected: {(<Change.modified: 2>, '/workspace/app/backend/logs/app_20260527_145141.log')}
2026-05-27 14:54:31,466 - watchfiles.main - DEBUG - 1 change detected: {(<Change.modified: 2>, '/workspace/app/backend/logs/app_20260527_145141.log')}
2026-05-27 14:54:31,817 - watchfiles.main - DEBUG - 1 change detected: {(<Change.modified: 2>, '/workspace/app/backend/logs/app_20260527_145141.log')}
2026-05-27 14:54:32,168 - watchfiles.main - DEBUG - 1 change detected: {(<Change.modified: 2>, '/workspace/app/backend/logs/app_20260527_145141.log')}
2026-05-27 14:54:32,519 - watchfiles.main - DEBUG - 1 change detected: {(<Change.modified: 2>, '/workspace/app/backend/logs/app_20260527_145141.log')}
2026-05-27 14:54:32,870 - watchfiles.main - DEBUG - 1 change detected: {(<Change.modified: 2>, '/workspace/app/backend/logs/app_20260527_145141.log')}
2026-05-27 14:54:33,221 - watchfiles.main - DEBUG - 1 change detected: {(<Change.modified: 2>, '/workspace/app/backend/logs/app_20260527_145141.log')}
2026-05-27 14:54:33,572 - watchfiles.main - DEBUG - 1 change detected: {(<Change.modified: 2>, '/workspace/app/backend/logs/app_20260527_145141.log')}
2026-05-27 14:54:33,923 - watchfiles.main - DEBUG - 1 change detected: {(<Change.modified: 2>, '/workspace/app/backend/logs/app_20260527_145141.log')}
2026-05-27 14:54:34,274 - watchfiles.main - DEBUG - 1 change detected: {(<Change.modified: 2>, '/workspace/app/backend/logs/app_20260527_145141.log')}
2026-05-27 14:54:34,625 - watchfiles.main - DEBUG - 1 change detected: {(<Change.modified: 2>, '/workspace/app/backend/logs/app_20260527_145141.log')}
2026-05-27 14:54:34,976 - watchfiles.main - DEBUG - 1 change detected: {(<Change.modified: 2>, '/workspace/app/backend/logs/app_20260527_145141.log')}
2026-05-27 14:54:35,328 - watchfiles.main - DEBUG - 1 change detected: {(<Change.modified: 2>, '/workspace/app/backend/logs/app_20260527_145141.log')}
2026-05-27 14:54:35,680 - watchfiles.main - DEBUG - 1 change detected: {(<Change.modified: 2>, '/workspace/app/backend/logs/app_20260527_145141.log')}
2026-05-27 14:54:36,031 - watchfiles.main - DEBUG - 1 change detected: {(<Change.modified: 2>, '/workspace/app/backend/logs/app_20260527_145141.log')}
2026-05-27 14:54:36,382 - watchfiles.main - DEBUG - 1 change detected: {(<Change.modified: 2>, '/workspace/app/backend/logs/app_20260527_145141.log')}
2026-05-27 14:54:36,733 - watchfiles.main - DEBUG - 1 change detected: {(<Change.modified: 2>, '/workspace/app/backend/logs/app_20260527_145141.log')}
2026-05-27 14:54:37,084 - watchfiles.main - DEBUG - 1 change detected: {(<Change.modified: 2>, '/workspace/app/backend/logs/app_20260527_145141.log')}
2026-05-27 14:54:37,436 - watchfiles.main - DEBUG - 1 change detected: {(<Change.modified: 2>, '/workspace/app/backend/logs/app_20260527_145141.log')}
2026-05-27 14:54:37,787 - watchfiles.main - DEBUG - 1 change detected: {(<Change.modified: 2>, '/workspace/app/backend/logs/app_20260527_145141.log')}
2026-05-27 14:54:38,138 - watchfiles.main - DEBUG - 1 change detected: {(<Change.modified: 2>, '/workspace/app/backend/logs/app_20260527_145141.log')}
2026-05-27 14:54:38,489 - watchfiles.main - DEBUG - 1 change detected: {(<Change.modified: 2>, '/workspace/app/backend/logs/app_20260527_145141.log')}
2026-05-27 14:54:38,840 - watchfiles.main - DEBUG - 1 change detected: {(<Change.modified: 2>, '/workspace/app/backend/logs/app_20260527_145141.log')}
2026-05-27 14:54:39,191 - watchfiles.main - DEBUG - 1 change detected: {(<Change.modified: 2>, '/workspace/app/backend/logs/app_20260527_145141.log')}
2026-05-27 14:54:39,542 - watchfiles.main - DEBUG - 1 change detected: {(<Change.modified: 2>, '/workspace/app/backend/logs/app_20260527_145141.log')}
2026-05-27 14:54:39,893 - watchfiles.main - DEBUG - 1 change detected: {(<Change.modified: 2>, '/workspace/app/backend/logs/app_20260527_145141.log')}
2026-05-27 14:54:40,244 - watchfiles.main - DEBUG - 1 change detected: {(<Change.modified: 2>, '/workspace/app/backend/logs/app_20260527_145141.log')}
2026-05-27 14:54:40,595 - watchfiles.main - DEBUG - 1 change detected: {(<Change.modified: 2>, '/workspace/app/backend/logs/app_20260527_145141.log')}
2026-05-27 14:54:40,946 - watchfiles.main - DEBUG - 1 change detected: {(<Change.modified: 2>, '/workspace/app/backend/logs/app_20260527_145141.log')}
2026-05-27 14:54:41,297 - watchfiles.main - DEBUG - 1 change detected: {(<Change.modified: 2>, '/workspace/app/backend/logs/app_20260527_145141.log')}
2026-05-27 14:54:41,648 - watchfiles.main - DEBUG - 1 change detected: {(<Change.modified: 2>, '/workspace/app/backend/logs/app_20260527_145141.log')}
2026-05-27 14:54:41,999 - watchfiles.main - DEBUG - 1 change detected: {(<Change.modified: 2>, '/workspace/app/backend/logs/app_20260527_145141.log')}
2026-05-27 14:54:42,350 - watchfiles.main - DEBUG - 1 change detected: {(<Change.modified: 2>, '/workspace/app/backend/logs/app_20260527_145141.log')}
2026-05-27 14:54:42,700 - watchfiles.main - DEBUG - 1 change detected: {(<Change.modified: 2>, '/workspace/app/backend/logs/app_20260527_145141.log')}
2026-05-27 14:54:43,051 - watchfiles.main - DEBUG - 1 change detected: {(<Change.modified: 2>, '/workspace/app/backend/logs/app_20260527_145141.log')}
2026-05-27 14:54:43,402 - watchfiles.main - DEBUG - 1 change detected: {(<Change.modified: 2>, '/workspace/app/backend/logs/app_20260527_145141.log')}
2026-05-27 14:54:43,753 - watchfiles.main - DEBUG - 1 change detected: {(<Change.modified: 2>, '/workspace/app/backend/logs/app_20260527_145141.log')}
2026-05-27 14:54:44,104 - watchfiles.main - DEBUG - 1 change detected: {(<Change.modified: 2>, '/workspace/app/backend/logs/app_20260527_145141.log')}
2026-05-27 14:54:44,455 - watchfiles.main - DEBUG - 1 change detected: {(<Change.modified: 2>, '/workspace/app/backend/logs/app_20260527_145141.log')}
2026-05-27 14:54:44,806 - watchfiles.main - DEBUG - 1 change detected: {(<Change.modified: 2>, '/workspace/app/backend/logs/app_20260527_145141.log')}
2026-05-27 14:54:45,157 - watchfiles.main - DEBUG - 1 change detected: {(<Change.modified: 2>, '/workspace/app/backend/logs/app_20260527_145141.log')}
2026-05-27 14:54:45,508 - watchfiles.main - DEBUG - 1 change detected: {(<Change.modified: 2>, '/workspace/app/backend/logs/app_20260527_145141.log')}
2026-05-27 14:54:45,859 - watchfiles.main - DEBUG - 1 change detected: {(<Change.modified: 2>, '/workspace/app/backend/logs/app_20260527_145141.log')}
2026-05-27 14:54:46,210 - watchfiles.main - DEBUG - 1 change detected: {(<Change.modified: 2>, '/workspace/app/backend/logs/app_20260527_145141.log')}
2026-05-27 14:54:46,562 - watchfiles.main - DEBUG - 1 change detected: {(<Change.modified: 2>, '/workspace/app/backend/logs/app_20260527_145141.log')}
2026-05-27 14:54:46,913 - watchfiles.main - DEBUG - 1 change detected: {(<Change.modified: 2>, '/workspace/app/backend/logs/app_20260527_145141.log')}
2026-05-27 14:54:47,263 - watchfiles.main - DEBUG - 1 change detected: {(<Change.modified: 2>, '/workspace/app/backend/logs/app_20260527_145141.log')}
2026-05-27 14:54:47,614 - watchfiles.main - DEBUG - 1 change detected: {(<Change.modified: 2>, '/workspace/app/backend/logs/app_20260527_145141.log')}
2026-05-27 14:54:47,965 - watchfiles.main - DEBUG - 1 change detected: {(<Change.modified: 2>, '/workspace/app/backend/logs/app_20260527_145141.log')}
2026-05-27 14:54:48,316 - watchfiles.main - DEBUG - 1 change detected: {(<Change.modified: 2>, '/workspace/app/backend/logs/app_20260527_145141.log')}
2026-05-27 14:54:48,668 - watchfiles.main - DEBUG - 1 change detected: {(<Change.modified: 2>, '/workspace/app/backend/logs/app_20260527_145141.log')}
2026-05-27 14:54:49,019 - watchfiles.main - DEBUG - 1 change detected: {(<Change.modified: 2>, '/workspace/app/backend/logs/app_20260527_145141.log')}
2026-05-27 14:54:49,370 - watchfiles.main - DEBUG - 1 change detected: {(<Change.modified: 2>, '/workspace/app/backend/logs/app_20260527_145141.log')}
2026-05-27 14:54:49,721 - watchfiles.main - DEBUG - 1 change detected: {(<Change.modified: 2>, '/workspace/app/backend/logs/app_20260527_145141.log')}
2026-05-27 14:54:50,072 - watchfiles.main - DEBUG - 1 change detected: {(<Change.modified: 2>, '/workspace/app/backend/logs/app_20260527_145141.log')}
2026-05-27 14:54:50,423 - watchfiles.main - DEBUG - 1 change detected: {(<Change.modified: 2>, '/workspace/app/backend/logs/app_20260527_145141.log')}
2026-05-27 14:54:50,774 - watchfiles.main - DEBUG - 1 change detected: {(<Change.modified: 2>, '/workspace/app/backend/logs/app_20260527_145141.log')}
2026-05-27 14:54:51,125 - watchfiles.main - DEBUG - 1 change detected: {(<Change.modified: 2>, '/workspace/app/backend/logs/app_20260527_145141.log')}
2026-05-27 14:54:51,476 - watchfiles.main - DEBUG - 1 change detected: {(<Change.modified: 2>, '/workspace/app/backend/logs/app_20260527_145141.log')}
2026-05-27 14:54:51,827 - watchfiles.main - DEBUG - 1 change detected: {(<Change.modified: 2>, '/workspace/app/backend/logs/app_20260527_145141.log')}
2026-05-27 14:54:52,179 - watchfiles.main - DEBUG - 1 change detected: {(<Change.modified: 2>, '/workspace/app/backend/logs/app_20260527_145141.log')}
2026-05-27 14:54:52,529 - watchfiles.main - DEBUG - 1 change detected: {(<Change.modified: 2>, '/workspace/app/backend/logs/app_20260527_145141.log')}
2026-05-27 14:54:52,881 - watchfiles.main - DEBUG - 1 change detected: {(<Change.modified: 2>, '/workspace/app/backend/logs/app_20260527_145141.log')}
2026-05-27 14:54:53,232 - watchfiles.main - DEBUG - 1 change detected: {(<Change.modified: 2>, '/workspace/app/backend/logs/app_20260527_145141.log')}
2026-05-27 14:54:53,582 - watchfiles.main - DEBUG - 1 change detected: {(<Change.modified: 2>, '/workspace/app/backend/logs/app_20260527_145141.log')}
2026-05-27 14:54:53,934 - watchfiles.main - DEBUG - 1 change detected: {(<Change.modified: 2>, '/workspace/app/backend/logs/app_20260527_145141.log')}
2026-05-27 14:54:54,285 - watchfiles.main - DEBUG - 1 change detected: {(<Change.modified: 2>, '/workspace/app/backend/logs/app_20260527_145141.log')}
2026-05-27 14:54:54,636 - watchfiles.main - DEBUG - 1 change detected: {(<Change.modified: 2>, '/workspace/app/backend/logs/app_20260527_145141.log')}
2026-05-27 14:54:54,987 - watchfiles.main - DEBUG - 1 change detected: {(<Change.modified: 2>, '/workspace/app/backend/logs/app_20260527_145141.log')}
2026-05-27 14:54:55,338 - watchfiles.main - DEBUG - 1 change detected: {(<Change.modified: 2>, '/workspace/app/backend/logs/app_20260527_145141.log')}
2026-05-27 14:54:55,689 - watchfiles.main - DEBUG - 1 change detected: {(<Change.modified: 2>, '/workspace/app/backend/logs/app_20260527_145141.log')}
2026-05-27 14:54:56,040 - watchfiles.main - DEBUG - 1 change detected: {(<Change.modified: 2>, '/workspace/app/backend/logs/app_20260527_145141.log')}
2026-05-27 14:54:56,391 - watchfiles.main - DEBUG - 1 change detected: {(<Change.modified: 2>, '/workspace/app/backend/logs/app_20260527_145141.log')}
2026-05-27 14:54:56,742 - watchfiles.main - DEBUG - 1 change detected: {(<Change.modified: 2>, '/workspace/app/backend/logs/app_20260527_145141.log')}
2026-05-27 14:54:57,093 - watchfiles.main - DEBUG - 1 change detected: {(<Change.modified: 2>, '/workspace/app/backend/logs/app_20260527_145141.log')}
2026-05-27 14:54:57,445 - watchfiles.main - DEBUG - 1 change detected: {(<Change.modified: 2>, '/workspace/app/backend/logs/app_20260527_145141.log')}
2026-05-27 14:54:57,796 - watchfiles.main - DEBUG - 1 change detected: {(<Change.modified: 2>, '/workspace/app/backend/logs/app_20260527_145141.log')}
2026-05-27 14:54:58,147 - watchfiles.main - DEBUG - 1 change detected: {(<Change.modified: 2>, '/workspace/app/backend/logs/app_20260527_145141.log')}
2026-05-27 14:54:58,498 - watchfiles.main - DEBUG - 1 change detected: {(<Change.modified: 2>, '/workspace/app/backend/logs/app_20260527_145141.log')}
2026-05-27 14:54:58,849 - watchfiles.main - DEBUG - 1 change detected: {(<Change.modified: 2>, '/workspace/app/backend/logs/app_20260527_145141.log')}
2026-05-27 14:54:59,200 - watchfiles.main - DEBUG - 1 change detected: {(<Change.modified: 2>, '/workspace/app/backend/logs/app_20260527_145141.log')}
2026-05-27 14:54:59,550 - watchfiles.main - DEBUG - 1 change detected: {(<Change.modified: 2>, '/workspace/app/backend/logs/app_20260527_145141.log')}
2026-05-27 14:54:59,902 - watchfiles.main - DEBUG - 1 change detected: {(<Change.modified: 2>, '/workspace/app/backend/logs/app_20260527_145141.log')}
2026-05-27 14:55:00,253 - watchfiles.main - DEBUG - 1 change detected: {(<Change.modified: 2>, '/workspace/app/backend/logs/app_20260527_145141.log')}
2026-05-27 14:55:00,604 - watchfiles.main - DEBUG - 1 change detected: {(<Change.modified: 2>, '/workspace/app/backend/logs/app_20260527_145141.log')}
2026-05-27 14:55:00,955 - watchfiles.main - DEBUG - 1 change detected: {(<Change.modified: 2>, '/workspace/app/backend/logs/app_20260527_145141.log')}
2026-05-27 14:55:01,306 - watchfiles.main - DEBUG - 1 change detected: {(<Change.modified: 2>, '/workspace/app/backend/logs/app_20260527_145141.log')}
2026-05-27 14:55:01,657 - watchfiles.main - DEBUG - 1 change detected: {(<Change.modified: 2>, '/workspace/app/backend/logs/app_20260527_145141.log')}
2026-05-27 14:55:02,008 - watchfiles.main - DEBUG - 1 change detected: {(<Change.modified: 2>, '/workspace/app/backend/logs/app_20260527_145141.log')}
2026-05-27 14:55:02,358 - watchfiles.main - DEBUG - 1 change detected: {(<Change.modified: 2>, '/workspace/app/backend/logs/app_20260527_145141.log')}
2026-05-27 14:55:02,710 - watchfiles.main - DEBUG - 1 change detected: {(<Change.modified: 2>, '/workspace/app/backend/logs/app_20260527_145141.log')}
2026-05-27 14:55:03,061 - watchfiles.main - DEBUG - 1 change detected: {(<Change.modified: 2>, '/workspace/app/backend/logs/app_20260527_145141.log')}
2026-05-27 14:55:03,412 - watchfiles.main - DEBUG - 1 change detected: {(<Change.modified: 2>, '/workspace/app/backend/logs/app_20260527_145141.log')}
2026-05-27 14:55:03,763 - watchfiles.main - DEBUG - 1 change detected: {(<Change.modified: 2>, '/workspace/app/backend/logs/app_20260527_145141.log')}
2026-05-27 14:55:04,114 - watchfiles.main - DEBUG - 1 change detected: {(<Change.modified: 2>, '/workspace/app/backend/logs/app_20260527_145141.log')}
2026-05-27 14:55:04,465 - watchfiles.main - DEBUG - 1 change detected: {(<Change.modified: 2>, '/workspace/app/backend/logs/app_20260527_145141.log')}
2026-05-27 14:55:04,816 - watchfiles.main - DEBUG - 1 change detected: {(<Change.modified: 2>, '/workspace/app/backend/logs/app_20260527_145141.log')}
2026-05-27 14:55:05,167 - watchfiles.main - DEBUG - 1 change detected: {(<Change.modified: 2>, '/workspace/app/backend/logs/app_20260527_145141.log')}
2026-05-27 14:55:05,518 - watchfiles.main - DEBUG - 1 change detected: {(<Change.modified: 2>, '/workspace/app/backend/logs/app_20260527_145141.log')}
2026-05-27 14:55:05,869 - watchfiles.main - DEBUG - 1 change detected: {(<Change.modified: 2>, '/workspace/app/backend/logs/app_20260527_145141.log')}
2026-05-27 14:55:06,221 - watchfiles.main - DEBUG - 1 change detected: {(<Change.modified: 2>, '/workspace/app/backend/logs/app_20260527_145141.log')}
2026-05-27 14:55:06,571 - watchfiles.main - DEBUG - 1 change detected: {(<Change.modified: 2>, '/workspace/app/backend/logs/app_20260527_145141.log')}
2026-05-27 14:55:06,922 - watchfiles.main - DEBUG - 1 change detected: {(<Change.modified: 2>, '/workspace/app/backend/logs/app_20260527_145141.log')}
2026-05-27 14:55:07,273 - watchfiles.main - DEBUG - 1 change detected: {(<Change.modified: 2>, '/workspace/app/backend/logs/app_20260527_145141.log')}
2026-05-27 14:55:07,624 - watchfiles.main - DEBUG - 1 change detected: {(<Change.modified: 2>, '/workspace/app/backend/logs/app_20260527_145141.log')}
2026-05-27 14:55:07,975 - watchfiles.main - DEBUG - 1 change detected: {(<Change.modified: 2>, '/workspace/app/backend/logs/app_20260527_145141.log')}
2026-05-27 14:55:08,326 - watchfiles.main - DEBUG - 1 change detected: {(<Change.modified: 2>, '/workspace/app/backend/logs/app_20260527_145141.log')}
2026-05-27 14:55:08,678 - watchfiles.main - DEBUG - 1 change detected: {(<Change.modified: 2>, '/workspace/app/backend/logs/app_20260527_145141.log')}
2026-05-27 14:55:09,029 - watchfiles.main - DEBUG - 1 change detected: {(<Change.modified: 2>, '/workspace/app/backend/logs/app_20260527_145141.log')}
2026-05-27 14:55:09,380 - watchfiles.main - DEBUG - 1 change detected: {(<Change.modified: 2>, '/workspace/app/backend/logs/app_20260527_145141.log')}
2026-05-27 14:55:09,731 - watchfiles.main - DEBUG - 1 change detected: {(<Change.modified: 2>, '/workspace/app/backend/logs/app_20260527_145141.log')}
2026-05-27 14:55:10,082 - watchfiles.main - DEBUG - 1 change detected: {(<Change.modified: 2>, '/workspace/app/backend/logs/app_20260527_145141.log')}
2026-05-27 14:55:10,433 - watchfiles.main - DEBUG - 1 change detected: {(<Change.modified: 2>, '/workspace/app/backend/logs/app_20260527_145141.log')}
2026-05-27 14:55:10,784 - watchfiles.main - DEBUG - 1 change detected: {(<Change.modified: 2>, '/workspace/app/backend/logs/app_20260527_145141.log')}
2026-05-27 14:55:11,136 - watchfiles.main - DEBUG - 1 change detected: {(<Change.modified: 2>, '/workspace/app/backend/logs/app_20260527_145141.log')}
2026-05-27 14:55:11,487 - watchfiles.main - DEBUG - 1 change detected: {(<Change.modified: 2>, '/workspace/app/backend/logs/app_20260527_145141.log')}
2026-05-27 14:55:11,838 - watchfiles.main - DEBUG - 1 change detected: {(<Change.modified: 2>, '/workspace/app/backend/logs/app_20260527_145141.log')}
2026-05-27 14:55:12,189 - watchfiles.main - DEBUG - 1 change detected: {(<Change.modified: 2>, '/workspace/app/backend/logs/app_20260527_145141.log')}
2026-05-27 14:55:12,540 - watchfiles.main - DEBUG - 1 change detected: {(<Change.modified: 2>, '/workspace/app/backend/logs/app_20260527_145141.log')}
2026-05-27 14:55:12,891 - watchfiles.main - DEBUG - 1 change detected: {(<Change.modified: 2>, '/workspace/app/backend/logs/app_20260527_145141.log')}
2026-05-27 14:55:13,242 - watchfiles.main - DEBUG - 1 change detected: {(<Change.modified: 2>, '/workspace/app/backend/logs/app_20260527_145141.log')}
2026-05-27 14:55:13,593 - watchfiles.main - DEBUG - 1 change detected: {(<Change.modified: 2>, '/workspace/app/backend/logs/app_20260527_145141.log')}
2026-05-27 14:55:13,944 - watchfiles.main - DEBUG - 1 change detected: {(<Change.modified: 2>, '/workspace/app/backend/logs/app_20260527_145141.log')}
2026-05-27 14:55:14,295 - watchfiles.main - DEBUG - 1 change detected: {(<Change.modified: 2>, '/workspace/app/backend/logs/app_20260527_145141.log')}
2026-05-27 14:55:14,646 - watchfiles.main - DEBUG - 1 change detected: {(<Change.modified: 2>, '/workspace/app/backend/logs/app_20260527_145141.log')}
2026-05-27 14:55:14,997 - watchfiles.main - DEBUG - 1 change detected: {(<Change.modified: 2>, '/workspace/app/backend/logs/app_20260527_145141.log')}
2026-05-27 14:55:15,348 - watchfiles.main - DEBUG - 1 change detected: {(<Change.modified: 2>, '/workspace/app/backend/logs/app_20260527_145141.log')}
2026-05-27 14:55:15,699 - watchfiles.main - DEBUG - 2 changes detected: {(<Change.modified: 2>, '/workspace/app/backend/logs/app_20260527_145141.log'), (<Change.modified: 2>, '/workspace/app/backend/logs/app_20260527_145143.log')}
2026-05-27 14:55:16,101 - watchfiles.main - DEBUG - 2 changes detected: {(<Change.modified: 2>, '/workspace/app/backend/logs/app_20260527_145141.log'), (<Change.modified: 2>, '/workspace/app/backend/logs/app_20260527_145143.log')}
2026-05-27 14:55:16,452 - watchfiles.main - DEBUG - 2 changes detected: {(<Change.modified: 2>, '/workspace/app/backend/logs/app_20260527_145141.log'), (<Change.modified: 2>, '/workspace/app/backend/logs/app_20260527_145143.log')}
2026-05-27 14:55:16,803 - watchfiles.main - DEBUG - 1 change detected: {(<Change.modified: 2>, '/workspace/app/backend/logs/app_20260527_145141.log')}
2026-05-27 14:55:17,154 - watchfiles.main - DEBUG - 1 change detected: {(<Change.modified: 2>, '/workspace/app/backend/logs/app_20260527_145141.log')}
2026-05-27 14:55:17,505 - watchfiles.main - DEBUG - 1 change detected: {(<Change.modified: 2>, '/workspace/app/backend/logs/app_20260527_145141.log')}
2026-05-27 14:55:17,856 - watchfiles.main - DEBUG - 2 changes detected: {(<Change.modified: 2>, '/workspace/app/backend/logs/app_20260527_145141.log'), (<Change.modified: 2>, '/workspace/app/backend/logs/app_20260527_145143.log')}
2026-05-27 14:55:18,207 - watchfiles.main - DEBUG - 1 change detected: {(<Change.modified: 2>, '/workspace/app/backend/logs/app_20260527_145141.log')}
2026-05-27 14:55:18,558 - watchfiles.main - DEBUG - 2 changes detected: {(<Change.modified: 2>, '/workspace/app/backend/logs/app_20260527_145141.log'), (<Change.modified: 2>, '/workspace/app/backend/logs/app_20260527_145143.log')}
2026-05-27 14:55:18,909 - watchfiles.main - DEBUG - 1 change detected: {(<Change.modified: 2>, '/workspace/app/backend/logs/app_20260527_145141.log')}
2026-05-27 14:55:19,260 - watchfiles.main - DEBUG - 1 change detected: {(<Change.modified: 2>, '/workspace/app/backend/logs/app_20260527_145141.log')}
2026-05-27 14:55:19,611 - watchfiles.main - DEBUG - 1 change detected: {(<Change.modified: 2>, '/workspace/app/backend/logs/app_20260527_145141.log')}
2026-05-27 14:55:19,962 - watchfiles.main - DEBUG - 1 change detected: {(<Change.modified: 2>, '/workspace/app/backend/logs/app_20260527_145141.log')}
2026-05-27 14:55:20,313 - watchfiles.main - DEBUG - 1 change detected: {(<Change.modified: 2>, '/workspace/app/backend/logs/app_20260527_145141.log')}
2026-05-27 14:55:20,664 - watchfiles.main - DEBUG - 1 change detected: {(<Change.modified: 2>, '/workspace/app/backend/logs/app_20260527_145141.log')}
2026-05-27 14:55:21,015 - watchfiles.main - DEBUG - 1 change detected: {(<Change.modified: 2>, '/workspace/app/backend/logs/app_20260527_145141.log')}
2026-05-27 14:55:21,366 - watchfiles.main - DEBUG - 1 change detected: {(<Change.modified: 2>, '/workspace/app/backend/logs/app_20260527_145141.log')}
2026-05-27 14:55:21,717 - watchfiles.main - DEBUG - 1 change detected: {(<Change.modified: 2>, '/workspace/app/backend/logs/app_20260527_145141.log')}
2026-05-27 14:55:22,068 - watchfiles.main - DEBUG - 1 change detected: {(<Change.modified: 2>, '/workspace/app/backend/logs/app_20260527_145141.log')}
2026-05-27 14:55:22,419 - watchfiles.main - DEBUG - 1 change detected: {(<Change.modified: 2>, '/workspace/app/backend/logs/app_20260527_145141.log')}
2026-05-27 14:55:22,770 - watchfiles.main - DEBUG - 1 change detected: {(<Change.modified: 2>, '/workspace/app/backend/logs/app_20260527_145141.log')}
2026-05-27 14:55:23,121 - watchfiles.main - DEBUG - 1 change detected: {(<Change.modified: 2>, '/workspace/app/backend/logs/app_20260527_145141.log')}
2026-05-27 14:55:23,472 - watchfiles.main - DEBUG - 1 change detected: {(<Change.modified: 2>, '/workspace/app/backend/logs/app_20260527_145141.log')}
2026-05-27 14:55:23,823 - watchfiles.main - DEBUG - 1 change detected: {(<Change.modified: 2>, '/workspace/app/backend/logs/app_20260527_145141.log')}
2026-05-27 14:55:24,174 - watchfiles.main - DEBUG - 1 change detected: {(<Change.modified: 2>, '/workspace/app/backend/logs/app_20260527_145141.log')}
2026-05-27 14:55:24,525 - watchfiles.main - DEBUG - 1 change detected: {(<Change.modified: 2>, '/workspace/app/backend/logs/app_20260527_145141.log')}
2026-05-27 14:55:24,876 - watchfiles.main - DEBUG - 1 change detected: {(<Change.modified: 2>, '/workspace/app/backend/logs/app_20260527_145141.log')}
2026-05-27 14:55:25,227 - watchfiles.main - DEBUG - 1 change detected: {(<Change.modified: 2>, '/workspace/app/backend/logs/app_20260527_145141.log')}
2026-05-27 14:55:25,578 - watchfiles.main - DEBUG - 1 change detected: {(<Change.modified: 2>, '/workspace/app/backend/logs/app_20260527_145141.log')}
2026-05-27 14:55:25,929 - watchfiles.main - DEBUG - 1 change detected: {(<Change.modified: 2>, '/workspace/app/backend/logs/app_20260527_145141.log')}
2026-05-27 14:55:26,280 - watchfiles.main - DEBUG - 1 change detected: {(<Change.modified: 2>, '/workspace/app/backend/logs/app_20260527_145141.log')}
2026-05-27 14:55:26,631 - watchfiles.main - DEBUG - 1 change detected: {(<Change.modified: 2>, '/workspace/app/backend/logs/app_20260527_145141.log')}
2026-05-27 14:55:26,983 - watchfiles.main - DEBUG - 1 change detected: {(<Change.modified: 2>, '/workspace/app/backend/logs/app_20260527_145141.log')}
2026-05-27 14:55:27,334 - watchfiles.main - DEBUG - 1 change detected: {(<Change.modified: 2>, '/workspace/app/backend/logs/app_20260527_145141.log')}
2026-05-27 14:55:27,685 - watchfiles.main - DEBUG - 1 change detected: {(<Change.modified: 2>, '/workspace/app/backend/logs/app_20260527_145141.log')}
2026-05-27 14:55:28,036 - watchfiles.main - DEBUG - 1 change detected: {(<Change.modified: 2>, '/workspace/app/backend/logs/app_20260527_145141.log')}
2026-05-27 14:55:28,387 - watchfiles.main - DEBUG - 1 change detected: {(<Change.modified: 2>, '/workspace/app/backend/logs/app_20260527_145141.log')}
2026-05-27 14:55:28,738 - watchfiles.main - DEBUG - 1 change detected: {(<Change.modified: 2>, '/workspace/app/backend/logs/app_20260527_145141.log')}
2026-05-27 14:55:29,090 - watchfiles.main - DEBUG - 1 change detected: {(<Change.modified: 2>, '/workspace/app/backend/logs/app_20260527_145141.log')}
2026-05-27 14:55:29,441 - watchfiles.main - DEBUG - 1 change detected: {(<Change.modified: 2>, '/workspace/app/backend/logs/app_20260527_145141.log')}
2026-05-27 14:55:29,792 - watchfiles.main - DEBUG - 1 change detected: {(<Change.modified: 2>, '/workspace/app/backend/logs/app_20260527_145141.log')}
2026-05-27 14:55:30,143 - watchfiles.main - DEBUG - 1 change detected: {(<Change.modified: 2>, '/workspace/app/backend/logs/app_20260527_145141.log')}
2026-05-27 14:55:30,494 - watchfiles.main - DEBUG - 1 change detected: {(<Change.modified: 2>, '/workspace/app/backend/logs/app_20260527_145141.log')}
2026-05-27 14:55:30,845 - watchfiles.main - DEBUG - 1 change detected: {(<Change.modified: 2>, '/workspace/app/backend/logs/app_20260527_145141.log')}
2026-05-27 14:55:31,196 - watchfiles.main - DEBUG - 1 change detected: {(<Change.modified: 2>, '/workspace/app/backend/logs/app_20260527_145141.log')}
2026-05-27 14:55:31,548 - watchfiles.main - DEBUG - 1 change detected: {(<Change.modified: 2>, '/workspace/app/backend/logs/app_20260527_145141.log')}
2026-05-27 14:55:31,898 - watchfiles.main - DEBUG - 1 change detected: {(<Change.modified: 2>, '/workspace/app/backend/logs/app_20260527_145141.log')}
2026-05-27 14:55:32,249 - watchfiles.main - DEBUG - 1 change detected: {(<Change.modified: 2>, '/workspace/app/backend/logs/app_20260527_145141.log')}
2026-05-27 14:55:32,601 - watchfiles.main - DEBUG - 1 change detected: {(<Change.modified: 2>, '/workspace/app/backend/logs/app_20260527_145141.log')}
2026-05-27 14:55:32,952 - watchfiles.main - DEBUG - 1 change detected: {(<Change.modified: 2>, '/workspace/app/backend/logs/app_20260527_145141.log')}
2026-05-27 14:55:33,303 - watchfiles.main - DEBUG - 1 change detected: {(<Change.modified: 2>, '/workspace/app/backend/logs/app_20260527_145141.log')}
2026-05-27 14:55:33,654 - watchfiles.main - DEBUG - 1 change detected: {(<Change.modified: 2>, '/workspace/app/backend/logs/app_20260527_145141.log')}
2026-05-27 14:55:34,005 - watchfiles.main - DEBUG - 1 change detected: {(<Change.modified: 2>, '/workspace/app/backend/logs/app_20260527_145141.log')}
2026-05-27 14:55:34,357 - watchfiles.main - DEBUG - 1 change detected: {(<Change.modified: 2>, '/workspace/app/backend/logs/app_20260527_145141.log')}
2026-05-27 14:55:34,709 - watchfiles.main - DEBUG - 1 change detected: {(<Change.modified: 2>, '/workspace/app/backend/logs/app_20260527_145141.log')}
2026-05-27 14:55:35,060 - watchfiles.main - DEBUG - 1 change detected: {(<Change.modified: 2>, '/workspace/app/backend/logs/app_20260527_145141.log')}
2026-05-27 14:55:35,411 - watchfiles.main - DEBUG - 1 change detected: {(<Change.modified: 2>, '/workspace/app/backend/logs/app_20260527_145141.log')}
2026-05-27 14:55:35,762 - watchfiles.main - DEBUG - 1 change detected: {(<Change.modified: 2>, '/workspace/app/backend/logs/app_20260527_145141.log')}
2026-05-27 14:55:36,115 - watchfiles.main - DEBUG - 1 change detected: {(<Change.modified: 2>, '/workspace/app/backend/logs/app_20260527_145141.log')}
2026-05-27 14:55:36,466 - watchfiles.main - DEBUG - 1 change detected: {(<Change.modified: 2>, '/workspace/app/backend/logs/app_20260527_145141.log')}
2026-05-27 14:55:36,817 - watchfiles.main - DEBUG - 1 change detected: {(<Change.modified: 2>, '/workspace/app/backend/logs/app_20260527_145141.log')}
2026-05-27 14:55:37,168 - watchfiles.main - DEBUG - 1 change detected: {(<Change.modified: 2>, '/workspace/app/backend/logs/app_20260527_145141.log')}
2026-05-27 14:55:37,519 - watchfiles.main - DEBUG - 1 change detected: {(<Change.modified: 2>, '/workspace/app/backend/logs/app_20260527_145141.log')}
2026-05-27 14:55:37,870 - watchfiles.main - DEBUG - 1 change detected: {(<Change.modified: 2>, '/workspace/app/backend/logs/app_20260527_145141.log')}
2026-05-27 14:55:38,221 - watchfiles.main - DEBUG - 1 change detected: {(<Change.modified: 2>, '/workspace/app/backend/logs/app_20260527_145141.log')}
2026-05-27 14:55:38,573 - watchfiles.main - DEBUG - 2 changes detected: {(<Change.modified: 2>, '/workspace/app/backend/logs/app_20260527_145141.log'), (<Change.modified: 2>, '/workspace/app/backend/logs/app_20260527_145143.log')}
2026-05-27 14:55:38,923 - watchfiles.main - DEBUG - 1 change detected: {(<Change.modified: 2>, '/workspace/app/backend/logs/app_20260527_145141.log')}
2026-05-27 14:55:39,274 - watchfiles.main - DEBUG - 2 changes detected: {(<Change.modified: 2>, '/workspace/app/backend/logs/app_20260527_145141.log'), (<Change.modified: 2>, '/workspace/app/backend/logs/app_20260527_145143.log')}
2026-05-27 14:55:39,625 - watchfiles.main - DEBUG - 2 changes detected: {(<Change.modified: 2>, '/workspace/app/backend/logs/app_20260527_145141.log'), (<Change.modified: 2>, '/workspace/app/backend/logs/app_20260527_145143.log')}
2026-05-27 14:55:39,977 - watchfiles.main - DEBUG - 2 changes detected: {(<Change.modified: 2>, '/workspace/app/backend/logs/app_20260527_145141.log'), (<Change.modified: 2>, '/workspace/app/backend/logs/app_20260527_145143.log')}
2026-05-27 14:55:40,328 - watchfiles.main - DEBUG - 1 change detected: {(<Change.modified: 2>, '/workspace/app/backend/logs/app_20260527_145141.log')}
2026-05-27 14:55:40,679 - watchfiles.main - DEBUG - 1 change detected: {(<Change.modified: 2>, '/workspace/app/backend/logs/app_20260527_145141.log')}
2026-05-27 14:55:41,030 - watchfiles.main - DEBUG - 1 change detected: {(<Change.modified: 2>, '/workspace/app/backend/logs/app_20260527_145141.log')}
2026-05-27 14:55:41,381 - watchfiles.main - DEBUG - 1 change detected: {(<Change.modified: 2>, '/workspace/app/backend/logs/app_20260527_145141.log')}
2026-05-27 14:55:41,732 - watchfiles.main - DEBUG - 1 change detected: {(<Change.modified: 2>, '/workspace/app/backend/logs/app_20260527_145141.log')}
2026-05-27 14:55:42,082 - watchfiles.main - DEBUG - 1 change detected: {(<Change.modified: 2>, '/workspace/app/backend/logs/app_20260527_145141.log')}
2026-05-27 14:55:42,433 - watchfiles.main - DEBUG - 1 change detected: {(<Change.modified: 2>, '/workspace/app/backend/logs/app_20260527_145141.log')}
2026-05-27 14:55:42,784 - watchfiles.main - DEBUG - 1 change detected: {(<Change.modified: 2>, '/workspace/app/backend/logs/app_20260527_145141.log')}
2026-05-27 14:55:43,136 - watchfiles.main - DEBUG - 1 change detected: {(<Change.modified: 2>, '/workspace/app/backend/logs/app_20260527_145141.log')}
2026-05-27 14:55:43,487 - watchfiles.main - DEBUG - 1 change detected: {(<Change.modified: 2>, '/workspace/app/backend/logs/app_20260527_145141.log')}
2026-05-27 14:55:43,838 - watchfiles.main - DEBUG - 1 change detected: {(<Change.modified: 2>, '/workspace/app/backend/logs/app_20260527_145141.log')}
2026-05-27 14:55:44,189 - watchfiles.main - DEBUG - 1 change detected: {(<Change.modified: 2>, '/workspace/app/backend/logs/app_20260527_145141.log')}
2026-05-27 14:55:44,540 - watchfiles.main - DEBUG - 1 change detected: {(<Change.modified: 2>, '/workspace/app/backend/logs/app_20260527_145141.log')}
2026-05-27 14:55:44,891 - watchfiles.main - DEBUG - 1 change detected: {(<Change.modified: 2>, '/workspace/app/backend/logs/app_20260527_145141.log')}
2026-05-27 14:55:45,242 - watchfiles.main - DEBUG - 1 change detected: {(<Change.modified: 2>, '/workspace/app/backend/logs/app_20260527_145141.log')}
2026-05-27 14:55:45,593 - watchfiles.main - DEBUG - 1 change detected: {(<Change.modified: 2>, '/workspace/app/backend/logs/app_20260527_145141.log')}
2026-05-27 14:55:45,944 - watchfiles.main - DEBUG - 1 change detected: {(<Change.modified: 2>, '/workspace/app/backend/logs/app_20260527_145141.log')}
2026-05-27 14:55:46,295 - watchfiles.main - DEBUG - 1 change detected: {(<Change.modified: 2>, '/workspace/app/backend/logs/app_20260527_145141.log')}
2026-05-27 14:55:46,646 - watchfiles.main - DEBUG - 1 change detected: {(<Change.modified: 2>, '/workspace/app/backend/logs/app_20260527_145141.log')}
2026-05-27 14:55:46,997 - watchfiles.main - DEBUG - 1 change detected: {(<Change.modified: 2>, '/workspace/app/backend/logs/app_20260527_145141.log')}
2026-05-27 14:55:47,348 - watchfiles.main - DEBUG - 1 change detected: {(<Change.modified: 2>, '/workspace/app/backend/logs/app_20260527_145141.log')}
2026-05-27 14:55:47,699 - watchfiles.main - DEBUG - 1 change detected: {(<Change.modified: 2>, '/workspace/app/backend/logs/app_20260527_145141.log')}
2026-05-27 14:55:48,050 - watchfiles.main - DEBUG - 1 change detected: {(<Change.modified: 2>, '/workspace/app/backend/logs/app_20260527_145141.log')}
2026-05-27 14:55:48,401 - watchfiles.main - DEBUG - 1 change detected: {(<Change.modified: 2>, '/workspace/app/backend/logs/app_20260527_145141.log')}
2026-05-27 14:55:48,752 - watchfiles.main - DEBUG - 1 change detected: {(<Change.modified: 2>, '/workspace/app/backend/logs/app_20260527_145141.log')}
2026-05-27 14:55:49,103 - watchfiles.main - DEBUG - 1 change detected: {(<Change.modified: 2>, '/workspace/app/backend/logs/app_20260527_145141.log')}
2026-05-27 14:55:49,454 - watchfiles.main - DEBUG - 1 change detected: {(<Change.modified: 2>, '/workspace/app/backend/logs/app_20260527_145141.log')}
2026-05-27 14:55:49,806 - watchfiles.main - DEBUG - 1 change detected: {(<Change.modified: 2>, '/workspace/app/backend/logs/app_20260527_145141.log')}
2026-05-27 14:55:50,157 - watchfiles.main - DEBUG - 1 change detected: {(<Change.modified: 2>, '/workspace/app/backend/logs/app_20260527_145141.log')}
2026-05-27 14:55:50,508 - watchfiles.main - DEBUG - 1 change detected: {(<Change.modified: 2>, '/workspace/app/backend/logs/app_20260527_145141.log')}
2026-05-27 14:55:50,859 - watchfiles.main - DEBUG - 1 change detected: {(<Change.modified: 2>, '/workspace/app/backend/logs/app_20260527_145141.log')}
2026-05-27 14:55:51,210 - watchfiles.main - DEBUG - 1 change detected: {(<Change.modified: 2>, '/workspace/app/backend/logs/app_20260527_145141.log')}
2026-05-27 14:55:51,561 - watchfiles.main - DEBUG - 1 change detected: {(<Change.modified: 2>, '/workspace/app/backend/logs/app_20260527_145141.log')}
2026-05-27 14:55:51,913 - watchfiles.main - DEBUG - 1 change detected: {(<Change.modified: 2>, '/workspace/app/backend/logs/app_20260527_145141.log')}
2026-05-27 14:55:52,264 - watchfiles.main - DEBUG - 1 change detected: {(<Change.modified: 2>, '/workspace/app/backend/logs/app_20260527_145141.log')}
2026-05-27 14:55:52,615 - watchfiles.main - DEBUG - 1 change detected: {(<Change.modified: 2>, '/workspace/app/backend/logs/app_20260527_145141.log')}
2026-05-27 14:55:52,966 - watchfiles.main - DEBUG - 1 change detected: {(<Change.modified: 2>, '/workspace/app/backend/logs/app_20260527_145141.log')}
2026-05-27 14:55:53,317 - watchfiles.main - DEBUG - 1 change detected: {(<Change.modified: 2>, '/workspace/app/backend/logs/app_20260527_145141.log')}
2026-05-27 14:55:53,668 - watchfiles.main - DEBUG - 1 change detected: {(<Change.modified: 2>, '/workspace/app/backend/logs/app_20260527_145141.log')}
2026-05-27 14:55:54,019 - watchfiles.main - DEBUG - 1 change detected: {(<Change.modified: 2>, '/workspace/app/backend/logs/app_20260527_145141.log')}
2026-05-27 14:55:54,371 - watchfiles.main - DEBUG - 1 change detected: {(<Change.modified: 2>, '/workspace/app/backend/logs/app_20260527_145141.log')}
2026-05-27 14:55:54,722 - watchfiles.main - DEBUG - 1 change detected: {(<Change.modified: 2>, '/workspace/app/backend/logs/app_20260527_145141.log')}
2026-05-27 14:55:55,073 - watchfiles.main - DEBUG - 1 change detected: {(<Change.modified: 2>, '/workspace/app/backend/logs/app_20260527_145141.log')}
2026-05-27 14:55:55,424 - watchfiles.main - DEBUG - 1 change detected: {(<Change.modified: 2>, '/workspace/app/backend/logs/app_20260527_145141.log')}
2026-05-27 14:55:55,775 - watchfiles.main - DEBUG - 1 change detected: {(<Change.modified: 2>, '/workspace/app/backend/logs/app_20260527_145141.log')}
2026-05-27 14:55:56,126 - watchfiles.main - DEBUG - 1 change detected: {(<Change.modified: 2>, '/workspace/app/backend/logs/app_20260527_145141.log')}
2026-05-27 14:55:56,477 - watchfiles.main - DEBUG - 1 change detected: {(<Change.modified: 2>, '/workspace/app/backend/logs/app_20260527_145141.log')}
2026-05-27 14:55:56,828 - watchfiles.main - DEBUG - 1 change detected: {(<Change.modified: 2>, '/workspace/app/backend/logs/app_20260527_145141.log')}
2026-05-27 14:55:57,179 - watchfiles.main - DEBUG - 1 change detected: {(<Change.modified: 2>, '/workspace/app/backend/logs/app_20260527_145141.log')}
2026-05-27 14:55:57,530 - watchfiles.main - DEBUG - 1 change detected: {(<Change.modified: 2>, '/workspace/app/backend/logs/app_20260527_145141.log')}
2026-05-27 14:55:57,881 - watchfiles.main - DEBUG - 1 change detected: {(<Change.modified: 2>, '/workspace/app/backend/logs/app_20260527_145141.log')}
2026-05-27 14:55:58,232 - watchfiles.main - DEBUG - 1 change detected: {(<Change.modified: 2>, '/workspace/app/backend/logs/app_20260527_145141.log')}
2026-05-27 14:55:58,583 - watchfiles.main - DEBUG - 1 change detected: {(<Change.modified: 2>, '/workspace/app/backend/logs/app_20260527_145141.log')}
2026-05-27 14:55:58,935 - watchfiles.main - DEBUG - 1 change detected: {(<Change.modified: 2>, '/workspace/app/backend/logs/app_20260527_145141.log')}
2026-05-27 14:55:59,286 - watchfiles.main - DEBUG - 1 change detected: {(<Change.modified: 2>, '/workspace/app/backend/logs/app_20260527_145141.log')}
2026-05-27 14:55:59,637 - watchfiles.main - DEBUG - 1 change detected: {(<Change.modified: 2>, '/workspace/app/backend/logs/app_20260527_145141.log')}
2026-05-27 14:55:59,988 - watchfiles.main - DEBUG - 1 change detected: {(<Change.modified: 2>, '/workspace/app/backend/logs/app_20260527_145141.log')}
2026-05-27 14:56:00,339 - watchfiles.main - DEBUG - 1 change detected: {(<Change.modified: 2>, '/workspace/app/backend/logs/app_20260527_145141.log')}
2026-05-27 14:56:00,690 - watchfiles.main - DEBUG - 1 change detected: {(<Change.modified: 2>, '/workspace/app/backend/logs/app_20260527_145141.log')}
2026-05-27 14:56:01,041 - watchfiles.main - DEBUG - 1 change detected: {(<Change.modified: 2>, '/workspace/app/backend/logs/app_20260527_145141.log')}
2026-05-27 14:56:01,392 - watchfiles.main - DEBUG - 1 change detected: {(<Change.modified: 2>, '/workspace/app/backend/logs/app_20260527_145141.log')}
2026-05-27 14:56:01,743 - watchfiles.main - DEBUG - 1 change detected: {(<Change.modified: 2>, '/workspace/app/backend/logs/app_20260527_145141.log')}
2026-05-27 14:56:02,094 - watchfiles.main - DEBUG - 1 change detected: {(<Change.modified: 2>, '/workspace/app/backend/logs/app_20260527_145141.log')}
2026-05-27 14:56:02,445 - watchfiles.main - DEBUG - 1 change detected: {(<Change.modified: 2>, '/workspace/app/backend/logs/app_20260527_145141.log')}
2026-05-27 14:56:02,797 - watchfiles.main - DEBUG - 1 change detected: {(<Change.modified: 2>, '/workspace/app/backend/logs/app_20260527_145141.log')}
2026-05-27 14:56:03,148 - watchfiles.main - DEBUG - 1 change detected: {(<Change.modified: 2>, '/workspace/app/backend/logs/app_20260527_145141.log')}
2026-05-27 14:56:03,499 - watchfiles.main - DEBUG - 1 change detected: {(<Change.modified: 2>, '/workspace/app/backend/logs/app_20260527_145141.log')}
2026-05-27 14:56:03,850 - watchfiles.main - DEBUG - 1 change detected: {(<Change.modified: 2>, '/workspace/app/backend/logs/app_20260527_145141.log')}
2026-05-27 14:56:04,201 - watchfiles.main - DEBUG - 1 change detected: {(<Change.modified: 2>, '/workspace/app/backend/logs/app_20260527_145141.log')}
2026-05-27 14:56:04,552 - watchfiles.main - DEBUG - 1 change detected: {(<Change.modified: 2>, '/workspace/app/backend/logs/app_20260527_145141.log')}
2026-05-27 14:56:04,903 - watchfiles.main - DEBUG - 1 change detected: {(<Change.modified: 2>, '/workspace/app/backend/logs/app_20260527_145141.log')}
2026-05-27 14:56:05,254 - watchfiles.main - DEBUG - 1 change detected: {(<Change.modified: 2>, '/workspace/app/backend/logs/app_20260527_145141.log')}
2026-05-27 14:56:05,605 - watchfiles.main - DEBUG - 1 change detected: {(<Change.modified: 2>, '/workspace/app/backend/logs/app_20260527_145141.log')}
2026-05-27 14:56:05,956 - watchfiles.main - DEBUG - 1 change detected: {(<Change.modified: 2>, '/workspace/app/backend/logs/app_20260527_145141.log')}
2026-05-27 14:56:06,307 - watchfiles.main - DEBUG - 1 change detected: {(<Change.modified: 2>, '/workspace/app/backend/logs/app_20260527_145141.log')}
2026-05-27 14:56:06,658 - watchfiles.main - DEBUG - 1 change detected: {(<Change.modified: 2>, '/workspace/app/backend/logs/app_20260527_145141.log')}
2026-05-27 14:56:07,009 - watchfiles.main - DEBUG - 1 change detected: {(<Change.modified: 2>, '/workspace/app/backend/logs/app_20260527_145141.log')}
2026-05-27 14:56:07,360 - watchfiles.main - DEBUG - 1 change detected: {(<Change.modified: 2>, '/workspace/app/backend/logs/app_20260527_145141.log')}
2026-05-27 14:56:07,711 - watchfiles.main - DEBUG - 1 change detected: {(<Change.modified: 2>, '/workspace/app/backend/logs/app_20260527_145141.log')}
2026-05-27 14:56:08,061 - watchfiles.main - DEBUG - 1 change detected: {(<Change.modified: 2>, '/workspace/app/backend/logs/app_20260527_145141.log')}
2026-05-27 14:56:08,412 - watchfiles.main - DEBUG - 1 change detected: {(<Change.modified: 2>, '/workspace/app/backend/logs/app_20260527_145141.log')}
2026-05-27 14:56:08,764 - watchfiles.main - DEBUG - 1 change detected: {(<Change.modified: 2>, '/workspace/app/backend/logs/app_20260527_145141.log')}
2026-05-27 14:56:09,114 - watchfiles.main - DEBUG - 1 change detected: {(<Change.modified: 2>, '/workspace/app/backend/logs/app_20260527_145141.log')}
2026-05-27 14:56:09,465 - watchfiles.main - DEBUG - 2 changes detected: {(<Change.modified: 2>, '/workspace/app/backend/logs/app_20260527_145141.log'), (<Change.modified: 2>, '/workspace/app/backend/logs/app_20260527_145143.log')}
2026-05-27 14:56:09,816 - watchfiles.main - DEBUG - 2 changes detected: {(<Change.modified: 2>, '/workspace/app/backend/logs/app_20260527_145141.log'), (<Change.modified: 2>, '/workspace/app/backend/logs/app_20260527_145143.log')}
2026-05-27 14:56:10,168 - watchfiles.main - DEBUG - 1 change detected: {(<Change.modified: 2>, '/workspace/app/backend/logs/app_20260527_145141.log')}
2026-05-27 14:56:10,519 - watchfiles.main - DEBUG - 1 change detected: {(<Change.modified: 2>, '/workspace/app/backend/logs/app_20260527_145141.log')}
2026-05-27 14:56:10,870 - watchfiles.main - DEBUG - 1 change detected: {(<Change.modified: 2>, '/workspace/app/backend/logs/app_20260527_145141.log')}
2026-05-27 14:56:11,220 - watchfiles.main - DEBUG - 1 change detected: {(<Change.modified: 2>, '/workspace/app/backend/logs/app_20260527_145141.log')}
2026-05-27 14:56:11,572 - watchfiles.main - DEBUG - 1 change detected: {(<Change.modified: 2>, '/workspace/app/backend/logs/app_20260527_145141.log')}
2026-05-27 14:56:11,923 - watchfiles.main - DEBUG - 1 change detected: {(<Change.modified: 2>, '/workspace/app/backend/logs/app_20260527_145141.log')}
2026-05-27 14:56:12,273 - watchfiles.main - DEBUG - 1 change detected: {(<Change.modified: 2>, '/workspace/app/backend/logs/app_20260527_145141.log')}
2026-05-27 14:56:12,624 - watchfiles.main - DEBUG - 1 change detected: {(<Change.modified: 2>, '/workspace/app/backend/logs/app_20260527_145141.log')}
2026-05-27 14:56:12,976 - watchfiles.main - DEBUG - 1 change detected: {(<Change.modified: 2>, '/workspace/app/backend/logs/app_20260527_145141.log')}
2026-05-27 14:56:13,326 - watchfiles.main - DEBUG - 1 change detected: {(<Change.modified: 2>, '/workspace/app/backend/logs/app_20260527_145141.log')}
2026-05-27 14:56:13,677 - watchfiles.main - DEBUG - 1 change detected: {(<Change.modified: 2>, '/workspace/app/backend/logs/app_20260527_145141.log')}
2026-05-27 14:56:14,028 - watchfiles.main - DEBUG - 1 change detected: {(<Change.modified: 2>, '/workspace/app/backend/logs/app_20260527_145141.log')}
2026-05-27 14:56:14,379 - watchfiles.main - DEBUG - 1 change detected: {(<Change.modified: 2>, '/workspace/app/backend/logs/app_20260527_145141.log')}
2026-05-27 14:56:14,730 - watchfiles.main - DEBUG - 1 change detected: {(<Change.modified: 2>, '/workspace/app/backend/logs/app_20260527_145141.log')}
2026-05-27 14:56:15,081 - watchfiles.main - DEBUG - 1 change detected: {(<Change.modified: 2>, '/workspace/app/backend/logs/app_20260527_145141.log')}
2026-05-27 14:56:15,432 - watchfiles.main - DEBUG - 1 change detected: {(<Change.modified: 2>, '/workspace/app/backend/logs/app_20260527_145141.log')}
2026-05-27 14:56:15,783 - watchfiles.main - DEBUG - 1 change detected: {(<Change.modified: 2>, '/workspace/app/backend/logs/app_20260527_145141.log')}
2026-05-27 14:56:16,134 - watchfiles.main - DEBUG - 1 change detected: {(<Change.modified: 2>, '/workspace/app/backend/logs/app_20260527_145141.log')}
2026-05-27 14:56:16,485 - watchfiles.main - DEBUG - 1 change detected: {(<Change.modified: 2>, '/workspace/app/backend/logs/app_20260527_145141.log')}
2026-05-27 14:56:16,836 - watchfiles.main - DEBUG - 1 change detected: {(<Change.modified: 2>, '/workspace/app/backend/logs/app_20260527_145141.log')}
2026-05-27 14:56:17,187 - watchfiles.main - DEBUG - 1 change detected: {(<Change.modified: 2>, '/workspace/app/backend/logs/app_20260527_145141.log')}
2026-05-27 14:56:17,537 - watchfiles.main - DEBUG - 1 change detected: {(<Change.modified: 2>, '/workspace/app/backend/logs/app_20260527_145141.log')}
2026-05-27 14:56:17,888 - watchfiles.main - DEBUG - 1 change detected: {(<Change.modified: 2>, '/workspace/app/backend/logs/app_20260527_145141.log')}
2026-05-27 14:56:18,240 - watchfiles.main - DEBUG - 1 change detected: {(<Change.modified: 2>, '/workspace/app/backend/logs/app_20260527_145141.log')}
2026-05-27 14:56:18,591 - watchfiles.main - DEBUG - 1 change detected: {(<Change.modified: 2>, '/workspace/app/backend/logs/app_20260527_145141.log')}
2026-05-27 14:56:18,942 - watchfiles.main - DEBUG - 1 change detected: {(<Change.modified: 2>, '/workspace/app/backend/logs/app_20260527_145141.log')}
2026-05-27 14:56:19,293 - watchfiles.main - DEBUG - 1 change detected: {(<Change.modified: 2>, '/workspace/app/backend/logs/app_20260527_145141.log')}
2026-05-27 14:56:19,644 - watchfiles.main - DEBUG - 1 change detected: {(<Change.modified: 2>, '/workspace/app/backend/logs/app_20260527_145141.log')}
2026-05-27 14:56:19,995 - watchfiles.main - DEBUG - 1 change detected: {(<Change.modified: 2>, '/workspace/app/backend/logs/app_20260527_145141.log')}
2026-05-27 14:56:20,346 - watchfiles.main - DEBUG - 1 change detected: {(<Change.modified: 2>, '/workspace/app/backend/logs/app_20260527_145141.log')}
2026-05-27 14:56:20,697 - watchfiles.main - DEBUG - 1 change detected: {(<Change.modified: 2>, '/workspace/app/backend/logs/app_20260527_145141.log')}
2026-05-27 14:56:21,048 - watchfiles.main - DEBUG - 1 change detected: {(<Change.modified: 2>, '/workspace/app/backend/logs/app_20260527_145141.log')}
2026-05-27 14:56:21,399 - watchfiles.main - DEBUG - 1 change detected: {(<Change.modified: 2>, '/workspace/app/backend/logs/app_20260527_145141.log')}
2026-05-27 14:56:21,750 - watchfiles.main - DEBUG - 1 change detected: {(<Change.modified: 2>, '/workspace/app/backend/logs/app_20260527_145141.log')}
2026-05-27 14:56:22,101 - watchfiles.main - DEBUG - 1 change detected: {(<Change.modified: 2>, '/workspace/app/backend/logs/app_20260527_145141.log')}
2026-05-27 14:56:22,452 - watchfiles.main - DEBUG - 1 change detected: {(<Change.modified: 2>, '/workspace/app/backend/logs/app_20260527_145141.log')}
2026-05-27 14:56:22,803 - watchfiles.main - DEBUG - 1 change detected: {(<Change.modified: 2>, '/workspace/app/backend/logs/app_20260527_145141.log')}
2026-05-27 14:56:23,154 - watchfiles.main - DEBUG - 1 change detected: {(<Change.modified: 2>, '/workspace/app/backend/logs/app_20260527_145141.log')}
2026-05-27 14:56:23,505 - watchfiles.main - DEBUG - 1 change detected: {(<Change.modified: 2>, '/workspace/app/backend/logs/app_20260527_145141.log')}
2026-05-27 14:56:23,856 - watchfiles.main - DEBUG - 1 change detected: {(<Change.modified: 2>, '/workspace/app/backend/logs/app_20260527_145141.log')}
2026-05-27 14:56:24,207 - watchfiles.main - DEBUG - 1 change detected: {(<Change.modified: 2>, '/workspace/app/backend/logs/app_20260527_145141.log')}
2026-05-27 14:56:24,558 - watchfiles.main - DEBUG - 1 change detected: {(<Change.modified: 2>, '/workspace/app/backend/logs/app_20260527_145141.log')}
2026-05-27 14:56:24,910 - watchfiles.main - DEBUG - 1 change detected: {(<Change.modified: 2>, '/workspace/app/backend/logs/app_20260527_145141.log')}
2026-05-27 14:56:25,261 - watchfiles.main - DEBUG - 1 change detected: {(<Change.modified: 2>, '/workspace/app/backend/logs/app_20260527_145141.log')}
2026-05-27 14:56:25,612 - watchfiles.main - DEBUG - 1 change detected: {(<Change.modified: 2>, '/workspace/app/backend/logs/app_20260527_145141.log')}
2026-05-27 14:56:25,963 - watchfiles.main - DEBUG - 1 change detected: {(<Change.modified: 2>, '/workspace/app/backend/logs/app_20260527_145141.log')}
2026-05-27 14:56:26,314 - watchfiles.main - DEBUG - 1 change detected: {(<Change.modified: 2>, '/workspace/app/backend/logs/app_20260527_145141.log')}
2026-05-27 14:56:26,664 - watchfiles.main - DEBUG - 1 change detected: {(<Change.modified: 2>, '/workspace/app/backend/logs/app_20260527_145141.log')}
2026-05-27 14:56:27,015 - watchfiles.main - DEBUG - 1 change detected: {(<Change.modified: 2>, '/workspace/app/backend/logs/app_20260527_145141.log')}
2026-05-27 14:56:27,367 - watchfiles.main - DEBUG - 1 change detected: {(<Change.modified: 2>, '/workspace/app/backend/logs/app_20260527_145141.log')}
2026-05-27 14:56:27,718 - watchfiles.main - DEBUG - 1 change detected: {(<Change.modified: 2>, '/workspace/app/backend/logs/app_20260527_145141.log')}
2026-05-27 14:56:28,068 - watchfiles.main - DEBUG - 1 change detected: {(<Change.modified: 2>, '/workspace/app/backend/logs/app_20260527_145141.log')}
2026-05-27 14:56:28,419 - watchfiles.main - DEBUG - 1 change detected: {(<Change.modified: 2>, '/workspace/app/backend/logs/app_20260527_145141.log')}
2026-05-27 14:56:28,771 - watchfiles.main - DEBUG - 1 change detected: {(<Change.modified: 2>, '/workspace/app/backend/logs/app_20260527_145141.log')}
2026-05-27 14:56:29,122 - watchfiles.main - DEBUG - 1 change detected: {(<Change.modified: 2>, '/workspace/app/backend/logs/app_20260527_145141.log')}
2026-05-27 14:56:29,473 - watchfiles.main - DEBUG - 1 change detected: {(<Change.modified: 2>, '/workspace/app/backend/logs/app_20260527_145141.log')}
2026-05-27 14:56:29,836 - watchfiles.main - DEBUG - 1 change detected: {(<Change.modified: 2>, '/workspace/app/backend/logs/app_20260527_145141.log')}
2026-05-27 14:56:30,187 - watchfiles.main - DEBUG - 1 change detected: {(<Change.modified: 2>, '/workspace/app/backend/logs/app_20260527_145141.log')}
2026-05-27 14:56:30,538 - watchfiles.main - DEBUG - 1 change detected: {(<Change.modified: 2>, '/workspace/app/backend/logs/app_20260527_145141.log')}
2026-05-27 14:56:30,889 - watchfiles.main - DEBUG - 1 change detected: {(<Change.modified: 2>, '/workspace/app/backend/logs/app_20260527_145141.log')}
2026-05-27 14:56:31,240 - watchfiles.main - DEBUG - 1 change detected: {(<Change.modified: 2>, '/workspace/app/backend/logs/app_20260527_145141.log')}
2026-05-27 14:56:31,591 - watchfiles.main - DEBUG - 1 change detected: {(<Change.modified: 2>, '/workspace/app/backend/logs/app_20260527_145141.log')}
2026-05-27 14:56:31,941 - watchfiles.main - DEBUG - 1 change detected: {(<Change.modified: 2>, '/workspace/app/backend/logs/app_20260527_145141.log')}
2026-05-27 14:56:32,292 - watchfiles.main - DEBUG - 1 change detected: {(<Change.modified: 2>, '/workspace/app/backend/logs/app_20260527_145141.log')}
2026-05-27 14:56:32,643 - watchfiles.main - DEBUG - 1 change detected: {(<Change.modified: 2>, '/workspace/app/backend/logs/app_20260527_145141.log')}
2026-05-27 14:56:32,995 - watchfiles.main - DEBUG - 1 change detected: {(<Change.modified: 2>, '/workspace/app/backend/logs/app_20260527_145141.log')}
2026-05-27 14:56:33,345 - watchfiles.main - DEBUG - 1 change detected: {(<Change.modified: 2>, '/workspace/app/backend/logs/app_20260527_145141.log')}
2026-05-27 14:56:33,697 - watchfiles.main - DEBUG - 1 change detected: {(<Change.modified: 2>, '/workspace/app/backend/logs/app_20260527_145141.log')}
2026-05-27 14:56:34,048 - watchfiles.main - DEBUG - 1 change detected: {(<Change.modified: 2>, '/workspace/app/backend/logs/app_20260527_145141.log')}
2026-05-27 14:56:34,399 - watchfiles.main - DEBUG - 1 change detected: {(<Change.modified: 2>, '/workspace/app/backend/logs/app_20260527_145141.log')}
2026-05-27 14:56:34,750 - watchfiles.main - DEBUG - 1 change detected: {(<Change.modified: 2>, '/workspace/app/backend/logs/app_20260527_145141.log')}
2026-05-27 14:56:35,101 - watchfiles.main - DEBUG - 1 change detected: {(<Change.modified: 2>, '/workspace/app/backend/logs/app_20260527_145141.log')}
2026-05-27 14:56:35,453 - watchfiles.main - DEBUG - 1 change detected: {(<Change.modified: 2>, '/workspace/app/backend/logs/app_20260527_145141.log')}
2026-05-27 14:56:35,803 - watchfiles.main - DEBUG - 1 change detected: {(<Change.modified: 2>, '/workspace/app/backend/logs/app_20260527_145141.log')}
2026-05-27 14:56:36,154 - watchfiles.main - DEBUG - 1 change detected: {(<Change.modified: 2>, '/workspace/app/backend/logs/app_20260527_145141.log')}
2026-05-27 14:56:36,505 - watchfiles.main - DEBUG - 1 change detected: {(<Change.modified: 2>, '/workspace/app/backend/logs/app_20260527_145141.log')}
2026-05-27 14:56:36,857 - watchfiles.main - DEBUG - 1 change detected: {(<Change.modified: 2>, '/workspace/app/backend/logs/app_20260527_145141.log')}
2026-05-27 14:56:37,208 - watchfiles.main - DEBUG - 1 change detected: {(<Change.modified: 2>, '/workspace/app/backend/logs/app_20260527_145141.log')}
2026-05-27 14:56:37,559 - watchfiles.main - DEBUG - 1 change detected: {(<Change.modified: 2>, '/workspace/app/backend/logs/app_20260527_145141.log')}
2026-05-27 14:56:37,910 - watchfiles.main - DEBUG - 1 change detected: {(<Change.modified: 2>, '/workspace/app/backend/logs/app_20260527_145141.log')}
2026-05-27 14:56:38,261 - watchfiles.main - DEBUG - 1 change detected: {(<Change.modified: 2>, '/workspace/app/backend/logs/app_20260527_145141.log')}
2026-05-27 14:56:38,612 - watchfiles.main - DEBUG - 1 change detected: {(<Change.modified: 2>, '/workspace/app/backend/logs/app_20260527_145141.log')}
2026-05-27 14:56:38,963 - watchfiles.main - DEBUG - 1 change detected: {(<Change.modified: 2>, '/workspace/app/backend/logs/app_20260527_145141.log')}
2026-05-27 14:56:39,314 - watchfiles.main - DEBUG - 2 changes detected: {(<Change.modified: 2>, '/workspace/app/backend/logs/app_20260527_145141.log'), (<Change.modified: 2>, '/workspace/app/backend/logs/app_20260527_145143.log')}
2026-05-27 14:56:39,665 - watchfiles.main - DEBUG - 2 changes detected: {(<Change.modified: 2>, '/workspace/app/backend/logs/app_20260527_145141.log'), (<Change.modified: 2>, '/workspace/app/backend/logs/app_20260527_145143.log')}
2026-05-27 14:56:40,017 - watchfiles.main - DEBUG - 1 change detected: {(<Change.modified: 2>, '/workspace/app/backend/logs/app_20260527_145141.log')}
2026-05-27 14:56:40,368 - watchfiles.main - DEBUG - 1 change detected: {(<Change.modified: 2>, '/workspace/app/backend/logs/app_20260527_145141.log')}
2026-05-27 14:56:40,719 - watchfiles.main - DEBUG - 1 change detected: {(<Change.modified: 2>, '/workspace/app/backend/logs/app_20260527_145141.log')}
2026-05-27 14:56:41,070 - watchfiles.main - DEBUG - 1 change detected: {(<Change.modified: 2>, '/workspace/app/backend/logs/app_20260527_145141.log')}
2026-05-27 14:56:41,421 - watchfiles.main - DEBUG - 1 change detected: {(<Change.modified: 2>, '/workspace/app/backend/logs/app_20260527_145141.log')}
2026-05-27 14:56:41,772 - watchfiles.main - DEBUG - 1 change detected: {(<Change.modified: 2>, '/workspace/app/backend/logs/app_20260527_145141.log')}
2026-05-27 14:56:42,123 - watchfiles.main - DEBUG - 1 change detected: {(<Change.modified: 2>, '/workspace/app/backend/logs/app_20260527_145141.log')}
2026-05-27 14:56:42,474 - watchfiles.main - DEBUG - 1 change detected: {(<Change.modified: 2>, '/workspace/app/backend/logs/app_20260527_145141.log')}
2026-05-27 14:56:42,825 - watchfiles.main - DEBUG - 1 change detected: {(<Change.modified: 2>, '/workspace/app/backend/logs/app_20260527_145141.log')}
2026-05-27 14:56:43,176 - watchfiles.main - DEBUG - 1 change detected: {(<Change.modified: 2>, '/workspace/app/backend/logs/app_20260527_145141.log')}
2026-05-27 14:56:43,527 - watchfiles.main - DEBUG - 1 change detected: {(<Change.modified: 2>, '/workspace/app/backend/logs/app_20260527_145141.log')}
2026-05-27 14:56:43,878 - watchfiles.main - DEBUG - 1 change detected: {(<Change.modified: 2>, '/workspace/app/backend/logs/app_20260527_145141.log')}
2026-05-27 14:56:44,229 - watchfiles.main - DEBUG - 1 change detected: {(<Change.modified: 2>, '/workspace/app/backend/logs/app_20260527_145141.log')}
2026-05-27 14:56:44,580 - watchfiles.main - DEBUG - 1 change detected: {(<Change.modified: 2>, '/workspace/app/backend/logs/app_20260527_145141.log')}
2026-05-27 14:56:44,932 - watchfiles.main - DEBUG - 1 change detected: {(<Change.modified: 2>, '/workspace/app/backend/logs/app_20260527_145141.log')}
2026-05-27 14:56:45,283 - watchfiles.main - DEBUG - 1 change detected: {(<Change.modified: 2>, '/workspace/app/backend/logs/app_20260527_145141.log')}
2026-05-27 14:56:45,634 - watchfiles.main - DEBUG - 1 change detected: {(<Change.modified: 2>, '/workspace/app/backend/logs/app_20260527_145141.log')}
2026-05-27 14:56:45,985 - watchfiles.main - DEBUG - 1 change detected: {(<Change.modified: 2>, '/workspace/app/backend/logs/app_20260527_145141.log')}
2026-05-27 14:56:46,336 - watchfiles.main - DEBUG - 1 change detected: {(<Change.modified: 2>, '/workspace/app/backend/logs/app_20260527_145141.log')}
2026-05-27 14:56:46,687 - watchfiles.main - DEBUG - 1 change detected: {(<Change.modified: 2>, '/workspace/app/backend/logs/app_20260527_145141.log')}
2026-05-27 14:56:47,038 - watchfiles.main - DEBUG - 1 change detected: {(<Change.modified: 2>, '/workspace/app/backend/logs/app_20260527_145141.log')}
2026-05-27 14:56:47,389 - watchfiles.main - DEBUG - 1 change detected: {(<Change.modified: 2>, '/workspace/app/backend/logs/app_20260527_145141.log')}
2026-05-27 14:56:47,740 - watchfiles.main - DEBUG - 1 change detected: {(<Change.modified: 2>, '/workspace/app/backend/logs/app_20260527_145141.log')}
2026-05-27 14:56:48,091 - watchfiles.main - DEBUG - 1 change detected: {(<Change.modified: 2>, '/workspace/app/backend/logs/app_20260527_145141.log')}
2026-05-27 14:56:48,442 - watchfiles.main - DEBUG - 1 change detected: {(<Change.modified: 2>, '/workspace/app/backend/logs/app_20260527_145141.log')}
2026-05-27 14:56:48,793 - watchfiles.main - DEBUG - 1 change detected: {(<Change.modified: 2>, '/workspace/app/backend/logs/app_20260527_145141.log')}
2026-05-27 14:56:49,144 - watchfiles.main - DEBUG - 1 change detected: {(<Change.modified: 2>, '/workspace/app/backend/logs/app_20260527_145141.log')}
2026-05-27 14:56:49,496 - watchfiles.main - DEBUG - 1 change detected: {(<Change.modified: 2>, '/workspace/app/backend/logs/app_20260527_145141.log')}
2026-05-27 14:56:49,847 - watchfiles.main - DEBUG - 1 change detected: {(<Change.modified: 2>, '/workspace/app/backend/logs/app_20260527_145141.log')}
2026-05-27 14:56:50,198 - watchfiles.main - DEBUG - 1 change detected: {(<Change.modified: 2>, '/workspace/app/backend/logs/app_20260527_145141.log')}
2026-05-27 14:56:50,549 - watchfiles.main - DEBUG - 1 change detected: {(<Change.modified: 2>, '/workspace/app/backend/logs/app_20260527_145141.log')}
2026-05-27 14:56:50,900 - watchfiles.main - DEBUG - 1 change detected: {(<Change.modified: 2>, '/workspace/app/backend/logs/app_20260527_145141.log')}
2026-05-27 14:56:51,251 - watchfiles.main - DEBUG - 1 change detected: {(<Change.modified: 2>, '/workspace/app/backend/logs/app_20260527_145141.log')}
2026-05-27 14:56:51,603 - watchfiles.main - DEBUG - 1 change detected: {(<Change.modified: 2>, '/workspace/app/backend/logs/app_20260527_145141.log')}
2026-05-27 14:56:51,954 - watchfiles.main - DEBUG - 1 change detected: {(<Change.modified: 2>, '/workspace/app/backend/logs/app_20260527_145141.log')}
2026-05-27 14:56:52,305 - watchfiles.main - DEBUG - 1 change detected: {(<Change.modified: 2>, '/workspace/app/backend/logs/app_20260527_145141.log')}
2026-05-27 14:56:52,656 - watchfiles.main - DEBUG - 1 change detected: {(<Change.modified: 2>, '/workspace/app/backend/logs/app_20260527_145141.log')}
2026-05-27 14:56:53,007 - watchfiles.main - DEBUG - 1 change detected: {(<Change.modified: 2>, '/workspace/app/backend/logs/app_20260527_145141.log')}
2026-05-27 14:56:53,357 - watchfiles.main - DEBUG - 1 change detected: {(<Change.modified: 2>, '/workspace/app/backend/logs/app_20260527_145141.log')}
2026-05-27 14:56:53,708 - watchfiles.main - DEBUG - 1 change detected: {(<Change.modified: 2>, '/workspace/app/backend/logs/app_20260527_145141.log')}
2026-05-27 14:56:54,059 - watchfiles.main - DEBUG - 1 change detected: {(<Change.modified: 2>, '/workspace/app/backend/logs/app_20260527_145141.log')}
2026-05-27 14:56:54,410 - watchfiles.main - DEBUG - 1 change detected: {(<Change.modified: 2>, '/workspace/app/backend/logs/app_20260527_145141.log')}
2026-05-27 14:56:54,761 - watchfiles.main - DEBUG - 1 change detected: {(<Change.modified: 2>, '/workspace/app/backend/logs/app_20260527_145141.log')}
2026-05-27 14:56:55,112 - watchfiles.main - DEBUG - 1 change detected: {(<Change.modified: 2>, '/workspace/app/backend/logs/app_20260527_145141.log')}
2026-05-27 14:56:55,463 - watchfiles.main - DEBUG - 1 change detected: {(<Change.modified: 2>, '/workspace/app/backend/logs/app_20260527_145141.log')}
2026-05-27 14:56:55,814 - watchfiles.main - DEBUG - 1 change detected: {(<Change.modified: 2>, '/workspace/app/backend/logs/app_20260527_145141.log')}
2026-05-27 14:56:56,165 - watchfiles.main - DEBUG - 1 change detected: {(<Change.modified: 2>, '/workspace/app/backend/logs/app_20260527_145141.log')}
2026-05-27 14:56:56,516 - watchfiles.main - DEBUG - 1 change detected: {(<Change.modified: 2>, '/workspace/app/backend/logs/app_20260527_145141.log')}
2026-05-27 14:56:56,867 - watchfiles.main - DEBUG - 1 change detected: {(<Change.modified: 2>, '/workspace/app/backend/logs/app_20260527_145141.log')}
2026-05-27 14:56:57,218 - watchfiles.main - DEBUG - 1 change detected: {(<Change.modified: 2>, '/workspace/app/backend/logs/app_20260527_145141.log')}
2026-05-27 14:56:57,569 - watchfiles.main - DEBUG - 1 change detected: {(<Change.modified: 2>, '/workspace/app/backend/logs/app_20260527_145141.log')}
2026-05-27 14:56:57,920 - watchfiles.main - DEBUG - 1 change detected: {(<Change.modified: 2>, '/workspace/app/backend/logs/app_20260527_145141.log')}
2026-05-27 14:56:58,271 - watchfiles.main - DEBUG - 1 change detected: {(<Change.modified: 2>, '/workspace/app/backend/logs/app_20260527_145141.log')}
2026-05-27 14:56:58,622 - watchfiles.main - DEBUG - 1 change detected: {(<Change.modified: 2>, '/workspace/app/backend/logs/app_20260527_145141.log')}
2026-05-27 14:56:58,973 - watchfiles.main - DEBUG - 1 change detected: {(<Change.modified: 2>, '/workspace/app/backend/logs/app_20260527_145141.log')}
2026-05-27 14:56:59,324 - watchfiles.main - DEBUG - 1 change detected: {(<Change.modified: 2>, '/workspace/app/backend/logs/app_20260527_145141.log')}
2026-05-27 14:56:59,675 - watchfiles.main - DEBUG - 1 change detected: {(<Change.modified: 2>, '/workspace/app/backend/logs/app_20260527_145141.log')}
2026-05-27 14:57:00,026 - watchfiles.main - DEBUG - 1 change detected: {(<Change.modified: 2>, '/workspace/app/backend/logs/app_20260527_145141.log')}
2026-05-27 14:57:00,377 - watchfiles.main - DEBUG - 1 change detected: {(<Change.modified: 2>, '/workspace/app/backend/logs/app_20260527_145141.log')}
2026-05-27 14:57:00,728 - watchfiles.main - DEBUG - 1 change detected: {(<Change.modified: 2>, '/workspace/app/backend/logs/app_20260527_145141.log')}
2026-05-27 14:57:01,079 - watchfiles.main - DEBUG - 1 change detected: {(<Change.modified: 2>, '/workspace/app/backend/logs/app_20260527_145141.log')}
2026-05-27 14:57:01,430 - watchfiles.main - DEBUG - 1 change detected: {(<Change.modified: 2>, '/workspace/app/backend/logs/app_20260527_145141.log')}
2026-05-27 14:57:01,781 - watchfiles.main - DEBUG - 1 change detected: {(<Change.modified: 2>, '/workspace/app/backend/logs/app_20260527_145141.log')}
2026-05-27 14:57:02,132 - watchfiles.main - DEBUG - 1 change detected: {(<Change.modified: 2>, '/workspace/app/backend/logs/app_20260527_145141.log')}
2026-05-27 14:57:02,483 - watchfiles.main - DEBUG - 1 change detected: {(<Change.modified: 2>, '/workspace/app/backend/logs/app_20260527_145141.log')}
2026-05-27 14:57:02,834 - watchfiles.main - DEBUG - 1 change detected: {(<Change.modified: 2>, '/workspace/app/backend/logs/app_20260527_145141.log')}
2026-05-27 14:57:03,185 - watchfiles.main - DEBUG - 1 change detected: {(<Change.modified: 2>, '/workspace/app/backend/logs/app_20260527_145141.log')}
2026-05-27 14:57:03,536 - watchfiles.main - DEBUG - 1 change detected: {(<Change.modified: 2>, '/workspace/app/backend/logs/app_20260527_145141.log')}
2026-05-27 14:57:03,887 - watchfiles.main - DEBUG - 1 change detected: {(<Change.modified: 2>, '/workspace/app/backend/logs/app_20260527_145141.log')}
2026-05-27 14:57:04,238 - watchfiles.main - DEBUG - 1 change detected: {(<Change.modified: 2>, '/workspace/app/backend/logs/app_20260527_145141.log')}
2026-05-27 14:57:04,589 - watchfiles.main - DEBUG - 1 change detected: {(<Change.modified: 2>, '/workspace/app/backend/logs/app_20260527_145141.log')}
2026-05-27 14:57:04,940 - watchfiles.main - DEBUG - 1 change detected: {(<Change.modified: 2>, '/workspace/app/backend/logs/app_20260527_145141.log')}
2026-05-27 14:57:05,291 - watchfiles.main - DEBUG - 1 change detected: {(<Change.modified: 2>, '/workspace/app/backend/logs/app_20260527_145141.log')}
2026-05-27 14:57:05,642 - watchfiles.main - DEBUG - 1 change detected: {(<Change.modified: 2>, '/workspace/app/backend/logs/app_20260527_145141.log')}
2026-05-27 14:57:05,993 - watchfiles.main - DEBUG - 1 change detected: {(<Change.modified: 2>, '/workspace/app/backend/logs/app_20260527_145141.log')}
2026-05-27 14:57:06,344 - watchfiles.main - DEBUG - 1 change detected: {(<Change.modified: 2>, '/workspace/app/backend/logs/app_20260527_145141.log')}
2026-05-27 14:57:06,695 - watchfiles.main - DEBUG - 1 change detected: {(<Change.modified: 2>, '/workspace/app/backend/logs/app_20260527_145141.log')}
2026-05-27 14:57:07,046 - watchfiles.main - DEBUG - 1 change detected: {(<Change.modified: 2>, '/workspace/app/backend/logs/app_20260527_145141.log')}
2026-05-27 14:57:07,396 - watchfiles.main - DEBUG - 1 change detected: {(<Change.modified: 2>, '/workspace/app/backend/logs/app_20260527_145141.log')}
2026-05-27 14:57:07,747 - watchfiles.main - DEBUG - 1 change detected: {(<Change.modified: 2>, '/workspace/app/backend/logs/app_20260527_145141.log')}
2026-05-27 14:57:08,098 - watchfiles.main - DEBUG - 1 change detected: {(<Change.modified: 2>, '/workspace/app/backend/logs/app_20260527_145141.log')}
2026-05-27 14:57:08,449 - watchfiles.main - DEBUG - 1 change detected: {(<Change.modified: 2>, '/workspace/app/backend/logs/app_20260527_145141.log')}
2026-05-27 14:57:08,800 - watchfiles.main - DEBUG - 1 change detected: {(<Change.modified: 2>, '/workspace/app/backend/logs/app_20260527_145141.log')}
2026-05-27 14:57:09,201 - watchfiles.main - DEBUG - 2 changes detected: {(<Change.modified: 2>, '/workspace/app/backend/logs/app_20260527_145141.log'), (<Change.modified: 2>, '/workspace/app/backend/logs/app_20260527_145143.log')}
2026-05-27 14:57:09,602 - watchfiles.main - DEBUG - 2 changes detected: {(<Change.modified: 2>, '/workspace/app/backend/logs/app_20260527_145141.log'), (<Change.modified: 2>, '/workspace/app/backend/logs/app_20260527_145143.log')}
2026-05-27 14:57:09,954 - watchfiles.main - DEBUG - 1 change detected: {(<Change.modified: 2>, '/workspace/app/backend/logs/app_20260527_145141.log')}
2026-05-27 14:57:10,305 - watchfiles.main - DEBUG - 1 change detected: {(<Change.modified: 2>, '/workspace/app/backend/logs/app_20260527_145141.log')}
2026-05-27 14:57:10,656 - watchfiles.main - DEBUG - 1 change detected: {(<Change.modified: 2>, '/workspace/app/backend/logs/app_20260527_145141.log')}
2026-05-27 14:57:11,008 - watchfiles.main - DEBUG - 1 change detected: {(<Change.modified: 2>, '/workspace/app/backend/logs/app_20260527_145141.log')}
2026-05-27 14:57:11,359 - watchfiles.main - DEBUG - 1 change detected: {(<Change.modified: 2>, '/workspace/app/backend/logs/app_20260527_145141.log')}
2026-05-27 14:57:11,710 - watchfiles.main - DEBUG - 1 change detected: {(<Change.modified: 2>, '/workspace/app/backend/logs/app_20260527_145141.log')}
2026-05-27 14:57:12,061 - watchfiles.main - DEBUG - 1 change detected: {(<Change.modified: 2>, '/workspace/app/backend/logs/app_20260527_145141.log')}
2026-05-27 14:57:12,412 - watchfiles.main - DEBUG - 1 change detected: {(<Change.modified: 2>, '/workspace/app/backend/logs/app_20260527_145141.log')}
2026-05-27 14:57:12,762 - watchfiles.main - DEBUG - 1 change detected: {(<Change.modified: 2>, '/workspace/app/backend/logs/app_20260527_145141.log')}
2026-05-27 14:57:13,113 - watchfiles.main - DEBUG - 1 change detected: {(<Change.modified: 2>, '/workspace/app/backend/logs/app_20260527_145141.log')}
2026-05-27 14:57:13,464 - watchfiles.main - DEBUG - 1 change detected: {(<Change.modified: 2>, '/workspace/app/backend/logs/app_20260527_145141.log')}
2026-05-27 14:57:13,815 - watchfiles.main - DEBUG - 1 change detected: {(<Change.modified: 2>, '/workspace/app/backend/logs/app_20260527_145141.log')}
2026-05-27 14:57:14,166 - watchfiles.main - DEBUG - 1 change detected: {(<Change.modified: 2>, '/workspace/app/backend/logs/app_20260527_145141.log')}
2026-05-27 14:57:14,517 - watchfiles.main - DEBUG - 1 change detected: {(<Change.modified: 2>, '/workspace/app/backend/logs/app_20260527_145141.log')}
2026-05-27 14:57:14,868 - watchfiles.main - DEBUG - 1 change detected: {(<Change.modified: 2>, '/workspace/app/backend/logs/app_20260527_145141.log')}
2026-05-27 14:57:15,219 - watchfiles.main - DEBUG - 1 change detected: {(<Change.modified: 2>, '/workspace/app/backend/logs/app_20260527_145141.log')}
2026-05-27 14:57:15,570 - watchfiles.main - DEBUG - 1 change detected: {(<Change.modified: 2>, '/workspace/app/backend/logs/app_20260527_145141.log')}
2026-05-27 14:57:15,922 - watchfiles.main - DEBUG - 1 change detected: {(<Change.modified: 2>, '/workspace/app/backend/logs/app_20260527_145141.log')}
2026-05-27 14:57:16,273 - watchfiles.main - DEBUG - 1 change detected: {(<Change.modified: 2>, '/workspace/app/backend/logs/app_20260527_145141.log')}
2026-05-27 14:57:16,624 - watchfiles.main - DEBUG - 1 change detected: {(<Change.modified: 2>, '/workspace/app/backend/logs/app_20260527_145141.log')}
2026-05-27 14:57:16,975 - watchfiles.main - DEBUG - 1 change detected: {(<Change.modified: 2>, '/workspace/app/backend/logs/app_20260527_145141.log')}
2026-05-27 14:57:17,326 - watchfiles.main - DEBUG - 1 change detected: {(<Change.modified: 2>, '/workspace/app/backend/logs/app_20260527_145141.log')}
2026-05-27 14:57:17,676 - watchfiles.main - DEBUG - 1 change detected: {(<Change.modified: 2>, '/workspace/app/backend/logs/app_20260527_145141.log')}
2026-05-27 14:57:18,027 - watchfiles.main - DEBUG - 1 change detected: {(<Change.modified: 2>, '/workspace/app/backend/logs/app_20260527_145141.log')}
2026-05-27 14:57:18,379 - watchfiles.main - DEBUG - 1 change detected: {(<Change.modified: 2>, '/workspace/app/backend/logs/app_20260527_145141.log')}
2026-05-27 14:57:18,730 - watchfiles.main - DEBUG - 1 change detected: {(<Change.modified: 2>, '/workspace/app/backend/logs/app_20260527_145141.log')}
2026-05-27 14:57:19,080 - watchfiles.main - DEBUG - 1 change detected: {(<Change.modified: 2>, '/workspace/app/backend/logs/app_20260527_145141.log')}
2026-05-27 14:57:19,431 - watchfiles.main - DEBUG - 1 change detected: {(<Change.modified: 2>, '/workspace/app/backend/logs/app_20260527_145141.log')}
2026-05-27 14:57:19,782 - watchfiles.main - DEBUG - 1 change detected: {(<Change.modified: 2>, '/workspace/app/backend/logs/app_20260527_145141.log')}
2026-05-27 14:57:20,133 - watchfiles.main - DEBUG - 1 change detected: {(<Change.modified: 2>, '/workspace/app/backend/logs/app_20260527_145141.log')}
2026-05-27 14:57:20,484 - watchfiles.main - DEBUG - 1 change detected: {(<Change.modified: 2>, '/workspace/app/backend/logs/app_20260527_145141.log')}
2026-05-27 14:57:20,835 - watchfiles.main - DEBUG - 1 change detected: {(<Change.modified: 2>, '/workspace/app/backend/logs/app_20260527_145141.log')}
2026-05-27 14:57:21,186 - watchfiles.main - DEBUG - 1 change detected: {(<Change.modified: 2>, '/workspace/app/backend/logs/app_20260527_145141.log')}
2026-05-27 14:57:21,537 - watchfiles.main - DEBUG - 1 change detected: {(<Change.modified: 2>, '/workspace/app/backend/logs/app_20260527_145141.log')}
2026-05-27 14:57:21,888 - watchfiles.main - DEBUG - 1 change detected: {(<Change.modified: 2>, '/workspace/app/backend/logs/app_20260527_145141.log')}
2026-05-27 14:57:22,239 - watchfiles.main - DEBUG - 1 change detected: {(<Change.modified: 2>, '/workspace/app/backend/logs/app_20260527_145141.log')}
2026-05-27 14:57:22,590 - watchfiles.main - DEBUG - 1 change detected: {(<Change.modified: 2>, '/workspace/app/backend/logs/app_20260527_145141.log')}
2026-05-27 14:57:22,941 - watchfiles.main - DEBUG - 1 change detected: {(<Change.modified: 2>, '/workspace/app/backend/logs/app_20260527_145141.log')}
2026-05-27 14:57:23,292 - watchfiles.main - DEBUG - 1 change detected: {(<Change.modified: 2>, '/workspace/app/backend/logs/app_20260527_145141.log')}
2026-05-27 14:57:23,643 - watchfiles.main - DEBUG - 1 change detected: {(<Change.modified: 2>, '/workspace/app/backend/logs/app_20260527_145141.log')}
2026-05-27 14:57:23,994 - watchfiles.main - DEBUG - 1 change detected: {(<Change.modified: 2>, '/workspace/app/backend/logs/app_20260527_145141.log')}
2026-05-27 14:57:24,345 - watchfiles.main - DEBUG - 1 change detected: {(<Change.modified: 2>, '/workspace/app/backend/logs/app_20260527_145141.log')}
2026-05-27 14:57:24,696 - watchfiles.main - DEBUG - 1 change detected: {(<Change.modified: 2>, '/workspace/app/backend/logs/app_20260527_145141.log')}
2026-05-27 14:57:25,047 - watchfiles.main - DEBUG - 1 change detected: {(<Change.modified: 2>, '/workspace/app/backend/logs/app_20260527_145141.log')}
2026-05-27 14:57:25,398 - watchfiles.main - DEBUG - 1 change detected: {(<Change.modified: 2>, '/workspace/app/backend/logs/app_20260527_145141.log')}
2026-05-27 14:57:25,749 - watchfiles.main - DEBUG - 1 change detected: {(<Change.modified: 2>, '/workspace/app/backend/logs/app_20260527_145141.log')}
2026-05-27 14:57:26,100 - watchfiles.main - DEBUG - 1 change detected: {(<Change.modified: 2>, '/workspace/app/backend/logs/app_20260527_145141.log')}
2026-05-27 14:57:26,451 - watchfiles.main - DEBUG - 1 change detected: {(<Change.modified: 2>, '/workspace/app/backend/logs/app_20260527_145141.log')}
2026-05-27 14:57:26,802 - watchfiles.main - DEBUG - 1 change detected: {(<Change.modified: 2>, '/workspace/app/backend/logs/app_20260527_145141.log')}
2026-05-27 14:57:27,153 - watchfiles.main - DEBUG - 1 change detected: {(<Change.modified: 2>, '/workspace/app/backend/logs/app_20260527_145141.log')}
2026-05-27 14:57:27,504 - watchfiles.main - DEBUG - 1 change detected: {(<Change.modified: 2>, '/workspace/app/backend/logs/app_20260527_145141.log')}
2026-05-27 14:57:27,855 - watchfiles.main - DEBUG - 1 change detected: {(<Change.modified: 2>, '/workspace/app/backend/logs/app_20260527_145141.log')}
2026-05-27 14:57:28,206 - watchfiles.main - DEBUG - 1 change detected: {(<Change.modified: 2>, '/workspace/app/backend/logs/app_20260527_145141.log')}
2026-05-27 14:57:28,557 - watchfiles.main - DEBUG - 1 change detected: {(<Change.modified: 2>, '/workspace/app/backend/logs/app_20260527_145141.log')}
2026-05-27 14:57:28,908 - watchfiles.main - DEBUG - 1 change detected: {(<Change.modified: 2>, '/workspace/app/backend/logs/app_20260527_145141.log')}
2026-05-27 14:57:29,260 - watchfiles.main - DEBUG - 1 change detected: {(<Change.modified: 2>, '/workspace/app/backend/logs/app_20260527_145141.log')}
2026-05-27 14:57:29,611 - watchfiles.main - DEBUG - 1 change detected: {(<Change.modified: 2>, '/workspace/app/backend/logs/app_20260527_145141.log')}
2026-05-27 14:57:29,962 - watchfiles.main - DEBUG - 1 change detected: {(<Change.modified: 2>, '/workspace/app/backend/logs/app_20260527_145141.log')}
2026-05-27 14:57:30,313 - watchfiles.main - DEBUG - 1 change detected: {(<Change.modified: 2>, '/workspace/app/backend/logs/app_20260527_145141.log')}
2026-05-27 14:57:30,665 - watchfiles.main - DEBUG - 1 change detected: {(<Change.modified: 2>, '/workspace/app/backend/logs/app_20260527_145141.log')}
2026-05-27 14:57:31,016 - watchfiles.main - DEBUG - 1 change detected: {(<Change.modified: 2>, '/workspace/app/backend/logs/app_20260527_145141.log')}
2026-05-27 14:57:31,367 - watchfiles.main - DEBUG - 1 change detected: {(<Change.modified: 2>, '/workspace/app/backend/logs/app_20260527_145141.log')}
2026-05-27 14:57:31,718 - watchfiles.main - DEBUG - 1 change detected: {(<Change.modified: 2>, '/workspace/app/backend/logs/app_20260527_145141.log')}
2026-05-27 14:57:32,069 - watchfiles.main - DEBUG - 1 change detected: {(<Change.modified: 2>, '/workspace/app/backend/logs/app_20260527_145141.log')}
2026-05-27 14:57:32,420 - watchfiles.main - DEBUG - 1 change detected: {(<Change.modified: 2>, '/workspace/app/backend/logs/app_20260527_145141.log')}
2026-05-27 14:57:32,771 - watchfiles.main - DEBUG - 1 change detected: {(<Change.modified: 2>, '/workspace/app/backend/logs/app_20260527_145141.log')}
2026-05-27 14:57:33,122 - watchfiles.main - DEBUG - 1 change detected: {(<Change.modified: 2>, '/workspace/app/backend/logs/app_20260527_145141.log')}
2026-05-27 14:57:33,473 - watchfiles.main - DEBUG - 1 change detected: {(<Change.modified: 2>, '/workspace/app/backend/logs/app_20260527_145141.log')}
2026-05-27 14:57:33,824 - watchfiles.main - DEBUG - 1 change detected: {(<Change.modified: 2>, '/workspace/app/backend/logs/app_20260527_145141.log')}
2026-05-27 14:57:34,175 - watchfiles.main - DEBUG - 1 change detected: {(<Change.modified: 2>, '/workspace/app/backend/logs/app_20260527_145141.log')}
2026-05-27 14:57:34,526 - watchfiles.main - DEBUG - 1 change detected: {(<Change.modified: 2>, '/workspace/app/backend/logs/app_20260527_145141.log')}
2026-05-27 14:57:34,877 - watchfiles.main - DEBUG - 1 change detected: {(<Change.modified: 2>, '/workspace/app/backend/logs/app_20260527_145141.log')}
2026-05-27 14:57:35,228 - watchfiles.main - DEBUG - 1 change detected: {(<Change.modified: 2>, '/workspace/app/backend/logs/app_20260527_145141.log')}
2026-05-27 14:57:35,579 - watchfiles.main - DEBUG - 1 change detected: {(<Change.modified: 2>, '/workspace/app/backend/logs/app_20260527_145141.log')}
2026-05-27 14:57:35,930 - watchfiles.main - DEBUG - 1 change detected: {(<Change.modified: 2>, '/workspace/app/backend/logs/app_20260527_145141.log')}
2026-05-27 14:57:36,281 - watchfiles.main - DEBUG - 1 change detected: {(<Change.modified: 2>, '/workspace/app/backend/logs/app_20260527_145141.log')}
2026-05-27 14:57:36,632 - watchfiles.main - DEBUG - 1 change detected: {(<Change.modified: 2>, '/workspace/app/backend/logs/app_20260527_145141.log')}
2026-05-27 14:57:36,984 - watchfiles.main - DEBUG - 1 change detected: {(<Change.modified: 2>, '/workspace/app/backend/logs/app_20260527_145141.log')}
2026-05-27 14:57:37,335 - watchfiles.main - DEBUG - 1 change detected: {(<Change.modified: 2>, '/workspace/app/backend/logs/app_20260527_145141.log')}
2026-05-27 14:57:37,686 - watchfiles.main - DEBUG - 1 change detected: {(<Change.modified: 2>, '/workspace/app/backend/logs/app_20260527_145141.log')}
2026-05-27 14:57:38,037 - watchfiles.main - DEBUG - 1 change detected: {(<Change.modified: 2>, '/workspace/app/backend/logs/app_20260527_145141.log')}
2026-05-27 14:57:38,388 - watchfiles.main - DEBUG - 1 change detected: {(<Change.modified: 2>, '/workspace/app/backend/logs/app_20260527_145141.log')}
2026-05-27 14:57:38,739 - watchfiles.main - DEBUG - 1 change detected: {(<Change.modified: 2>, '/workspace/app/backend/logs/app_20260527_145141.log')}
2026-05-27 14:57:39,090 - watchfiles.main - DEBUG - 1 change detected: {(<Change.modified: 2>, '/workspace/app/backend/logs/app_20260527_145141.log')}
2026-05-27 14:57:39,441 - watchfiles.main - DEBUG - 2 changes detected: {(<Change.modified: 2>, '/workspace/app/backend/logs/app_20260527_145141.log'), (<Change.modified: 2>, '/workspace/app/backend/logs/app_20260527_145143.log')}
2026-05-27 14:57:39,792 - watchfiles.main - DEBUG - 2 changes detected: {(<Change.modified: 2>, '/workspace/app/backend/logs/app_20260527_145141.log'), (<Change.modified: 2>, '/workspace/app/backend/logs/app_20260527_145143.log')}
2026-05-27 14:57:40,143 - watchfiles.main - DEBUG - 1 change detected: {(<Change.modified: 2>, '/workspace/app/backend/logs/app_20260527_145141.log')}
2026-05-27 14:57:40,494 - watchfiles.main - DEBUG - 1 change detected: {(<Change.modified: 2>, '/workspace/app/backend/logs/app_20260527_145141.log')}
2026-05-27 14:57:40,846 - watchfiles.main - DEBUG - 1 change detected: {(<Change.modified: 2>, '/workspace/app/backend/logs/app_20260527_145141.log')}
2026-05-27 14:57:41,197 - watchfiles.main - DEBUG - 1 change detected: {(<Change.modified: 2>, '/workspace/app/backend/logs/app_20260527_145141.log')}
2026-05-27 14:57:41,548 - watchfiles.main - DEBUG - 1 change detected: {(<Change.modified: 2>, '/workspace/app/backend/logs/app_20260527_145141.log')}
2026-05-27 14:57:41,899 - watchfiles.main - DEBUG - 1 change detected: {(<Change.modified: 2>, '/workspace/app/backend/logs/app_20260527_145141.log')}
2026-05-27 14:57:42,250 - watchfiles.main - DEBUG - 1 change detected: {(<Change.modified: 2>, '/workspace/app/backend/logs/app_20260527_145141.log')}
2026-05-27 14:57:42,601 - watchfiles.main - DEBUG - 1 change detected: {(<Change.modified: 2>, '/workspace/app/backend/logs/app_20260527_145141.log')}
2026-05-27 14:57:42,952 - watchfiles.main - DEBUG - 1 change detected: {(<Change.modified: 2>, '/workspace/app/backend/logs/app_20260527_145141.log')}
2026-05-27 14:57:43,303 - watchfiles.main - DEBUG - 1 change detected: {(<Change.modified: 2>, '/workspace/app/backend/logs/app_20260527_145141.log')}
2026-05-27 14:57:43,654 - watchfiles.main - DEBUG - 1 change detected: {(<Change.modified: 2>, '/workspace/app/backend/logs/app_20260527_145141.log')}
2026-05-27 14:57:44,005 - watchfiles.main - DEBUG - 1 change detected: {(<Change.modified: 2>, '/workspace/app/backend/logs/app_20260527_145141.log')}
2026-05-27 14:57:44,356 - watchfiles.main - DEBUG - 1 change detected: {(<Change.modified: 2>, '/workspace/app/backend/logs/app_20260527_145141.log')}
2026-05-27 14:57:44,707 - watchfiles.main - DEBUG - 1 change detected: {(<Change.modified: 2>, '/workspace/app/backend/logs/app_20260527_145141.log')}
2026-05-27 14:57:45,059 - watchfiles.main - DEBUG - 1 change detected: {(<Change.modified: 2>, '/workspace/app/backend/logs/app_20260527_145141.log')}
2026-05-27 14:57:45,411 - watchfiles.main - DEBUG - 1 change detected: {(<Change.modified: 2>, '/workspace/app/backend/logs/app_20260527_145141.log')}
2026-05-27 14:57:45,763 - watchfiles.main - DEBUG - 1 change detected: {(<Change.modified: 2>, '/workspace/app/backend/logs/app_20260527_145141.log')}
2026-05-27 14:57:46,114 - watchfiles.main - DEBUG - 1 change detected: {(<Change.modified: 2>, '/workspace/app/backend/logs/app_20260527_145141.log')}
2026-05-27 14:57:46,465 - watchfiles.main - DEBUG - 1 change detected: {(<Change.modified: 2>, '/workspace/app/backend/logs/app_20260527_145141.log')}
2026-05-27 14:57:46,816 - watchfiles.main - DEBUG - 1 change detected: {(<Change.modified: 2>, '/workspace/app/backend/logs/app_20260527_145141.log')}
2026-05-27 14:57:47,167 - watchfiles.main - DEBUG - 1 change detected: {(<Change.modified: 2>, '/workspace/app/backend/logs/app_20260527_145141.log')}
2026-05-27 14:57:47,518 - watchfiles.main - DEBUG - 1 change detected: {(<Change.modified: 2>, '/workspace/app/backend/logs/app_20260527_145141.log')}
2026-05-27 14:57:47,869 - watchfiles.main - DEBUG - 1 change detected: {(<Change.modified: 2>, '/workspace/app/backend/logs/app_20260527_145141.log')}
2026-05-27 14:57:48,220 - watchfiles.main - DEBUG - 1 change detected: {(<Change.modified: 2>, '/workspace/app/backend/logs/app_20260527_145141.log')}
2026-05-27 14:57:48,571 - watchfiles.main - DEBUG - 1 change detected: {(<Change.modified: 2>, '/workspace/app/backend/logs/app_20260527_145141.log')}
2026-05-27 14:57:48,922 - watchfiles.main - DEBUG - 1 change detected: {(<Change.modified: 2>, '/workspace/app/backend/logs/app_20260527_145141.log')}
2026-05-27 14:57:49,273 - watchfiles.main - DEBUG - 1 change detected: {(<Change.modified: 2>, '/workspace/app/backend/logs/app_20260527_145141.log')}
2026-05-27 14:57:49,624 - watchfiles.main - DEBUG - 1 change detected: {(<Change.modified: 2>, '/workspace/app/backend/logs/app_20260527_145141.log')}
2026-05-27 14:57:49,975 - watchfiles.main - DEBUG - 1 change detected: {(<Change.modified: 2>, '/workspace/app/backend/logs/app_20260527_145141.log')}
2026-05-27 14:57:50,326 - watchfiles.main - DEBUG - 1 change detected: {(<Change.modified: 2>, '/workspace/app/backend/logs/app_20260527_145141.log')}
2026-05-27 14:57:50,677 - watchfiles.main - DEBUG - 1 change detected: {(<Change.modified: 2>, '/workspace/app/backend/logs/app_20260527_145141.log')}
2026-05-27 14:57:51,029 - watchfiles.main - DEBUG - 1 change detected: {(<Change.modified: 2>, '/workspace/app/backend/logs/app_20260527_145141.log')}
2026-05-27 14:57:51,380 - watchfiles.main - DEBUG - 1 change detected: {(<Change.modified: 2>, '/workspace/app/backend/logs/app_20260527_145141.log')}
2026-05-27 14:57:51,731 - watchfiles.main - DEBUG - 1 change detected: {(<Change.modified: 2>, '/workspace/app/backend/logs/app_20260527_145141.log')}
2026-05-27 14:57:52,082 - watchfiles.main - DEBUG - 1 change detected: {(<Change.modified: 2>, '/workspace/app/backend/logs/app_20260527_145141.log')}
2026-05-27 14:57:52,433 - watchfiles.main - DEBUG - 1 change detected: {(<Change.modified: 2>, '/workspace/app/backend/logs/app_20260527_145141.log')}
2026-05-27 14:57:52,784 - watchfiles.main - DEBUG - 1 change detected: {(<Change.modified: 2>, '/workspace/app/backend/logs/app_20260527_145141.log')}
2026-05-27 14:57:53,135 - watchfiles.main - DEBUG - 1 change detected: {(<Change.modified: 2>, '/workspace/app/backend/logs/app_20260527_145141.log')}
2026-05-27 14:57:53,486 - watchfiles.main - DEBUG - 1 change detected: {(<Change.modified: 2>, '/workspace/app/backend/logs/app_20260527_145141.log')}
2026-05-27 14:57:53,837 - watchfiles.main - DEBUG - 1 change detected: {(<Change.modified: 2>, '/workspace/app/backend/logs/app_20260527_145141.log')}
2026-05-27 14:57:54,188 - watchfiles.main - DEBUG - 1 change detected: {(<Change.modified: 2>, '/workspace/app/backend/logs/app_20260527_145141.log')}
2026-05-27 14:57:54,538 - watchfiles.main - DEBUG - 1 change detected: {(<Change.modified: 2>, '/workspace/app/backend/logs/app_20260527_145141.log')}
2026-05-27 14:57:54,889 - watchfiles.main - DEBUG - 1 change detected: {(<Change.modified: 2>, '/workspace/app/backend/logs/app_20260527_145141.log')}
2026-05-27 14:57:55,240 - watchfiles.main - DEBUG - 1 change detected: {(<Change.modified: 2>, '/workspace/app/backend/logs/app_20260527_145141.log')}
2026-05-27 14:57:55,591 - watchfiles.main - DEBUG - 1 change detected: {(<Change.modified: 2>, '/workspace/app/backend/logs/app_20260527_145141.log')}
2026-05-27 14:57:55,942 - watchfiles.main - DEBUG - 1 change detected: {(<Change.modified: 2>, '/workspace/app/backend/logs/app_20260527_145141.log')}
2026-05-27 14:57:56,293 - watchfiles.main - DEBUG - 1 change detected: {(<Change.modified: 2>, '/workspace/app/backend/logs/app_20260527_145141.log')}
2026-05-27 14:57:56,644 - watchfiles.main - DEBUG - 1 change detected: {(<Change.modified: 2>, '/workspace/app/backend/logs/app_20260527_145141.log')}
2026-05-27 14:57:56,995 - watchfiles.main - DEBUG - 1 change detected: {(<Change.modified: 2>, '/workspace/app/backend/logs/app_20260527_145141.log')}
2026-05-27 14:57:57,346 - watchfiles.main - DEBUG - 1 change detected: {(<Change.modified: 2>, '/workspace/app/backend/logs/app_20260527_145141.log')}
2026-05-27 14:57:57,697 - watchfiles.main - DEBUG - 1 change detected: {(<Change.modified: 2>, '/workspace/app/backend/logs/app_20260527_145141.log')}
2026-05-27 14:57:58,048 - watchfiles.main - DEBUG - 1 change detected: {(<Change.modified: 2>, '/workspace/app/backend/logs/app_20260527_145141.log')}
2026-05-27 14:57:58,399 - watchfiles.main - DEBUG - 1 change detected: {(<Change.modified: 2>, '/workspace/app/backend/logs/app_20260527_145141.log')}
2026-05-27 14:57:58,750 - watchfiles.main - DEBUG - 1 change detected: {(<Change.modified: 2>, '/workspace/app/backend/logs/app_20260527_145141.log')}
2026-05-27 14:57:59,101 - watchfiles.main - DEBUG - 1 change detected: {(<Change.modified: 2>, '/workspace/app/backend/logs/app_20260527_145141.log')}
2026-05-27 14:57:59,452 - watchfiles.main - DEBUG - 1 change detected: {(<Change.modified: 2>, '/workspace/app/backend/logs/app_20260527_145141.log')}
2026-05-27 14:57:59,802 - watchfiles.main - DEBUG - 1 change detected: {(<Change.modified: 2>, '/workspace/app/backend/logs/app_20260527_145141.log')}
2026-05-27 14:58:00,153 - watchfiles.main - DEBUG - 1 change detected: {(<Change.modified: 2>, '/workspace/app/backend/logs/app_20260527_145141.log')}
2026-05-27 14:58:00,505 - watchfiles.main - DEBUG - 1 change detected: {(<Change.modified: 2>, '/workspace/app/backend/logs/app_20260527_145141.log')}
2026-05-27 14:58:00,856 - watchfiles.main - DEBUG - 1 change detected: {(<Change.modified: 2>, '/workspace/app/backend/logs/app_20260527_145141.log')}
2026-05-27 14:58:01,207 - watchfiles.main - DEBUG - 1 change detected: {(<Change.modified: 2>, '/workspace/app/backend/logs/app_20260527_145141.log')}
2026-05-27 14:58:01,558 - watchfiles.main - DEBUG - 1 change detected: {(<Change.modified: 2>, '/workspace/app/backend/logs/app_20260527_145141.log')}
2026-05-27 14:58:01,910 - watchfiles.main - DEBUG - 1 change detected: {(<Change.modified: 2>, '/workspace/app/backend/logs/app_20260527_145141.log')}
2026-05-27 14:58:02,261 - watchfiles.main - DEBUG - 1 change detected: {(<Change.modified: 2>, '/workspace/app/backend/logs/app_20260527_145141.log')}
2026-05-27 14:58:02,612 - watchfiles.main - DEBUG - 1 change detected: {(<Change.modified: 2>, '/workspace/app/backend/logs/app_20260527_145141.log')}
2026-05-27 14:58:02,963 - watchfiles.main - DEBUG - 1 change detected: {(<Change.modified: 2>, '/workspace/app/backend/logs/app_20260527_145141.log')}
2026-05-27 14:58:03,314 - watchfiles.main - DEBUG - 1 change detected: {(<Change.modified: 2>, '/workspace/app/backend/logs/app_20260527_145141.log')}
2026-05-27 14:58:03,665 - watchfiles.main - DEBUG - 1 change detected: {(<Change.modified: 2>, '/workspace/app/backend/logs/app_20260527_145141.log')}
2026-05-27 14:58:04,016 - watchfiles.main - DEBUG - 1 change detected: {(<Change.modified: 2>, '/workspace/app/backend/logs/app_20260527_145141.log')}
2026-05-27 14:58:04,367 - watchfiles.main - DEBUG - 1 change detected: {(<Change.modified: 2>, '/workspace/app/backend/logs/app_20260527_145141.log')}
2026-05-27 14:58:04,718 - watchfiles.main - DEBUG - 1 change detected: {(<Change.modified: 2>, '/workspace/app/backend/logs/app_20260527_145141.log')}
2026-05-27 14:58:05,069 - watchfiles.main - DEBUG - 1 change detected: {(<Change.modified: 2>, '/workspace/app/backend/logs/app_20260527_145141.log')}
2026-05-27 14:58:05,420 - watchfiles.main - DEBUG - 1 change detected: {(<Change.modified: 2>, '/workspace/app/backend/logs/app_20260527_145141.log')}
2026-05-27 14:58:05,771 - watchfiles.main - DEBUG - 1 change detected: {(<Change.modified: 2>, '/workspace/app/backend/logs/app_20260527_145141.log')}
2026-05-27 14:58:06,122 - watchfiles.main - DEBUG - 1 change detected: {(<Change.modified: 2>, '/workspace/app/backend/logs/app_20260527_145141.log')}
2026-05-27 14:58:06,473 - watchfiles.main - DEBUG - 1 change detected: {(<Change.modified: 2>, '/workspace/app/backend/logs/app_20260527_145141.log')}
2026-05-27 14:58:06,824 - watchfiles.main - DEBUG - 1 change detected: {(<Change.modified: 2>, '/workspace/app/backend/logs/app_20260527_145141.log')}
2026-05-27 14:58:07,175 - watchfiles.main - DEBUG - 1 change detected: {(<Change.modified: 2>, '/workspace/app/backend/logs/app_20260527_145141.log')}
2026-05-27 14:58:07,526 - watchfiles.main - DEBUG - 1 change detected: {(<Change.modified: 2>, '/workspace/app/backend/logs/app_20260527_145141.log')}
2026-05-27 14:58:07,877 - watchfiles.main - DEBUG - 1 change detected: {(<Change.modified: 2>, '/workspace/app/backend/logs/app_20260527_145141.log')}
2026-05-27 14:58:08,229 - watchfiles.main - DEBUG - 1 change detected: {(<Change.modified: 2>, '/workspace/app/backend/logs/app_20260527_145141.log')}
2026-05-27 14:58:08,580 - watchfiles.main - DEBUG - 1 change detected: {(<Change.modified: 2>, '/workspace/app/backend/logs/app_20260527_145141.log')}
2026-05-27 14:58:08,931 - watchfiles.main - DEBUG - 1 change detected: {(<Change.modified: 2>, '/workspace/app/backend/logs/app_20260527_145141.log')}
2026-05-27 14:58:09,282 - watchfiles.main - DEBUG - 2 changes detected: {(<Change.modified: 2>, '/workspace/app/backend/logs/app_20260527_145141.log'), (<Change.modified: 2>, '/workspace/app/backend/logs/app_20260527_145143.log')}
2026-05-27 14:58:09,683 - watchfiles.main - DEBUG - 2 changes detected: {(<Change.modified: 2>, '/workspace/app/backend/logs/app_20260527_145141.log'), (<Change.modified: 2>, '/workspace/app/backend/logs/app_20260527_145143.log')}
2026-05-27 14:58:10,034 - watchfiles.main - DEBUG - 1 change detected: {(<Change.modified: 2>, '/workspace/app/backend/logs/app_20260527_145141.log')}
2026-05-27 14:58:10,385 - watchfiles.main - DEBUG - 1 change detected: {(<Change.modified: 2>, '/workspace/app/backend/logs/app_20260527_145141.log')}
2026-05-27 14:58:10,736 - watchfiles.main - DEBUG - 1 change detected: {(<Change.modified: 2>, '/workspace/app/backend/logs/app_20260527_145141.log')}
2026-05-27 14:58:11,087 - watchfiles.main - DEBUG - 1 change detected: {(<Change.modified: 2>, '/workspace/app/backend/logs/app_20260527_145141.log')}
2026-05-27 14:58:11,438 - watchfiles.main - DEBUG - 1 change detected: {(<Change.modified: 2>, '/workspace/app/backend/logs/app_20260527_145141.log')}
2026-05-27 14:58:11,789 - watchfiles.main - DEBUG - 1 change detected: {(<Change.modified: 2>, '/workspace/app/backend/logs/app_20260527_145141.log')}
2026-05-27 14:58:12,140 - watchfiles.main - DEBUG - 1 change detected: {(<Change.modified: 2>, '/workspace/app/backend/logs/app_20260527_145141.log')}
2026-05-27 14:58:12,491 - watchfiles.main - DEBUG - 1 change detected: {(<Change.modified: 2>, '/workspace/app/backend/logs/app_20260527_145141.log')}
2026-05-27 14:58:12,842 - watchfiles.main - DEBUG - 1 change detected: {(<Change.modified: 2>, '/workspace/app/backend/logs/app_20260527_145141.log')}
2026-05-27 14:58:13,193 - watchfiles.main - DEBUG - 1 change detected: {(<Change.modified: 2>, '/workspace/app/backend/logs/app_20260527_145141.log')}
2026-05-27 14:58:13,544 - watchfiles.main - DEBUG - 1 change detected: {(<Change.modified: 2>, '/workspace/app/backend/logs/app_20260527_145141.log')}
2026-05-27 14:58:13,895 - watchfiles.main - DEBUG - 1 change detected: {(<Change.modified: 2>, '/workspace/app/backend/logs/app_20260527_145141.log')}
2026-05-27 14:58:14,246 - watchfiles.main - DEBUG - 1 change detected: {(<Change.modified: 2>, '/workspace/app/backend/logs/app_20260527_145141.log')}
2026-05-27 14:58:14,597 - watchfiles.main - DEBUG - 1 change detected: {(<Change.modified: 2>, '/workspace/app/backend/logs/app_20260527_145141.log')}
2026-05-27 14:58:14,948 - watchfiles.main - DEBUG - 1 change detected: {(<Change.modified: 2>, '/workspace/app/backend/logs/app_20260527_145141.log')}
2026-05-27 14:58:15,299 - watchfiles.main - DEBUG - 1 change detected: {(<Change.modified: 2>, '/workspace/app/backend/logs/app_20260527_145141.log')}
2026-05-27 14:58:15,650 - watchfiles.main - DEBUG - 1 change detected: {(<Change.modified: 2>, '/workspace/app/backend/logs/app_20260527_145141.log')}
2026-05-27 14:58:16,001 - watchfiles.main - DEBUG - 1 change detected: {(<Change.modified: 2>, '/workspace/app/backend/logs/app_20260527_145141.log')}
2026-05-27 14:58:16,352 - watchfiles.main - DEBUG - 1 change detected: {(<Change.modified: 2>, '/workspace/app/backend/logs/app_20260527_145141.log')}
2026-05-27 14:58:16,703 - watchfiles.main - DEBUG - 1 change detected: {(<Change.modified: 2>, '/workspace/app/backend/logs/app_20260527_145141.log')}
2026-05-27 14:58:17,054 - watchfiles.main - DEBUG - 1 change detected: {(<Change.modified: 2>, '/workspace/app/backend/logs/app_20260527_145141.log')}
2026-05-27 14:58:17,405 - watchfiles.main - DEBUG - 1 change detected: {(<Change.modified: 2>, '/workspace/app/backend/logs/app_20260527_145141.log')}
2026-05-27 14:58:17,756 - watchfiles.main - DEBUG - 1 change detected: {(<Change.modified: 2>, '/workspace/app/backend/logs/app_20260527_145141.log')}
2026-05-27 14:58:18,107 - watchfiles.main - DEBUG - 1 change detected: {(<Change.modified: 2>, '/workspace/app/backend/logs/app_20260527_145141.log')}
2026-05-27 14:58:18,458 - watchfiles.main - DEBUG - 1 change detected: {(<Change.modified: 2>, '/workspace/app/backend/logs/app_20260527_145141.log')}
2026-05-27 14:58:18,809 - watchfiles.main - DEBUG - 1 change detected: {(<Change.modified: 2>, '/workspace/app/backend/logs/app_20260527_145141.log')}
2026-05-27 14:58:19,160 - watchfiles.main - DEBUG - 1 change detected: {(<Change.modified: 2>, '/workspace/app/backend/logs/app_20260527_145141.log')}
2026-05-27 14:58:19,511 - watchfiles.main - DEBUG - 1 change detected: {(<Change.modified: 2>, '/workspace/app/backend/logs/app_20260527_145141.log')}
2026-05-27 14:58:19,862 - watchfiles.main - DEBUG - 1 change detected: {(<Change.modified: 2>, '/workspace/app/backend/logs/app_20260527_145141.log')}
2026-05-27 14:58:20,213 - watchfiles.main - DEBUG - 1 change detected: {(<Change.modified: 2>, '/workspace/app/backend/logs/app_20260527_145141.log')}
2026-05-27 14:58:20,564 - watchfiles.main - DEBUG - 1 change detected: {(<Change.modified: 2>, '/workspace/app/backend/logs/app_20260527_145141.log')}
2026-05-27 14:58:20,915 - watchfiles.main - DEBUG - 1 change detected: {(<Change.modified: 2>, '/workspace/app/backend/logs/app_20260527_145141.log')}
2026-05-27 14:58:21,266 - watchfiles.main - DEBUG - 1 change detected: {(<Change.modified: 2>, '/workspace/app/backend/logs/app_20260527_145141.log')}
2026-05-27 14:58:21,617 - watchfiles.main - DEBUG - 1 change detected: {(<Change.modified: 2>, '/workspace/app/backend/logs/app_20260527_145141.log')}
2026-05-27 14:58:21,968 - watchfiles.main - DEBUG - 1 change detected: {(<Change.modified: 2>, '/workspace/app/backend/logs/app_20260527_145141.log')}
2026-05-27 14:58:22,319 - watchfiles.main - DEBUG - 1 change detected: {(<Change.modified: 2>, '/workspace/app/backend/logs/app_20260527_145141.log')}
2026-05-27 14:58:22,670 - watchfiles.main - DEBUG - 1 change detected: {(<Change.modified: 2>, '/workspace/app/backend/logs/app_20260527_145141.log')}
2026-05-27 14:58:23,021 - watchfiles.main - DEBUG - 1 change detected: {(<Change.modified: 2>, '/workspace/app/backend/logs/app_20260527_145141.log')}
2026-05-27 14:58:23,372 - watchfiles.main - DEBUG - 1 change detected: {(<Change.modified: 2>, '/workspace/app/backend/logs/app_20260527_145141.log')}
2026-05-27 14:58:23,723 - watchfiles.main - DEBUG - 1 change detected: {(<Change.modified: 2>, '/workspace/app/backend/logs/app_20260527_145141.log')}
2026-05-27 14:58:24,074 - watchfiles.main - DEBUG - 1 change detected: {(<Change.modified: 2>, '/workspace/app/backend/logs/app_20260527_145141.log')}
2026-05-27 14:58:24,425 - watchfiles.main - DEBUG - 1 change detected: {(<Change.modified: 2>, '/workspace/app/backend/logs/app_20260527_145141.log')}
2026-05-27 14:58:24,776 - watchfiles.main - DEBUG - 1 change detected: {(<Change.modified: 2>, '/workspace/app/backend/logs/app_20260527_145141.log')}
2026-05-27 14:58:25,127 - watchfiles.main - DEBUG - 1 change detected: {(<Change.modified: 2>, '/workspace/app/backend/logs/app_20260527_145141.log')}
2026-05-27 14:58:25,478 - watchfiles.main - DEBUG - 1 change detected: {(<Change.modified: 2>, '/workspace/app/backend/logs/app_20260527_145141.log')}
2026-05-27 14:58:25,829 - watchfiles.main - DEBUG - 1 change detected: {(<Change.modified: 2>, '/workspace/app/backend/logs/app_20260527_145141.log')}
2026-05-27 14:58:26,180 - watchfiles.main - DEBUG - 1 change detected: {(<Change.modified: 2>, '/workspace/app/backend/logs/app_20260527_145141.log')}
2026-05-27 14:58:26,531 - watchfiles.main - DEBUG - 1 change detected: {(<Change.modified: 2>, '/workspace/app/backend/logs/app_20260527_145141.log')}
2026-05-27 14:58:26,882 - watchfiles.main - DEBUG - 1 change detected: {(<Change.modified: 2>, '/workspace/app/backend/logs/app_20260527_145141.log')}
2026-05-27 14:58:27,233 - watchfiles.main - DEBUG - 1 change detected: {(<Change.modified: 2>, '/workspace/app/backend/logs/app_20260527_145141.log')}
2026-05-27 14:58:27,584 - watchfiles.main - DEBUG - 1 change detected: {(<Change.modified: 2>, '/workspace/app/backend/logs/app_20260527_145141.log')}
2026-05-27 14:58:27,935 - watchfiles.main - DEBUG - 1 change detected: {(<Change.modified: 2>, '/workspace/app/backend/logs/app_20260527_145141.log')}
2026-05-27 14:58:28,286 - watchfiles.main - DEBUG - 1 change detected: {(<Change.modified: 2>, '/workspace/app/backend/logs/app_20260527_145141.log')}
2026-05-27 14:58:28,637 - watchfiles.main - DEBUG - 1 change detected: {(<Change.modified: 2>, '/workspace/app/backend/logs/app_20260527_145141.log')}
2026-05-27 14:58:28,988 - watchfiles.main - DEBUG - 1 change detected: {(<Change.modified: 2>, '/workspace/app/backend/logs/app_20260527_145141.log')}
2026-05-27 14:58:29,339 - watchfiles.main - DEBUG - 1 change detected: {(<Change.modified: 2>, '/workspace/app/backend/logs/app_20260527_145141.log')}
2026-05-27 14:58:29,690 - watchfiles.main - DEBUG - 1 change detected: {(<Change.modified: 2>, '/workspace/app/backend/logs/app_20260527_145141.log')}
2026-05-27 14:58:30,041 - watchfiles.main - DEBUG - 1 change detected: {(<Change.modified: 2>, '/workspace/app/backend/logs/app_20260527_145141.log')}
2026-05-27 14:58:30,392 - watchfiles.main - DEBUG - 1 change detected: {(<Change.modified: 2>, '/workspace/app/backend/logs/app_20260527_145141.log')}
2026-05-27 14:58:30,743 - watchfiles.main - DEBUG - 1 change detected: {(<Change.modified: 2>, '/workspace/app/backend/logs/app_20260527_145141.log')}
2026-05-27 14:58:31,094 - watchfiles.main - DEBUG - 1 change detected: {(<Change.modified: 2>, '/workspace/app/backend/logs/app_20260527_145141.log')}
2026-05-27 14:58:31,444 - watchfiles.main - DEBUG - 1 change detected: {(<Change.modified: 2>, '/workspace/app/backend/logs/app_20260527_145141.log')}
2026-05-27 14:58:31,795 - watchfiles.main - DEBUG - 1 change detected: {(<Change.modified: 2>, '/workspace/app/backend/logs/app_20260527_145141.log')}
2026-05-27 14:58:32,146 - watchfiles.main - DEBUG - 1 change detected: {(<Change.modified: 2>, '/workspace/app/backend/logs/app_20260527_145141.log')}
2026-05-27 14:58:32,498 - watchfiles.main - DEBUG - 1 change detected: {(<Change.modified: 2>, '/workspace/app/backend/logs/app_20260527_145141.log')}
2026-05-27 14:58:32,848 - watchfiles.main - DEBUG - 1 change detected: {(<Change.modified: 2>, '/workspace/app/backend/logs/app_20260527_145141.log')}
2026-05-27 14:58:33,199 - watchfiles.main - DEBUG - 1 change detected: {(<Change.modified: 2>, '/workspace/app/backend/logs/app_20260527_145141.log')}
2026-05-27 14:58:33,550 - watchfiles.main - DEBUG - 1 change detected: {(<Change.modified: 2>, '/workspace/app/backend/logs/app_20260527_145141.log')}
2026-05-27 14:58:33,901 - watchfiles.main - DEBUG - 1 change detected: {(<Change.modified: 2>, '/workspace/app/backend/logs/app_20260527_145141.log')}
2026-05-27 14:58:34,253 - watchfiles.main - DEBUG - 1 change detected: {(<Change.modified: 2>, '/workspace/app/backend/logs/app_20260527_145141.log')}
2026-05-27 14:58:34,604 - watchfiles.main - DEBUG - 1 change detected: {(<Change.modified: 2>, '/workspace/app/backend/logs/app_20260527_145141.log')}
2026-05-27 14:58:34,955 - watchfiles.main - DEBUG - 1 change detected: {(<Change.modified: 2>, '/workspace/app/backend/logs/app_20260527_145141.log')}
2026-05-27 14:58:35,306 - watchfiles.main - DEBUG - 1 change detected: {(<Change.modified: 2>, '/workspace/app/backend/logs/app_20260527_145141.log')}
2026-05-27 14:58:35,657 - watchfiles.main - DEBUG - 1 change detected: {(<Change.modified: 2>, '/workspace/app/backend/logs/app_20260527_145141.log')}
2026-05-27 14:58:36,008 - watchfiles.main - DEBUG - 1 change detected: {(<Change.modified: 2>, '/workspace/app/backend/logs/app_20260527_145141.log')}
2026-05-27 14:58:36,359 - watchfiles.main - DEBUG - 1 change detected: {(<Change.modified: 2>, '/workspace/app/backend/logs/app_20260527_145141.log')}
2026-05-27 14:58:36,710 - watchfiles.main - DEBUG - 1 change detected: {(<Change.modified: 2>, '/workspace/app/backend/logs/app_20260527_145141.log')}
2026-05-27 14:58:37,061 - watchfiles.main - DEBUG - 1 change detected: {(<Change.modified: 2>, '/workspace/app/backend/logs/app_20260527_145141.log')}
2026-05-27 14:58:37,412 - watchfiles.main - DEBUG - 1 change detected: {(<Change.modified: 2>, '/workspace/app/backend/logs/app_20260527_145141.log')}
2026-05-27 14:58:37,763 - watchfiles.main - DEBUG - 1 change detected: {(<Change.modified: 2>, '/workspace/app/backend/logs/app_20260527_145141.log')}
2026-05-27 14:58:38,114 - watchfiles.main - DEBUG - 1 change detected: {(<Change.modified: 2>, '/workspace/app/backend/logs/app_20260527_145141.log')}
2026-05-27 14:58:38,466 - watchfiles.main - DEBUG - 1 change detected: {(<Change.modified: 2>, '/workspace/app/backend/logs/app_20260527_145141.log')}
2026-05-27 14:58:38,816 - watchfiles.main - DEBUG - 1 change detected: {(<Change.modified: 2>, '/workspace/app/backend/logs/app_20260527_145141.log')}
2026-05-27 14:58:39,167 - watchfiles.main - DEBUG - 1 change detected: {(<Change.modified: 2>, '/workspace/app/backend/logs/app_20260527_145141.log')}
2026-05-27 14:58:39,518 - watchfiles.main - DEBUG - 2 changes detected: {(<Change.modified: 2>, '/workspace/app/backend/logs/app_20260527_145141.log'), (<Change.modified: 2>, '/workspace/app/backend/logs/app_20260527_145143.log')}
2026-05-27 14:58:39,869 - watchfiles.main - DEBUG - 2 changes detected: {(<Change.modified: 2>, '/workspace/app/backend/logs/app_20260527_145141.log'), (<Change.modified: 2>, '/workspace/app/backend/logs/app_20260527_145143.log')}
2026-05-27 14:58:40,220 - watchfiles.main - DEBUG - 1 change detected: {(<Change.modified: 2>, '/workspace/app/backend/logs/app_20260527_145141.log')}
2026-05-27 14:58:40,571 - watchfiles.main - DEBUG - 1 change detected: {(<Change.modified: 2>, '/workspace/app/backend/logs/app_20260527_145141.log')}
2026-05-27 14:58:40,922 - watchfiles.main - DEBUG - 1 change detected: {(<Change.modified: 2>, '/workspace/app/backend/logs/app_20260527_145141.log')}
2026-05-27 14:58:41,273 - watchfiles.main - DEBUG - 1 change detected: {(<Change.modified: 2>, '/workspace/app/backend/logs/app_20260527_145141.log')}
2026-05-27 14:58:41,624 - watchfiles.main - DEBUG - 1 change detected: {(<Change.modified: 2>, '/workspace/app/backend/logs/app_20260527_145141.log')}
2026-05-27 14:58:41,975 - watchfiles.main - DEBUG - 1 change detected: {(<Change.modified: 2>, '/workspace/app/backend/logs/app_20260527_145141.log')}
2026-05-27 14:58:42,326 - watchfiles.main - DEBUG - 1 change detected: {(<Change.modified: 2>, '/workspace/app/backend/logs/app_20260527_145141.log')}
2026-05-27 14:58:42,677 - watchfiles.main - DEBUG - 1 change detected: {(<Change.modified: 2>, '/workspace/app/backend/logs/app_20260527_145141.log')}
2026-05-27 14:58:43,028 - watchfiles.main - DEBUG - 1 change detected: {(<Change.modified: 2>, '/workspace/app/backend/logs/app_20260527_145141.log')}
2026-05-27 14:58:43,379 - watchfiles.main - DEBUG - 1 change detected: {(<Change.modified: 2>, '/workspace/app/backend/logs/app_20260527_145141.log')}
2026-05-27 14:58:43,730 - watchfiles.main - DEBUG - 1 change detected: {(<Change.modified: 2>, '/workspace/app/backend/logs/app_20260527_145141.log')}
2026-05-27 14:58:44,081 - watchfiles.main - DEBUG - 1 change detected: {(<Change.modified: 2>, '/workspace/app/backend/logs/app_20260527_145141.log')}
2026-05-27 14:58:44,432 - watchfiles.main - DEBUG - 1 change detected: {(<Change.modified: 2>, '/workspace/app/backend/logs/app_20260527_145141.log')}
2026-05-27 14:58:44,783 - watchfiles.main - DEBUG - 1 change detected: {(<Change.modified: 2>, '/workspace/app/backend/logs/app_20260527_145141.log')}
2026-05-27 14:58:45,134 - watchfiles.main - DEBUG - 1 change detected: {(<Change.modified: 2>, '/workspace/app/backend/logs/app_20260527_145141.log')}
2026-05-27 14:58:45,485 - watchfiles.main - DEBUG - 1 change detected: {(<Change.modified: 2>, '/workspace/app/backend/logs/app_20260527_145141.log')}
2026-05-27 14:58:45,836 - watchfiles.main - DEBUG - 1 change detected: {(<Change.modified: 2>, '/workspace/app/backend/logs/app_20260527_145141.log')}
2026-05-27 14:58:46,187 - watchfiles.main - DEBUG - 1 change detected: {(<Change.modified: 2>, '/workspace/app/backend/logs/app_20260527_145141.log')}
2026-05-27 14:58:46,538 - watchfiles.main - DEBUG - 1 change detected: {(<Change.modified: 2>, '/workspace/app/backend/logs/app_20260527_145141.log')}
2026-05-27 14:58:46,889 - watchfiles.main - DEBUG - 1 change detected: {(<Change.modified: 2>, '/workspace/app/backend/logs/app_20260527_145141.log')}
2026-05-27 14:58:47,240 - watchfiles.main - DEBUG - 1 change detected: {(<Change.modified: 2>, '/workspace/app/backend/logs/app_20260527_145141.log')}
2026-05-27 14:58:47,590 - watchfiles.main - DEBUG - 1 change detected: {(<Change.modified: 2>, '/workspace/app/backend/logs/app_20260527_145141.log')}
2026-05-27 14:58:47,941 - watchfiles.main - DEBUG - 1 change detected: {(<Change.modified: 2>, '/workspace/app/backend/logs/app_20260527_145141.log')}
2026-05-27 14:58:48,293 - watchfiles.main - DEBUG - 1 change detected: {(<Change.modified: 2>, '/workspace/app/backend/logs/app_20260527_145141.log')}
2026-05-27 14:58:48,643 - watchfiles.main - DEBUG - 1 change detected: {(<Change.modified: 2>, '/workspace/app/backend/logs/app_20260527_145141.log')}
2026-05-27 14:58:48,994 - watchfiles.main - DEBUG - 1 change detected: {(<Change.modified: 2>, '/workspace/app/backend/logs/app_20260527_145141.log')}
2026-05-27 14:58:49,345 - watchfiles.main - DEBUG - 1 change detected: {(<Change.modified: 2>, '/workspace/app/backend/logs/app_20260527_145141.log')}
2026-05-27 14:58:49,696 - watchfiles.main - DEBUG - 1 change detected: {(<Change.modified: 2>, '/workspace/app/backend/logs/app_20260527_145141.log')}
2026-05-27 14:58:50,047 - watchfiles.main - DEBUG - 1 change detected: {(<Change.modified: 2>, '/workspace/app/backend/logs/app_20260527_145141.log')}
2026-05-27 14:58:50,398 - watchfiles.main - DEBUG - 1 change detected: {(<Change.modified: 2>, '/workspace/app/backend/logs/app_20260527_145141.log')}
2026-05-27 14:58:50,749 - watchfiles.main - DEBUG - 1 change detected: {(<Change.modified: 2>, '/workspace/app/backend/logs/app_20260527_145141.log')}
2026-05-27 14:58:51,101 - watchfiles.main - DEBUG - 1 change detected: {(<Change.modified: 2>, '/workspace/app/backend/logs/app_20260527_145141.log')}
2026-05-27 14:58:51,452 - watchfiles.main - DEBUG - 1 change detected: {(<Change.modified: 2>, '/workspace/app/backend/logs/app_20260527_145141.log')}
2026-05-27 14:58:51,803 - watchfiles.main - DEBUG - 1 change detected: {(<Change.modified: 2>, '/workspace/app/backend/logs/app_20260527_145141.log')}
2026-05-27 14:58:52,154 - watchfiles.main - DEBUG - 1 change detected: {(<Change.modified: 2>, '/workspace/app/backend/logs/app_20260527_145141.log')}
2026-05-27 14:58:52,505 - watchfiles.main - DEBUG - 1 change detected: {(<Change.modified: 2>, '/workspace/app/backend/logs/app_20260527_145141.log')}
2026-05-27 14:58:52,856 - watchfiles.main - DEBUG - 1 change detected: {(<Change.modified: 2>, '/workspace/app/backend/logs/app_20260527_145141.log')}
2026-05-27 14:58:53,207 - watchfiles.main - DEBUG - 1 change detected: {(<Change.modified: 2>, '/workspace/app/backend/logs/app_20260527_145141.log')}
2026-05-27 14:58:53,558 - watchfiles.main - DEBUG - 1 change detected: {(<Change.modified: 2>, '/workspace/app/backend/logs/app_20260527_145141.log')}
2026-05-27 14:58:53,909 - watchfiles.main - DEBUG - 1 change detected: {(<Change.modified: 2>, '/workspace/app/backend/logs/app_20260527_145141.log')}
2026-05-27 14:58:54,260 - watchfiles.main - DEBUG - 1 change detected: {(<Change.modified: 2>, '/workspace/app/backend/logs/app_20260527_145141.log')}
2026-05-27 14:58:54,611 - watchfiles.main - DEBUG - 1 change detected: {(<Change.modified: 2>, '/workspace/app/backend/logs/app_20260527_145141.log')}
2026-05-27 14:58:54,961 - watchfiles.main - DEBUG - 1 change detected: {(<Change.modified: 2>, '/workspace/app/backend/logs/app_20260527_145141.log')}
2026-05-27 14:58:55,312 - watchfiles.main - DEBUG - 1 change detected: {(<Change.modified: 2>, '/workspace/app/backend/logs/app_20260527_145141.log')}
2026-05-27 14:58:55,663 - watchfiles.main - DEBUG - 1 change detected: {(<Change.modified: 2>, '/workspace/app/backend/logs/app_20260527_145141.log')}
2026-05-27 14:58:56,014 - watchfiles.main - DEBUG - 1 change detected: {(<Change.modified: 2>, '/workspace/app/backend/logs/app_20260527_145141.log')}
2026-05-27 14:58:56,365 - watchfiles.main - DEBUG - 1 change detected: {(<Change.modified: 2>, '/workspace/app/backend/logs/app_20260527_145141.log')}
2026-05-27 14:58:56,716 - watchfiles.main - DEBUG - 1 change detected: {(<Change.modified: 2>, '/workspace/app/backend/logs/app_20260527_145141.log')}
2026-05-27 14:58:57,067 - watchfiles.main - DEBUG - 1 change detected: {(<Change.modified: 2>, '/workspace/app/backend/logs/app_20260527_145141.log')}
2026-05-27 14:58:57,418 - watchfiles.main - DEBUG - 1 change detected: {(<Change.modified: 2>, '/workspace/app/backend/logs/app_20260527_145141.log')}
2026-05-27 14:58:57,769 - watchfiles.main - DEBUG - 1 change detected: {(<Change.modified: 2>, '/workspace/app/backend/logs/app_20260527_145141.log')}
2026-05-27 14:58:58,120 - watchfiles.main - DEBUG - 1 change detected: {(<Change.modified: 2>, '/workspace/app/backend/logs/app_20260527_145141.log')}
2026-05-27 14:58:58,471 - watchfiles.main - DEBUG - 1 change detected: {(<Change.modified: 2>, '/workspace/app/backend/logs/app_20260527_145141.log')}
2026-05-27 14:58:58,821 - watchfiles.main - DEBUG - 1 change detected: {(<Change.modified: 2>, '/workspace/app/backend/logs/app_20260527_145141.log')}
2026-05-27 14:58:59,173 - watchfiles.main - DEBUG - 1 change detected: {(<Change.modified: 2>, '/workspace/app/backend/logs/app_20260527_145141.log')}
2026-05-27 14:58:59,524 - watchfiles.main - DEBUG - 1 change detected: {(<Change.modified: 2>, '/workspace/app/backend/logs/app_20260527_145141.log')}
2026-05-27 14:58:59,875 - watchfiles.main - DEBUG - 1 change detected: {(<Change.modified: 2>, '/workspace/app/backend/logs/app_20260527_145141.log')}
2026-05-27 14:59:00,226 - watchfiles.main - DEBUG - 1 change detected: {(<Change.modified: 2>, '/workspace/app/backend/logs/app_20260527_145141.log')}
2026-05-27 14:59:00,577 - watchfiles.main - DEBUG - 1 change detected: {(<Change.modified: 2>, '/workspace/app/backend/logs/app_20260527_145141.log')}
2026-05-27 14:59:00,928 - watchfiles.main - DEBUG - 1 change detected: {(<Change.modified: 2>, '/workspace/app/backend/logs/app_20260527_145141.log')}
2026-05-27 14:59:01,279 - watchfiles.main - DEBUG - 1 change detected: {(<Change.modified: 2>, '/workspace/app/backend/logs/app_20260527_145141.log')}
2026-05-27 14:59:01,630 - watchfiles.main - DEBUG - 1 change detected: {(<Change.modified: 2>, '/workspace/app/backend/logs/app_20260527_145141.log')}
2026-05-27 14:59:01,981 - watchfiles.main - DEBUG - 1 change detected: {(<Change.modified: 2>, '/workspace/app/backend/logs/app_20260527_145141.log')}
2026-05-27 14:59:02,332 - watchfiles.main - DEBUG - 1 change detected: {(<Change.modified: 2>, '/workspace/app/backend/logs/app_20260527_145141.log')}
2026-05-27 14:59:02,683 - watchfiles.main - DEBUG - 1 change detected: {(<Change.modified: 2>, '/workspace/app/backend/logs/app_20260527_145141.log')}
2026-05-27 14:59:03,034 - watchfiles.main - DEBUG - 1 change detected: {(<Change.modified: 2>, '/workspace/app/backend/logs/app_20260527_145141.log')}
2026-05-27 14:59:03,385 - watchfiles.main - DEBUG - 1 change detected: {(<Change.modified: 2>, '/workspace/app/backend/logs/app_20260527_145141.log')}
2026-05-27 14:59:03,736 - watchfiles.main - DEBUG - 1 change detected: {(<Change.modified: 2>, '/workspace/app/backend/logs/app_20260527_145141.log')}
2026-05-27 14:59:04,087 - watchfiles.main - DEBUG - 1 change detected: {(<Change.modified: 2>, '/workspace/app/backend/logs/app_20260527_145141.log')}
2026-05-27 14:59:04,438 - watchfiles.main - DEBUG - 1 change detected: {(<Change.modified: 2>, '/workspace/app/backend/logs/app_20260527_145141.log')}
2026-05-27 14:59:04,789 - watchfiles.main - DEBUG - 1 change detected: {(<Change.modified: 2>, '/workspace/app/backend/logs/app_20260527_145141.log')}
2026-05-27 14:59:05,140 - watchfiles.main - DEBUG - 1 change detected: {(<Change.modified: 2>, '/workspace/app/backend/logs/app_20260527_145141.log')}
2026-05-27 14:59:05,491 - watchfiles.main - DEBUG - 1 change detected: {(<Change.modified: 2>, '/workspace/app/backend/logs/app_20260527_145141.log')}
2026-05-27 14:59:05,842 - watchfiles.main - DEBUG - 1 change detected: {(<Change.modified: 2>, '/workspace/app/backend/logs/app_20260527_145141.log')}
2026-05-27 14:59:06,193 - watchfiles.main - DEBUG - 1 change detected: {(<Change.modified: 2>, '/workspace/app/backend/logs/app_20260527_145141.log')}
2026-05-27 14:59:06,544 - watchfiles.main - DEBUG - 1 change detected: {(<Change.modified: 2>, '/workspace/app/backend/logs/app_20260527_145141.log')}
2026-05-27 14:59:06,895 - watchfiles.main - DEBUG - 1 change detected: {(<Change.modified: 2>, '/workspace/app/backend/logs/app_20260527_145141.log')}
2026-05-27 14:59:07,246 - watchfiles.main - DEBUG - 1 change detected: {(<Change.modified: 2>, '/workspace/app/backend/logs/app_20260527_145141.log')}
2026-05-27 14:59:07,597 - watchfiles.main - DEBUG - 1 change detected: {(<Change.modified: 2>, '/workspace/app/backend/logs/app_20260527_145141.log')}
2026-05-27 14:59:07,948 - watchfiles.main - DEBUG - 1 change detected: {(<Change.modified: 2>, '/workspace/app/backend/logs/app_20260527_145141.log')}
2026-05-27 14:59:08,299 - watchfiles.main - DEBUG - 1 change detected: {(<Change.modified: 2>, '/workspace/app/backend/logs/app_20260527_145141.log')}
2026-05-27 14:59:08,650 - watchfiles.main - DEBUG - 1 change detected: {(<Change.modified: 2>, '/workspace/app/backend/logs/app_20260527_145141.log')}
2026-05-27 14:59:09,001 - watchfiles.main - DEBUG - 1 change detected: {(<Change.modified: 2>, '/workspace/app/backend/logs/app_20260527_145141.log')}
2026-05-27 14:59:09,351 - watchfiles.main - DEBUG - 2 changes detected: {(<Change.modified: 2>, '/workspace/app/backend/logs/app_20260527_145141.log'), (<Change.modified: 2>, '/workspace/app/backend/logs/app_20260527_145143.log')}
2026-05-27 14:59:09,703 - watchfiles.main - DEBUG - 2 changes detected: {(<Change.modified: 2>, '/workspace/app/backend/logs/app_20260527_145141.log'), (<Change.modified: 2>, '/workspace/app/backend/logs/app_20260527_145143.log')}
2026-05-27 14:59:10,054 - watchfiles.main - DEBUG - 1 change detected: {(<Change.modified: 2>, '/workspace/app/backend/logs/app_20260527_145141.log')}
2026-05-27 14:59:10,405 - watchfiles.main - DEBUG - 1 change detected: {(<Change.modified: 2>, '/workspace/app/backend/logs/app_20260527_145141.log')}
2026-05-27 14:59:10,756 - watchfiles.main - DEBUG - 1 change detected: {(<Change.modified: 2>, '/workspace/app/backend/logs/app_20260527_145141.log')}
2026-05-27 14:59:11,107 - watchfiles.main - DEBUG - 1 change detected: {(<Change.modified: 2>, '/workspace/app/backend/logs/app_20260527_145141.log')}
2026-05-27 14:59:11,457 - watchfiles.main - DEBUG - 1 change detected: {(<Change.modified: 2>, '/workspace/app/backend/logs/app_20260527_145141.log')}
2026-05-27 14:59:11,808 - watchfiles.main - DEBUG - 1 change detected: {(<Change.modified: 2>, '/workspace/app/backend/logs/app_20260527_145141.log')}
2026-05-27 14:59:12,159 - watchfiles.main - DEBUG - 1 change detected: {(<Change.modified: 2>, '/workspace/app/backend/logs/app_20260527_145141.log')}
2026-05-27 14:59:12,510 - watchfiles.main - DEBUG - 1 change detected: {(<Change.modified: 2>, '/workspace/app/backend/logs/app_20260527_145141.log')}
2026-05-27 14:59:12,861 - watchfiles.main - DEBUG - 1 change detected: {(<Change.modified: 2>, '/workspace/app/backend/logs/app_20260527_145141.log')}
2026-05-27 14:59:13,212 - watchfiles.main - DEBUG - 1 change detected: {(<Change.modified: 2>, '/workspace/app/backend/logs/app_20260527_145141.log')}
2026-05-27 14:59:13,563 - watchfiles.main - DEBUG - 1 change detected: {(<Change.modified: 2>, '/workspace/app/backend/logs/app_20260527_145141.log')}
2026-05-27 14:59:13,914 - watchfiles.main - DEBUG - 1 change detected: {(<Change.modified: 2>, '/workspace/app/backend/logs/app_20260527_145141.log')}
2026-05-27 14:59:14,266 - watchfiles.main - DEBUG - 1 change detected: {(<Change.modified: 2>, '/workspace/app/backend/logs/app_20260527_145141.log')}
2026-05-27 14:59:14,617 - watchfiles.main - DEBUG - 1 change detected: {(<Change.modified: 2>, '/workspace/app/backend/logs/app_20260527_145141.log')}
2026-05-27 14:59:14,968 - watchfiles.main - DEBUG - 1 change detected: {(<Change.modified: 2>, '/workspace/app/backend/logs/app_20260527_145141.log')}
2026-05-27 14:59:15,319 - watchfiles.main - DEBUG - 1 change detected: {(<Change.modified: 2>, '/workspace/app/backend/logs/app_20260527_145141.log')}
2026-05-27 14:59:15,670 - watchfiles.main - DEBUG - 1 change detected: {(<Change.modified: 2>, '/workspace/app/backend/logs/app_20260527_145141.log')}
2026-05-27 14:59:16,021 - watchfiles.main - DEBUG - 1 change detected: {(<Change.modified: 2>, '/workspace/app/backend/logs/app_20260527_145141.log')}
2026-05-27 14:59:16,372 - watchfiles.main - DEBUG - 1 change detected: {(<Change.modified: 2>, '/workspace/app/backend/logs/app_20260527_145141.log')}
2026-05-27 14:59:16,723 - watchfiles.main - DEBUG - 1 change detected: {(<Change.modified: 2>, '/workspace/app/backend/logs/app_20260527_145141.log')}
2026-05-27 14:59:17,074 - watchfiles.main - DEBUG - 1 change detected: {(<Change.modified: 2>, '/workspace/app/backend/logs/app_20260527_145141.log')}
2026-05-27 14:59:17,425 - watchfiles.main - DEBUG - 1 change detected: {(<Change.modified: 2>, '/workspace/app/backend/logs/app_20260527_145141.log')}
2026-05-27 14:59:17,776 - watchfiles.main - DEBUG - 1 change detected: {(<Change.modified: 2>, '/workspace/app/backend/logs/app_20260527_145141.log')}
2026-05-27 14:59:18,127 - watchfiles.main - DEBUG - 1 change detected: {(<Change.modified: 2>, '/workspace/app/backend/logs/app_20260527_145141.log')}
2026-05-27 14:59:18,478 - watchfiles.main - DEBUG - 1 change detected: {(<Change.modified: 2>, '/workspace/app/backend/logs/app_20260527_145141.log')}
2026-05-27 14:59:18,829 - watchfiles.main - DEBUG - 1 change detected: {(<Change.modified: 2>, '/workspace/app/backend/logs/app_20260527_145141.log')}
2026-05-27 14:59:19,180 - watchfiles.main - DEBUG - 1 change detected: {(<Change.modified: 2>, '/workspace/app/backend/logs/app_20260527_145141.log')}
2026-05-27 14:59:19,531 - watchfiles.main - DEBUG - 1 change detected: {(<Change.modified: 2>, '/workspace/app/backend/logs/app_20260527_145141.log')}
2026-05-27 14:59:19,882 - watchfiles.main - DEBUG - 1 change detected: {(<Change.modified: 2>, '/workspace/app/backend/logs/app_20260527_145141.log')}
2026-05-27 14:59:20,233 - watchfiles.main - DEBUG - 1 change detected: {(<Change.modified: 2>, '/workspace/app/backend/logs/app_20260527_145141.log')}
2026-05-27 14:59:20,585 - watchfiles.main - DEBUG - 1 change detected: {(<Change.modified: 2>, '/workspace/app/backend/logs/app_20260527_145141.log')}
2026-05-27 14:59:20,936 - watchfiles.main - DEBUG - 1 change detected: {(<Change.modified: 2>, '/workspace/app/backend/logs/app_20260527_145141.log')}
2026-05-27 14:59:21,287 - watchfiles.main - DEBUG - 1 change detected: {(<Change.modified: 2>, '/workspace/app/backend/logs/app_20260527_145141.log')}
2026-05-27 14:59:21,638 - watchfiles.main - DEBUG - 1 change detected: {(<Change.modified: 2>, '/workspace/app/backend/logs/app_20260527_145141.log')}
2026-05-27 14:59:21,989 - watchfiles.main - DEBUG - 1 change detected: {(<Change.modified: 2>, '/workspace/app/backend/logs/app_20260527_145141.log')}
2026-05-27 14:59:22,340 - watchfiles.main - DEBUG - 1 change detected: {(<Change.modified: 2>, '/workspace/app/backend/logs/app_20260527_145141.log')}
2026-05-27 14:59:22,691 - watchfiles.main - DEBUG - 1 change detected: {(<Change.modified: 2>, '/workspace/app/backend/logs/app_20260527_145141.log')}
2026-05-27 14:59:23,042 - watchfiles.main - DEBUG - 1 change detected: {(<Change.modified: 2>, '/workspace/app/backend/logs/app_20260527_145141.log')}
2026-05-27 14:59:23,393 - watchfiles.main - DEBUG - 1 change detected: {(<Change.modified: 2>, '/workspace/app/backend/logs/app_20260527_145141.log')}
2026-05-27 14:59:23,744 - watchfiles.main - DEBUG - 1 change detected: {(<Change.modified: 2>, '/workspace/app/backend/logs/app_20260527_145141.log')}
2026-05-27 14:59:24,095 - watchfiles.main - DEBUG - 1 change detected: {(<Change.modified: 2>, '/workspace/app/backend/logs/app_20260527_145141.log')}
2026-05-27 14:59:24,446 - watchfiles.main - DEBUG - 1 change detected: {(<Change.modified: 2>, '/workspace/app/backend/logs/app_20260527_145141.log')}
2026-05-27 14:59:24,798 - watchfiles.main - DEBUG - 1 change detected: {(<Change.modified: 2>, '/workspace/app/backend/logs/app_20260527_145141.log')}
2026-05-27 14:59:25,149 - watchfiles.main - DEBUG - 1 change detected: {(<Change.modified: 2>, '/workspace/app/backend/logs/app_20260527_145141.log')}
2026-05-27 14:59:25,500 - watchfiles.main - DEBUG - 1 change detected: {(<Change.modified: 2>, '/workspace/app/backend/logs/app_20260527_145141.log')}
2026-05-27 14:59:25,851 - watchfiles.main - DEBUG - 1 change detected: {(<Change.modified: 2>, '/workspace/app/backend/logs/app_20260527_145141.log')}
2026-05-27 14:59:26,202 - watchfiles.main - DEBUG - 1 change detected: {(<Change.modified: 2>, '/workspace/app/backend/logs/app_20260527_145141.log')}
2026-05-27 14:59:26,554 - watchfiles.main - DEBUG - 1 change detected: {(<Change.modified: 2>, '/workspace/app/backend/logs/app_20260527_145141.log')}
2026-05-27 14:59:26,905 - watchfiles.main - DEBUG - 1 change detected: {(<Change.modified: 2>, '/workspace/app/backend/logs/app_20260527_145141.log')}
2026-05-27 14:59:27,256 - watchfiles.main - DEBUG - 1 change detected: {(<Change.modified: 2>, '/workspace/app/backend/logs/app_20260527_145141.log')}
2026-05-27 14:59:27,607 - watchfiles.main - DEBUG - 1 change detected: {(<Change.modified: 2>, '/workspace/app/backend/logs/app_20260527_145141.log')}
2026-05-27 14:59:27,958 - watchfiles.main - DEBUG - 1 change detected: {(<Change.modified: 2>, '/workspace/app/backend/logs/app_20260527_145141.log')}
2026-05-27 14:59:28,309 - watchfiles.main - DEBUG - 1 change detected: {(<Change.modified: 2>, '/workspace/app/backend/logs/app_20260527_145141.log')}
2026-05-27 14:59:28,660 - watchfiles.main - DEBUG - 1 change detected: {(<Change.modified: 2>, '/workspace/app/backend/logs/app_20260527_145141.log')}
2026-05-27 14:59:29,011 - watchfiles.main - DEBUG - 1 change detected: {(<Change.modified: 2>, '/workspace/app/backend/logs/app_20260527_145141.log')}
2026-05-27 14:59:29,362 - watchfiles.main - DEBUG - 1 change detected: {(<Change.modified: 2>, '/workspace/app/backend/logs/app_20260527_145141.log')}
2026-05-27 14:59:29,713 - watchfiles.main - DEBUG - 1 change detected: {(<Change.modified: 2>, '/workspace/app/backend/logs/app_20260527_145141.log')}
2026-05-27 14:59:30,064 - watchfiles.main - DEBUG - 1 change detected: {(<Change.modified: 2>, '/workspace/app/backend/logs/app_20260527_145141.log')}
2026-05-27 14:59:30,415 - watchfiles.main - DEBUG - 1 change detected: {(<Change.modified: 2>, '/workspace/app/backend/logs/app_20260527_145141.log')}
2026-05-27 14:59:30,766 - watchfiles.main - DEBUG - 1 change detected: {(<Change.modified: 2>, '/workspace/app/backend/logs/app_20260527_145141.log')}
2026-05-27 14:59:31,117 - watchfiles.main - DEBUG - 1 change detected: {(<Change.modified: 2>, '/workspace/app/backend/logs/app_20260527_145141.log')}
2026-05-27 14:59:31,468 - watchfiles.main - DEBUG - 1 change detected: {(<Change.modified: 2>, '/workspace/app/backend/logs/app_20260527_145141.log')}
2026-05-27 14:59:31,819 - watchfiles.main - DEBUG - 1 change detected: {(<Change.modified: 2>, '/workspace/app/backend/logs/app_20260527_145141.log')}
2026-05-27 14:59:32,169 - watchfiles.main - DEBUG - 1 change detected: {(<Change.modified: 2>, '/workspace/app/backend/logs/app_20260527_145141.log')}
2026-05-27 14:59:32,520 - watchfiles.main - DEBUG - 1 change detected: {(<Change.modified: 2>, '/workspace/app/backend/logs/app_20260527_145141.log')}
2026-05-27 14:59:32,871 - watchfiles.main - DEBUG - 1 change detected: {(<Change.modified: 2>, '/workspace/app/backend/logs/app_20260527_145141.log')}
2026-05-27 14:59:33,222 - watchfiles.main - DEBUG - 1 change detected: {(<Change.modified: 2>, '/workspace/app/backend/logs/app_20260527_145141.log')}
2026-05-27 14:59:33,573 - watchfiles.main - DEBUG - 1 change detected: {(<Change.modified: 2>, '/workspace/app/backend/logs/app_20260527_145141.log')}
2026-05-27 14:59:33,924 - watchfiles.main - DEBUG - 1 change detected: {(<Change.modified: 2>, '/workspace/app/backend/logs/app_20260527_145141.log')}
2026-05-27 14:59:34,275 - watchfiles.main - DEBUG - 1 change detected: {(<Change.modified: 2>, '/workspace/app/backend/logs/app_20260527_145141.log')}
2026-05-27 14:59:34,626 - watchfiles.main - DEBUG - 1 change detected: {(<Change.modified: 2>, '/workspace/app/backend/logs/app_20260527_145141.log')}
2026-05-27 14:59:34,978 - watchfiles.main - DEBUG - 1 change detected: {(<Change.modified: 2>, '/workspace/app/backend/logs/app_20260527_145141.log')}
2026-05-27 14:59:35,329 - watchfiles.main - DEBUG - 1 change detected: {(<Change.modified: 2>, '/workspace/app/backend/logs/app_20260527_145141.log')}
2026-05-27 14:59:35,680 - watchfiles.main - DEBUG - 1 change detected: {(<Change.modified: 2>, '/workspace/app/backend/logs/app_20260527_145141.log')}
2026-05-27 14:59:36,031 - watchfiles.main - DEBUG - 1 change detected: {(<Change.modified: 2>, '/workspace/app/backend/logs/app_20260527_145141.log')}
2026-05-27 14:59:36,382 - watchfiles.main - DEBUG - 1 change detected: {(<Change.modified: 2>, '/workspace/app/backend/logs/app_20260527_145141.log')}
2026-05-27 14:59:36,733 - watchfiles.main - DEBUG - 1 change detected: {(<Change.modified: 2>, '/workspace/app/backend/logs/app_20260527_145141.log')}
2026-05-27 14:59:37,084 - watchfiles.main - DEBUG - 1 change detected: {(<Change.modified: 2>, '/workspace/app/backend/logs/app_20260527_145141.log')}
2026-05-27 14:59:37,435 - watchfiles.main - DEBUG - 1 change detected: {(<Change.modified: 2>, '/workspace/app/backend/logs/app_20260527_145141.log')}
2026-05-27 14:59:37,786 - watchfiles.main - DEBUG - 1 change detected: {(<Change.modified: 2>, '/workspace/app/backend/logs/app_20260527_145141.log')}
2026-05-27 14:59:38,137 - watchfiles.main - DEBUG - 1 change detected: {(<Change.modified: 2>, '/workspace/app/backend/logs/app_20260527_145141.log')}
2026-05-27 14:59:38,488 - watchfiles.main - DEBUG - 1 change detected: {(<Change.modified: 2>, '/workspace/app/backend/logs/app_20260527_145141.log')}
2026-05-27 14:59:38,839 - watchfiles.main - DEBUG - 1 change detected: {(<Change.modified: 2>, '/workspace/app/backend/logs/app_20260527_145141.log')}
2026-05-27 14:59:39,190 - watchfiles.main - DEBUG - 2 changes detected: {(<Change.modified: 2>, '/workspace/app/backend/logs/app_20260527_145141.log'), (<Change.modified: 2>, '/workspace/app/backend/logs/app_20260527_145143.log')}
2026-05-27 14:59:39,592 - watchfiles.main - DEBUG - 2 changes detected: {(<Change.modified: 2>, '/workspace/app/backend/logs/app_20260527_145141.log'), (<Change.modified: 2>, '/workspace/app/backend/logs/app_20260527_145143.log')}
2026-05-27 14:59:39,943 - watchfiles.main - DEBUG - 1 change detected: {(<Change.modified: 2>, '/workspace/app/backend/logs/app_20260527_145141.log')}
2026-05-27 14:59:40,294 - watchfiles.main - DEBUG - 1 change detected: {(<Change.modified: 2>, '/workspace/app/backend/logs/app_20260527_145141.log')}
2026-05-27 14:59:40,645 - watchfiles.main - DEBUG - 1 change detected: {(<Change.modified: 2>, '/workspace/app/backend/logs/app_20260527_145141.log')}
2026-05-27 14:59:40,996 - watchfiles.main - DEBUG - 1 change detected: {(<Change.modified: 2>, '/workspace/app/backend/logs/app_20260527_145141.log')}
2026-05-27 14:59:41,347 - watchfiles.main - DEBUG - 1 change detected: {(<Change.modified: 2>, '/workspace/app/backend/logs/app_20260527_145141.log')}
2026-05-27 14:59:41,698 - watchfiles.main - DEBUG - 1 change detected: {(<Change.modified: 2>, '/workspace/app/backend/logs/app_20260527_145141.log')}
2026-05-27 14:59:42,049 - watchfiles.main - DEBUG - 1 change detected: {(<Change.modified: 2>, '/workspace/app/backend/logs/app_20260527_145141.log')}
2026-05-27 14:59:42,400 - watchfiles.main - DEBUG - 1 change detected: {(<Change.modified: 2>, '/workspace/app/backend/logs/app_20260527_145141.log')}
2026-05-27 14:59:42,751 - watchfiles.main - DEBUG - 1 change detected: {(<Change.modified: 2>, '/workspace/app/backend/logs/app_20260527_145141.log')}
2026-05-27 14:59:43,102 - watchfiles.main - DEBUG - 1 change detected: {(<Change.modified: 2>, '/workspace/app/backend/logs/app_20260527_145141.log')}
2026-05-27 14:59:43,453 - watchfiles.main - DEBUG - 1 change detected: {(<Change.modified: 2>, '/workspace/app/backend/logs/app_20260527_145141.log')}
2026-05-27 14:59:43,804 - watchfiles.main - DEBUG - 1 change detected: {(<Change.modified: 2>, '/workspace/app/backend/logs/app_20260527_145141.log')}
2026-05-27 14:59:44,155 - watchfiles.main - DEBUG - 1 change detected: {(<Change.modified: 2>, '/workspace/app/backend/logs/app_20260527_145141.log')}
2026-05-27 14:59:44,506 - watchfiles.main - DEBUG - 1 change detected: {(<Change.modified: 2>, '/workspace/app/backend/logs/app_20260527_145141.log')}
2026-05-27 14:59:44,857 - watchfiles.main - DEBUG - 1 change detected: {(<Change.modified: 2>, '/workspace/app/backend/logs/app_20260527_145141.log')}
2026-05-27 14:59:45,208 - watchfiles.main - DEBUG - 1 change detected: {(<Change.modified: 2>, '/workspace/app/backend/logs/app_20260527_145141.log')}
2026-05-27 14:59:45,559 - watchfiles.main - DEBUG - 1 change detected: {(<Change.modified: 2>, '/workspace/app/backend/logs/app_20260527_145141.log')}
2026-05-27 14:59:45,910 - watchfiles.main - DEBUG - 1 change detected: {(<Change.modified: 2>, '/workspace/app/backend/logs/app_20260527_145141.log')}
2026-05-27 14:59:46,261 - watchfiles.main - DEBUG - 1 change detected: {(<Change.modified: 2>, '/workspace/app/backend/logs/app_20260527_145141.log')}
2026-05-27 14:59:46,613 - watchfiles.main - DEBUG - 1 change detected: {(<Change.modified: 2>, '/workspace/app/backend/logs/app_20260527_145141.log')}
2026-05-27 14:59:46,963 - watchfiles.main - DEBUG - 1 change detected: {(<Change.modified: 2>, '/workspace/app/backend/logs/app_20260527_145141.log')}
2026-05-27 14:59:47,314 - watchfiles.main - DEBUG - 1 change detected: {(<Change.modified: 2>, '/workspace/app/backend/logs/app_20260527_145141.log')}
2026-05-27 14:59:47,665 - watchfiles.main - DEBUG - 1 change detected: {(<Change.modified: 2>, '/workspace/app/backend/logs/app_20260527_145141.log')}
2026-05-27 14:59:48,016 - watchfiles.main - DEBUG - 1 change detected: {(<Change.modified: 2>, '/workspace/app/backend/logs/app_20260527_145141.log')}
2026-05-27 14:59:48,367 - watchfiles.main - DEBUG - 1 change detected: {(<Change.modified: 2>, '/workspace/app/backend/logs/app_20260527_145141.log')}
2026-05-27 14:59:48,718 - watchfiles.main - DEBUG - 1 change detected: {(<Change.modified: 2>, '/workspace/app/backend/logs/app_20260527_145141.log')}
2026-05-27 14:59:49,069 - watchfiles.main - DEBUG - 1 change detected: {(<Change.modified: 2>, '/workspace/app/backend/logs/app_20260527_145141.log')}
2026-05-27 14:59:49,420 - watchfiles.main - DEBUG - 1 change detected: {(<Change.modified: 2>, '/workspace/app/backend/logs/app_20260527_145141.log')}
2026-05-27 14:59:49,771 - watchfiles.main - DEBUG - 1 change detected: {(<Change.modified: 2>, '/workspace/app/backend/logs/app_20260527_145141.log')}
2026-05-27 14:59:50,122 - watchfiles.main - DEBUG - 1 change detected: {(<Change.modified: 2>, '/workspace/app/backend/logs/app_20260527_145141.log')}
2026-05-27 14:59:50,473 - watchfiles.main - DEBUG - 1 change detected: {(<Change.modified: 2>, '/workspace/app/backend/logs/app_20260527_145141.log')}
2026-05-27 14:59:50,824 - watchfiles.main - DEBUG - 1 change detected: {(<Change.modified: 2>, '/workspace/app/backend/logs/app_20260527_145141.log')}
2026-05-27 14:59:51,175 - watchfiles.main - DEBUG - 1 change detected: {(<Change.modified: 2>, '/workspace/app/backend/logs/app_20260527_145141.log')}
2026-05-27 14:59:51,526 - watchfiles.main - DEBUG - 1 change detected: {(<Change.modified: 2>, '/workspace/app/backend/logs/app_20260527_145141.log')}
2026-05-27 14:59:51,877 - watchfiles.main - DEBUG - 1 change detected: {(<Change.modified: 2>, '/workspace/app/backend/logs/app_20260527_145141.log')}
2026-05-27 14:59:52,228 - watchfiles.main - DEBUG - 1 change detected: {(<Change.modified: 2>, '/workspace/app/backend/logs/app_20260527_145141.log')}
2026-05-27 14:59:52,579 - watchfiles.main - DEBUG - 1 change detected: {(<Change.modified: 2>, '/workspace/app/backend/logs/app_20260527_145141.log')}
2026-05-27 14:59:52,930 - watchfiles.main - DEBUG - 1 change detected: {(<Change.modified: 2>, '/workspace/app/backend/logs/app_20260527_145141.log')}
2026-05-27 14:59:53,281 - watchfiles.main - DEBUG - 1 change detected: {(<Change.modified: 2>, '/workspace/app/backend/logs/app_20260527_145141.log')}
2026-05-27 14:59:53,632 - watchfiles.main - DEBUG - 1 change detected: {(<Change.modified: 2>, '/workspace/app/backend/logs/app_20260527_145141.log')}
2026-05-27 14:59:53,983 - watchfiles.main - DEBUG - 1 change detected: {(<Change.modified: 2>, '/workspace/app/backend/logs/app_20260527_145141.log')}
2026-05-27 14:59:54,334 - watchfiles.main - DEBUG - 1 change detected: {(<Change.modified: 2>, '/workspace/app/backend/logs/app_20260527_145141.log')}
2026-05-27 14:59:54,685 - watchfiles.main - DEBUG - 1 change detected: {(<Change.modified: 2>, '/workspace/app/backend/logs/app_20260527_145141.log')}
2026-05-27 14:59:55,036 - watchfiles.main - DEBUG - 1 change detected: {(<Change.modified: 2>, '/workspace/app/backend/logs/app_20260527_145141.log')}
2026-05-27 14:59:55,387 - watchfiles.main - DEBUG - 1 change detected: {(<Change.modified: 2>, '/workspace/app/backend/logs/app_20260527_145141.log')}
2026-05-27 14:59:55,738 - watchfiles.main - DEBUG - 1 change detected: {(<Change.modified: 2>, '/workspace/app/backend/logs/app_20260527_145141.log')}
2026-05-27 14:59:56,089 - watchfiles.main - DEBUG - 1 change detected: {(<Change.modified: 2>, '/workspace/app/backend/logs/app_20260527_145141.log')}
2026-05-27 14:59:56,440 - watchfiles.main - DEBUG - 1 change detected: {(<Change.modified: 2>, '/workspace/app/backend/logs/app_20260527_145141.log')}
2026-05-27 14:59:56,791 - watchfiles.main - DEBUG - 1 change detected: {(<Change.modified: 2>, '/workspace/app/backend/logs/app_20260527_145141.log')}
2026-05-27 14:59:57,142 - watchfiles.main - DEBUG - 1 change detected: {(<Change.modified: 2>, '/workspace/app/backend/logs/app_20260527_145141.log')}
2026-05-27 14:59:57,493 - watchfiles.main - DEBUG - 1 change detected: {(<Change.modified: 2>, '/workspace/app/backend/logs/app_20260527_145141.log')}
2026-05-27 14:59:57,844 - watchfiles.main - DEBUG - 1 change detected: {(<Change.modified: 2>, '/workspace/app/backend/logs/app_20260527_145141.log')}
2026-05-27 14:59:58,195 - watchfiles.main - DEBUG - 1 change detected: {(<Change.modified: 2>, '/workspace/app/backend/logs/app_20260527_145141.log')}
2026-05-27 14:59:58,546 - watchfiles.main - DEBUG - 1 change detected: {(<Change.modified: 2>, '/workspace/app/backend/logs/app_20260527_145141.log')}
2026-05-27 14:59:58,897 - watchfiles.main - DEBUG - 1 change detected: {(<Change.modified: 2>, '/workspace/app/backend/logs/app_20260527_145141.log')}
2026-05-27 14:59:59,248 - watchfiles.main - DEBUG - 1 change detected: {(<Change.modified: 2>, '/workspace/app/backend/logs/app_20260527_145141.log')}
2026-05-27 14:59:59,599 - watchfiles.main - DEBUG - 1 change detected: {(<Change.modified: 2>, '/workspace/app/backend/logs/app_20260527_145141.log')}
2026-05-27 14:59:59,950 - watchfiles.main - DEBUG - 1 change detected: {(<Change.modified: 2>, '/workspace/app/backend/logs/app_20260527_145141.log')}
2026-05-27 15:00:00,301 - watchfiles.main - DEBUG - 1 change detected: {(<Change.modified: 2>, '/workspace/app/backend/logs/app_20260527_145141.log')}
2026-05-27 15:00:00,652 - watchfiles.main - DEBUG - 1 change detected: {(<Change.modified: 2>, '/workspace/app/backend/logs/app_20260527_145141.log')}
2026-05-27 15:00:01,003 - watchfiles.main - DEBUG - 1 change detected: {(<Change.modified: 2>, '/workspace/app/backend/logs/app_20260527_145141.log')}
2026-05-27 15:00:01,354 - watchfiles.main - DEBUG - 1 change detected: {(<Change.modified: 2>, '/workspace/app/backend/logs/app_20260527_145141.log')}
2026-05-27 15:00:01,705 - watchfiles.main - DEBUG - 1 change detected: {(<Change.modified: 2>, '/workspace/app/backend/logs/app_20260527_145141.log')}
2026-05-27 15:00:02,056 - watchfiles.main - DEBUG - 1 change detected: {(<Change.modified: 2>, '/workspace/app/backend/logs/app_20260527_145141.log')}
2026-05-27 15:00:02,407 - watchfiles.main - DEBUG - 1 change detected: {(<Change.modified: 2>, '/workspace/app/backend/logs/app_20260527_145141.log')}
2026-05-27 15:00:02,758 - watchfiles.main - DEBUG - 1 change detected: {(<Change.modified: 2>, '/workspace/app/backend/logs/app_20260527_145141.log')}
2026-05-27 15:00:03,109 - watchfiles.main - DEBUG - 1 change detected: {(<Change.modified: 2>, '/workspace/app/backend/logs/app_20260527_145141.log')}
2026-05-27 15:00:03,460 - watchfiles.main - DEBUG - 1 change detected: {(<Change.modified: 2>, '/workspace/app/backend/logs/app_20260527_145141.log')}
2026-05-27 15:00:03,811 - watchfiles.main - DEBUG - 1 change detected: {(<Change.modified: 2>, '/workspace/app/backend/logs/app_20260527_145141.log')}
2026-05-27 15:00:04,162 - watchfiles.main - DEBUG - 1 change detected: {(<Change.modified: 2>, '/workspace/app/backend/logs/app_20260527_145141.log')}
2026-05-27 15:00:04,513 - watchfiles.main - DEBUG - 1 change detected: {(<Change.modified: 2>, '/workspace/app/backend/logs/app_20260527_145141.log')}
2026-05-27 15:00:04,864 - watchfiles.main - DEBUG - 1 change detected: {(<Change.modified: 2>, '/workspace/app/backend/logs/app_20260527_145141.log')}
2026-05-27 15:00:05,215 - watchfiles.main - DEBUG - 1 change detected: {(<Change.modified: 2>, '/workspace/app/backend/logs/app_20260527_145141.log')}
2026-05-27 15:00:05,567 - watchfiles.main - DEBUG - 1 change detected: {(<Change.modified: 2>, '/workspace/app/backend/logs/app_20260527_145141.log')}
2026-05-27 15:00:05,918 - watchfiles.main - DEBUG - 1 change detected: {(<Change.modified: 2>, '/workspace/app/backend/logs/app_20260527_145141.log')}
2026-05-27 15:00:06,269 - watchfiles.main - DEBUG - 1 change detected: {(<Change.modified: 2>, '/workspace/app/backend/logs/app_20260527_145141.log')}
2026-05-27 15:00:06,620 - watchfiles.main - DEBUG - 1 change detected: {(<Change.modified: 2>, '/workspace/app/backend/logs/app_20260527_145141.log')}
2026-05-27 15:00:06,971 - watchfiles.main - DEBUG - 1 change detected: {(<Change.modified: 2>, '/workspace/app/backend/logs/app_20260527_145141.log')}
2026-05-27 15:00:07,322 - watchfiles.main - DEBUG - 1 change detected: {(<Change.modified: 2>, '/workspace/app/backend/logs/app_20260527_145141.log')}
2026-05-27 15:00:07,674 - watchfiles.main - DEBUG - 1 change detected: {(<Change.modified: 2>, '/workspace/app/backend/logs/app_20260527_145141.log')}
2026-05-27 15:00:08,025 - watchfiles.main - DEBUG - 1 change detected: {(<Change.modified: 2>, '/workspace/app/backend/logs/app_20260527_145141.log')}
2026-05-27 15:00:08,376 - watchfiles.main - DEBUG - 1 change detected: {(<Change.modified: 2>, '/workspace/app/backend/logs/app_20260527_145141.log')}
2026-05-27 15:00:08,727 - watchfiles.main - DEBUG - 1 change detected: {(<Change.modified: 2>, '/workspace/app/backend/logs/app_20260527_145141.log')}
2026-05-27 15:00:09,078 - watchfiles.main - DEBUG - 1 change detected: {(<Change.modified: 2>, '/workspace/app/backend/logs/app_20260527_145141.log')}
2026-05-27 15:00:09,429 - watchfiles.main - DEBUG - 2 changes detected: {(<Change.modified: 2>, '/workspace/app/backend/logs/app_20260527_145141.log'), (<Change.modified: 2>, '/workspace/app/backend/logs/app_20260527_145143.log')}
2026-05-27 15:00:09,780 - watchfiles.main - DEBUG - 2 changes detected: {(<Change.modified: 2>, '/workspace/app/backend/logs/app_20260527_145141.log'), (<Change.modified: 2>, '/workspace/app/backend/logs/app_20260527_145143.log')}
2026-05-27 15:00:10,131 - watchfiles.main - DEBUG - 1 change detected: {(<Change.modified: 2>, '/workspace/app/backend/logs/app_20260527_145141.log')}
2026-05-27 15:00:10,482 - watchfiles.main - DEBUG - 1 change detected: {(<Change.modified: 2>, '/workspace/app/backend/logs/app_20260527_145141.log')}
2026-05-27 15:00:10,833 - watchfiles.main - DEBUG - 1 change detected: {(<Change.modified: 2>, '/workspace/app/backend/logs/app_20260527_145141.log')}
2026-05-27 15:00:11,184 - watchfiles.main - DEBUG - 1 change detected: {(<Change.modified: 2>, '/workspace/app/backend/logs/app_20260527_145141.log')}
2026-05-27 15:00:11,535 - watchfiles.main - DEBUG - 1 change detected: {(<Change.modified: 2>, '/workspace/app/backend/logs/app_20260527_145141.log')}
2026-05-27 15:00:11,886 - watchfiles.main - DEBUG - 1 change detected: {(<Change.modified: 2>, '/workspace/app/backend/logs/app_20260527_145141.log')}
2026-05-27 15:00:12,237 - watchfiles.main - DEBUG - 1 change detected: {(<Change.modified: 2>, '/workspace/app/backend/logs/app_20260527_145141.log')}
2026-05-27 15:00:12,588 - watchfiles.main - DEBUG - 1 change detected: {(<Change.modified: 2>, '/workspace/app/backend/logs/app_20260527_145141.log')}
2026-05-27 15:00:12,939 - watchfiles.main - DEBUG - 1 change detected: {(<Change.modified: 2>, '/workspace/app/backend/logs/app_20260527_145141.log')}
2026-05-27 15:00:13,290 - watchfiles.main - DEBUG - 1 change detected: {(<Change.modified: 2>, '/workspace/app/backend/logs/app_20260527_145141.log')}
2026-05-27 15:00:13,640 - watchfiles.main - DEBUG - 1 change detected: {(<Change.modified: 2>, '/workspace/app/backend/logs/app_20260527_145141.log')}
2026-05-27 15:00:13,991 - watchfiles.main - DEBUG - 1 change detected: {(<Change.modified: 2>, '/workspace/app/backend/logs/app_20260527_145141.log')}
2026-05-27 15:00:14,342 - watchfiles.main - DEBUG - 1 change detected: {(<Change.modified: 2>, '/workspace/app/backend/logs/app_20260527_145141.log')}
2026-05-27 15:00:14,693 - watchfiles.main - DEBUG - 2 changes detected: {(<Change.modified: 2>, '/workspace/app/backend/logs/app_20260527_145141.log'), (<Change.modified: 2>, '/workspace/app/backend/logs/app_20260527_145143.log')}
2026-05-27 15:00:15,044 - watchfiles.main - DEBUG - 2 changes detected: {(<Change.modified: 2>, '/workspace/app/backend/logs/app_20260527_145141.log'), (<Change.modified: 2>, '/workspace/app/backend/logs/app_20260527_145143.log')}
2026-05-27 15:00:15,395 - watchfiles.main - DEBUG - 1 change detected: {(<Change.modified: 2>, '/workspace/app/backend/logs/app_20260527_145141.log')}
2026-05-27 15:00:15,746 - watchfiles.main - DEBUG - 1 change detected: {(<Change.modified: 2>, '/workspace/app/backend/logs/app_20260527_145141.log')}
2026-05-27 15:00:16,097 - watchfiles.main - DEBUG - 1 change detected: {(<Change.modified: 2>, '/workspace/app/backend/logs/app_20260527_145141.log')}
2026-05-27 15:00:16,448 - watchfiles.main - DEBUG - 1 change detected: {(<Change.modified: 2>, '/workspace/app/backend/logs/app_20260527_145141.log')}
2026-05-27 15:00:16,799 - watchfiles.main - DEBUG - 1 change detected: {(<Change.modified: 2>, '/workspace/app/backend/logs/app_20260527_145141.log')}
2026-05-27 15:00:17,150 - watchfiles.main - DEBUG - 1 change detected: {(<Change.modified: 2>, '/workspace/app/backend/logs/app_20260527_145141.log')}
2026-05-27 15:00:17,551 - watchfiles.main - DEBUG - 2 changes detected: {(<Change.modified: 2>, '/workspace/app/backend/logs/app_20260527_145141.log'), (<Change.modified: 2>, '/workspace/app/backend/logs/app_20260527_145143.log')}
2026-05-27 15:00:17,902 - watchfiles.main - DEBUG - 1 change detected: {(<Change.modified: 2>, '/workspace/app/backend/logs/app_20260527_145141.log')}
2026-05-27 15:00:18,254 - watchfiles.main - DEBUG - 2 changes detected: {(<Change.modified: 2>, '/workspace/app/backend/logs/app_20260527_145141.log'), (<Change.modified: 2>, '/workspace/app/backend/logs/app_20260527_145143.log')}
2026-05-27 15:00:18,605 - watchfiles.main - DEBUG - 1 change detected: {(<Change.modified: 2>, '/workspace/app/backend/logs/app_20260527_145141.log')}
2026-05-27 15:00:18,956 - watchfiles.main - DEBUG - 1 change detected: {(<Change.modified: 2>, '/workspace/app/backend/logs/app_20260527_145141.log')}
2026-05-27 15:00:19,307 - watchfiles.main - DEBUG - 1 change detected: {(<Change.modified: 2>, '/workspace/app/backend/logs/app_20260527_145141.log')}
2026-05-27 15:00:19,657 - watchfiles.main - DEBUG - 1 change detected: {(<Change.modified: 2>, '/workspace/app/backend/logs/app_20260527_145141.log')}
2026-05-27 15:00:20,008 - watchfiles.main - DEBUG - 1 change detected: {(<Change.modified: 2>, '/workspace/app/backend/logs/app_20260527_145141.log')}
2026-05-27 15:00:20,359 - watchfiles.main - DEBUG - 1 change detected: {(<Change.modified: 2>, '/workspace/app/backend/logs/app_20260527_145141.log')}
2026-05-27 15:00:20,710 - watchfiles.main - DEBUG - 1 change detected: {(<Change.modified: 2>, '/workspace/app/backend/logs/app_20260527_145141.log')}
2026-05-27 15:00:21,061 - watchfiles.main - DEBUG - 1 change detected: {(<Change.modified: 2>, '/workspace/app/backend/logs/app_20260527_145141.log')}
2026-05-27 15:00:21,412 - watchfiles.main - DEBUG - 1 change detected: {(<Change.modified: 2>, '/workspace/app/backend/logs/app_20260527_145141.log')}
2026-05-27 15:00:21,763 - watchfiles.main - DEBUG - 1 change detected: {(<Change.modified: 2>, '/workspace/app/backend/logs/app_20260527_145141.log')}
2026-05-27 15:00:22,114 - watchfiles.main - DEBUG - 1 change detected: {(<Change.modified: 2>, '/workspace/app/backend/logs/app_20260527_145141.log')}
2026-05-27 15:00:22,465 - watchfiles.main - DEBUG - 1 change detected: {(<Change.modified: 2>, '/workspace/app/backend/logs/app_20260527_145141.log')}
2026-05-27 15:00:22,816 - watchfiles.main - DEBUG - 1 change detected: {(<Change.modified: 2>, '/workspace/app/backend/logs/app_20260527_145141.log')}
2026-05-27 15:00:23,167 - watchfiles.main - DEBUG - 1 change detected: {(<Change.modified: 2>, '/workspace/app/backend/logs/app_20260527_145141.log')}
2026-05-27 15:00:23,518 - watchfiles.main - DEBUG - 2 changes detected: {(<Change.modified: 2>, '/workspace/app/backend/logs/app_20260527_145141.log'), (<Change.modified: 2>, '/workspace/app/backend/logs/app_20260527_145143.log')}
2026-05-27 15:00:23,869 - watchfiles.main - DEBUG - 1 change detected: {(<Change.modified: 2>, '/workspace/app/backend/logs/app_20260527_145141.log')}
2026-05-27 15:00:24,220 - watchfiles.main - DEBUG - 1 change detected: {(<Change.modified: 2>, '/workspace/app/backend/logs/app_20260527_145141.log')}
2026-05-27 15:00:24,571 - watchfiles.main - DEBUG - 2 changes detected: {(<Change.modified: 2>, '/workspace/app/backend/logs/app_20260527_145141.log'), (<Change.modified: 2>, '/workspace/app/backend/logs/app_20260527_145143.log')}
2026-05-27 15:00:24,922 - watchfiles.main - DEBUG - 2 changes detected: {(<Change.modified: 2>, '/workspace/app/backend/logs/app_20260527_145141.log'), (<Change.modified: 2>, '/workspace/app/backend/logs/app_20260527_145143.log')}
2026-05-27 15:00:25,273 - watchfiles.main - DEBUG - 2 changes detected: {(<Change.modified: 2>, '/workspace/app/backend/logs/app_20260527_145141.log'), (<Change.modified: 2>, '/workspace/app/backend/logs/app_20260527_145143.log')}
2026-05-27 15:00:25,624 - watchfiles.main - DEBUG - 2 changes detected: {(<Change.modified: 2>, '/workspace/app/backend/logs/app_20260527_145141.log'), (<Change.modified: 2>, '/workspace/app/backend/logs/app_20260527_145143.log')}
2026-05-27 15:00:25,975 - watchfiles.main - DEBUG - 2 changes detected: {(<Change.modified: 2>, '/workspace/app/backend/logs/app_20260527_145141.log'), (<Change.modified: 2>, '/workspace/app/backend/logs/app_20260527_145143.log')}
2026-05-27 15:00:26,326 - watchfiles.main - DEBUG - 2 changes detected: {(<Change.modified: 2>, '/workspace/app/backend/logs/app_20260527_145141.log'), (<Change.modified: 2>, '/workspace/app/backend/logs/app_20260527_145143.log')}
2026-05-27 15:00:26,677 - watchfiles.main - DEBUG - 1 change detected: {(<Change.modified: 2>, '/workspace/app/backend/logs/app_20260527_145141.log')}
2026-05-27 15:00:27,028 - watchfiles.main - DEBUG - 1 change detected: {(<Change.modified: 2>, '/workspace/app/backend/logs/app_20260527_145141.log')}
2026-05-27 15:00:27,379 - watchfiles.main - DEBUG - 1 change detected: {(<Change.modified: 2>, '/workspace/app/backend/logs/app_20260527_145141.log')}
2026-05-27 15:00:27,730 - watchfiles.main - DEBUG - 1 change detected: {(<Change.modified: 2>, '/workspace/app/backend/logs/app_20260527_145141.log')}
2026-05-27 15:00:28,081 - watchfiles.main - DEBUG - 1 change detected: {(<Change.modified: 2>, '/workspace/app/backend/logs/app_20260527_145141.log')}
2026-05-27 15:00:28,433 - watchfiles.main - DEBUG - 1 change detected: {(<Change.modified: 2>, '/workspace/app/backend/logs/app_20260527_145141.log')}
2026-05-27 15:00:28,784 - watchfiles.main - DEBUG - 1 change detected: {(<Change.modified: 2>, '/workspace/app/backend/logs/app_20260527_145141.log')}
2026-05-27 15:00:29,135 - watchfiles.main - DEBUG - 1 change detected: {(<Change.modified: 2>, '/workspace/app/backend/logs/app_20260527_145141.log')}
2026-05-27 15:00:29,486 - watchfiles.main - DEBUG - 1 change detected: {(<Change.modified: 2>, '/workspace/app/backend/logs/app_20260527_145141.log')}
2026-05-27 15:00:29,837 - watchfiles.main - DEBUG - 1 change detected: {(<Change.modified: 2>, '/workspace/app/backend/logs/app_20260527_145141.log')}
2026-05-27 15:00:30,188 - watchfiles.main - DEBUG - 1 change detected: {(<Change.modified: 2>, '/workspace/app/backend/logs/app_20260527_145141.log')}
2026-05-27 15:00:30,539 - watchfiles.main - DEBUG - 1 change detected: {(<Change.modified: 2>, '/workspace/app/backend/logs/app_20260527_145141.log')}
2026-05-27 15:00:30,890 - watchfiles.main - DEBUG - 1 change detected: {(<Change.modified: 2>, '/workspace/app/backend/logs/app_20260527_145141.log')}
2026-05-27 15:00:31,241 - watchfiles.main - DEBUG - 1 change detected: {(<Change.modified: 2>, '/workspace/app/backend/logs/app_20260527_145141.log')}
2026-05-27 15:00:31,592 - watchfiles.main - DEBUG - 1 change detected: {(<Change.modified: 2>, '/workspace/app/backend/logs/app_20260527_145141.log')}
2026-05-27 15:00:31,943 - watchfiles.main - DEBUG - 1 change detected: {(<Change.modified: 2>, '/workspace/app/backend/logs/app_20260527_145141.log')}
2026-05-27 15:00:32,294 - watchfiles.main - DEBUG - 1 change detected: {(<Change.modified: 2>, '/workspace/app/backend/logs/app_20260527_145141.log')}
2026-05-27 15:00:32,646 - watchfiles.main - DEBUG - 1 change detected: {(<Change.modified: 2>, '/workspace/app/backend/logs/app_20260527_145141.log')}
2026-05-27 15:00:32,997 - watchfiles.main - DEBUG - 1 change detected: {(<Change.modified: 2>, '/workspace/app/backend/logs/app_20260527_145141.log')}
2026-05-27 15:00:33,348 - watchfiles.main - DEBUG - 1 change detected: {(<Change.modified: 2>, '/workspace/app/backend/logs/app_20260527_145141.log')}
2026-05-27 15:00:33,699 - watchfiles.main - DEBUG - 1 change detected: {(<Change.modified: 2>, '/workspace/app/backend/logs/app_20260527_145141.log')}
2026-05-27 15:00:34,050 - watchfiles.main - DEBUG - 1 change detected: {(<Change.modified: 2>, '/workspace/app/backend/logs/app_20260527_145141.log')}
2026-05-27 15:00:34,401 - watchfiles.main - DEBUG - 1 change detected: {(<Change.modified: 2>, '/workspace/app/backend/logs/app_20260527_145141.log')}
2026-05-27 15:00:34,752 - watchfiles.main - DEBUG - 1 change detected: {(<Change.modified: 2>, '/workspace/app/backend/logs/app_20260527_145141.log')}
2026-05-27 15:00:35,103 - watchfiles.main - DEBUG - 1 change detected: {(<Change.modified: 2>, '/workspace/app/backend/logs/app_20260527_145141.log')}
2026-05-27 15:00:35,454 - watchfiles.main - DEBUG - 1 change detected: {(<Change.modified: 2>, '/workspace/app/backend/logs/app_20260527_145141.log')}
2026-05-27 15:00:35,805 - watchfiles.main - DEBUG - 1 change detected: {(<Change.modified: 2>, '/workspace/app/backend/logs/app_20260527_145141.log')}
2026-05-27 15:00:36,156 - watchfiles.main - DEBUG - 1 change detected: {(<Change.modified: 2>, '/workspace/app/backend/logs/app_20260527_145141.log')}
2026-05-27 15:00:36,507 - watchfiles.main - DEBUG - 1 change detected: {(<Change.modified: 2>, '/workspace/app/backend/logs/app_20260527_145141.log')}
2026-05-27 15:00:36,858 - watchfiles.main - DEBUG - 1 change detected: {(<Change.modified: 2>, '/workspace/app/backend/logs/app_20260527_145141.log')}
2026-05-27 15:00:37,209 - watchfiles.main - DEBUG - 1 change detected: {(<Change.modified: 2>, '/workspace/app/backend/logs/app_20260527_145141.log')}
2026-05-27 15:00:37,561 - watchfiles.main - DEBUG - 1 change detected: {(<Change.modified: 2>, '/workspace/app/backend/logs/app_20260527_145141.log')}
2026-05-27 15:00:37,912 - watchfiles.main - DEBUG - 1 change detected: {(<Change.modified: 2>, '/workspace/app/backend/logs/app_20260527_145141.log')}
2026-05-27 15:00:38,263 - watchfiles.main - DEBUG - 1 change detected: {(<Change.modified: 2>, '/workspace/app/backend/logs/app_20260527_145141.log')}
2026-05-27 15:00:38,614 - watchfiles.main - DEBUG - 1 change detected: {(<Change.modified: 2>, '/workspace/app/backend/logs/app_20260527_145141.log')}
2026-05-27 15:00:38,965 - watchfiles.main - DEBUG - 1 change detected: {(<Change.modified: 2>, '/workspace/app/backend/logs/app_20260527_145141.log')}
2026-05-27 15:00:39,316 - watchfiles.main - DEBUG - 1 change detected: {(<Change.modified: 2>, '/workspace/app/backend/logs/app_20260527_145141.log')}
2026-05-27 15:00:39,667 - watchfiles.main - DEBUG - 1 change detected: {(<Change.modified: 2>, '/workspace/app/backend/logs/app_20260527_145141.log')}
2026-05-27 15:00:40,017 - watchfiles.main - DEBUG - 1 change detected: {(<Change.modified: 2>, '/workspace/app/backend/logs/app_20260527_145141.log')}
2026-05-27 15:00:40,368 - watchfiles.main - DEBUG - 1 change detected: {(<Change.modified: 2>, '/workspace/app/backend/logs/app_20260527_145141.log')}
2026-05-27 15:00:40,719 - watchfiles.main - DEBUG - 1 change detected: {(<Change.modified: 2>, '/workspace/app/backend/logs/app_20260527_145141.log')}
2026-05-27 15:00:41,070 - watchfiles.main - DEBUG - 1 change detected: {(<Change.modified: 2>, '/workspace/app/backend/logs/app_20260527_145141.log')}
2026-05-27 15:00:41,421 - watchfiles.main - DEBUG - 1 change detected: {(<Change.modified: 2>, '/workspace/app/backend/logs/app_20260527_145141.log')}
2026-05-27 15:00:41,772 - watchfiles.main - DEBUG - 1 change detected: {(<Change.modified: 2>, '/workspace/app/backend/logs/app_20260527_145141.log')}
2026-05-27 15:00:42,123 - watchfiles.main - DEBUG - 1 change detected: {(<Change.modified: 2>, '/workspace/app/backend/logs/app_20260527_145141.log')}
2026-05-27 15:00:42,474 - watchfiles.main - DEBUG - 1 change detected: {(<Change.modified: 2>, '/workspace/app/backend/logs/app_20260527_145141.log')}
2026-05-27 15:00:42,825 - watchfiles.main - DEBUG - 1 change detected: {(<Change.modified: 2>, '/workspace/app/backend/logs/app_20260527_145141.log')}
2026-05-27 15:00:43,176 - watchfiles.main - DEBUG - 1 change detected: {(<Change.modified: 2>, '/workspace/app/backend/logs/app_20260527_145141.log')}
2026-05-27 15:00:43,526 - watchfiles.main - DEBUG - 1 change detected: {(<Change.modified: 2>, '/workspace/app/backend/logs/app_20260527_145141.log')}
2026-05-27 15:00:43,878 - watchfiles.main - DEBUG - 1 change detected: {(<Change.modified: 2>, '/workspace/app/backend/logs/app_20260527_145141.log')}
2026-05-27 15:00:44,229 - watchfiles.main - DEBUG - 1 change detected: {(<Change.modified: 2>, '/workspace/app/backend/logs/app_20260527_145141.log')}
2026-05-27 15:00:44,580 - watchfiles.main - DEBUG - 1 change detected: {(<Change.modified: 2>, '/workspace/app/backend/logs/app_20260527_145141.log')}
2026-05-27 15:00:44,931 - watchfiles.main - DEBUG - 1 change detected: {(<Change.modified: 2>, '/workspace/app/backend/logs/app_20260527_145141.log')}
2026-05-27 15:00:45,282 - watchfiles.main - DEBUG - 1 change detected: {(<Change.modified: 2>, '/workspace/app/backend/logs/app_20260527_145141.log')}
2026-05-27 15:00:45,633 - watchfiles.main - DEBUG - 1 change detected: {(<Change.modified: 2>, '/workspace/app/backend/logs/app_20260527_145141.log')}
2026-05-27 15:00:45,983 - watchfiles.main - DEBUG - 1 change detected: {(<Change.modified: 2>, '/workspace/app/backend/logs/app_20260527_145141.log')}
2026-05-27 15:00:46,335 - watchfiles.main - DEBUG - 1 change detected: {(<Change.modified: 2>, '/workspace/app/backend/logs/app_20260527_145141.log')}
2026-05-27 15:00:46,686 - watchfiles.main - DEBUG - 1 change detected: {(<Change.modified: 2>, '/workspace/app/backend/logs/app_20260527_145141.log')}
2026-05-27 15:00:47,037 - watchfiles.main - DEBUG - 1 change detected: {(<Change.modified: 2>, '/workspace/app/backend/logs/app_20260527_145141.log')}
2026-05-27 15:00:47,388 - watchfiles.main - DEBUG - 1 change detected: {(<Change.modified: 2>, '/workspace/app/backend/logs/app_20260527_145141.log')}
2026-05-27 15:00:47,739 - watchfiles.main - DEBUG - 1 change detected: {(<Change.modified: 2>, '/workspace/app/backend/logs/app_20260527_145141.log')}
2026-05-27 15:00:48,090 - watchfiles.main - DEBUG - 1 change detected: {(<Change.modified: 2>, '/workspace/app/backend/logs/app_20260527_145141.log')}
2026-05-27 15:00:48,441 - watchfiles.main - DEBUG - 1 change detected: {(<Change.modified: 2>, '/workspace/app/backend/logs/app_20260527_145141.log')}
2026-05-27 15:00:48,791 - watchfiles.main - DEBUG - 1 change detected: {(<Change.modified: 2>, '/workspace/app/backend/logs/app_20260527_145141.log')}
2026-05-27 15:00:49,143 - watchfiles.main - DEBUG - 1 change detected: {(<Change.modified: 2>, '/workspace/app/backend/logs/app_20260527_145141.log')}
2026-05-27 15:00:49,494 - watchfiles.main - DEBUG - 1 change detected: {(<Change.modified: 2>, '/workspace/app/backend/logs/app_20260527_145141.log')}
2026-05-27 15:00:49,845 - watchfiles.main - DEBUG - 1 change detected: {(<Change.modified: 2>, '/workspace/app/backend/logs/app_20260527_145141.log')}
2026-05-27 15:00:50,196 - watchfiles.main - DEBUG - 1 change detected: {(<Change.modified: 2>, '/workspace/app/backend/logs/app_20260527_145141.log')}
2026-05-27 15:00:50,547 - watchfiles.main - DEBUG - 1 change detected: {(<Change.modified: 2>, '/workspace/app/backend/logs/app_20260527_145141.log')}
2026-05-27 15:00:50,898 - watchfiles.main - DEBUG - 1 change detected: {(<Change.modified: 2>, '/workspace/app/backend/logs/app_20260527_145141.log')}
2026-05-27 15:00:51,249 - watchfiles.main - DEBUG - 1 change detected: {(<Change.modified: 2>, '/workspace/app/backend/logs/app_20260527_145141.log')}
2026-05-27 15:00:51,600 - watchfiles.main - DEBUG - 1 change detected: {(<Change.modified: 2>, '/workspace/app/backend/logs/app_20260527_145141.log')}
2026-05-27 15:00:51,951 - watchfiles.main - DEBUG - 1 change detected: {(<Change.modified: 2>, '/workspace/app/backend/logs/app_20260527_145141.log')}
2026-05-27 15:00:52,303 - watchfiles.main - DEBUG - 1 change detected: {(<Change.modified: 2>, '/workspace/app/backend/logs/app_20260527_145141.log')}
2026-05-27 15:00:52,654 - watchfiles.main - DEBUG - 1 change detected: {(<Change.modified: 2>, '/workspace/app/backend/logs/app_20260527_145141.log')}
2026-05-27 15:00:53,004 - watchfiles.main - DEBUG - 1 change detected: {(<Change.modified: 2>, '/workspace/app/backend/logs/app_20260527_145141.log')}
2026-05-27 15:00:53,355 - watchfiles.main - DEBUG - 1 change detected: {(<Change.modified: 2>, '/workspace/app/backend/logs/app_20260527_145141.log')}
2026-05-27 15:00:53,706 - watchfiles.main - DEBUG - 1 change detected: {(<Change.modified: 2>, '/workspace/app/backend/logs/app_20260527_145141.log')}
2026-05-27 15:00:54,057 - watchfiles.main - DEBUG - 1 change detected: {(<Change.modified: 2>, '/workspace/app/backend/logs/app_20260527_145141.log')}
2026-05-27 15:00:54,408 - watchfiles.main - DEBUG - 1 change detected: {(<Change.modified: 2>, '/workspace/app/backend/logs/app_20260527_145141.log')}
2026-05-27 15:00:54,759 - watchfiles.main - DEBUG - 1 change detected: {(<Change.modified: 2>, '/workspace/app/backend/logs/app_20260527_145141.log')}
2026-05-27 15:00:55,110 - watchfiles.main - DEBUG - 1 change detected: {(<Change.modified: 2>, '/workspace/app/backend/logs/app_20260527_145141.log')}
2026-05-27 15:00:55,461 - watchfiles.main - DEBUG - 1 change detected: {(<Change.modified: 2>, '/workspace/app/backend/logs/app_20260527_145141.log')}
2026-05-27 15:00:55,812 - watchfiles.main - DEBUG - 1 change detected: {(<Change.modified: 2>, '/workspace/app/backend/logs/app_20260527_145141.log')}
2026-05-27 15:00:56,163 - watchfiles.main - DEBUG - 1 change detected: {(<Change.modified: 2>, '/workspace/app/backend/logs/app_20260527_145141.log')}
2026-05-27 15:00:56,514 - watchfiles.main - DEBUG - 1 change detected: {(<Change.modified: 2>, '/workspace/app/backend/logs/app_20260527_145141.log')}
2026-05-27 15:00:56,865 - watchfiles.main - DEBUG - 1 change detected: {(<Change.modified: 2>, '/workspace/app/backend/logs/app_20260527_145141.log')}
2026-05-27 15:00:57,216 - watchfiles.main - DEBUG - 1 change detected: {(<Change.modified: 2>, '/workspace/app/backend/logs/app_20260527_145141.log')}
2026-05-27 15:00:57,567 - watchfiles.main - DEBUG - 1 change detected: {(<Change.modified: 2>, '/workspace/app/backend/logs/app_20260527_145141.log')}
2026-05-27 15:00:57,918 - watchfiles.main - DEBUG - 1 change detected: {(<Change.modified: 2>, '/workspace/app/backend/logs/app_20260527_145141.log')}
2026-05-27 15:00:58,269 - watchfiles.main - DEBUG - 1 change detected: {(<Change.modified: 2>, '/workspace/app/backend/logs/app_20260527_145141.log')}
2026-05-27 15:00:58,621 - watchfiles.main - DEBUG - 1 change detected: {(<Change.modified: 2>, '/workspace/app/backend/logs/app_20260527_145141.log')}
2026-05-27 15:00:58,971 - watchfiles.main - DEBUG - 1 change detected: {(<Change.modified: 2>, '/workspace/app/backend/logs/app_20260527_145141.log')}
2026-05-27 15:00:59,322 - watchfiles.main - DEBUG - 1 change detected: {(<Change.modified: 2>, '/workspace/app/backend/logs/app_20260527_145141.log')}
2026-05-27 15:00:59,674 - watchfiles.main - DEBUG - 1 change detected: {(<Change.modified: 2>, '/workspace/app/backend/logs/app_20260527_145141.log')}
2026-05-27 15:01:00,025 - watchfiles.main - DEBUG - 1 change detected: {(<Change.modified: 2>, '/workspace/app/backend/logs/app_20260527_145141.log')}
2026-05-27 15:01:00,376 - watchfiles.main - DEBUG - 1 change detected: {(<Change.modified: 2>, '/workspace/app/backend/logs/app_20260527_145141.log')}
2026-05-27 15:01:00,727 - watchfiles.main - DEBUG - 1 change detected: {(<Change.modified: 2>, '/workspace/app/backend/logs/app_20260527_145141.log')}
2026-05-27 15:01:01,077 - watchfiles.main - DEBUG - 1 change detected: {(<Change.modified: 2>, '/workspace/app/backend/logs/app_20260527_145141.log')}
2026-05-27 15:01:01,428 - watchfiles.main - DEBUG - 1 change detected: {(<Change.modified: 2>, '/workspace/app/backend/logs/app_20260527_145141.log')}
2026-05-27 15:01:01,779 - watchfiles.main - DEBUG - 1 change detected: {(<Change.modified: 2>, '/workspace/app/backend/logs/app_20260527_145141.log')}
2026-05-27 15:01:02,130 - watchfiles.main - DEBUG - 1 change detected: {(<Change.modified: 2>, '/workspace/app/backend/logs/app_20260527_145141.log')}
2026-05-27 15:01:02,481 - watchfiles.main - DEBUG - 1 change detected: {(<Change.modified: 2>, '/workspace/app/backend/logs/app_20260527_145141.log')}
2026-05-27 15:01:02,833 - watchfiles.main - DEBUG - 1 change detected: {(<Change.modified: 2>, '/workspace/app/backend/logs/app_20260527_145141.log')}
2026-05-27 15:01:03,183 - watchfiles.main - DEBUG - 1 change detected: {(<Change.modified: 2>, '/workspace/app/backend/logs/app_20260527_145141.log')}
2026-05-27 15:01:03,535 - watchfiles.main - DEBUG - 1 change detected: {(<Change.modified: 2>, '/workspace/app/backend/logs/app_20260527_145141.log')}
2026-05-27 15:01:03,886 - watchfiles.main - DEBUG - 1 change detected: {(<Change.modified: 2>, '/workspace/app/backend/logs/app_20260527_145141.log')}
2026-05-27 15:01:04,237 - watchfiles.main - DEBUG - 1 change detected: {(<Change.modified: 2>, '/workspace/app/backend/logs/app_20260527_145141.log')}
2026-05-27 15:01:04,588 - watchfiles.main - DEBUG - 1 change detected: {(<Change.modified: 2>, '/workspace/app/backend/logs/app_20260527_145141.log')}
2026-05-27 15:01:04,940 - watchfiles.main - DEBUG - 1 change detected: {(<Change.modified: 2>, '/workspace/app/backend/logs/app_20260527_145141.log')}
2026-05-27 15:01:05,291 - watchfiles.main - DEBUG - 1 change detected: {(<Change.modified: 2>, '/workspace/app/backend/logs/app_20260527_145141.log')}
2026-05-27 15:01:05,642 - watchfiles.main - DEBUG - 1 change detected: {(<Change.modified: 2>, '/workspace/app/backend/logs/app_20260527_145141.log')}
2026-05-27 15:01:05,993 - watchfiles.main - DEBUG - 1 change detected: {(<Change.modified: 2>, '/workspace/app/backend/logs/app_20260527_145141.log')}
2026-05-27 15:01:06,344 - watchfiles.main - DEBUG - 1 change detected: {(<Change.modified: 2>, '/workspace/app/backend/logs/app_20260527_145141.log')}
2026-05-27 15:01:06,695 - watchfiles.main - DEBUG - 1 change detected: {(<Change.modified: 2>, '/workspace/app/backend/logs/app_20260527_145141.log')}
2026-05-27 15:01:07,046 - watchfiles.main - DEBUG - 1 change detected: {(<Change.modified: 2>, '/workspace/app/backend/logs/app_20260527_145141.log')}
2026-05-27 15:01:07,397 - watchfiles.main - DEBUG - 1 change detected: {(<Change.modified: 2>, '/workspace/app/backend/logs/app_20260527_145141.log')}
2026-05-27 15:01:07,748 - watchfiles.main - DEBUG - 1 change detected: {(<Change.modified: 2>, '/workspace/app/backend/logs/app_20260527_145141.log')}
2026-05-27 15:01:08,099 - watchfiles.main - DEBUG - 1 change detected: {(<Change.modified: 2>, '/workspace/app/backend/logs/app_20260527_145141.log')}
2026-05-27 15:01:08,450 - watchfiles.main - DEBUG - 1 change detected: {(<Change.modified: 2>, '/workspace/app/backend/logs/app_20260527_145141.log')}
2026-05-27 15:01:08,801 - watchfiles.main - DEBUG - 1 change detected: {(<Change.modified: 2>, '/workspace/app/backend/logs/app_20260527_145141.log')}
2026-05-27 15:01:09,152 - watchfiles.main - DEBUG - 1 change detected: {(<Change.modified: 2>, '/workspace/app/backend/logs/app_20260527_145141.log')}
2026-05-27 15:01:09,503 - watchfiles.main - DEBUG - 1 change detected: {(<Change.modified: 2>, '/workspace/app/backend/logs/app_20260527_145141.log')}
2026-05-27 15:01:09,854 - watchfiles.main - DEBUG - 1 change detected: {(<Change.modified: 2>, '/workspace/app/backend/logs/app_20260527_145141.log')}
2026-05-27 15:01:10,205 - watchfiles.main - DEBUG - 1 change detected: {(<Change.modified: 2>, '/workspace/app/backend/logs/app_20260527_145141.log')}
2026-05-27 15:01:10,556 - watchfiles.main - DEBUG - 1 change detected: {(<Change.modified: 2>, '/workspace/app/backend/logs/app_20260527_145141.log')}
2026-05-27 15:01:10,907 - watchfiles.main - DEBUG - 1 change detected: {(<Change.modified: 2>, '/workspace/app/backend/logs/app_20260527_145141.log')}
2026-05-27 15:01:11,258 - watchfiles.main - DEBUG - 1 change detected: {(<Change.modified: 2>, '/workspace/app/backend/logs/app_20260527_145141.log')}
2026-05-27 15:01:11,609 - watchfiles.main - DEBUG - 1 change detected: {(<Change.modified: 2>, '/workspace/app/backend/logs/app_20260527_145141.log')}
2026-05-27 15:01:11,960 - watchfiles.main - DEBUG - 1 change detected: {(<Change.modified: 2>, '/workspace/app/backend/logs/app_20260527_145141.log')}
2026-05-27 15:01:12,311 - watchfiles.main - DEBUG - 1 change detected: {(<Change.modified: 2>, '/workspace/app/backend/logs/app_20260527_145141.log')}
2026-05-27 15:01:12,661 - watchfiles.main - DEBUG - 1 change detected: {(<Change.modified: 2>, '/workspace/app/backend/logs/app_20260527_145141.log')}
2026-05-27 15:01:13,012 - watchfiles.main - DEBUG - 1 change detected: {(<Change.modified: 2>, '/workspace/app/backend/logs/app_20260527_145141.log')}
2026-05-27 15:01:13,363 - watchfiles.main - DEBUG - 1 change detected: {(<Change.modified: 2>, '/workspace/app/backend/logs/app_20260527_145141.log')}
2026-05-27 15:01:13,714 - watchfiles.main - DEBUG - 1 change detected: {(<Change.modified: 2>, '/workspace/app/backend/logs/app_20260527_145141.log')}
2026-05-27 15:01:14,065 - watchfiles.main - DEBUG - 1 change detected: {(<Change.modified: 2>, '/workspace/app/backend/logs/app_20260527_145141.log')}
2026-05-27 15:01:14,416 - watchfiles.main - DEBUG - 1 change detected: {(<Change.modified: 2>, '/workspace/app/backend/logs/app_20260527_145141.log')}
2026-05-27 15:01:14,767 - watchfiles.main - DEBUG - 1 change detected: {(<Change.modified: 2>, '/workspace/app/backend/logs/app_20260527_145141.log')}
2026-05-27 15:01:15,118 - watchfiles.main - DEBUG - 1 change detected: {(<Change.modified: 2>, '/workspace/app/backend/logs/app_20260527_145141.log')}
2026-05-27 15:01:15,469 - watchfiles.main - DEBUG - 1 change detected: {(<Change.modified: 2>, '/workspace/app/backend/logs/app_20260527_145141.log')}
2026-05-27 15:01:15,820 - watchfiles.main - DEBUG - 1 change detected: {(<Change.modified: 2>, '/workspace/app/backend/logs/app_20260527_145141.log')}
2026-05-27 15:01:16,171 - watchfiles.main - DEBUG - 1 change detected: {(<Change.modified: 2>, '/workspace/app/backend/logs/app_20260527_145141.log')}
2026-05-27 15:01:16,522 - watchfiles.main - DEBUG - 1 change detected: {(<Change.modified: 2>, '/workspace/app/backend/logs/app_20260527_145141.log')}
2026-05-27 15:01:16,873 - watchfiles.main - DEBUG - 1 change detected: {(<Change.modified: 2>, '/workspace/app/backend/logs/app_20260527_145141.log')}
2026-05-27 15:01:17,224 - watchfiles.main - DEBUG - 1 change detected: {(<Change.modified: 2>, '/workspace/app/backend/logs/app_20260527_145141.log')}
2026-05-27 15:01:17,576 - watchfiles.main - DEBUG - 1 change detected: {(<Change.modified: 2>, '/workspace/app/backend/logs/app_20260527_145141.log')}
2026-05-27 15:01:17,927 - watchfiles.main - DEBUG - 1 change detected: {(<Change.modified: 2>, '/workspace/app/backend/logs/app_20260527_145141.log')}
2026-05-27 15:01:18,278 - watchfiles.main - DEBUG - 1 change detected: {(<Change.modified: 2>, '/workspace/app/backend/logs/app_20260527_145141.log')}
2026-05-27 15:01:18,629 - watchfiles.main - DEBUG - 1 change detected: {(<Change.modified: 2>, '/workspace/app/backend/logs/app_20260527_145141.log')}
2026-05-27 15:01:18,979 - watchfiles.main - DEBUG - 1 change detected: {(<Change.modified: 2>, '/workspace/app/backend/logs/app_20260527_145141.log')}
2026-05-27 15:01:19,330 - watchfiles.main - DEBUG - 1 change detected: {(<Change.modified: 2>, '/workspace/app/backend/logs/app_20260527_145141.log')}
2026-05-27 15:01:19,682 - watchfiles.main - DEBUG - 1 change detected: {(<Change.modified: 2>, '/workspace/app/backend/logs/app_20260527_145141.log')}
2026-05-27 15:01:20,033 - watchfiles.main - DEBUG - 1 change detected: {(<Change.modified: 2>, '/workspace/app/backend/logs/app_20260527_145141.log')}
2026-05-27 15:01:20,384 - watchfiles.main - DEBUG - 1 change detected: {(<Change.modified: 2>, '/workspace/app/backend/logs/app_20260527_145141.log')}
2026-05-27 15:01:20,735 - watchfiles.main - DEBUG - 1 change detected: {(<Change.modified: 2>, '/workspace/app/backend/logs/app_20260527_145141.log')}
2026-05-27 15:01:21,086 - watchfiles.main - DEBUG - 1 change detected: {(<Change.modified: 2>, '/workspace/app/backend/logs/app_20260527_145141.log')}
2026-05-27 15:01:21,437 - watchfiles.main - DEBUG - 1 change detected: {(<Change.modified: 2>, '/workspace/app/backend/logs/app_20260527_145141.log')}
2026-05-27 15:01:21,788 - watchfiles.main - DEBUG - 1 change detected: {(<Change.modified: 2>, '/workspace/app/backend/logs/app_20260527_145141.log')}
2026-05-27 15:01:22,139 - watchfiles.main - DEBUG - 1 change detected: {(<Change.modified: 2>, '/workspace/app/backend/logs/app_20260527_145141.log')}
2026-05-27 15:01:22,490 - watchfiles.main - DEBUG - 1 change detected: {(<Change.modified: 2>, '/workspace/app/backend/logs/app_20260527_145141.log')}
2026-05-27 15:01:22,841 - watchfiles.main - DEBUG - 1 change detected: {(<Change.modified: 2>, '/workspace/app/backend/logs/app_20260527_145141.log')}
2026-05-27 15:01:23,192 - watchfiles.main - DEBUG - 1 change detected: {(<Change.modified: 2>, '/workspace/app/backend/logs/app_20260527_145141.log')}
2026-05-27 15:01:23,543 - watchfiles.main - DEBUG - 1 change detected: {(<Change.modified: 2>, '/workspace/app/backend/logs/app_20260527_145141.log')}
2026-05-27 15:01:23,894 - watchfiles.main - DEBUG - 1 change detected: {(<Change.modified: 2>, '/workspace/app/backend/logs/app_20260527_145141.log')}
2026-05-27 15:01:24,245 - watchfiles.main - DEBUG - 1 change detected: {(<Change.modified: 2>, '/workspace/app/backend/logs/app_20260527_145141.log')}
2026-05-27 15:01:24,596 - watchfiles.main - DEBUG - 1 change detected: {(<Change.modified: 2>, '/workspace/app/backend/logs/app_20260527_145141.log')}
2026-05-27 15:01:24,947 - watchfiles.main - DEBUG - 1 change detected: {(<Change.modified: 2>, '/workspace/app/backend/logs/app_20260527_145141.log')}
2026-05-27 15:01:25,298 - watchfiles.main - DEBUG - 1 change detected: {(<Change.modified: 2>, '/workspace/app/backend/logs/app_20260527_145141.log')}
2026-05-27 15:01:25,649 - watchfiles.main - DEBUG - 1 change detected: {(<Change.modified: 2>, '/workspace/app/backend/logs/app_20260527_145141.log')}
2026-05-27 15:01:26,000 - watchfiles.main - DEBUG - 1 change detected: {(<Change.modified: 2>, '/workspace/app/backend/logs/app_20260527_145141.log')}
2026-05-27 15:01:26,351 - watchfiles.main - DEBUG - 1 change detected: {(<Change.modified: 2>, '/workspace/app/backend/logs/app_20260527_145141.log')}
2026-05-27 15:01:26,702 - watchfiles.main - DEBUG - 1 change detected: {(<Change.modified: 2>, '/workspace/app/backend/logs/app_20260527_145141.log')}
2026-05-27 15:01:27,053 - watchfiles.main - DEBUG - 1 change detected: {(<Change.modified: 2>, '/workspace/app/backend/logs/app_20260527_145141.log')}
2026-05-27 15:01:27,404 - watchfiles.main - DEBUG - 1 change detected: {(<Change.modified: 2>, '/workspace/app/backend/logs/app_20260527_145141.log')}
2026-05-27 15:01:27,755 - watchfiles.main - DEBUG - 1 change detected: {(<Change.modified: 2>, '/workspace/app/backend/logs/app_20260527_145141.log')}
2026-05-27 15:01:28,107 - watchfiles.main - DEBUG - 1 change detected: {(<Change.modified: 2>, '/workspace/app/backend/logs/app_20260527_145141.log')}
2026-05-27 15:01:28,458 - watchfiles.main - DEBUG - 1 change detected: {(<Change.modified: 2>, '/workspace/app/backend/logs/app_20260527_145141.log')}
2026-05-27 15:01:28,808 - watchfiles.main - DEBUG - 1 change detected: {(<Change.modified: 2>, '/workspace/app/backend/logs/app_20260527_145141.log')}
2026-05-27 15:01:29,160 - watchfiles.main - DEBUG - 1 change detected: {(<Change.modified: 2>, '/workspace/app/backend/logs/app_20260527_145141.log')}
2026-05-27 15:01:29,511 - watchfiles.main - DEBUG - 1 change detected: {(<Change.modified: 2>, '/workspace/app/backend/logs/app_20260527_145141.log')}
2026-05-27 15:01:29,862 - watchfiles.main - DEBUG - 1 change detected: {(<Change.modified: 2>, '/workspace/app/backend/logs/app_20260527_145141.log')}
2026-05-27 15:01:30,213 - watchfiles.main - DEBUG - 1 change detected: {(<Change.modified: 2>, '/workspace/app/backend/logs/app_20260527_145141.log')}
2026-05-27 15:01:30,563 - watchfiles.main - DEBUG - 1 change detected: {(<Change.modified: 2>, '/workspace/app/backend/logs/app_20260527_145141.log')}
2026-05-27 15:01:30,914 - watchfiles.main - DEBUG - 1 change detected: {(<Change.modified: 2>, '/workspace/app/backend/logs/app_20260527_145141.log')}
2026-05-27 15:01:31,266 - watchfiles.main - DEBUG - 1 change detected: {(<Change.modified: 2>, '/workspace/app/backend/logs/app_20260527_145141.log')}
2026-05-27 15:01:31,616 - watchfiles.main - DEBUG - 1 change detected: {(<Change.modified: 2>, '/workspace/app/backend/logs/app_20260527_145141.log')}
2026-05-27 15:01:31,967 - watchfiles.main - DEBUG - 1 change detected: {(<Change.modified: 2>, '/workspace/app/backend/logs/app_20260527_145141.log')}
2026-05-27 15:01:32,318 - watchfiles.main - DEBUG - 1 change detected: {(<Change.modified: 2>, '/workspace/app/backend/logs/app_20260527_145141.log')}
2026-05-27 15:01:32,669 - watchfiles.main - DEBUG - 1 change detected: {(<Change.modified: 2>, '/workspace/app/backend/logs/app_20260527_145141.log')}
2026-05-27 15:01:33,021 - watchfiles.main - DEBUG - 1 change detected: {(<Change.modified: 2>, '/workspace/app/backend/logs/app_20260527_145141.log')}
2026-05-27 15:01:33,372 - watchfiles.main - DEBUG - 1 change detected: {(<Change.modified: 2>, '/workspace/app/backend/logs/app_20260527_145141.log')}
2026-05-27 15:01:33,723 - watchfiles.main - DEBUG - 1 change detected: {(<Change.modified: 2>, '/workspace/app/backend/logs/app_20260527_145141.log')}
2026-05-27 15:01:34,074 - watchfiles.main - DEBUG - 1 change detected: {(<Change.modified: 2>, '/workspace/app/backend/logs/app_20260527_145141.log')}
2026-05-27 15:01:34,425 - watchfiles.main - DEBUG - 1 change detected: {(<Change.modified: 2>, '/workspace/app/backend/logs/app_20260527_145141.log')}
2026-05-27 15:01:34,776 - watchfiles.main - DEBUG - 1 change detected: {(<Change.modified: 2>, '/workspace/app/backend/logs/app_20260527_145141.log')}
2026-05-27 15:01:35,127 - watchfiles.main - DEBUG - 1 change detected: {(<Change.modified: 2>, '/workspace/app/backend/logs/app_20260527_145141.log')}
2026-05-27 15:01:35,478 - watchfiles.main - DEBUG - 1 change detected: {(<Change.modified: 2>, '/workspace/app/backend/logs/app_20260527_145141.log')}
2026-05-27 15:01:35,829 - watchfiles.main - DEBUG - 1 change detected: {(<Change.modified: 2>, '/workspace/app/backend/logs/app_20260527_145141.log')}
2026-05-27 15:01:36,180 - watchfiles.main - DEBUG - 1 change detected: {(<Change.modified: 2>, '/workspace/app/backend/logs/app_20260527_145141.log')}
2026-05-27 15:01:36,531 - watchfiles.main - DEBUG - 1 change detected: {(<Change.modified: 2>, '/workspace/app/backend/logs/app_20260527_145141.log')}
2026-05-27 15:01:36,882 - watchfiles.main - DEBUG - 1 change detected: {(<Change.modified: 2>, '/workspace/app/backend/logs/app_20260527_145141.log')}
2026-05-27 15:01:37,234 - watchfiles.main - DEBUG - 1 change detected: {(<Change.modified: 2>, '/workspace/app/backend/logs/app_20260527_145141.log')}
2026-05-27 15:01:37,585 - watchfiles.main - DEBUG - 1 change detected: {(<Change.modified: 2>, '/workspace/app/backend/logs/app_20260527_145141.log')}
2026-05-27 15:01:37,935 - watchfiles.main - DEBUG - 1 change detected: {(<Change.modified: 2>, '/workspace/app/backend/logs/app_20260527_145141.log')}
2026-05-27 15:01:38,286 - watchfiles.main - DEBUG - 1 change detected: {(<Change.modified: 2>, '/workspace/app/backend/logs/app_20260527_145141.log')}
2026-05-27 15:01:38,638 - watchfiles.main - DEBUG - 1 change detected: {(<Change.modified: 2>, '/workspace/app/backend/logs/app_20260527_145141.log')}
2026-05-27 15:01:38,989 - watchfiles.main - DEBUG - 1 change detected: {(<Change.modified: 2>, '/workspace/app/backend/logs/app_20260527_145141.log')}
2026-05-27 15:01:39,340 - watchfiles.main - DEBUG - 1 change detected: {(<Change.modified: 2>, '/workspace/app/backend/logs/app_20260527_145141.log')}
2026-05-27 15:01:39,691 - watchfiles.main - DEBUG - 1 change detected: {(<Change.modified: 2>, '/workspace/app/backend/logs/app_20260527_145141.log')}
2026-05-27 15:01:40,042 - watchfiles.main - DEBUG - 1 change detected: {(<Change.modified: 2>, '/workspace/app/backend/logs/app_20260527_145141.log')}
2026-05-27 15:01:40,392 - watchfiles.main - DEBUG - 1 change detected: {(<Change.modified: 2>, '/workspace/app/backend/logs/app_20260527_145141.log')}
2026-05-27 15:01:40,743 - watchfiles.main - DEBUG - 1 change detected: {(<Change.modified: 2>, '/workspace/app/backend/logs/app_20260527_145141.log')}
2026-05-27 15:01:41,094 - watchfiles.main - DEBUG - 1 change detected: {(<Change.modified: 2>, '/workspace/app/backend/logs/app_20260527_145141.log')}
2026-05-27 15:01:41,445 - watchfiles.main - DEBUG - 1 change detected: {(<Change.modified: 2>, '/workspace/app/backend/logs/app_20260527_145141.log')}
2026-05-27 15:01:41,796 - watchfiles.main - DEBUG - 1 change detected: {(<Change.modified: 2>, '/workspace/app/backend/logs/app_20260527_145141.log')}
2026-05-27 15:01:42,147 - watchfiles.main - DEBUG - 1 change detected: {(<Change.modified: 2>, '/workspace/app/backend/logs/app_20260527_145141.log')}
2026-05-27 15:01:42,498 - watchfiles.main - DEBUG - 1 change detected: {(<Change.modified: 2>, '/workspace/app/backend/logs/app_20260527_145141.log')}
2026-05-27 15:01:42,849 - watchfiles.main - DEBUG - 1 change detected: {(<Change.modified: 2>, '/workspace/app/backend/logs/app_20260527_145141.log')}
2026-05-27 15:01:43,200 - watchfiles.main - DEBUG - 1 change detected: {(<Change.modified: 2>, '/workspace/app/backend/logs/app_20260527_145141.log')}
2026-05-27 15:01:43,551 - watchfiles.main - DEBUG - 1 change detected: {(<Change.modified: 2>, '/workspace/app/backend/logs/app_20260527_145141.log')}
2026-05-27 15:01:43,902 - watchfiles.main - DEBUG - 1 change detected: {(<Change.modified: 2>, '/workspace/app/backend/logs/app_20260527_145141.log')}
2026-05-27 15:01:44,253 - watchfiles.main - DEBUG - 1 change detected: {(<Change.modified: 2>, '/workspace/app/backend/logs/app_20260527_145141.log')}
2026-05-27 15:01:44,604 - watchfiles.main - DEBUG - 1 change detected: {(<Change.modified: 2>, '/workspace/app/backend/logs/app_20260527_145141.log')}
2026-05-27 15:01:44,954 - watchfiles.main - DEBUG - 1 change detected: {(<Change.modified: 2>, '/workspace/app/backend/logs/app_20260527_145141.log')}
2026-05-27 15:01:45,306 - watchfiles.main - DEBUG - 1 change detected: {(<Change.modified: 2>, '/workspace/app/backend/logs/app_20260527_145141.log')}
2026-05-27 15:01:45,656 - watchfiles.main - DEBUG - 1 change detected: {(<Change.modified: 2>, '/workspace/app/backend/logs/app_20260527_145141.log')}
2026-05-27 15:01:46,007 - watchfiles.main - DEBUG - 1 change detected: {(<Change.modified: 2>, '/workspace/app/backend/logs/app_20260527_145141.log')}
2026-05-27 15:01:46,369 - watchfiles.main - DEBUG - 1 change detected: {(<Change.modified: 2>, '/workspace/app/backend/logs/app_20260527_145141.log')}
2026-05-27 15:01:46,720 - watchfiles.main - DEBUG - 1 change detected: {(<Change.modified: 2>, '/workspace/app/backend/logs/app_20260527_145141.log')}
2026-05-27 15:01:47,071 - watchfiles.main - DEBUG - 1 change detected: {(<Change.modified: 2>, '/workspace/app/backend/logs/app_20260527_145141.log')}
2026-05-27 15:01:47,422 - watchfiles.main - DEBUG - 1 change detected: {(<Change.modified: 2>, '/workspace/app/backend/logs/app_20260527_145141.log')}
2026-05-27 15:01:47,773 - watchfiles.main - DEBUG - 1 change detected: {(<Change.modified: 2>, '/workspace/app/backend/logs/app_20260527_145141.log')}
2026-05-27 15:01:48,124 - watchfiles.main - DEBUG - 1 change detected: {(<Change.modified: 2>, '/workspace/app/backend/logs/app_20260527_145141.log')}
2026-05-27 15:01:48,475 - watchfiles.main - DEBUG - 1 change detected: {(<Change.modified: 2>, '/workspace/app/backend/logs/app_20260527_145141.log')}
2026-05-27 15:01:48,826 - watchfiles.main - DEBUG - 1 change detected: {(<Change.modified: 2>, '/workspace/app/backend/logs/app_20260527_145141.log')}
2026-05-27 15:01:49,177 - watchfiles.main - DEBUG - 1 change detected: {(<Change.modified: 2>, '/workspace/app/backend/logs/app_20260527_145141.log')}
2026-05-27 15:01:49,528 - watchfiles.main - DEBUG - 1 change detected: {(<Change.modified: 2>, '/workspace/app/backend/logs/app_20260527_145141.log')}
2026-05-27 15:01:49,879 - watchfiles.main - DEBUG - 1 change detected: {(<Change.modified: 2>, '/workspace/app/backend/logs/app_20260527_145141.log')}
2026-05-27 15:01:50,230 - watchfiles.main - DEBUG - 1 change detected: {(<Change.modified: 2>, '/workspace/app/backend/logs/app_20260527_145141.log')}
2026-05-27 15:01:50,581 - watchfiles.main - DEBUG - 1 change detected: {(<Change.modified: 2>, '/workspace/app/backend/logs/app_20260527_145141.log')}
2026-05-27 15:01:50,932 - watchfiles.main - DEBUG - 1 change detected: {(<Change.modified: 2>, '/workspace/app/backend/logs/app_20260527_145141.log')}
2026-05-27 15:01:51,282 - watchfiles.main - DEBUG - 1 change detected: {(<Change.modified: 2>, '/workspace/app/backend/logs/app_20260527_145141.log')}
2026-05-27 15:01:51,633 - watchfiles.main - DEBUG - 1 change detected: {(<Change.modified: 2>, '/workspace/app/backend/logs/app_20260527_145141.log')}
2026-05-27 15:01:51,984 - watchfiles.main - DEBUG - 1 change detected: {(<Change.modified: 2>, '/workspace/app/backend/logs/app_20260527_145141.log')}
2026-05-27 15:01:52,336 - watchfiles.main - DEBUG - 1 change detected: {(<Change.modified: 2>, '/workspace/app/backend/logs/app_20260527_145141.log')}
2026-05-27 15:01:52,686 - watchfiles.main - DEBUG - 1 change detected: {(<Change.modified: 2>, '/workspace/app/backend/logs/app_20260527_145141.log')}
2026-05-27 15:01:53,037 - watchfiles.main - DEBUG - 1 change detected: {(<Change.modified: 2>, '/workspace/app/backend/logs/app_20260527_145141.log')}
2026-05-27 15:01:53,389 - watchfiles.main - DEBUG - 1 change detected: {(<Change.modified: 2>, '/workspace/app/backend/logs/app_20260527_145141.log')}
2026-05-27 15:01:53,740 - watchfiles.main - DEBUG - 1 change detected: {(<Change.modified: 2>, '/workspace/app/backend/logs/app_20260527_145141.log')}
2026-05-27 15:01:54,091 - watchfiles.main - DEBUG - 1 change detected: {(<Change.modified: 2>, '/workspace/app/backend/logs/app_20260527_145141.log')}
2026-05-27 15:01:54,442 - watchfiles.main - DEBUG - 1 change detected: {(<Change.modified: 2>, '/workspace/app/backend/logs/app_20260527_145141.log')}
2026-05-27 15:01:54,793 - watchfiles.main - DEBUG - 1 change detected: {(<Change.modified: 2>, '/workspace/app/backend/logs/app_20260527_145141.log')}
2026-05-27 15:01:55,144 - watchfiles.main - DEBUG - 1 change detected: {(<Change.modified: 2>, '/workspace/app/backend/logs/app_20260527_145141.log')}
2026-05-27 15:01:55,495 - watchfiles.main - DEBUG - 1 change detected: {(<Change.modified: 2>, '/workspace/app/backend/logs/app_20260527_145141.log')}
2026-05-27 15:01:55,846 - watchfiles.main - DEBUG - 1 change detected: {(<Change.modified: 2>, '/workspace/app/backend/logs/app_20260527_145141.log')}
2026-05-27 15:01:56,197 - watchfiles.main - DEBUG - 1 change detected: {(<Change.modified: 2>, '/workspace/app/backend/logs/app_20260527_145141.log')}
2026-05-27 15:01:56,548 - watchfiles.main - DEBUG - 1 change detected: {(<Change.modified: 2>, '/workspace/app/backend/logs/app_20260527_145141.log')}
2026-05-27 15:01:56,899 - watchfiles.main - DEBUG - 1 change detected: {(<Change.modified: 2>, '/workspace/app/backend/logs/app_20260527_145141.log')}
2026-05-27 15:01:57,250 - watchfiles.main - DEBUG - 1 change detected: {(<Change.modified: 2>, '/workspace/app/backend/logs/app_20260527_145141.log')}
2026-05-27 15:01:57,601 - watchfiles.main - DEBUG - 1 change detected: {(<Change.modified: 2>, '/workspace/app/backend/logs/app_20260527_145141.log')}
2026-05-27 15:01:57,952 - watchfiles.main - DEBUG - 1 change detected: {(<Change.modified: 2>, '/workspace/app/backend/logs/app_20260527_145141.log')}
2026-05-27 15:01:58,303 - watchfiles.main - DEBUG - 1 change detected: {(<Change.modified: 2>, '/workspace/app/backend/logs/app_20260527_145141.log')}
2026-05-27 15:01:58,654 - watchfiles.main - DEBUG - 1 change detected: {(<Change.modified: 2>, '/workspace/app/backend/logs/app_20260527_145141.log')}
2026-05-27 15:01:59,005 - watchfiles.main - DEBUG - 1 change detected: {(<Change.modified: 2>, '/workspace/app/backend/logs/app_20260527_145141.log')}
2026-05-27 15:01:59,356 - watchfiles.main - DEBUG - 1 change detected: {(<Change.modified: 2>, '/workspace/app/backend/logs/app_20260527_145141.log')}
2026-05-27 15:01:59,707 - watchfiles.main - DEBUG - 1 change detected: {(<Change.modified: 2>, '/workspace/app/backend/logs/app_20260527_145141.log')}
2026-05-27 15:02:00,058 - watchfiles.main - DEBUG - 1 change detected: {(<Change.modified: 2>, '/workspace/app/backend/logs/app_20260527_145141.log')}
2026-05-27 15:02:00,409 - watchfiles.main - DEBUG - 1 change detected: {(<Change.modified: 2>, '/workspace/app/backend/logs/app_20260527_145141.log')}
2026-05-27 15:02:00,761 - watchfiles.main - DEBUG - 1 change detected: {(<Change.modified: 2>, '/workspace/app/backend/logs/app_20260527_145141.log')}
2026-05-27 15:02:01,111 - watchfiles.main - DEBUG - 1 change detected: {(<Change.modified: 2>, '/workspace/app/backend/logs/app_20260527_145141.log')}
2026-05-27 15:02:01,462 - watchfiles.main - DEBUG - 1 change detected: {(<Change.modified: 2>, '/workspace/app/backend/logs/app_20260527_145141.log')}
2026-05-27 15:02:01,814 - watchfiles.main - DEBUG - 1 change detected: {(<Change.modified: 2>, '/workspace/app/backend/logs/app_20260527_145141.log')}
2026-05-27 15:02:02,165 - watchfiles.main - DEBUG - 1 change detected: {(<Change.modified: 2>, '/workspace/app/backend/logs/app_20260527_145141.log')}
2026-05-27 15:02:02,516 - watchfiles.main - DEBUG - 1 change detected: {(<Change.modified: 2>, '/workspace/app/backend/logs/app_20260527_145141.log')}
2026-05-27 15:02:02,867 - watchfiles.main - DEBUG - 1 change detected: {(<Change.modified: 2>, '/workspace/app/backend/logs/app_20260527_145141.log')}
2026-05-27 15:02:03,218 - watchfiles.main - DEBUG - 1 change detected: {(<Change.modified: 2>, '/workspace/app/backend/logs/app_20260527_145141.log')}
2026-05-27 15:02:03,569 - watchfiles.main - DEBUG - 1 change detected: {(<Change.modified: 2>, '/workspace/app/backend/logs/app_20260527_145141.log')}
2026-05-27 15:02:03,920 - watchfiles.main - DEBUG - 1 change detected: {(<Change.modified: 2>, '/workspace/app/backend/logs/app_20260527_145141.log')}
2026-05-27 15:02:04,272 - watchfiles.main - DEBUG - 1 change detected: {(<Change.modified: 2>, '/workspace/app/backend/logs/app_20260527_145141.log')}
2026-05-27 15:02:04,626 - watchfiles.main - DEBUG - 1 change detected: {(<Change.modified: 2>, '/workspace/app/backend/logs/app_20260527_145141.log')}
2026-05-27 15:02:04,977 - watchfiles.main - DEBUG - 1 change detected: {(<Change.modified: 2>, '/workspace/app/backend/logs/app_20260527_145141.log')}
2026-05-27 15:02:05,328 - watchfiles.main - DEBUG - 1 change detected: {(<Change.modified: 2>, '/workspace/app/backend/logs/app_20260527_145141.log')}
2026-05-27 15:02:05,679 - watchfiles.main - DEBUG - 1 change detected: {(<Change.modified: 2>, '/workspace/app/backend/logs/app_20260527_145141.log')}
2026-05-27 15:02:06,030 - watchfiles.main - DEBUG - 1 change detected: {(<Change.modified: 2>, '/workspace/app/backend/logs/app_20260527_145141.log')}
2026-05-27 15:02:06,381 - watchfiles.main - DEBUG - 1 change detected: {(<Change.modified: 2>, '/workspace/app/backend/logs/app_20260527_145141.log')}
2026-05-27 15:02:06,732 - watchfiles.main - DEBUG - 1 change detected: {(<Change.modified: 2>, '/workspace/app/backend/logs/app_20260527_145141.log')}
2026-05-27 15:02:07,083 - watchfiles.main - DEBUG - 1 change detected: {(<Change.modified: 2>, '/workspace/app/backend/logs/app_20260527_145141.log')}
2026-05-27 15:02:07,435 - watchfiles.main - DEBUG - 1 change detected: {(<Change.modified: 2>, '/workspace/app/backend/logs/app_20260527_145141.log')}
2026-05-27 15:02:07,785 - watchfiles.main - DEBUG - 1 change detected: {(<Change.modified: 2>, '/workspace/app/backend/logs/app_20260527_145141.log')}
2026-05-27 15:02:08,136 - watchfiles.main - DEBUG - 1 change detected: {(<Change.modified: 2>, '/workspace/app/backend/logs/app_20260527_145141.log')}
2026-05-27 15:02:08,487 - watchfiles.main - DEBUG - 1 change detected: {(<Change.modified: 2>, '/workspace/app/backend/logs/app_20260527_145141.log')}
2026-05-27 15:02:08,838 - watchfiles.main - DEBUG - 1 change detected: {(<Change.modified: 2>, '/workspace/app/backend/logs/app_20260527_145141.log')}
2026-05-27 15:02:09,189 - watchfiles.main - DEBUG - 1 change detected: {(<Change.modified: 2>, '/workspace/app/backend/logs/app_20260527_145141.log')}
2026-05-27 15:02:09,541 - watchfiles.main - DEBUG - 1 change detected: {(<Change.modified: 2>, '/workspace/app/backend/logs/app_20260527_145141.log')}
2026-05-27 15:02:09,892 - watchfiles.main - DEBUG - 1 change detected: {(<Change.modified: 2>, '/workspace/app/backend/logs/app_20260527_145141.log')}
2026-05-27 15:02:10,243 - watchfiles.main - DEBUG - 1 change detected: {(<Change.modified: 2>, '/workspace/app/backend/logs/app_20260527_145141.log')}
2026-05-27 15:02:10,594 - watchfiles.main - DEBUG - 1 change detected: {(<Change.modified: 2>, '/workspace/app/backend/logs/app_20260527_145141.log')}
2026-05-27 15:02:10,945 - watchfiles.main - DEBUG - 1 change detected: {(<Change.modified: 2>, '/workspace/app/backend/logs/app_20260527_145141.log')}
2026-05-27 15:02:11,296 - watchfiles.main - DEBUG - 1 change detected: {(<Change.modified: 2>, '/workspace/app/backend/logs/app_20260527_145141.log')}
2026-05-27 15:02:11,647 - watchfiles.main - DEBUG - 1 change detected: {(<Change.modified: 2>, '/workspace/app/backend/logs/app_20260527_145141.log')}
2026-05-27 15:02:11,998 - watchfiles.main - DEBUG - 1 change detected: {(<Change.modified: 2>, '/workspace/app/backend/logs/app_20260527_145141.log')}
2026-05-27 15:02:12,350 - watchfiles.main - DEBUG - 1 change detected: {(<Change.modified: 2>, '/workspace/app/backend/logs/app_20260527_145141.log')}
2026-05-27 15:02:12,701 - watchfiles.main - DEBUG - 1 change detected: {(<Change.modified: 2>, '/workspace/app/backend/logs/app_20260527_145141.log')}
2026-05-27 15:02:13,053 - watchfiles.main - DEBUG - 1 change detected: {(<Change.modified: 2>, '/workspace/app/backend/logs/app_20260527_145141.log')}
2026-05-27 15:02:13,404 - watchfiles.main - DEBUG - 1 change detected: {(<Change.modified: 2>, '/workspace/app/backend/logs/app_20260527_145141.log')}
2026-05-27 15:02:13,755 - watchfiles.main - DEBUG - 1 change detected: {(<Change.modified: 2>, '/workspace/app/backend/logs/app_20260527_145141.log')}
2026-05-27 15:02:14,106 - watchfiles.main - DEBUG - 1 change detected: {(<Change.modified: 2>, '/workspace/app/backend/logs/app_20260527_145141.log')}
2026-05-27 15:02:14,457 - watchfiles.main - DEBUG - 1 change detected: {(<Change.modified: 2>, '/workspace/app/backend/logs/app_20260527_145141.log')}
2026-05-27 15:02:14,808 - watchfiles.main - DEBUG - 1 change detected: {(<Change.modified: 2>, '/workspace/app/backend/logs/app_20260527_145141.log')}
2026-05-27 15:02:15,159 - watchfiles.main - DEBUG - 1 change detected: {(<Change.modified: 2>, '/workspace/app/backend/logs/app_20260527_145141.log')}
2026-05-27 15:02:15,510 - watchfiles.main - DEBUG - 1 change detected: {(<Change.modified: 2>, '/workspace/app/backend/logs/app_20260527_145141.log')}
2026-05-27 15:02:15,861 - watchfiles.main - DEBUG - 1 change detected: {(<Change.modified: 2>, '/workspace/app/backend/logs/app_20260527_145141.log')}
2026-05-27 15:02:16,213 - watchfiles.main - DEBUG - 1 change detected: {(<Change.modified: 2>, '/workspace/app/backend/logs/app_20260527_145141.log')}
2026-05-27 15:02:16,564 - watchfiles.main - DEBUG - 1 change detected: {(<Change.modified: 2>, '/workspace/app/backend/logs/app_20260527_145141.log')}
2026-05-27 15:02:16,915 - watchfiles.main - DEBUG - 1 change detected: {(<Change.modified: 2>, '/workspace/app/backend/logs/app_20260527_145141.log')}
2026-05-27 15:02:17,266 - watchfiles.main - DEBUG - 1 change detected: {(<Change.modified: 2>, '/workspace/app/backend/logs/app_20260527_145141.log')}
2026-05-27 15:02:17,617 - watchfiles.main - DEBUG - 1 change detected: {(<Change.modified: 2>, '/workspace/app/backend/logs/app_20260527_145141.log')}
2026-05-27 15:02:17,968 - watchfiles.main - DEBUG - 1 change detected: {(<Change.modified: 2>, '/workspace/app/backend/logs/app_20260527_145141.log')}
2026-05-27 15:02:18,319 - watchfiles.main - DEBUG - 1 change detected: {(<Change.modified: 2>, '/workspace/app/backend/logs/app_20260527_145141.log')}
2026-05-27 15:02:18,670 - watchfiles.main - DEBUG - 1 change detected: {(<Change.modified: 2>, '/workspace/app/backend/logs/app_20260527_145141.log')}
2026-05-27 15:02:19,021 - watchfiles.main - DEBUG - 1 change detected: {(<Change.modified: 2>, '/workspace/app/backend/logs/app_20260527_145141.log')}
2026-05-27 15:02:19,372 - watchfiles.main - DEBUG - 1 change detected: {(<Change.modified: 2>, '/workspace/app/backend/logs/app_20260527_145141.log')}
2026-05-27 15:02:19,723 - watchfiles.main - DEBUG - 1 change detected: {(<Change.modified: 2>, '/workspace/app/backend/logs/app_20260527_145141.log')}
2026-05-27 15:02:20,074 - watchfiles.main - DEBUG - 1 change detected: {(<Change.modified: 2>, '/workspace/app/backend/logs/app_20260527_145141.log')}
2026-05-27 15:02:20,425 - watchfiles.main - DEBUG - 1 change detected: {(<Change.modified: 2>, '/workspace/app/backend/logs/app_20260527_145141.log')}
2026-05-27 15:02:20,776 - watchfiles.main - DEBUG - 1 change detected: {(<Change.modified: 2>, '/workspace/app/backend/logs/app_20260527_145141.log')}
2026-05-27 15:02:21,126 - watchfiles.main - DEBUG - 1 change detected: {(<Change.modified: 2>, '/workspace/app/backend/logs/app_20260527_145141.log')}
2026-05-27 15:02:21,477 - watchfiles.main - DEBUG - 1 change detected: {(<Change.modified: 2>, '/workspace/app/backend/logs/app_20260527_145141.log')}
2026-05-27 15:02:21,829 - watchfiles.main - DEBUG - 1 change detected: {(<Change.modified: 2>, '/workspace/app/backend/logs/app_20260527_145141.log')}
2026-05-27 15:02:22,180 - watchfiles.main - DEBUG - 1 change detected: {(<Change.modified: 2>, '/workspace/app/backend/logs/app_20260527_145141.log')}
2026-05-27 15:02:22,532 - watchfiles.main - DEBUG - 1 change detected: {(<Change.modified: 2>, '/workspace/app/backend/logs/app_20260527_145141.log')}
2026-05-27 15:02:22,883 - watchfiles.main - DEBUG - 1 change detected: {(<Change.modified: 2>, '/workspace/app/backend/logs/app_20260527_145141.log')}
2026-05-27 15:02:23,233 - watchfiles.main - DEBUG - 1 change detected: {(<Change.modified: 2>, '/workspace/app/backend/logs/app_20260527_145141.log')}
2026-05-27 15:02:23,584 - watchfiles.main - DEBUG - 1 change detected: {(<Change.modified: 2>, '/workspace/app/backend/logs/app_20260527_145141.log')}
2026-05-27 15:02:23,935 - watchfiles.main - DEBUG - 1 change detected: {(<Change.modified: 2>, '/workspace/app/backend/logs/app_20260527_145141.log')}
2026-05-27 15:02:24,287 - watchfiles.main - DEBUG - 1 change detected: {(<Change.modified: 2>, '/workspace/app/backend/logs/app_20260527_145141.log')}
2026-05-27 15:02:24,638 - watchfiles.main - DEBUG - 1 change detected: {(<Change.modified: 2>, '/workspace/app/backend/logs/app_20260527_145141.log')}
2026-05-27 15:02:24,989 - watchfiles.main - DEBUG - 1 change detected: {(<Change.modified: 2>, '/workspace/app/backend/logs/app_20260527_145141.log')}
2026-05-27 15:02:25,340 - watchfiles.main - DEBUG - 1 change detected: {(<Change.modified: 2>, '/workspace/app/backend/logs/app_20260527_145141.log')}
2026-05-27 15:02:25,691 - watchfiles.main - DEBUG - 1 change detected: {(<Change.modified: 2>, '/workspace/app/backend/logs/app_20260527_145141.log')}
2026-05-27 15:02:26,042 - watchfiles.main - DEBUG - 1 change detected: {(<Change.modified: 2>, '/workspace/app/backend/logs/app_20260527_145141.log')}
2026-05-27 15:02:26,393 - watchfiles.main - DEBUG - 1 change detected: {(<Change.modified: 2>, '/workspace/app/backend/logs/app_20260527_145141.log')}
2026-05-27 15:02:26,744 - watchfiles.main - DEBUG - 1 change detected: {(<Change.modified: 2>, '/workspace/app/backend/logs/app_20260527_145141.log')}
2026-05-27 15:02:27,095 - watchfiles.main - DEBUG - 1 change detected: {(<Change.modified: 2>, '/workspace/app/backend/logs/app_20260527_145141.log')}
2026-05-27 15:02:27,447 - watchfiles.main - DEBUG - 1 change detected: {(<Change.modified: 2>, '/workspace/app/backend/logs/app_20260527_145141.log')}
2026-05-27 15:02:27,797 - watchfiles.main - DEBUG - 1 change detected: {(<Change.modified: 2>, '/workspace/app/backend/logs/app_20260527_145141.log')}
2026-05-27 15:02:28,148 - watchfiles.main - DEBUG - 1 change detected: {(<Change.modified: 2>, '/workspace/app/backend/logs/app_20260527_145141.log')}
2026-05-27 15:02:28,499 - watchfiles.main - DEBUG - 1 change detected: {(<Change.modified: 2>, '/workspace/app/backend/logs/app_20260527_145141.log')}
2026-05-27 15:02:28,850 - watchfiles.main - DEBUG - 1 change detected: {(<Change.modified: 2>, '/workspace/app/backend/logs/app_20260527_145141.log')}
2026-05-27 15:02:29,201 - watchfiles.main - DEBUG - 1 change detected: {(<Change.modified: 2>, '/workspace/app/backend/logs/app_20260527_145141.log')}
2026-05-27 15:02:29,552 - watchfiles.main - DEBUG - 1 change detected: {(<Change.modified: 2>, '/workspace/app/backend/logs/app_20260527_145141.log')}
2026-05-27 15:02:29,904 - watchfiles.main - DEBUG - 1 change detected: {(<Change.modified: 2>, '/workspace/app/backend/logs/app_20260527_145141.log')}
2026-05-27 15:02:30,255 - watchfiles.main - DEBUG - 1 change detected: {(<Change.modified: 2>, '/workspace/app/backend/logs/app_20260527_145141.log')}
2026-05-27 15:02:30,606 - watchfiles.main - DEBUG - 1 change detected: {(<Change.modified: 2>, '/workspace/app/backend/logs/app_20260527_145141.log')}
2026-05-27 15:02:30,957 - watchfiles.main - DEBUG - 1 change detected: {(<Change.modified: 2>, '/workspace/app/backend/logs/app_20260527_145141.log')}
2026-05-27 15:02:31,308 - watchfiles.main - DEBUG - 1 change detected: {(<Change.modified: 2>, '/workspace/app/backend/logs/app_20260527_145141.log')}
2026-05-27 15:02:31,660 - watchfiles.main - DEBUG - 1 change detected: {(<Change.modified: 2>, '/workspace/app/backend/logs/app_20260527_145141.log')}
2026-05-27 15:02:32,011 - watchfiles.main - DEBUG - 1 change detected: {(<Change.modified: 2>, '/workspace/app/backend/logs/app_20260527_145141.log')}
2026-05-27 15:02:32,362 - watchfiles.main - DEBUG - 1 change detected: {(<Change.modified: 2>, '/workspace/app/backend/logs/app_20260527_145141.log')}
2026-05-27 15:02:32,713 - watchfiles.main - DEBUG - 1 change detected: {(<Change.modified: 2>, '/workspace/app/backend/logs/app_20260527_145141.log')}
2026-05-27 15:02:33,064 - watchfiles.main - DEBUG - 1 change detected: {(<Change.modified: 2>, '/workspace/app/backend/logs/app_20260527_145141.log')}
2026-05-27 15:02:33,415 - watchfiles.main - DEBUG - 1 change detected: {(<Change.modified: 2>, '/workspace/app/backend/logs/app_20260527_145141.log')}
2026-05-27 15:02:33,766 - watchfiles.main - DEBUG - 1 change detected: {(<Change.modified: 2>, '/workspace/app/backend/logs/app_20260527_145141.log')}
2026-05-27 15:02:34,117 - watchfiles.main - DEBUG - 1 change detected: {(<Change.modified: 2>, '/workspace/app/backend/logs/app_20260527_145141.log')}
2026-05-27 15:02:34,468 - watchfiles.main - DEBUG - 1 change detected: {(<Change.modified: 2>, '/workspace/app/backend/logs/app_20260527_145141.log')}
2026-05-27 15:02:34,819 - watchfiles.main - DEBUG - 1 change detected: {(<Change.modified: 2>, '/workspace/app/backend/logs/app_20260527_145141.log')}
2026-05-27 15:02:35,171 - watchfiles.main - DEBUG - 1 change detected: {(<Change.modified: 2>, '/workspace/app/backend/logs/app_20260527_145141.log')}
2026-05-27 15:02:35,522 - watchfiles.main - DEBUG - 1 change detected: {(<Change.modified: 2>, '/workspace/app/backend/logs/app_20260527_145141.log')}
2026-05-27 15:02:35,873 - watchfiles.main - DEBUG - 1 change detected: {(<Change.modified: 2>, '/workspace/app/backend/logs/app_20260527_145141.log')}
2026-05-27 15:02:36,224 - watchfiles.main - DEBUG - 1 change detected: {(<Change.modified: 2>, '/workspace/app/backend/logs/app_20260527_145141.log')}
2026-05-27 15:02:36,575 - watchfiles.main - DEBUG - 1 change detected: {(<Change.modified: 2>, '/workspace/app/backend/logs/app_20260527_145141.log')}
2026-05-27 15:02:36,926 - watchfiles.main - DEBUG - 1 change detected: {(<Change.modified: 2>, '/workspace/app/backend/logs/app_20260527_145141.log')}
2026-05-27 15:02:37,277 - watchfiles.main - DEBUG - 1 change detected: {(<Change.modified: 2>, '/workspace/app/backend/logs/app_20260527_145141.log')}
2026-05-27 15:02:37,628 - watchfiles.main - DEBUG - 1 change detected: {(<Change.modified: 2>, '/workspace/app/backend/logs/app_20260527_145141.log')}
2026-05-27 15:02:37,979 - watchfiles.main - DEBUG - 1 change detected: {(<Change.modified: 2>, '/workspace/app/backend/logs/app_20260527_145141.log')}
2026-05-27 15:02:38,330 - watchfiles.main - DEBUG - 1 change detected: {(<Change.modified: 2>, '/workspace/app/backend/logs/app_20260527_145141.log')}
2026-05-27 15:02:38,681 - watchfiles.main - DEBUG - 1 change detected: {(<Change.modified: 2>, '/workspace/app/backend/logs/app_20260527_145141.log')}
2026-05-27 15:02:39,032 - watchfiles.main - DEBUG - 1 change detected: {(<Change.modified: 2>, '/workspace/app/backend/logs/app_20260527_145141.log')}
2026-05-27 15:02:39,383 - watchfiles.main - DEBUG - 1 change detected: {(<Change.modified: 2>, '/workspace/app/backend/logs/app_20260527_145141.log')}
2026-05-27 15:02:39,733 - watchfiles.main - DEBUG - 1 change detected: {(<Change.modified: 2>, '/workspace/app/backend/logs/app_20260527_145141.log')}
2026-05-27 15:02:40,084 - watchfiles.main - DEBUG - 1 change detected: {(<Change.modified: 2>, '/workspace/app/backend/logs/app_20260527_145141.log')}
2026-05-27 15:02:40,435 - watchfiles.main - DEBUG - 1 change detected: {(<Change.modified: 2>, '/workspace/app/backend/logs/app_20260527_145141.log')}
2026-05-27 15:02:40,787 - watchfiles.main - DEBUG - 1 change detected: {(<Change.modified: 2>, '/workspace/app/backend/logs/app_20260527_145141.log')}
2026-05-27 15:02:41,137 - watchfiles.main - DEBUG - 1 change detected: {(<Change.modified: 2>, '/workspace/app/backend/logs/app_20260527_145141.log')}
2026-05-27 15:02:41,489 - watchfiles.main - DEBUG - 1 change detected: {(<Change.modified: 2>, '/workspace/app/backend/logs/app_20260527_145141.log')}
2026-05-27 15:02:41,839 - watchfiles.main - DEBUG - 1 change detected: {(<Change.modified: 2>, '/workspace/app/backend/logs/app_20260527_145141.log')}
2026-05-27 15:02:42,190 - watchfiles.main - DEBUG - 1 change detected: {(<Change.modified: 2>, '/workspace/app/backend/logs/app_20260527_145141.log')}
2026-05-27 15:02:42,541 - watchfiles.main - DEBUG - 1 change detected: {(<Change.modified: 2>, '/workspace/app/backend/logs/app_20260527_145141.log')}
2026-05-27 15:02:42,892 - watchfiles.main - DEBUG - 1 change detected: {(<Change.modified: 2>, '/workspace/app/backend/logs/app_20260527_145141.log')}
2026-05-27 15:02:43,243 - watchfiles.main - DEBUG - 1 change detected: {(<Change.modified: 2>, '/workspace/app/backend/logs/app_20260527_145141.log')}
2026-05-27 15:02:43,594 - watchfiles.main - DEBUG - 1 change detected: {(<Change.modified: 2>, '/workspace/app/backend/logs/app_20260527_145141.log')}
2026-05-27 15:02:43,945 - watchfiles.main - DEBUG - 1 change detected: {(<Change.modified: 2>, '/workspace/app/backend/logs/app_20260527_145141.log')}
2026-05-27 15:02:44,297 - watchfiles.main - DEBUG - 1 change detected: {(<Change.modified: 2>, '/workspace/app/backend/logs/app_20260527_145141.log')}
2026-05-27 15:02:44,648 - watchfiles.main - DEBUG - 1 change detected: {(<Change.modified: 2>, '/workspace/app/backend/logs/app_20260527_145141.log')}
2026-05-27 15:02:44,999 - watchfiles.main - DEBUG - 1 change detected: {(<Change.modified: 2>, '/workspace/app/backend/logs/app_20260527_145141.log')}
2026-05-27 15:02:45,350 - watchfiles.main - DEBUG - 1 change detected: {(<Change.modified: 2>, '/workspace/app/backend/logs/app_20260527_145141.log')}
2026-05-27 15:02:45,701 - watchfiles.main - DEBUG - 1 change detected: {(<Change.modified: 2>, '/workspace/app/backend/logs/app_20260527_145141.log')}
2026-05-27 15:02:46,052 - watchfiles.main - DEBUG - 1 change detected: {(<Change.modified: 2>, '/workspace/app/backend/logs/app_20260527_145141.log')}
2026-05-27 15:02:46,403 - watchfiles.main - DEBUG - 1 change detected: {(<Change.modified: 2>, '/workspace/app/backend/logs/app_20260527_145141.log')}
2026-05-27 15:02:46,754 - watchfiles.main - DEBUG - 1 change detected: {(<Change.modified: 2>, '/workspace/app/backend/logs/app_20260527_145141.log')}
2026-05-27 15:02:47,105 - watchfiles.main - DEBUG - 1 change detected: {(<Change.modified: 2>, '/workspace/app/backend/logs/app_20260527_145141.log')}
2026-05-27 15:02:47,456 - watchfiles.main - DEBUG - 1 change detected: {(<Change.modified: 2>, '/workspace/app/backend/logs/app_20260527_145141.log')}
2026-05-27 15:02:47,807 - watchfiles.main - DEBUG - 1 change detected: {(<Change.modified: 2>, '/workspace/app/backend/logs/app_20260527_145141.log')}
2026-05-27 15:02:48,158 - watchfiles.main - DEBUG - 1 change detected: {(<Change.modified: 2>, '/workspace/app/backend/logs/app_20260527_145141.log')}
2026-05-27 15:02:48,509 - watchfiles.main - DEBUG - 1 change detected: {(<Change.modified: 2>, '/workspace/app/backend/logs/app_20260527_145141.log')}
2026-05-27 15:02:48,860 - watchfiles.main - DEBUG - 1 change detected: {(<Change.modified: 2>, '/workspace/app/backend/logs/app_20260527_145141.log')}
2026-05-27 15:02:49,211 - watchfiles.main - DEBUG - 1 change detected: {(<Change.modified: 2>, '/workspace/app/backend/logs/app_20260527_145141.log')}
2026-05-27 15:02:49,562 - watchfiles.main - DEBUG - 1 change detected: {(<Change.modified: 2>, '/workspace/app/backend/logs/app_20260527_145141.log')}
2026-05-27 15:02:49,913 - watchfiles.main - DEBUG - 1 change detected: {(<Change.modified: 2>, '/workspace/app/backend/logs/app_20260527_145141.log')}
2026-05-27 15:02:50,264 - watchfiles.main - DEBUG - 1 change detected: {(<Change.modified: 2>, '/workspace/app/backend/logs/app_20260527_145141.log')}
2026-05-27 15:02:50,615 - watchfiles.main - DEBUG - 1 change detected: {(<Change.modified: 2>, '/workspace/app/backend/logs/app_20260527_145141.log')}
2026-05-27 15:02:50,966 - watchfiles.main - DEBUG - 1 change detected: {(<Change.modified: 2>, '/workspace/app/backend/logs/app_20260527_145141.log')}
2026-05-27 15:02:51,317 - watchfiles.main - DEBUG - 1 change detected: {(<Change.modified: 2>, '/workspace/app/backend/logs/app_20260527_145141.log')}
2026-05-27 15:02:51,669 - watchfiles.main - DEBUG - 1 change detected: {(<Change.modified: 2>, '/workspace/app/backend/logs/app_20260527_145141.log')}
2026-05-27 15:02:52,021 - watchfiles.main - DEBUG - 1 change detected: {(<Change.modified: 2>, '/workspace/app/backend/logs/app_20260527_145141.log')}
2026-05-27 15:02:52,372 - watchfiles.main - DEBUG - 1 change detected: {(<Change.modified: 2>, '/workspace/app/backend/logs/app_20260527_145141.log')}
2026-05-27 15:02:52,723 - watchfiles.main - DEBUG - 2 changes detected: {(<Change.modified: 2>, '/workspace/app/backend/logs/app_20260527_145141.log'), (<Change.modified: 2>, '/workspace/app/backend/logs/app_20260527_145143.log')}
2026-05-27 15:02:53,074 - watchfiles.main - DEBUG - 1 change detected: {(<Change.modified: 2>, '/workspace/app/backend/logs/app_20260527_145141.log')}
2026-05-27 15:02:53,425 - watchfiles.main - DEBUG - 2 changes detected: {(<Change.modified: 2>, '/workspace/app/backend/logs/app_20260527_145141.log'), (<Change.modified: 2>, '/workspace/app/backend/logs/app_20260527_145143.log')}
2026-05-27 15:02:53,776 - watchfiles.main - DEBUG - 2 changes detected: {(<Change.modified: 2>, '/workspace/app/backend/logs/app_20260527_145141.log'), (<Change.modified: 2>, '/workspace/app/backend/logs/app_20260527_145143.log')}
2026-05-27 15:02:54,127 - watchfiles.main - DEBUG - 1 change detected: {(<Change.modified: 2>, '/workspace/app/backend/logs/app_20260527_145141.log')}
2026-05-27 15:02:54,478 - watchfiles.main - DEBUG - 1 change detected: {(<Change.modified: 2>, '/workspace/app/backend/logs/app_20260527_145141.log')}
2026-05-27 15:02:54,829 - watchfiles.main - DEBUG - 1 change detected: {(<Change.modified: 2>, '/workspace/app/backend/logs/app_20260527_145141.log')}
2026-05-27 15:02:55,180 - watchfiles.main - DEBUG - 1 change detected: {(<Change.modified: 2>, '/workspace/app/backend/logs/app_20260527_145141.log')}
2026-05-27 15:02:55,531 - watchfiles.main - DEBUG - 1 change detected: {(<Change.modified: 2>, '/workspace/app/backend/logs/app_20260527_145141.log')}
2026-05-27 15:02:55,882 - watchfiles.main - DEBUG - 1 change detected: {(<Change.modified: 2>, '/workspace/app/backend/logs/app_20260527_145141.log')}
2026-05-27 15:02:56,233 - watchfiles.main - DEBUG - 1 change detected: {(<Change.modified: 2>, '/workspace/app/backend/logs/app_20260527_145141.log')}
2026-05-27 15:02:56,584 - watchfiles.main - DEBUG - 1 change detected: {(<Change.modified: 2>, '/workspace/app/backend/logs/app_20260527_145141.log')}
2026-05-27 15:02:56,935 - watchfiles.main - DEBUG - 1 change detected: {(<Change.modified: 2>, '/workspace/app/backend/logs/app_20260527_145141.log')}
2026-05-27 15:02:57,286 - watchfiles.main - DEBUG - 1 change detected: {(<Change.modified: 2>, '/workspace/app/backend/logs/app_20260527_145141.log')}
2026-05-27 15:02:57,637 - watchfiles.main - DEBUG - 1 change detected: {(<Change.modified: 2>, '/workspace/app/backend/logs/app_20260527_145141.log')}
2026-05-27 15:02:57,988 - watchfiles.main - DEBUG - 1 change detected: {(<Change.modified: 2>, '/workspace/app/backend/logs/app_20260527_145141.log')}
2026-05-27 15:02:58,339 - watchfiles.main - DEBUG - 1 change detected: {(<Change.modified: 2>, '/workspace/app/backend/logs/app_20260527_145141.log')}
2026-05-27 15:02:58,690 - watchfiles.main - DEBUG - 1 change detected: {(<Change.modified: 2>, '/workspace/app/backend/logs/app_20260527_145141.log')}
2026-05-27 15:02:59,041 - watchfiles.main - DEBUG - 1 change detected: {(<Change.modified: 2>, '/workspace/app/backend/logs/app_20260527_145141.log')}
2026-05-27 15:02:59,392 - watchfiles.main - DEBUG - 1 change detected: {(<Change.modified: 2>, '/workspace/app/backend/logs/app_20260527_145141.log')}
2026-05-27 15:02:59,743 - watchfiles.main - DEBUG - 1 change detected: {(<Change.modified: 2>, '/workspace/app/backend/logs/app_20260527_145141.log')}
2026-05-27 15:03:00,094 - watchfiles.main - DEBUG - 1 change detected: {(<Change.modified: 2>, '/workspace/app/backend/logs/app_20260527_145141.log')}
2026-05-27 15:03:00,445 - watchfiles.main - DEBUG - 1 change detected: {(<Change.modified: 2>, '/workspace/app/backend/logs/app_20260527_145141.log')}
2026-05-27 15:03:00,796 - watchfiles.main - DEBUG - 1 change detected: {(<Change.modified: 2>, '/workspace/app/backend/logs/app_20260527_145141.log')}
2026-05-27 15:03:01,147 - watchfiles.main - DEBUG - 1 change detected: {(<Change.modified: 2>, '/workspace/app/backend/logs/app_20260527_145141.log')}
2026-05-27 15:03:01,498 - watchfiles.main - DEBUG - 1 change detected: {(<Change.modified: 2>, '/workspace/app/backend/logs/app_20260527_145141.log')}
2026-05-27 15:03:01,849 - watchfiles.main - DEBUG - 1 change detected: {(<Change.modified: 2>, '/workspace/app/backend/logs/app_20260527_145141.log')}
2026-05-27 15:03:02,200 - watchfiles.main - DEBUG - 1 change detected: {(<Change.modified: 2>, '/workspace/app/backend/logs/app_20260527_145141.log')}
2026-05-27 15:03:02,551 - watchfiles.main - DEBUG - 1 change detected: {(<Change.modified: 2>, '/workspace/app/backend/logs/app_20260527_145141.log')}
2026-05-27 15:03:02,902 - watchfiles.main - DEBUG - 1 change detected: {(<Change.modified: 2>, '/workspace/app/backend/logs/app_20260527_145141.log')}
2026-05-27 15:03:03,253 - watchfiles.main - DEBUG - 1 change detected: {(<Change.modified: 2>, '/workspace/app/backend/logs/app_20260527_145141.log')}
2026-05-27 15:03:03,604 - watchfiles.main - DEBUG - 1 change detected: {(<Change.modified: 2>, '/workspace/app/backend/logs/app_20260527_145141.log')}
2026-05-27 15:03:03,955 - watchfiles.main - DEBUG - 1 change detected: {(<Change.modified: 2>, '/workspace/app/backend/logs/app_20260527_145141.log')}
2026-05-27 15:03:04,306 - watchfiles.main - DEBUG - 1 change detected: {(<Change.modified: 2>, '/workspace/app/backend/logs/app_20260527_145141.log')}
2026-05-27 15:03:04,658 - watchfiles.main - DEBUG - 1 change detected: {(<Change.modified: 2>, '/workspace/app/backend/logs/app_20260527_145141.log')}
2026-05-27 15:03:05,009 - watchfiles.main - DEBUG - 1 change detected: {(<Change.modified: 2>, '/workspace/app/backend/logs/app_20260527_145141.log')}
2026-05-27 15:03:05,360 - watchfiles.main - DEBUG - 1 change detected: {(<Change.modified: 2>, '/workspace/app/backend/logs/app_20260527_145141.log')}
2026-05-27 15:03:05,711 - watchfiles.main - DEBUG - 1 change detected: {(<Change.modified: 2>, '/workspace/app/backend/logs/app_20260527_145141.log')}
2026-05-27 15:03:06,063 - watchfiles.main - DEBUG - 1 change detected: {(<Change.modified: 2>, '/workspace/app/backend/logs/app_20260527_145141.log')}
2026-05-27 15:03:06,414 - watchfiles.main - DEBUG - 1 change detected: {(<Change.modified: 2>, '/workspace/app/backend/logs/app_20260527_145141.log')}
2026-05-27 15:03:06,765 - watchfiles.main - DEBUG - 1 change detected: {(<Change.modified: 2>, '/workspace/app/backend/logs/app_20260527_145141.log')}
2026-05-27 15:03:07,116 - watchfiles.main - DEBUG - 1 change detected: {(<Change.modified: 2>, '/workspace/app/backend/logs/app_20260527_145141.log')}
2026-05-27 15:03:07,467 - watchfiles.main - DEBUG - 1 change detected: {(<Change.modified: 2>, '/workspace/app/backend/logs/app_20260527_145141.log')}
2026-05-27 15:03:07,818 - watchfiles.main - DEBUG - 1 change detected: {(<Change.modified: 2>, '/workspace/app/backend/logs/app_20260527_145141.log')}
2026-05-27 15:03:08,169 - watchfiles.main - DEBUG - 1 change detected: {(<Change.modified: 2>, '/workspace/app/backend/logs/app_20260527_145141.log')}
2026-05-27 15:03:08,520 - watchfiles.main - DEBUG - 1 change detected: {(<Change.modified: 2>, '/workspace/app/backend/logs/app_20260527_145141.log')}
2026-05-27 15:03:08,871 - watchfiles.main - DEBUG - 1 change detected: {(<Change.modified: 2>, '/workspace/app/backend/logs/app_20260527_145141.log')}
2026-05-27 15:03:09,222 - watchfiles.main - DEBUG - 1 change detected: {(<Change.modified: 2>, '/workspace/app/backend/logs/app_20260527_145141.log')}
2026-05-27 15:03:09,573 - watchfiles.main - DEBUG - 1 change detected: {(<Change.modified: 2>, '/workspace/app/backend/logs/app_20260527_145141.log')}
2026-05-27 15:03:09,924 - watchfiles.main - DEBUG - 1 change detected: {(<Change.modified: 2>, '/workspace/app/backend/logs/app_20260527_145141.log')}
2026-05-27 15:03:10,275 - watchfiles.main - DEBUG - 1 change detected: {(<Change.modified: 2>, '/workspace/app/backend/logs/app_20260527_145141.log')}
2026-05-27 15:03:10,626 - watchfiles.main - DEBUG - 1 change detected: {(<Change.modified: 2>, '/workspace/app/backend/logs/app_20260527_145141.log')}
2026-05-27 15:03:10,977 - watchfiles.main - DEBUG - 1 change detected: {(<Change.modified: 2>, '/workspace/app/backend/logs/app_20260527_145141.log')}
2026-05-27 15:03:11,328 - watchfiles.main - DEBUG - 1 change detected: {(<Change.modified: 2>, '/workspace/app/backend/logs/app_20260527_145141.log')}
2026-05-27 15:03:11,679 - watchfiles.main - DEBUG - 1 change detected: {(<Change.modified: 2>, '/workspace/app/backend/logs/app_20260527_145141.log')}
2026-05-27 15:03:12,030 - watchfiles.main - DEBUG - 1 change detected: {(<Change.modified: 2>, '/workspace/app/backend/logs/app_20260527_145141.log')}
2026-05-27 15:03:12,381 - watchfiles.main - DEBUG - 1 change detected: {(<Change.modified: 2>, '/workspace/app/backend/logs/app_20260527_145141.log')}
2026-05-27 15:03:12,732 - watchfiles.main - DEBUG - 1 change detected: {(<Change.modified: 2>, '/workspace/app/backend/logs/app_20260527_145141.log')}
2026-05-27 15:03:13,083 - watchfiles.main - DEBUG - 1 change detected: {(<Change.modified: 2>, '/workspace/app/backend/logs/app_20260527_145141.log')}
2026-05-27 15:03:13,434 - watchfiles.main - DEBUG - 1 change detected: {(<Change.modified: 2>, '/workspace/app/backend/logs/app_20260527_145141.log')}
2026-05-27 15:03:13,785 - watchfiles.main - DEBUG - 1 change detected: {(<Change.modified: 2>, '/workspace/app/backend/logs/app_20260527_145141.log')}
2026-05-27 15:03:14,137 - watchfiles.main - DEBUG - 1 change detected: {(<Change.modified: 2>, '/workspace/app/backend/logs/app_20260527_145141.log')}
2026-05-27 15:03:14,488 - watchfiles.main - DEBUG - 1 change detected: {(<Change.modified: 2>, '/workspace/app/backend/logs/app_20260527_145141.log')}
2026-05-27 15:03:14,839 - watchfiles.main - DEBUG - 1 change detected: {(<Change.modified: 2>, '/workspace/app/backend/logs/app_20260527_145141.log')}
2026-05-27 15:03:15,189 - watchfiles.main - DEBUG - 1 change detected: {(<Change.modified: 2>, '/workspace/app/backend/logs/app_20260527_145141.log')}
2026-05-27 15:03:15,541 - watchfiles.main - DEBUG - 1 change detected: {(<Change.modified: 2>, '/workspace/app/backend/logs/app_20260527_145141.log')}
2026-05-27 15:03:15,891 - watchfiles.main - DEBUG - 1 change detected: {(<Change.modified: 2>, '/workspace/app/backend/logs/app_20260527_145141.log')}
2026-05-27 15:03:16,243 - watchfiles.main - DEBUG - 1 change detected: {(<Change.modified: 2>, '/workspace/app/backend/logs/app_20260527_145141.log')}
2026-05-27 15:03:16,594 - watchfiles.main - DEBUG - 1 change detected: {(<Change.modified: 2>, '/workspace/app/backend/logs/app_20260527_145141.log')}
2026-05-27 15:03:16,945 - watchfiles.main - DEBUG - 1 change detected: {(<Change.modified: 2>, '/workspace/app/backend/logs/app_20260527_145141.log')}
2026-05-27 15:03:17,296 - watchfiles.main - DEBUG - 1 change detected: {(<Change.modified: 2>, '/workspace/app/backend/logs/app_20260527_145141.log')}
2026-05-27 15:03:17,647 - watchfiles.main - DEBUG - 1 change detected: {(<Change.modified: 2>, '/workspace/app/backend/logs/app_20260527_145141.log')}
2026-05-27 15:03:17,998 - watchfiles.main - DEBUG - 1 change detected: {(<Change.modified: 2>, '/workspace/app/backend/logs/app_20260527_145141.log')}
2026-05-27 15:03:18,349 - watchfiles.main - DEBUG - 1 change detected: {(<Change.modified: 2>, '/workspace/app/backend/logs/app_20260527_145141.log')}
2026-05-27 15:03:18,700 - watchfiles.main - DEBUG - 1 change detected: {(<Change.modified: 2>, '/workspace/app/backend/logs/app_20260527_145141.log')}
2026-05-27 15:03:19,051 - watchfiles.main - DEBUG - 1 change detected: {(<Change.modified: 2>, '/workspace/app/backend/logs/app_20260527_145141.log')}
2026-05-27 15:03:19,402 - watchfiles.main - DEBUG - 1 change detected: {(<Change.modified: 2>, '/workspace/app/backend/logs/app_20260527_145141.log')}
2026-05-27 15:03:19,753 - watchfiles.main - DEBUG - 1 change detected: {(<Change.modified: 2>, '/workspace/app/backend/logs/app_20260527_145141.log')}
2026-05-27 15:03:20,104 - watchfiles.main - DEBUG - 1 change detected: {(<Change.modified: 2>, '/workspace/app/backend/logs/app_20260527_145141.log')}
2026-05-27 15:03:20,455 - watchfiles.main - DEBUG - 1 change detected: {(<Change.modified: 2>, '/workspace/app/backend/logs/app_20260527_145141.log')}
2026-05-27 15:03:20,806 - watchfiles.main - DEBUG - 1 change detected: {(<Change.modified: 2>, '/workspace/app/backend/logs/app_20260527_145141.log')}
2026-05-27 15:03:21,157 - watchfiles.main - DEBUG - 1 change detected: {(<Change.modified: 2>, '/workspace/app/backend/logs/app_20260527_145141.log')}
2026-05-27 15:03:21,509 - watchfiles.main - DEBUG - 1 change detected: {(<Change.modified: 2>, '/workspace/app/backend/logs/app_20260527_145141.log')}
2026-05-27 15:03:21,859 - watchfiles.main - DEBUG - 1 change detected: {(<Change.modified: 2>, '/workspace/app/backend/logs/app_20260527_145141.log')}
2026-05-27 15:03:22,210 - watchfiles.main - DEBUG - 1 change detected: {(<Change.modified: 2>, '/workspace/app/backend/logs/app_20260527_145141.log')}
2026-05-27 15:03:22,561 - watchfiles.main - DEBUG - 1 change detected: {(<Change.modified: 2>, '/workspace/app/backend/logs/app_20260527_145141.log')}
2026-05-27 15:03:22,913 - watchfiles.main - DEBUG - 1 change detected: {(<Change.modified: 2>, '/workspace/app/backend/logs/app_20260527_145141.log')}
2026-05-27 15:03:23,264 - watchfiles.main - DEBUG - 2 changes detected: {(<Change.modified: 2>, '/workspace/app/backend/logs/app_20260527_145141.log'), (<Change.modified: 2>, '/workspace/app/backend/logs/app_20260527_145143.log')}
2026-05-27 15:03:23,666 - watchfiles.main - DEBUG - 2 changes detected: {(<Change.modified: 2>, '/workspace/app/backend/logs/app_20260527_145141.log'), (<Change.modified: 2>, '/workspace/app/backend/logs/app_20260527_145143.log')}
2026-05-27 15:03:24,017 - watchfiles.main - DEBUG - 1 change detected: {(<Change.modified: 2>, '/workspace/app/backend/logs/app_20260527_145141.log')}
2026-05-27 15:03:24,367 - watchfiles.main - DEBUG - 1 change detected: {(<Change.modified: 2>, '/workspace/app/backend/logs/app_20260527_145141.log')}
2026-05-27 15:03:24,719 - watchfiles.main - DEBUG - 1 change detected: {(<Change.modified: 2>, '/workspace/app/backend/logs/app_20260527_145141.log')}
2026-05-27 15:03:25,070 - watchfiles.main - DEBUG - 1 change detected: {(<Change.modified: 2>, '/workspace/app/backend/logs/app_20260527_145141.log')}
2026-05-27 15:03:25,421 - watchfiles.main - DEBUG - 1 change detected: {(<Change.modified: 2>, '/workspace/app/backend/logs/app_20260527_145141.log')}
2026-05-27 15:03:25,772 - watchfiles.main - DEBUG - 1 change detected: {(<Change.modified: 2>, '/workspace/app/backend/logs/app_20260527_145141.log')}
2026-05-27 15:03:26,123 - watchfiles.main - DEBUG - 1 change detected: {(<Change.modified: 2>, '/workspace/app/backend/logs/app_20260527_145141.log')}
2026-05-27 15:03:26,474 - watchfiles.main - DEBUG - 1 change detected: {(<Change.modified: 2>, '/workspace/app/backend/logs/app_20260527_145141.log')}
2026-05-27 15:03:26,825 - watchfiles.main - DEBUG - 1 change detected: {(<Change.modified: 2>, '/workspace/app/backend/logs/app_20260527_145141.log')}
2026-05-27 15:03:27,176 - watchfiles.main - DEBUG - 1 change detected: {(<Change.modified: 2>, '/workspace/app/backend/logs/app_20260527_145141.log')}
2026-05-27 15:03:27,527 - watchfiles.main - DEBUG - 1 change detected: {(<Change.modified: 2>, '/workspace/app/backend/logs/app_20260527_145141.log')}
2026-05-27 15:03:27,878 - watchfiles.main - DEBUG - 1 change detected: {(<Change.modified: 2>, '/workspace/app/backend/logs/app_20260527_145141.log')}
2026-05-27 15:03:28,229 - watchfiles.main - DEBUG - 1 change detected: {(<Change.modified: 2>, '/workspace/app/backend/logs/app_20260527_145141.log')}
2026-05-27 15:03:28,580 - watchfiles.main - DEBUG - 1 change detected: {(<Change.modified: 2>, '/workspace/app/backend/logs/app_20260527_145141.log')}
2026-05-27 15:03:28,932 - watchfiles.main - DEBUG - 1 change detected: {(<Change.modified: 2>, '/workspace/app/backend/logs/app_20260527_145141.log')}
2026-05-27 15:03:29,283 - watchfiles.main - DEBUG - 1 change detected: {(<Change.modified: 2>, '/workspace/app/backend/logs/app_20260527_145141.log')}
2026-05-27 15:03:29,634 - watchfiles.main - DEBUG - 1 change detected: {(<Change.modified: 2>, '/workspace/app/backend/logs/app_20260527_145141.log')}
2026-05-27 15:03:29,985 - watchfiles.main - DEBUG - 1 change detected: {(<Change.modified: 2>, '/workspace/app/backend/logs/app_20260527_145141.log')}
2026-05-27 15:03:30,336 - watchfiles.main - DEBUG - 1 change detected: {(<Change.modified: 2>, '/workspace/app/backend/logs/app_20260527_145141.log')}
2026-05-27 15:03:30,687 - watchfiles.main - DEBUG - 1 change detected: {(<Change.modified: 2>, '/workspace/app/backend/logs/app_20260527_145141.log')}
2026-05-27 15:03:31,038 - watchfiles.main - DEBUG - 1 change detected: {(<Change.modified: 2>, '/workspace/app/backend/logs/app_20260527_145141.log')}
2026-05-27 15:03:31,389 - watchfiles.main - DEBUG - 1 change detected: {(<Change.modified: 2>, '/workspace/app/backend/logs/app_20260527_145141.log')}
2026-05-27 15:03:31,740 - watchfiles.main - DEBUG - 1 change detected: {(<Change.modified: 2>, '/workspace/app/backend/logs/app_20260527_145141.log')}
2026-05-27 15:03:32,091 - watchfiles.main - DEBUG - 1 change detected: {(<Change.modified: 2>, '/workspace/app/backend/logs/app_20260527_145141.log')}
2026-05-27 15:03:32,442 - watchfiles.main - DEBUG - 1 change detected: {(<Change.modified: 2>, '/workspace/app/backend/logs/app_20260527_145141.log')}
2026-05-27 15:03:32,793 - watchfiles.main - DEBUG - 1 change detected: {(<Change.modified: 2>, '/workspace/app/backend/logs/app_20260527_145141.log')}
2026-05-27 15:03:33,144 - watchfiles.main - DEBUG - 1 change detected: {(<Change.modified: 2>, '/workspace/app/backend/logs/app_20260527_145141.log')}
2026-05-27 15:03:33,495 - watchfiles.main - DEBUG - 1 change detected: {(<Change.modified: 2>, '/workspace/app/backend/logs/app_20260527_145141.log')}
2026-05-27 15:03:33,847 - watchfiles.main - DEBUG - 1 change detected: {(<Change.modified: 2>, '/workspace/app/backend/logs/app_20260527_145141.log')}
2026-05-27 15:03:34,198 - watchfiles.main - DEBUG - 1 change detected: {(<Change.modified: 2>, '/workspace/app/backend/logs/app_20260527_145141.log')}
2026-05-27 15:03:34,550 - watchfiles.main - DEBUG - 1 change detected: {(<Change.modified: 2>, '/workspace/app/backend/logs/app_20260527_145141.log')}
2026-05-27 15:03:34,901 - watchfiles.main - DEBUG - 1 change detected: {(<Change.modified: 2>, '/workspace/app/backend/logs/app_20260527_145141.log')}
2026-05-27 15:03:35,252 - watchfiles.main - DEBUG - 1 change detected: {(<Change.modified: 2>, '/workspace/app/backend/logs/app_20260527_145141.log')}
2026-05-27 15:03:35,603 - watchfiles.main - DEBUG - 1 change detected: {(<Change.modified: 2>, '/workspace/app/backend/logs/app_20260527_145141.log')}
2026-05-27 15:03:35,955 - watchfiles.main - DEBUG - 1 change detected: {(<Change.modified: 2>, '/workspace/app/backend/logs/app_20260527_145141.log')}
2026-05-27 15:03:36,306 - watchfiles.main - DEBUG - 1 change detected: {(<Change.modified: 2>, '/workspace/app/backend/logs/app_20260527_145141.log')}
2026-05-27 15:03:36,657 - watchfiles.main - DEBUG - 1 change detected: {(<Change.modified: 2>, '/workspace/app/backend/logs/app_20260527_145141.log')}
2026-05-27 15:03:37,008 - watchfiles.main - DEBUG - 1 change detected: {(<Change.modified: 2>, '/workspace/app/backend/logs/app_20260527_145141.log')}
2026-05-27 15:03:37,359 - watchfiles.main - DEBUG - 1 change detected: {(<Change.modified: 2>, '/workspace/app/backend/logs/app_20260527_145141.log')}
2026-05-27 15:03:37,710 - watchfiles.main - DEBUG - 1 change detected: {(<Change.modified: 2>, '/workspace/app/backend/logs/app_20260527_145141.log')}
2026-05-27 15:03:38,061 - watchfiles.main - DEBUG - 1 change detected: {(<Change.modified: 2>, '/workspace/app/backend/logs/app_20260527_145141.log')}
2026-05-27 15:03:38,412 - watchfiles.main - DEBUG - 1 change detected: {(<Change.modified: 2>, '/workspace/app/backend/logs/app_20260527_145141.log')}
2026-05-27 15:03:38,763 - watchfiles.main - DEBUG - 1 change detected: {(<Change.modified: 2>, '/workspace/app/backend/logs/app_20260527_145141.log')}
2026-05-27 15:03:39,114 - watchfiles.main - DEBUG - 1 change detected: {(<Change.modified: 2>, '/workspace/app/backend/logs/app_20260527_145141.log')}
2026-05-27 15:03:39,465 - watchfiles.main - DEBUG - 1 change detected: {(<Change.modified: 2>, '/workspace/app/backend/logs/app_20260527_145141.log')}
2026-05-27 15:03:39,816 - watchfiles.main - DEBUG - 1 change detected: {(<Change.modified: 2>, '/workspace/app/backend/logs/app_20260527_145141.log')}
2026-05-27 15:03:40,167 - watchfiles.main - DEBUG - 1 change detected: {(<Change.modified: 2>, '/workspace/app/backend/logs/app_20260527_145141.log')}
2026-05-27 15:03:40,518 - watchfiles.main - DEBUG - 1 change detected: {(<Change.modified: 2>, '/workspace/app/backend/logs/app_20260527_145141.log')}
2026-05-27 15:03:40,869 - watchfiles.main - DEBUG - 1 change detected: {(<Change.modified: 2>, '/workspace/app/backend/logs/app_20260527_145141.log')}
2026-05-27 15:03:41,220 - watchfiles.main - DEBUG - 1 change detected: {(<Change.modified: 2>, '/workspace/app/backend/logs/app_20260527_145141.log')}
2026-05-27 15:03:41,571 - watchfiles.main - DEBUG - 1 change detected: {(<Change.modified: 2>, '/workspace/app/backend/logs/app_20260527_145141.log')}
2026-05-27 15:03:41,922 - watchfiles.main - DEBUG - 1 change detected: {(<Change.modified: 2>, '/workspace/app/backend/logs/app_20260527_145141.log')}
2026-05-27 15:03:42,273 - watchfiles.main - DEBUG - 1 change detected: {(<Change.modified: 2>, '/workspace/app/backend/logs/app_20260527_145141.log')}
2026-05-27 15:03:42,624 - watchfiles.main - DEBUG - 1 change detected: {(<Change.modified: 2>, '/workspace/app/backend/logs/app_20260527_145141.log')}
2026-05-27 15:03:42,975 - watchfiles.main - DEBUG - 1 change detected: {(<Change.modified: 2>, '/workspace/app/backend/logs/app_20260527_145141.log')}
2026-05-27 15:03:43,326 - watchfiles.main - DEBUG - 1 change detected: {(<Change.modified: 2>, '/workspace/app/backend/logs/app_20260527_145141.log')}
2026-05-27 15:03:43,677 - watchfiles.main - DEBUG - 1 change detected: {(<Change.modified: 2>, '/workspace/app/backend/logs/app_20260527_145141.log')}
2026-05-27 15:03:44,028 - watchfiles.main - DEBUG - 1 change detected: {(<Change.modified: 2>, '/workspace/app/backend/logs/app_20260527_145141.log')}
2026-05-27 15:03:44,379 - watchfiles.main - DEBUG - 1 change detected: {(<Change.modified: 2>, '/workspace/app/backend/logs/app_20260527_145141.log')}
2026-05-27 15:03:44,730 - watchfiles.main - DEBUG - 1 change detected: {(<Change.modified: 2>, '/workspace/app/backend/logs/app_20260527_145141.log')}
2026-05-27 15:03:45,081 - watchfiles.main - DEBUG - 1 change detected: {(<Change.modified: 2>, '/workspace/app/backend/logs/app_20260527_145141.log')}
2026-05-27 15:03:45,432 - watchfiles.main - DEBUG - 1 change detected: {(<Change.modified: 2>, '/workspace/app/backend/logs/app_20260527_145141.log')}
2026-05-27 15:03:45,783 - watchfiles.main - DEBUG - 1 change detected: {(<Change.modified: 2>, '/workspace/app/backend/logs/app_20260527_145141.log')}
2026-05-27 15:03:46,134 - watchfiles.main - DEBUG - 1 change detected: {(<Change.modified: 2>, '/workspace/app/backend/logs/app_20260527_145141.log')}
2026-05-27 15:03:46,485 - watchfiles.main - DEBUG - 1 change detected: {(<Change.modified: 2>, '/workspace/app/backend/logs/app_20260527_145141.log')}
2026-05-27 15:03:46,836 - watchfiles.main - DEBUG - 1 change detected: {(<Change.modified: 2>, '/workspace/app/backend/logs/app_20260527_145141.log')}
2026-05-27 15:03:47,187 - watchfiles.main - DEBUG - 1 change detected: {(<Change.modified: 2>, '/workspace/app/backend/logs/app_20260527_145141.log')}
2026-05-27 15:03:47,538 - watchfiles.main - DEBUG - 1 change detected: {(<Change.modified: 2>, '/workspace/app/backend/logs/app_20260527_145141.log')}
2026-05-27 15:03:47,889 - watchfiles.main - DEBUG - 1 change detected: {(<Change.modified: 2>, '/workspace/app/backend/logs/app_20260527_145141.log')}
2026-05-27 15:03:48,240 - watchfiles.main - DEBUG - 1 change detected: {(<Change.modified: 2>, '/workspace/app/backend/logs/app_20260527_145141.log')}
2026-05-27 15:03:48,591 - watchfiles.main - DEBUG - 1 change detected: {(<Change.modified: 2>, '/workspace/app/backend/logs/app_20260527_145141.log')}
2026-05-27 15:03:48,942 - watchfiles.main - DEBUG - 1 change detected: {(<Change.modified: 2>, '/workspace/app/backend/logs/app_20260527_145141.log')}
2026-05-27 15:03:49,293 - watchfiles.main - DEBUG - 1 change detected: {(<Change.modified: 2>, '/workspace/app/backend/logs/app_20260527_145141.log')}
2026-05-27 15:03:49,644 - watchfiles.main - DEBUG - 1 change detected: {(<Change.modified: 2>, '/workspace/app/backend/logs/app_20260527_145141.log')}
2026-05-27 15:03:49,995 - watchfiles.main - DEBUG - 1 change detected: {(<Change.modified: 2>, '/workspace/app/backend/logs/app_20260527_145141.log')}
2026-05-27 15:03:50,346 - watchfiles.main - DEBUG - 1 change detected: {(<Change.modified: 2>, '/workspace/app/backend/logs/app_20260527_145141.log')}
2026-05-27 15:03:50,697 - watchfiles.main - DEBUG - 1 change detected: {(<Change.modified: 2>, '/workspace/app/backend/logs/app_20260527_145141.log')}
2026-05-27 15:03:51,048 - watchfiles.main - DEBUG - 1 change detected: {(<Change.modified: 2>, '/workspace/app/backend/logs/app_20260527_145141.log')}
2026-05-27 15:03:51,399 - watchfiles.main - DEBUG - 1 change detected: {(<Change.modified: 2>, '/workspace/app/backend/logs/app_20260527_145141.log')}
2026-05-27 15:03:51,750 - watchfiles.main - DEBUG - 1 change detected: {(<Change.modified: 2>, '/workspace/app/backend/logs/app_20260527_145141.log')}
2026-05-27 15:03:52,101 - watchfiles.main - DEBUG - 1 change detected: {(<Change.modified: 2>, '/workspace/app/backend/logs/app_20260527_145141.log')}
2026-05-27 15:03:52,452 - watchfiles.main - DEBUG - 1 change detected: {(<Change.modified: 2>, '/workspace/app/backend/logs/app_20260527_145141.log')}
2026-05-27 15:03:52,803 - watchfiles.main - DEBUG - 1 change detected: {(<Change.modified: 2>, '/workspace/app/backend/logs/app_20260527_145141.log')}
2026-05-27 15:03:53,154 - watchfiles.main - DEBUG - 1 change detected: {(<Change.modified: 2>, '/workspace/app/backend/logs/app_20260527_145141.log')}
2026-05-27 15:03:53,505 - watchfiles.main - DEBUG - 2 changes detected: {(<Change.modified: 2>, '/workspace/app/backend/logs/app_20260527_145141.log'), (<Change.modified: 2>, '/workspace/app/backend/logs/app_20260527_145143.log')}
2026-05-27 15:03:53,856 - watchfiles.main - DEBUG - 2 changes detected: {(<Change.modified: 2>, '/workspace/app/backend/logs/app_20260527_145141.log'), (<Change.modified: 2>, '/workspace/app/backend/logs/app_20260527_145143.log')}
2026-05-27 15:03:54,207 - watchfiles.main - DEBUG - 1 change detected: {(<Change.modified: 2>, '/workspace/app/backend/logs/app_20260527_145141.log')}
2026-05-27 15:03:54,558 - watchfiles.main - DEBUG - 1 change detected: {(<Change.modified: 2>, '/workspace/app/backend/logs/app_20260527_145141.log')}
2026-05-27 15:03:54,909 - watchfiles.main - DEBUG - 1 change detected: {(<Change.modified: 2>, '/workspace/app/backend/logs/app_20260527_145141.log')}
2026-05-27 15:03:55,259 - watchfiles.main - DEBUG - 1 change detected: {(<Change.modified: 2>, '/workspace/app/backend/logs/app_20260527_145141.log')}
2026-05-27 15:03:55,611 - watchfiles.main - DEBUG - 1 change detected: {(<Change.modified: 2>, '/workspace/app/backend/logs/app_20260527_145141.log')}
2026-05-27 15:03:55,962 - watchfiles.main - DEBUG - 1 change detected: {(<Change.modified: 2>, '/workspace/app/backend/logs/app_20260527_145141.log')}
2026-05-27 15:03:56,313 - watchfiles.main - DEBUG - 1 change detected: {(<Change.modified: 2>, '/workspace/app/backend/logs/app_20260527_145141.log')}
2026-05-27 15:03:56,664 - watchfiles.main - DEBUG - 1 change detected: {(<Change.modified: 2>, '/workspace/app/backend/logs/app_20260527_145141.log')}
2026-05-27 15:03:57,015 - watchfiles.main - DEBUG - 1 change detected: {(<Change.modified: 2>, '/workspace/app/backend/logs/app_20260527_145141.log')}
2026-05-27 15:03:57,366 - watchfiles.main - DEBUG - 1 change detected: {(<Change.modified: 2>, '/workspace/app/backend/logs/app_20260527_145141.log')}
2026-05-27 15:03:57,717 - watchfiles.main - DEBUG - 1 change detected: {(<Change.modified: 2>, '/workspace/app/backend/logs/app_20260527_145141.log')}
2026-05-27 15:03:58,068 - watchfiles.main - DEBUG - 1 change detected: {(<Change.modified: 2>, '/workspace/app/backend/logs/app_20260527_145141.log')}
2026-05-27 15:03:58,419 - watchfiles.main - DEBUG - 1 change detected: {(<Change.modified: 2>, '/workspace/app/backend/logs/app_20260527_145141.log')}
2026-05-27 15:03:58,770 - watchfiles.main - DEBUG - 1 change detected: {(<Change.modified: 2>, '/workspace/app/backend/logs/app_20260527_145141.log')}
2026-05-27 15:03:59,121 - watchfiles.main - DEBUG - 1 change detected: {(<Change.modified: 2>, '/workspace/app/backend/logs/app_20260527_145141.log')}
2026-05-27 15:03:59,472 - watchfiles.main - DEBUG - 1 change detected: {(<Change.modified: 2>, '/workspace/app/backend/logs/app_20260527_145141.log')}
2026-05-27 15:03:59,823 - watchfiles.main - DEBUG - 1 change detected: {(<Change.modified: 2>, '/workspace/app/backend/logs/app_20260527_145141.log')}
2026-05-27 15:04:00,174 - watchfiles.main - DEBUG - 1 change detected: {(<Change.modified: 2>, '/workspace/app/backend/logs/app_20260527_145141.log')}
2026-05-27 15:04:00,525 - watchfiles.main - DEBUG - 1 change detected: {(<Change.modified: 2>, '/workspace/app/backend/logs/app_20260527_145141.log')}
2026-05-27 15:04:00,876 - watchfiles.main - DEBUG - 1 change detected: {(<Change.modified: 2>, '/workspace/app/backend/logs/app_20260527_145141.log')}
2026-05-27 15:04:01,227 - watchfiles.main - DEBUG - 1 change detected: {(<Change.modified: 2>, '/workspace/app/backend/logs/app_20260527_145141.log')}
2026-05-27 15:04:01,578 - watchfiles.main - DEBUG - 1 change detected: {(<Change.modified: 2>, '/workspace/app/backend/logs/app_20260527_145141.log')}
2026-05-27 15:04:01,929 - watchfiles.main - DEBUG - 1 change detected: {(<Change.modified: 2>, '/workspace/app/backend/logs/app_20260527_145141.log')}
2026-05-27 15:04:02,280 - watchfiles.main - DEBUG - 1 change detected: {(<Change.modified: 2>, '/workspace/app/backend/logs/app_20260527_145141.log')}
2026-05-27 15:04:02,631 - watchfiles.main - DEBUG - 1 change detected: {(<Change.modified: 2>, '/workspace/app/backend/logs/app_20260527_145141.log')}
2026-05-27 15:04:02,982 - watchfiles.main - DEBUG - 1 change detected: {(<Change.modified: 2>, '/workspace/app/backend/logs/app_20260527_145141.log')}
2026-05-27 15:04:03,333 - watchfiles.main - DEBUG - 1 change detected: {(<Change.modified: 2>, '/workspace/app/backend/logs/app_20260527_145141.log')}
2026-05-27 15:04:03,684 - watchfiles.main - DEBUG - 1 change detected: {(<Change.modified: 2>, '/workspace/app/backend/logs/app_20260527_145141.log')}
2026-05-27 15:04:04,035 - watchfiles.main - DEBUG - 1 change detected: {(<Change.modified: 2>, '/workspace/app/backend/logs/app_20260527_145141.log')}
2026-05-27 15:04:04,386 - watchfiles.main - DEBUG - 1 change detected: {(<Change.modified: 2>, '/workspace/app/backend/logs/app_20260527_145141.log')}
2026-05-27 15:04:04,737 - watchfiles.main - DEBUG - 1 change detected: {(<Change.modified: 2>, '/workspace/app/backend/logs/app_20260527_145141.log')}
2026-05-27 15:04:05,088 - watchfiles.main - DEBUG - 1 change detected: {(<Change.modified: 2>, '/workspace/app/backend/logs/app_20260527_145141.log')}
2026-05-27 15:04:05,439 - watchfiles.main - DEBUG - 1 change detected: {(<Change.modified: 2>, '/workspace/app/backend/logs/app_20260527_145141.log')}
2026-05-27 15:04:05,790 - watchfiles.main - DEBUG - 1 change detected: {(<Change.modified: 2>, '/workspace/app/backend/logs/app_20260527_145141.log')}
2026-05-27 15:04:06,141 - watchfiles.main - DEBUG - 1 change detected: {(<Change.modified: 2>, '/workspace/app/backend/logs/app_20260527_145141.log')}
2026-05-27 15:04:06,492 - watchfiles.main - DEBUG - 1 change detected: {(<Change.modified: 2>, '/workspace/app/backend/logs/app_20260527_145141.log')}
2026-05-27 15:04:06,843 - watchfiles.main - DEBUG - 1 change detected: {(<Change.modified: 2>, '/workspace/app/backend/logs/app_20260527_145141.log')}
2026-05-27 15:04:07,194 - watchfiles.main - DEBUG - 1 change detected: {(<Change.modified: 2>, '/workspace/app/backend/logs/app_20260527_145141.log')}
2026-05-27 15:04:07,545 - watchfiles.main - DEBUG - 1 change detected: {(<Change.modified: 2>, '/workspace/app/backend/logs/app_20260527_145141.log')}
2026-05-27 15:04:07,896 - watchfiles.main - DEBUG - 1 change detected: {(<Change.modified: 2>, '/workspace/app/backend/logs/app_20260527_145141.log')}
2026-05-27 15:04:08,247 - watchfiles.main - DEBUG - 1 change detected: {(<Change.modified: 2>, '/workspace/app/backend/logs/app_20260527_145141.log')}
2026-05-27 15:04:08,598 - watchfiles.main - DEBUG - 1 change detected: {(<Change.modified: 2>, '/workspace/app/backend/logs/app_20260527_145141.log')}
2026-05-27 15:04:08,949 - watchfiles.main - DEBUG - 1 change detected: {(<Change.modified: 2>, '/workspace/app/backend/logs/app_20260527_145141.log')}
2026-05-27 15:04:09,300 - watchfiles.main - DEBUG - 1 change detected: {(<Change.modified: 2>, '/workspace/app/backend/logs/app_20260527_145141.log')}
2026-05-27 15:04:09,651 - watchfiles.main - DEBUG - 1 change detected: {(<Change.modified: 2>, '/workspace/app/backend/logs/app_20260527_145141.log')}
2026-05-27 15:04:10,002 - watchfiles.main - DEBUG - 1 change detected: {(<Change.modified: 2>, '/workspace/app/backend/logs/app_20260527_145141.log')}
2026-05-27 15:04:10,353 - watchfiles.main - DEBUG - 1 change detected: {(<Change.modified: 2>, '/workspace/app/backend/logs/app_20260527_145141.log')}
2026-05-27 15:04:10,704 - watchfiles.main - DEBUG - 1 change detected: {(<Change.modified: 2>, '/workspace/app/backend/logs/app_20260527_145141.log')}
2026-05-27 15:04:11,055 - watchfiles.main - DEBUG - 1 change detected: {(<Change.modified: 2>, '/workspace/app/backend/logs/app_20260527_145141.log')}
2026-05-27 15:04:11,406 - watchfiles.main - DEBUG - 1 change detected: {(<Change.modified: 2>, '/workspace/app/backend/logs/app_20260527_145141.log')}
2026-05-27 15:04:11,757 - watchfiles.main - DEBUG - 1 change detected: {(<Change.modified: 2>, '/workspace/app/backend/logs/app_20260527_145141.log')}
2026-05-27 15:04:12,108 - watchfiles.main - DEBUG - 1 change detected: {(<Change.modified: 2>, '/workspace/app/backend/logs/app_20260527_145141.log')}
2026-05-27 15:04:12,459 - watchfiles.main - DEBUG - 1 change detected: {(<Change.modified: 2>, '/workspace/app/backend/logs/app_20260527_145141.log')}
2026-05-27 15:04:12,810 - watchfiles.main - DEBUG - 1 change detected: {(<Change.modified: 2>, '/workspace/app/backend/logs/app_20260527_145141.log')}
2026-05-27 15:04:13,161 - watchfiles.main - DEBUG - 1 change detected: {(<Change.modified: 2>, '/workspace/app/backend/logs/app_20260527_145141.log')}
2026-05-27 15:04:13,512 - watchfiles.main - DEBUG - 1 change detected: {(<Change.modified: 2>, '/workspace/app/backend/logs/app_20260527_145141.log')}
2026-05-27 15:04:13,863 - watchfiles.main - DEBUG - 1 change detected: {(<Change.modified: 2>, '/workspace/app/backend/logs/app_20260527_145141.log')}
2026-05-27 15:04:14,214 - watchfiles.main - DEBUG - 1 change detected: {(<Change.modified: 2>, '/workspace/app/backend/logs/app_20260527_145141.log')}
2026-05-27 15:04:14,565 - watchfiles.main - DEBUG - 1 change detected: {(<Change.modified: 2>, '/workspace/app/backend/logs/app_20260527_145141.log')}
2026-05-27 15:04:14,916 - watchfiles.main - DEBUG - 1 change detected: {(<Change.modified: 2>, '/workspace/app/backend/logs/app_20260527_145141.log')}
2026-05-27 15:04:15,268 - watchfiles.main - DEBUG - 1 change detected: {(<Change.modified: 2>, '/workspace/app/backend/logs/app_20260527_145141.log')}
2026-05-27 15:04:15,619 - watchfiles.main - DEBUG - 1 change detected: {(<Change.modified: 2>, '/workspace/app/backend/logs/app_20260527_145141.log')}
2026-05-27 15:04:15,970 - watchfiles.main - DEBUG - 1 change detected: {(<Change.modified: 2>, '/workspace/app/backend/logs/app_20260527_145141.log')}
2026-05-27 15:04:16,321 - watchfiles.main - DEBUG - 1 change detected: {(<Change.modified: 2>, '/workspace/app/backend/logs/app_20260527_145141.log')}
2026-05-27 15:04:16,672 - watchfiles.main - DEBUG - 1 change detected: {(<Change.modified: 2>, '/workspace/app/backend/logs/app_20260527_145141.log')}
2026-05-27 15:04:17,023 - watchfiles.main - DEBUG - 1 change detected: {(<Change.modified: 2>, '/workspace/app/backend/logs/app_20260527_145141.log')}
2026-05-27 15:04:17,374 - watchfiles.main - DEBUG - 1 change detected: {(<Change.modified: 2>, '/workspace/app/backend/logs/app_20260527_145141.log')}
2026-05-27 15:04:17,726 - watchfiles.main - DEBUG - 1 change detected: {(<Change.modified: 2>, '/workspace/app/backend/logs/app_20260527_145141.log')}
2026-05-27 15:04:18,076 - watchfiles.main - DEBUG - 1 change detected: {(<Change.modified: 2>, '/workspace/app/backend/logs/app_20260527_145141.log')}
2026-05-27 15:04:18,427 - watchfiles.main - DEBUG - 1 change detected: {(<Change.modified: 2>, '/workspace/app/backend/logs/app_20260527_145141.log')}
2026-05-27 15:04:18,779 - watchfiles.main - DEBUG - 1 change detected: {(<Change.modified: 2>, '/workspace/app/backend/logs/app_20260527_145141.log')}
2026-05-27 15:04:19,129 - watchfiles.main - DEBUG - 1 change detected: {(<Change.modified: 2>, '/workspace/app/backend/logs/app_20260527_145141.log')}
2026-05-27 15:04:19,480 - watchfiles.main - DEBUG - 1 change detected: {(<Change.modified: 2>, '/workspace/app/backend/logs/app_20260527_145141.log')}
2026-05-27 15:04:19,831 - watchfiles.main - DEBUG - 1 change detected: {(<Change.modified: 2>, '/workspace/app/backend/logs/app_20260527_145141.log')}
2026-05-27 15:04:20,182 - watchfiles.main - DEBUG - 1 change detected: {(<Change.modified: 2>, '/workspace/app/backend/logs/app_20260527_145141.log')}
2026-05-27 15:04:20,533 - watchfiles.main - DEBUG - 1 change detected: {(<Change.modified: 2>, '/workspace/app/backend/logs/app_20260527_145141.log')}
2026-05-27 15:04:20,885 - watchfiles.main - DEBUG - 1 change detected: {(<Change.modified: 2>, '/workspace/app/backend/logs/app_20260527_145141.log')}
2026-05-27 15:04:21,236 - watchfiles.main - DEBUG - 1 change detected: {(<Change.modified: 2>, '/workspace/app/backend/logs/app_20260527_145141.log')}
2026-05-27 15:04:21,587 - watchfiles.main - DEBUG - 1 change detected: {(<Change.modified: 2>, '/workspace/app/backend/logs/app_20260527_145141.log')}
2026-05-27 15:04:21,938 - watchfiles.main - DEBUG - 1 change detected: {(<Change.modified: 2>, '/workspace/app/backend/logs/app_20260527_145141.log')}
2026-05-27 15:04:22,289 - watchfiles.main - DEBUG - 1 change detected: {(<Change.modified: 2>, '/workspace/app/backend/logs/app_20260527_145141.log')}
2026-05-27 15:04:22,640 - watchfiles.main - DEBUG - 1 change detected: {(<Change.modified: 2>, '/workspace/app/backend/logs/app_20260527_145141.log')}
2026-05-27 15:04:22,991 - watchfiles.main - DEBUG - 1 change detected: {(<Change.modified: 2>, '/workspace/app/backend/logs/app_20260527_145141.log')}
2026-05-27 15:04:23,342 - watchfiles.main - DEBUG - 1 change detected: {(<Change.modified: 2>, '/workspace/app/backend/logs/app_20260527_145141.log')}
2026-05-27 15:04:23,693 - watchfiles.main - DEBUG - 1 change detected: {(<Change.modified: 2>, '/workspace/app/backend/logs/app_20260527_145141.log')}
2026-05-27 15:04:24,044 - watchfiles.main - DEBUG - 1 change detected: {(<Change.modified: 2>, '/workspace/app/backend/logs/app_20260527_145141.log')}
2026-05-27 15:04:24,395 - watchfiles.main - DEBUG - 1 change detected: {(<Change.modified: 2>, '/workspace/app/backend/logs/app_20260527_145141.log')}
2026-05-27 15:04:24,746 - watchfiles.main - DEBUG - 2 changes detected: {(<Change.modified: 2>, '/workspace/app/backend/logs/app_20260527_145141.log'), (<Change.modified: 2>, '/workspace/app/backend/logs/app_20260527_145143.log')}
2026-05-27 15:04:25,097 - watchfiles.main - DEBUG - 2 changes detected: {(<Change.modified: 2>, '/workspace/app/backend/logs/app_20260527_145141.log'), (<Change.modified: 2>, '/workspace/app/backend/logs/app_20260527_145143.log')}
2026-05-27 15:04:25,448 - watchfiles.main - DEBUG - 1 change detected: {(<Change.modified: 2>, '/workspace/app/backend/logs/app_20260527_145141.log')}
2026-05-27 15:04:25,799 - watchfiles.main - DEBUG - 1 change detected: {(<Change.modified: 2>, '/workspace/app/backend/logs/app_20260527_145141.log')}
2026-05-27 15:04:26,150 - watchfiles.main - DEBUG - 1 change detected: {(<Change.modified: 2>, '/workspace/app/backend/logs/app_20260527_145141.log')}
2026-05-27 15:04:26,501 - watchfiles.main - DEBUG - 1 change detected: {(<Change.modified: 2>, '/workspace/app/backend/logs/app_20260527_145141.log')}
2026-05-27 15:04:26,852 - watchfiles.main - DEBUG - 1 change detected: {(<Change.modified: 2>, '/workspace/app/backend/logs/app_20260527_145141.log')}
2026-05-27 15:04:27,203 - watchfiles.main - DEBUG - 1 change detected: {(<Change.modified: 2>, '/workspace/app/backend/logs/app_20260527_145141.log')}
2026-05-27 15:04:27,554 - watchfiles.main - DEBUG - 1 change detected: {(<Change.modified: 2>, '/workspace/app/backend/logs/app_20260527_145141.log')}
2026-05-27 15:04:27,905 - watchfiles.main - DEBUG - 1 change detected: {(<Change.modified: 2>, '/workspace/app/backend/logs/app_20260527_145141.log')}
2026-05-27 15:04:28,257 - watchfiles.main - DEBUG - 1 change detected: {(<Change.modified: 2>, '/workspace/app/backend/logs/app_20260527_145141.log')}
2026-05-27 15:04:28,608 - watchfiles.main - DEBUG - 1 change detected: {(<Change.modified: 2>, '/workspace/app/backend/logs/app_20260527_145141.log')}
2026-05-27 15:04:28,959 - watchfiles.main - DEBUG - 1 change detected: {(<Change.modified: 2>, '/workspace/app/backend/logs/app_20260527_145141.log')}
2026-05-27 15:04:29,310 - watchfiles.main - DEBUG - 1 change detected: {(<Change.modified: 2>, '/workspace/app/backend/logs/app_20260527_145141.log')}
2026-05-27 15:04:29,661 - watchfiles.main - DEBUG - 1 change detected: {(<Change.modified: 2>, '/workspace/app/backend/logs/app_20260527_145141.log')}
2026-05-27 15:04:30,012 - watchfiles.main - DEBUG - 1 change detected: {(<Change.modified: 2>, '/workspace/app/backend/logs/app_20260527_145141.log')}
2026-05-27 15:04:30,363 - watchfiles.main - DEBUG - 1 change detected: {(<Change.modified: 2>, '/workspace/app/backend/logs/app_20260527_145141.log')}
2026-05-27 15:04:30,714 - watchfiles.main - DEBUG - 1 change detected: {(<Change.modified: 2>, '/workspace/app/backend/logs/app_20260527_145141.log')}
2026-05-27 15:04:31,065 - watchfiles.main - DEBUG - 1 change detected: {(<Change.modified: 2>, '/workspace/app/backend/logs/app_20260527_145141.log')}
2026-05-27 15:04:31,416 - watchfiles.main - DEBUG - 1 change detected: {(<Change.modified: 2>, '/workspace/app/backend/logs/app_20260527_145141.log')}
2026-05-27 15:04:31,767 - watchfiles.main - DEBUG - 1 change detected: {(<Change.modified: 2>, '/workspace/app/backend/logs/app_20260527_145141.log')}
2026-05-27 15:04:32,118 - watchfiles.main - DEBUG - 1 change detected: {(<Change.modified: 2>, '/workspace/app/backend/logs/app_20260527_145141.log')}
2026-05-27 15:04:32,469 - watchfiles.main - DEBUG - 1 change detected: {(<Change.modified: 2>, '/workspace/app/backend/logs/app_20260527_145141.log')}
2026-05-27 15:04:32,821 - watchfiles.main - DEBUG - 1 change detected: {(<Change.modified: 2>, '/workspace/app/backend/logs/app_20260527_145141.log')}
2026-05-27 15:04:33,172 - watchfiles.main - DEBUG - 1 change detected: {(<Change.modified: 2>, '/workspace/app/backend/logs/app_20260527_145141.log')}
2026-05-27 15:04:33,523 - watchfiles.main - DEBUG - 1 change detected: {(<Change.modified: 2>, '/workspace/app/backend/logs/app_20260527_145141.log')}
2026-05-27 15:04:33,874 - watchfiles.main - DEBUG - 1 change detected: {(<Change.modified: 2>, '/workspace/app/backend/logs/app_20260527_145141.log')}
2026-05-27 15:04:34,225 - watchfiles.main - DEBUG - 1 change detected: {(<Change.modified: 2>, '/workspace/app/backend/logs/app_20260527_145141.log')}
2026-05-27 15:04:34,576 - watchfiles.main - DEBUG - 1 change detected: {(<Change.modified: 2>, '/workspace/app/backend/logs/app_20260527_145141.log')}
2026-05-27 15:04:34,927 - watchfiles.main - DEBUG - 1 change detected: {(<Change.modified: 2>, '/workspace/app/backend/logs/app_20260527_145141.log')}
2026-05-27 15:04:35,278 - watchfiles.main - DEBUG - 1 change detected: {(<Change.modified: 2>, '/workspace/app/backend/logs/app_20260527_145141.log')}
2026-05-27 15:04:35,630 - watchfiles.main - DEBUG - 1 change detected: {(<Change.modified: 2>, '/workspace/app/backend/logs/app_20260527_145141.log')}
2026-05-27 15:04:35,981 - watchfiles.main - DEBUG - 1 change detected: {(<Change.modified: 2>, '/workspace/app/backend/logs/app_20260527_145141.log')}
2026-05-27 15:04:36,332 - watchfiles.main - DEBUG - 1 change detected: {(<Change.modified: 2>, '/workspace/app/backend/logs/app_20260527_145141.log')}
2026-05-27 15:04:36,683 - watchfiles.main - DEBUG - 1 change detected: {(<Change.modified: 2>, '/workspace/app/backend/logs/app_20260527_145141.log')}
2026-05-27 15:04:37,034 - watchfiles.main - DEBUG - 1 change detected: {(<Change.modified: 2>, '/workspace/app/backend/logs/app_20260527_145141.log')}
2026-05-27 15:04:37,386 - watchfiles.main - DEBUG - 1 change detected: {(<Change.modified: 2>, '/workspace/app/backend/logs/app_20260527_145141.log')}
2026-05-27 15:04:37,737 - watchfiles.main - DEBUG - 1 change detected: {(<Change.modified: 2>, '/workspace/app/backend/logs/app_20260527_145141.log')}
2026-05-27 15:04:38,088 - watchfiles.main - DEBUG - 1 change detected: {(<Change.modified: 2>, '/workspace/app/backend/logs/app_20260527_145141.log')}
2026-05-27 15:04:38,439 - watchfiles.main - DEBUG - 1 change detected: {(<Change.modified: 2>, '/workspace/app/backend/logs/app_20260527_145141.log')}
2026-05-27 15:04:38,790 - watchfiles.main - DEBUG - 1 change detected: {(<Change.modified: 2>, '/workspace/app/backend/logs/app_20260527_145141.log')}
2026-05-27 15:04:39,141 - watchfiles.main - DEBUG - 1 change detected: {(<Change.modified: 2>, '/workspace/app/backend/logs/app_20260527_145141.log')}
2026-05-27 15:04:39,492 - watchfiles.main - DEBUG - 1 change detected: {(<Change.modified: 2>, '/workspace/app/backend/logs/app_20260527_145141.log')}
2026-05-27 15:04:39,843 - watchfiles.main - DEBUG - 1 change detected: {(<Change.modified: 2>, '/workspace/app/backend/logs/app_20260527_145141.log')}
2026-05-27 15:04:40,195 - watchfiles.main - DEBUG - 1 change detected: {(<Change.modified: 2>, '/workspace/app/backend/logs/app_20260527_145141.log')}
2026-05-27 15:04:40,545 - watchfiles.main - DEBUG - 1 change detected: {(<Change.modified: 2>, '/workspace/app/backend/logs/app_20260527_145141.log')}
2026-05-27 15:04:40,897 - watchfiles.main - DEBUG - 1 change detected: {(<Change.modified: 2>, '/workspace/app/backend/logs/app_20260527_145141.log')}
2026-05-27 15:04:41,248 - watchfiles.main - DEBUG - 1 change detected: {(<Change.modified: 2>, '/workspace/app/backend/logs/app_20260527_145141.log')}
2026-05-27 15:04:41,599 - watchfiles.main - DEBUG - 1 change detected: {(<Change.modified: 2>, '/workspace/app/backend/logs/app_20260527_145141.log')}
2026-05-27 15:04:41,950 - watchfiles.main - DEBUG - 1 change detected: {(<Change.modified: 2>, '/workspace/app/backend/logs/app_20260527_145141.log')}
2026-05-27 15:04:42,301 - watchfiles.main - DEBUG - 1 change detected: {(<Change.modified: 2>, '/workspace/app/backend/logs/app_20260527_145141.log')}
2026-05-27 15:04:42,652 - watchfiles.main - DEBUG - 1 change detected: {(<Change.modified: 2>, '/workspace/app/backend/logs/app_20260527_145141.log')}
2026-05-27 15:04:43,003 - watchfiles.main - DEBUG - 1 change detected: {(<Change.modified: 2>, '/workspace/app/backend/logs/app_20260527_145141.log')}
2026-05-27 15:04:43,355 - watchfiles.main - DEBUG - 1 change detected: {(<Change.modified: 2>, '/workspace/app/backend/logs/app_20260527_145141.log')}
2026-05-27 15:04:43,706 - watchfiles.main - DEBUG - 1 change detected: {(<Change.modified: 2>, '/workspace/app/backend/logs/app_20260527_145141.log')}
2026-05-27 15:04:44,058 - watchfiles.main - DEBUG - 1 change detected: {(<Change.modified: 2>, '/workspace/app/backend/logs/app_20260527_145141.log')}
2026-05-27 15:04:44,409 - watchfiles.main - DEBUG - 1 change detected: {(<Change.modified: 2>, '/workspace/app/backend/logs/app_20260527_145141.log')}
2026-05-27 15:04:44,760 - watchfiles.main - DEBUG - 1 change detected: {(<Change.modified: 2>, '/workspace/app/backend/logs/app_20260527_145141.log')}
2026-05-27 15:04:45,111 - watchfiles.main - DEBUG - 1 change detected: {(<Change.modified: 2>, '/workspace/app/backend/logs/app_20260527_145141.log')}
2026-05-27 15:04:45,462 - watchfiles.main - DEBUG - 1 change detected: {(<Change.modified: 2>, '/workspace/app/backend/logs/app_20260527_145141.log')}
2026-05-27 15:04:45,813 - watchfiles.main - DEBUG - 1 change detected: {(<Change.modified: 2>, '/workspace/app/backend/logs/app_20260527_145141.log')}
2026-05-27 15:04:46,164 - watchfiles.main - DEBUG - 1 change detected: {(<Change.modified: 2>, '/workspace/app/backend/logs/app_20260527_145141.log')}
2026-05-27 15:04:46,515 - watchfiles.main - DEBUG - 1 change detected: {(<Change.modified: 2>, '/workspace/app/backend/logs/app_20260527_145141.log')}
2026-05-27 15:04:46,866 - watchfiles.main - DEBUG - 1 change detected: {(<Change.modified: 2>, '/workspace/app/backend/logs/app_20260527_145141.log')}
2026-05-27 15:04:47,217 - watchfiles.main - DEBUG - 1 change detected: {(<Change.modified: 2>, '/workspace/app/backend/logs/app_20260527_145141.log')}
2026-05-27 15:04:47,568 - watchfiles.main - DEBUG - 1 change detected: {(<Change.modified: 2>, '/workspace/app/backend/logs/app_20260527_145141.log')}
2026-05-27 15:04:47,919 - watchfiles.main - DEBUG - 1 change detected: {(<Change.modified: 2>, '/workspace/app/backend/logs/app_20260527_145141.log')}
2026-05-27 15:04:48,270 - watchfiles.main - DEBUG - 1 change detected: {(<Change.modified: 2>, '/workspace/app/backend/logs/app_20260527_145141.log')}
2026-05-27 15:04:48,621 - watchfiles.main - DEBUG - 1 change detected: {(<Change.modified: 2>, '/workspace/app/backend/logs/app_20260527_145141.log')}
2026-05-27 15:04:48,972 - watchfiles.main - DEBUG - 1 change detected: {(<Change.modified: 2>, '/workspace/app/backend/logs/app_20260527_145141.log')}
2026-05-27 15:04:49,323 - watchfiles.main - DEBUG - 1 change detected: {(<Change.modified: 2>, '/workspace/app/backend/logs/app_20260527_145141.log')}
2026-05-27 15:04:49,674 - watchfiles.main - DEBUG - 1 change detected: {(<Change.modified: 2>, '/workspace/app/backend/logs/app_20260527_145141.log')}
2026-05-27 15:04:50,025 - watchfiles.main - DEBUG - 1 change detected: {(<Change.modified: 2>, '/workspace/app/backend/logs/app_20260527_145141.log')}
2026-05-27 15:04:50,376 - watchfiles.main - DEBUG - 1 change detected: {(<Change.modified: 2>, '/workspace/app/backend/logs/app_20260527_145141.log')}
2026-05-27 15:04:50,727 - watchfiles.main - DEBUG - 1 change detected: {(<Change.modified: 2>, '/workspace/app/backend/logs/app_20260527_145141.log')}
2026-05-27 15:04:51,078 - watchfiles.main - DEBUG - 1 change detected: {(<Change.modified: 2>, '/workspace/app/backend/logs/app_20260527_145141.log')}
2026-05-27 15:04:51,429 - watchfiles.main - DEBUG - 1 change detected: {(<Change.modified: 2>, '/workspace/app/backend/logs/app_20260527_145141.log')}
2026-05-27 15:04:51,780 - watchfiles.main - DEBUG - 1 change detected: {(<Change.modified: 2>, '/workspace/app/backend/logs/app_20260527_145141.log')}
2026-05-27 15:04:52,131 - watchfiles.main - DEBUG - 1 change detected: {(<Change.modified: 2>, '/workspace/app/backend/logs/app_20260527_145141.log')}
2026-05-27 15:04:52,483 - watchfiles.main - DEBUG - 1 change detected: {(<Change.modified: 2>, '/workspace/app/backend/logs/app_20260527_145141.log')}
2026-05-27 15:04:52,833 - watchfiles.main - DEBUG - 1 change detected: {(<Change.modified: 2>, '/workspace/app/backend/logs/app_20260527_145141.log')}
2026-05-27 15:04:53,184 - watchfiles.main - DEBUG - 1 change detected: {(<Change.modified: 2>, '/workspace/app/backend/logs/app_20260527_145141.log')}
2026-05-27 15:04:53,535 - watchfiles.main - DEBUG - 1 change detected: {(<Change.modified: 2>, '/workspace/app/backend/logs/app_20260527_145141.log')}
2026-05-27 15:04:53,887 - watchfiles.main - DEBUG - 1 change detected: {(<Change.modified: 2>, '/workspace/app/backend/logs/app_20260527_145141.log')}
2026-05-27 15:04:54,238 - watchfiles.main - DEBUG - 1 change detected: {(<Change.modified: 2>, '/workspace/app/backend/logs/app_20260527_145141.log')}
2026-05-27 15:04:54,589 - watchfiles.main - DEBUG - 1 change detected: {(<Change.modified: 2>, '/workspace/app/backend/logs/app_20260527_145141.log')}
2026-05-27 15:04:54,940 - watchfiles.main - DEBUG - 1 change detected: {(<Change.modified: 2>, '/workspace/app/backend/logs/app_20260527_145141.log')}
2026-05-27 15:04:55,291 - watchfiles.main - DEBUG - 1 change detected: {(<Change.modified: 2>, '/workspace/app/backend/logs/app_20260527_145141.log')}
2026-05-27 15:04:55,641 - watchfiles.main - DEBUG - 1 change detected: {(<Change.modified: 2>, '/workspace/app/backend/logs/app_20260527_145141.log')}
2026-05-27 15:04:55,992 - watchfiles.main - DEBUG - 1 change detected: {(<Change.modified: 2>, '/workspace/app/backend/logs/app_20260527_145141.log')}
2026-05-27 15:04:56,344 - watchfiles.main - DEBUG - 1 change detected: {(<Change.modified: 2>, '/workspace/app/backend/logs/app_20260527_145141.log')}
2026-05-27 15:04:56,695 - watchfiles.main - DEBUG - 1 change detected: {(<Change.modified: 2>, '/workspace/app/backend/logs/app_20260527_145141.log')}
2026-05-27 15:04:57,046 - watchfiles.main - DEBUG - 1 change detected: {(<Change.modified: 2>, '/workspace/app/backend/logs/app_20260527_145141.log')}
2026-05-27 15:04:57,397 - watchfiles.main - DEBUG - 1 change detected: {(<Change.modified: 2>, '/workspace/app/backend/logs/app_20260527_145141.log')}
2026-05-27 15:04:57,748 - watchfiles.main - DEBUG - 1 change detected: {(<Change.modified: 2>, '/workspace/app/backend/logs/app_20260527_145141.log')}
2026-05-27 15:04:58,099 - watchfiles.main - DEBUG - 1 change detected: {(<Change.modified: 2>, '/workspace/app/backend/logs/app_20260527_145141.log')}
2026-05-27 15:04:58,450 - watchfiles.main - DEBUG - 1 change detected: {(<Change.modified: 2>, '/workspace/app/backend/logs/app_20260527_145141.log')}
2026-05-27 15:04:58,801 - watchfiles.main - DEBUG - 1 change detected: {(<Change.modified: 2>, '/workspace/app/backend/logs/app_20260527_145141.log')}
2026-05-27 15:04:59,152 - watchfiles.main - DEBUG - 1 change detected: {(<Change.modified: 2>, '/workspace/app/backend/logs/app_20260527_145141.log')}
2026-05-27 15:04:59,503 - watchfiles.main - DEBUG - 1 change detected: {(<Change.modified: 2>, '/workspace/app/backend/logs/app_20260527_145141.log')}
2026-05-27 15:04:59,854 - watchfiles.main - DEBUG - 1 change detected: {(<Change.modified: 2>, '/workspace/app/backend/logs/app_20260527_145141.log')}
2026-05-27 15:05:00,205 - watchfiles.main - DEBUG - 1 change detected: {(<Change.modified: 2>, '/workspace/app/backend/logs/app_20260527_145141.log')}
2026-05-27 15:05:00,556 - watchfiles.main - DEBUG - 1 change detected: {(<Change.modified: 2>, '/workspace/app/backend/logs/app_20260527_145141.log')}
2026-05-27 15:05:00,907 - watchfiles.main - DEBUG - 1 change detected: {(<Change.modified: 2>, '/workspace/app/backend/logs/app_20260527_145141.log')}
2026-05-27 15:05:01,258 - watchfiles.main - DEBUG - 1 change detected: {(<Change.modified: 2>, '/workspace/app/backend/logs/app_20260527_145141.log')}
2026-05-27 15:05:01,609 - watchfiles.main - DEBUG - 1 change detected: {(<Change.modified: 2>, '/workspace/app/backend/logs/app_20260527_145141.log')}
2026-05-27 15:05:01,960 - watchfiles.main - DEBUG - 1 change detected: {(<Change.modified: 2>, '/workspace/app/backend/logs/app_20260527_145141.log')}
2026-05-27 15:05:02,312 - watchfiles.main - DEBUG - 1 change detected: {(<Change.modified: 2>, '/workspace/app/backend/logs/app_20260527_145141.log')}
2026-05-27 15:05:02,663 - watchfiles.main - DEBUG - 1 change detected: {(<Change.modified: 2>, '/workspace/app/backend/logs/app_20260527_145141.log')}
2026-05-27 15:05:03,014 - watchfiles.main - DEBUG - 1 change detected: {(<Change.modified: 2>, '/workspace/app/backend/logs/app_20260527_145141.log')}
2026-05-27 15:05:03,365 - watchfiles.main - DEBUG - 1 change detected: {(<Change.modified: 2>, '/workspace/app/backend/logs/app_20260527_145141.log')}
2026-05-27 15:05:03,716 - watchfiles.main - DEBUG - 1 change detected: {(<Change.modified: 2>, '/workspace/app/backend/logs/app_20260527_145141.log')}
2026-05-27 15:05:04,067 - watchfiles.main - DEBUG - 1 change detected: {(<Change.modified: 2>, '/workspace/app/backend/logs/app_20260527_145141.log')}
2026-05-27 15:05:04,418 - watchfiles.main - DEBUG - 1 change detected: {(<Change.modified: 2>, '/workspace/app/backend/logs/app_20260527_145141.log')}
2026-05-27 15:05:04,769 - watchfiles.main - DEBUG - 1 change detected: {(<Change.modified: 2>, '/workspace/app/backend/logs/app_20260527_145141.log')}
2026-05-27 15:05:05,120 - watchfiles.main - DEBUG - 1 change detected: {(<Change.modified: 2>, '/workspace/app/backend/logs/app_20260527_145141.log')}
2026-05-27 15:05:05,471 - watchfiles.main - DEBUG - 1 change detected: {(<Change.modified: 2>, '/workspace/app/backend/logs/app_20260527_145141.log')}
2026-05-27 15:05:05,822 - watchfiles.main - DEBUG - 1 change detected: {(<Change.modified: 2>, '/workspace/app/backend/logs/app_20260527_145141.log')}
2026-05-27 15:05:06,173 - watchfiles.main - DEBUG - 1 change detected: {(<Change.modified: 2>, '/workspace/app/backend/logs/app_20260527_145141.log')}
2026-05-27 15:05:06,525 - watchfiles.main - DEBUG - 1 change detected: {(<Change.modified: 2>, '/workspace/app/backend/logs/app_20260527_145141.log')}
2026-05-27 15:05:06,877 - watchfiles.main - DEBUG - 1 change detected: {(<Change.modified: 2>, '/workspace/app/backend/logs/app_20260527_145141.log')}
2026-05-27 15:05:07,228 - watchfiles.main - DEBUG - 1 change detected: {(<Change.modified: 2>, '/workspace/app/backend/logs/app_20260527_145141.log')}
2026-05-27 15:05:07,579 - watchfiles.main - DEBUG - 1 change detected: {(<Change.modified: 2>, '/workspace/app/backend/logs/app_20260527_145141.log')}
2026-05-27 15:05:07,930 - watchfiles.main - DEBUG - 1 change detected: {(<Change.modified: 2>, '/workspace/app/backend/logs/app_20260527_145141.log')}
2026-05-27 15:05:08,281 - watchfiles.main - DEBUG - 1 change detected: {(<Change.modified: 2>, '/workspace/app/backend/logs/app_20260527_145141.log')}
2026-05-27 15:05:08,632 - watchfiles.main - DEBUG - 1 change detected: {(<Change.modified: 2>, '/workspace/app/backend/logs/app_20260527_145141.log')}
2026-05-27 15:05:08,983 - watchfiles.main - DEBUG - 1 change detected: {(<Change.modified: 2>, '/workspace/app/backend/logs/app_20260527_145141.log')}
2026-05-27 15:05:09,334 - watchfiles.main - DEBUG - 1 change detected: {(<Change.modified: 2>, '/workspace/app/backend/logs/app_20260527_145141.log')}
2026-05-27 15:05:09,685 - watchfiles.main - DEBUG - 1 change detected: {(<Change.modified: 2>, '/workspace/app/backend/logs/app_20260527_145141.log')}
2026-05-27 15:05:10,036 - watchfiles.main - DEBUG - 2 changes detected: {(<Change.modified: 2>, '/workspace/app/backend/logs/app_20260527_145141.log'), (<Change.modified: 2>, '/workspace/app/backend/logs/app_20260527_145143.log')}
2026-05-27 15:05:10,387 - watchfiles.main - DEBUG - 1 change detected: {(<Change.modified: 2>, '/workspace/app/backend/logs/app_20260527_145141.log')}
2026-05-27 15:05:10,738 - watchfiles.main - DEBUG - 2 changes detected: {(<Change.modified: 2>, '/workspace/app/backend/logs/app_20260527_145141.log'), (<Change.modified: 2>, '/workspace/app/backend/logs/app_20260527_145143.log')}
2026-05-27 15:05:11,089 - watchfiles.main - DEBUG - 2 changes detected: {(<Change.modified: 2>, '/workspace/app/backend/logs/app_20260527_145141.log'), (<Change.modified: 2>, '/workspace/app/backend/logs/app_20260527_145143.log')}
2026-05-27 15:05:11,441 - watchfiles.main - DEBUG - 1 change detected: {(<Change.modified: 2>, '/workspace/app/backend/logs/app_20260527_145141.log')}
2026-05-27 15:05:11,792 - watchfiles.main - DEBUG - 1 change detected: {(<Change.modified: 2>, '/workspace/app/backend/logs/app_20260527_145141.log')}
2026-05-27 15:05:12,142 - watchfiles.main - DEBUG - 1 change detected: {(<Change.modified: 2>, '/workspace/app/backend/logs/app_20260527_145141.log')}
2026-05-27 15:05:12,493 - watchfiles.main - DEBUG - 1 change detected: {(<Change.modified: 2>, '/workspace/app/backend/logs/app_20260527_145141.log')}
2026-05-27 15:05:12,844 - watchfiles.main - DEBUG - 1 change detected: {(<Change.modified: 2>, '/workspace/app/backend/logs/app_20260527_145141.log')}
2026-05-27 15:05:13,195 - watchfiles.main - DEBUG - 1 change detected: {(<Change.modified: 2>, '/workspace/app/backend/logs/app_20260527_145141.log')}
2026-05-27 15:05:13,546 - watchfiles.main - DEBUG - 1 change detected: {(<Change.modified: 2>, '/workspace/app/backend/logs/app_20260527_145141.log')}
2026-05-27 15:05:13,897 - watchfiles.main - DEBUG - 1 change detected: {(<Change.modified: 2>, '/workspace/app/backend/logs/app_20260527_145141.log')}
2026-05-27 15:05:14,248 - watchfiles.main - DEBUG - 1 change detected: {(<Change.modified: 2>, '/workspace/app/backend/logs/app_20260527_145141.log')}
2026-05-27 15:05:14,599 - watchfiles.main - DEBUG - 1 change detected: {(<Change.modified: 2>, '/workspace/app/backend/logs/app_20260527_145141.log')}
2026-05-27 15:05:14,950 - watchfiles.main - DEBUG - 1 change detected: {(<Change.modified: 2>, '/workspace/app/backend/logs/app_20260527_145141.log')}
2026-05-27 15:05:15,301 - watchfiles.main - DEBUG - 1 change detected: {(<Change.modified: 2>, '/workspace/app/backend/logs/app_20260527_145141.log')}
2026-05-27 15:05:15,652 - watchfiles.main - DEBUG - 1 change detected: {(<Change.modified: 2>, '/workspace/app/backend/logs/app_20260527_145141.log')}
2026-05-27 15:05:16,003 - watchfiles.main - DEBUG - 1 change detected: {(<Change.modified: 2>, '/workspace/app/backend/logs/app_20260527_145141.log')}
2026-05-27 15:05:16,355 - watchfiles.main - DEBUG - 1 change detected: {(<Change.modified: 2>, '/workspace/app/backend/logs/app_20260527_145141.log')}
2026-05-27 15:05:16,706 - watchfiles.main - DEBUG - 1 change detected: {(<Change.modified: 2>, '/workspace/app/backend/logs/app_20260527_145141.log')}
2026-05-27 15:05:17,057 - watchfiles.main - DEBUG - 1 change detected: {(<Change.modified: 2>, '/workspace/app/backend/logs/app_20260527_145141.log')}
2026-05-27 15:05:17,408 - watchfiles.main - DEBUG - 1 change detected: {(<Change.modified: 2>, '/workspace/app/backend/logs/app_20260527_145141.log')}
2026-05-27 15:05:17,759 - watchfiles.main - DEBUG - 1 change detected: {(<Change.modified: 2>, '/workspace/app/backend/logs/app_20260527_145141.log')}
2026-05-27 15:05:18,110 - watchfiles.main - DEBUG - 1 change detected: {(<Change.modified: 2>, '/workspace/app/backend/logs/app_20260527_145141.log')}
2026-05-27 15:05:18,461 - watchfiles.main - DEBUG - 1 change detected: {(<Change.modified: 2>, '/workspace/app/backend/logs/app_20260527_145141.log')}
2026-05-27 15:05:18,812 - watchfiles.main - DEBUG - 1 change detected: {(<Change.modified: 2>, '/workspace/app/backend/logs/app_20260527_145141.log')}
2026-05-27 15:05:19,164 - watchfiles.main - DEBUG - 1 change detected: {(<Change.modified: 2>, '/workspace/app/backend/logs/app_20260527_145141.log')}
2026-05-27 15:05:19,515 - watchfiles.main - DEBUG - 1 change detected: {(<Change.modified: 2>, '/workspace/app/backend/logs/app_20260527_145141.log')}
2026-05-27 15:05:19,866 - watchfiles.main - DEBUG - 1 change detected: {(<Change.modified: 2>, '/workspace/app/backend/logs/app_20260527_145141.log')}
2026-05-27 15:05:20,217 - watchfiles.main - DEBUG - 1 change detected: {(<Change.modified: 2>, '/workspace/app/backend/logs/app_20260527_145141.log')}
2026-05-27 15:05:20,568 - watchfiles.main - DEBUG - 1 change detected: {(<Change.modified: 2>, '/workspace/app/backend/logs/app_20260527_145141.log')}
2026-05-27 15:05:20,920 - watchfiles.main - DEBUG - 1 change detected: {(<Change.modified: 2>, '/workspace/app/backend/logs/app_20260527_145141.log')}
2026-05-27 15:05:21,271 - watchfiles.main - DEBUG - 1 change detected: {(<Change.modified: 2>, '/workspace/app/backend/logs/app_20260527_145141.log')}
2026-05-27 15:05:21,623 - watchfiles.main - DEBUG - 1 change detected: {(<Change.modified: 2>, '/workspace/app/backend/logs/app_20260527_145141.log')}
2026-05-27 15:05:21,974 - watchfiles.main - DEBUG - 1 change detected: {(<Change.modified: 2>, '/workspace/app/backend/logs/app_20260527_145141.log')}
2026-05-27 15:05:22,325 - watchfiles.main - DEBUG - 1 change detected: {(<Change.modified: 2>, '/workspace/app/backend/logs/app_20260527_145141.log')}
2026-05-27 15:05:22,676 - watchfiles.main - DEBUG - 1 change detected: {(<Change.modified: 2>, '/workspace/app/backend/logs/app_20260527_145141.log')}
2026-05-27 15:05:23,027 - watchfiles.main - DEBUG - 1 change detected: {(<Change.modified: 2>, '/workspace/app/backend/logs/app_20260527_145141.log')}
2026-05-27 15:05:23,378 - watchfiles.main - DEBUG - 1 change detected: {(<Change.modified: 2>, '/workspace/app/backend/logs/app_20260527_145141.log')}
2026-05-27 15:05:23,729 - watchfiles.main - DEBUG - 1 change detected: {(<Change.modified: 2>, '/workspace/app/backend/logs/app_20260527_145141.log')}
2026-05-27 15:05:24,080 - watchfiles.main - DEBUG - 1 change detected: {(<Change.modified: 2>, '/workspace/app/backend/logs/app_20260527_145141.log')}
2026-05-27 15:05:24,431 - watchfiles.main - DEBUG - 1 change detected: {(<Change.modified: 2>, '/workspace/app/backend/logs/app_20260527_145141.log')}
2026-05-27 15:05:24,782 - watchfiles.main - DEBUG - 1 change detected: {(<Change.modified: 2>, '/workspace/app/backend/logs/app_20260527_145141.log')}
2026-05-27 15:05:25,134 - watchfiles.main - DEBUG - 1 change detected: {(<Change.modified: 2>, '/workspace/app/backend/logs/app_20260527_145141.log')}
2026-05-27 15:05:25,485 - watchfiles.main - DEBUG - 1 change detected: {(<Change.modified: 2>, '/workspace/app/backend/logs/app_20260527_145141.log')}
2026-05-27 15:05:25,836 - watchfiles.main - DEBUG - 1 change detected: {(<Change.modified: 2>, '/workspace/app/backend/logs/app_20260527_145141.log')}
2026-05-27 15:05:26,187 - watchfiles.main - DEBUG - 1 change detected: {(<Change.modified: 2>, '/workspace/app/backend/logs/app_20260527_145141.log')}
2026-05-27 15:05:26,538 - watchfiles.main - DEBUG - 1 change detected: {(<Change.modified: 2>, '/workspace/app/backend/logs/app_20260527_145141.log')}
2026-05-27 15:05:26,889 - watchfiles.main - DEBUG - 1 change detected: {(<Change.modified: 2>, '/workspace/app/backend/logs/app_20260527_145141.log')}
2026-05-27 15:05:27,241 - watchfiles.main - DEBUG - 1 change detected: {(<Change.modified: 2>, '/workspace/app/backend/logs/app_20260527_145141.log')}
2026-05-27 15:05:27,592 - watchfiles.main - DEBUG - 1 change detected: {(<Change.modified: 2>, '/workspace/app/backend/logs/app_20260527_145141.log')}
2026-05-27 15:05:27,943 - watchfiles.main - DEBUG - 1 change detected: {(<Change.modified: 2>, '/workspace/app/backend/logs/app_20260527_145141.log')}
2026-05-27 15:05:28,294 - watchfiles.main - DEBUG - 1 change detected: {(<Change.modified: 2>, '/workspace/app/backend/logs/app_20260527_145141.log')}
2026-05-27 15:05:28,645 - watchfiles.main - DEBUG - 1 change detected: {(<Change.modified: 2>, '/workspace/app/backend/logs/app_20260527_145141.log')}
2026-05-27 15:05:28,996 - watchfiles.main - DEBUG - 1 change detected: {(<Change.modified: 2>, '/workspace/app/backend/logs/app_20260527_145141.log')}
2026-05-27 15:05:29,347 - watchfiles.main - DEBUG - 1 change detected: {(<Change.modified: 2>, '/workspace/app/backend/logs/app_20260527_145141.log')}
2026-05-27 15:05:29,698 - watchfiles.main - DEBUG - 1 change detected: {(<Change.modified: 2>, '/workspace/app/backend/logs/app_20260527_145141.log')}
2026-05-27 15:05:30,049 - watchfiles.main - DEBUG - 1 change detected: {(<Change.modified: 2>, '/workspace/app/backend/logs/app_20260527_145141.log')}
2026-05-27 15:05:30,400 - watchfiles.main - DEBUG - 1 change detected: {(<Change.modified: 2>, '/workspace/app/backend/logs/app_20260527_145141.log')}
2026-05-27 15:05:30,751 - watchfiles.main - DEBUG - 1 change detected: {(<Change.modified: 2>, '/workspace/app/backend/logs/app_20260527_145141.log')}
2026-05-27 15:05:31,102 - watchfiles.main - DEBUG - 1 change detected: {(<Change.modified: 2>, '/workspace/app/backend/logs/app_20260527_145141.log')}
2026-05-27 15:05:31,453 - watchfiles.main - DEBUG - 1 change detected: {(<Change.modified: 2>, '/workspace/app/backend/logs/app_20260527_145141.log')}
2026-05-27 15:05:31,804 - watchfiles.main - DEBUG - 1 change detected: {(<Change.modified: 2>, '/workspace/app/backend/logs/app_20260527_145141.log')}
2026-05-27 15:05:32,155 - watchfiles.main - DEBUG - 1 change detected: {(<Change.modified: 2>, '/workspace/app/backend/logs/app_20260527_145141.log')}
2026-05-27 15:05:32,506 - watchfiles.main - DEBUG - 1 change detected: {(<Change.modified: 2>, '/workspace/app/backend/logs/app_20260527_145141.log')}
2026-05-27 15:05:32,857 - watchfiles.main - DEBUG - 1 change detected: {(<Change.modified: 2>, '/workspace/app/backend/logs/app_20260527_145141.log')}
2026-05-27 15:05:33,208 - watchfiles.main - DEBUG - 1 change detected: {(<Change.modified: 2>, '/workspace/app/backend/logs/app_20260527_145141.log')}
2026-05-27 15:05:33,559 - watchfiles.main - DEBUG - 1 change detected: {(<Change.modified: 2>, '/workspace/app/backend/logs/app_20260527_145141.log')}
2026-05-27 15:05:33,910 - watchfiles.main - DEBUG - 1 change detected: {(<Change.modified: 2>, '/workspace/app/backend/logs/app_20260527_145141.log')}
2026-05-27 15:05:34,261 - watchfiles.main - DEBUG - 1 change detected: {(<Change.modified: 2>, '/workspace/app/backend/logs/app_20260527_145141.log')}
2026-05-27 15:05:34,612 - watchfiles.main - DEBUG - 1 change detected: {(<Change.modified: 2>, '/workspace/app/backend/logs/app_20260527_145141.log')}
2026-05-27 15:05:34,963 - watchfiles.main - DEBUG - 1 change detected: {(<Change.modified: 2>, '/workspace/app/backend/logs/app_20260527_145141.log')}
2026-05-27 15:05:35,317 - watchfiles.main - DEBUG - 1 change detected: {(<Change.modified: 2>, '/workspace/app/backend/logs/app_20260527_145141.log')}
2026-05-27 15:05:35,669 - watchfiles.main - DEBUG - 1 change detected: {(<Change.modified: 2>, '/workspace/app/backend/logs/app_20260527_145141.log')}
2026-05-27 15:05:36,021 - watchfiles.main - DEBUG - 1 change detected: {(<Change.modified: 2>, '/workspace/app/backend/logs/app_20260527_145141.log')}
2026-05-27 15:05:36,372 - watchfiles.main - DEBUG - 1 change detected: {(<Change.modified: 2>, '/workspace/app/backend/logs/app_20260527_145141.log')}
2026-05-27 15:05:36,723 - watchfiles.main - DEBUG - 1 change detected: {(<Change.modified: 2>, '/workspace/app/backend/logs/app_20260527_145141.log')}
2026-05-27 15:05:37,074 - watchfiles.main - DEBUG - 1 change detected: {(<Change.modified: 2>, '/workspace/app/backend/logs/app_20260527_145141.log')}
2026-05-27 15:05:37,425 - watchfiles.main - DEBUG - 1 change detected: {(<Change.modified: 2>, '/workspace/app/backend/logs/app_20260527_145141.log')}
2026-05-27 15:05:37,776 - watchfiles.main - DEBUG - 1 change detected: {(<Change.modified: 2>, '/workspace/app/backend/logs/app_20260527_145141.log')}
2026-05-27 15:05:38,127 - watchfiles.main - DEBUG - 1 change detected: {(<Change.modified: 2>, '/workspace/app/backend/logs/app_20260527_145141.log')}
2026-05-27 15:05:38,479 - watchfiles.main - DEBUG - 1 change detected: {(<Change.modified: 2>, '/workspace/app/backend/logs/app_20260527_145141.log')}
2026-05-27 15:05:38,830 - watchfiles.main - DEBUG - 1 change detected: {(<Change.modified: 2>, '/workspace/app/backend/logs/app_20260527_145141.log')}
2026-05-27 15:05:39,181 - watchfiles.main - DEBUG - 1 change detected: {(<Change.modified: 2>, '/workspace/app/backend/logs/app_20260527_145141.log')}
2026-05-27 15:05:39,532 - watchfiles.main - DEBUG - 1 change detected: {(<Change.modified: 2>, '/workspace/app/backend/logs/app_20260527_145141.log')}
2026-05-27 15:05:39,883 - watchfiles.main - DEBUG - 1 change detected: {(<Change.modified: 2>, '/workspace/app/backend/logs/app_20260527_145141.log')}
2026-05-27 15:05:40,233 - watchfiles.main - DEBUG - 1 change detected: {(<Change.modified: 2>, '/workspace/app/backend/logs/app_20260527_145141.log')}
2026-05-27 15:05:40,584 - watchfiles.main - DEBUG - 1 change detected: {(<Change.modified: 2>, '/workspace/app/backend/logs/app_20260527_145141.log')}
2026-05-27 15:05:40,936 - watchfiles.main - DEBUG - 2 changes detected: {(<Change.modified: 2>, '/workspace/app/backend/logs/app_20260527_145141.log'), (<Change.modified: 2>, '/workspace/app/backend/logs/app_20260527_145143.log')}
2026-05-27 15:05:41,287 - watchfiles.main - DEBUG - 2 changes detected: {(<Change.modified: 2>, '/workspace/app/backend/logs/app_20260527_145141.log'), (<Change.modified: 2>, '/workspace/app/backend/logs/app_20260527_145143.log')}
2026-05-27 15:05:41,638 - watchfiles.main - DEBUG - 1 change detected: {(<Change.modified: 2>, '/workspace/app/backend/logs/app_20260527_145141.log')}
2026-05-27 15:05:41,989 - watchfiles.main - DEBUG - 2 changes detected: {(<Change.modified: 2>, '/workspace/app/backend/logs/app_20260527_145141.log'), (<Change.modified: 2>, '/workspace/app/backend/logs/app_20260527_145143.log')}
2026-05-27 15:05:42,340 - watchfiles.main - DEBUG - 1 change detected: {(<Change.modified: 2>, '/workspace/app/backend/logs/app_20260527_145141.log')}
2026-05-27 15:05:42,691 - watchfiles.main - DEBUG - 2 changes detected: {(<Change.modified: 2>, '/workspace/app/backend/logs/app_20260527_145141.log'), (<Change.modified: 2>, '/workspace/app/backend/logs/app_20260527_145143.log')}
2026-05-27 15:05:43,042 - watchfiles.main - DEBUG - 1 change detected: {(<Change.modified: 2>, '/workspace/app/backend/logs/app_20260527_145141.log')}
2026-05-27 15:05:43,393 - watchfiles.main - DEBUG - 1 change detected: {(<Change.modified: 2>, '/workspace/app/backend/logs/app_20260527_145141.log')}
2026-05-27 15:05:43,744 - watchfiles.main - DEBUG - 1 change detected: {(<Change.modified: 2>, '/workspace/app/backend/logs/app_20260527_145141.log')}
2026-05-27 15:05:44,095 - watchfiles.main - DEBUG - 1 change detected: {(<Change.modified: 2>, '/workspace/app/backend/logs/app_20260527_145141.log')}
2026-05-27 15:05:44,446 - watchfiles.main - DEBUG - 1 change detected: {(<Change.modified: 2>, '/workspace/app/backend/logs/app_20260527_145141.log')}
2026-05-27 15:05:44,797 - watchfiles.main - DEBUG - 1 change detected: {(<Change.modified: 2>, '/workspace/app/backend/logs/app_20260527_145141.log')}
2026-05-27 15:05:45,148 - watchfiles.main - DEBUG - 1 change detected: {(<Change.modified: 2>, '/workspace/app/backend/logs/app_20260527_145141.log')}
2026-05-27 15:05:45,499 - watchfiles.main - DEBUG - 1 change detected: {(<Change.modified: 2>, '/workspace/app/backend/logs/app_20260527_145141.log')}
2026-05-27 15:05:45,852 - watchfiles.main - DEBUG - 1 change detected: {(<Change.modified: 2>, '/workspace/app/backend/logs/app_20260527_145141.log')}
2026-05-27 15:05:46,203 - watchfiles.main - DEBUG - 1 change detected: {(<Change.modified: 2>, '/workspace/app/backend/logs/app_20260527_145141.log')}
2026-05-27 15:05:46,554 - watchfiles.main - DEBUG - 1 change detected: {(<Change.modified: 2>, '/workspace/app/backend/logs/app_20260527_145141.log')}
2026-05-27 15:05:46,905 - watchfiles.main - DEBUG - 1 change detected: {(<Change.modified: 2>, '/workspace/app/backend/logs/app_20260527_145141.log')}
2026-05-27 15:05:47,256 - watchfiles.main - DEBUG - 1 change detected: {(<Change.modified: 2>, '/workspace/app/backend/logs/app_20260527_145141.log')}
2026-05-27 15:05:47,607 - watchfiles.main - DEBUG - 1 change detected: {(<Change.modified: 2>, '/workspace/app/backend/logs/app_20260527_145141.log')}
2026-05-27 15:05:47,958 - watchfiles.main - DEBUG - 1 change detected: {(<Change.modified: 2>, '/workspace/app/backend/logs/app_20260527_145141.log')}
2026-05-27 15:05:48,309 - watchfiles.main - DEBUG - 1 change detected: {(<Change.modified: 2>, '/workspace/app/backend/logs/app_20260527_145141.log')}
2026-05-27 15:05:48,660 - watchfiles.main - DEBUG - 1 change detected: {(<Change.modified: 2>, '/workspace/app/backend/logs/app_20260527_145141.log')}
2026-05-27 15:05:49,011 - watchfiles.main - DEBUG - 1 change detected: {(<Change.modified: 2>, '/workspace/app/backend/logs/app_20260527_145141.log')}
2026-05-27 15:05:49,362 - watchfiles.main - DEBUG - 1 change detected: {(<Change.modified: 2>, '/workspace/app/backend/logs/app_20260527_145141.log')}
2026-05-27 15:05:49,713 - watchfiles.main - DEBUG - 1 change detected: {(<Change.modified: 2>, '/workspace/app/backend/logs/app_20260527_145141.log')}
2026-05-27 15:05:50,064 - watchfiles.main - DEBUG - 1 change detected: {(<Change.modified: 2>, '/workspace/app/backend/logs/app_20260527_145141.log')}
2026-05-27 15:05:50,415 - watchfiles.main - DEBUG - 1 change detected: {(<Change.modified: 2>, '/workspace/app/backend/logs/app_20260527_145141.log')}
2026-05-27 15:05:50,766 - watchfiles.main - DEBUG - 1 change detected: {(<Change.modified: 2>, '/workspace/app/backend/logs/app_20260527_145141.log')}
2026-05-27 15:05:51,117 - watchfiles.main - DEBUG - 1 change detected: {(<Change.modified: 2>, '/workspace/app/backend/logs/app_20260527_145141.log')}
2026-05-27 15:05:51,468 - watchfiles.main - DEBUG - 1 change detected: {(<Change.modified: 2>, '/workspace/app/backend/logs/app_20260527_145141.log')}
2026-05-27 15:05:51,819 - watchfiles.main - DEBUG - 1 change detected: {(<Change.modified: 2>, '/workspace/app/backend/logs/app_20260527_145141.log')}
2026-05-27 15:05:52,170 - watchfiles.main - DEBUG - 2 changes detected: {(<Change.modified: 2>, '/workspace/app/backend/logs/app_20260527_145141.log'), (<Change.modified: 2>, '/workspace/app/backend/logs/app_20260527_145143.log')}
2026-05-27 15:05:52,521 - watchfiles.main - DEBUG - 1 change detected: {(<Change.modified: 2>, '/workspace/app/backend/logs/app_20260527_145141.log')}
2026-05-27 15:05:52,872 - watchfiles.main - DEBUG - 2 changes detected: {(<Change.modified: 2>, '/workspace/app/backend/logs/app_20260527_145141.log'), (<Change.modified: 2>, '/workspace/app/backend/logs/app_20260527_145143.log')}
2026-05-27 15:05:53,223 - watchfiles.main - DEBUG - 1 change detected: {(<Change.modified: 2>, '/workspace/app/backend/logs/app_20260527_145141.log')}
2026-05-27 15:05:53,574 - watchfiles.main - DEBUG - 1 change detected: {(<Change.modified: 2>, '/workspace/app/backend/logs/app_20260527_145141.log')}
2026-05-27 15:05:53,925 - watchfiles.main - DEBUG - 1 change detected: {(<Change.modified: 2>, '/workspace/app/backend/logs/app_20260527_145141.log')}
2026-05-27 15:05:54,276 - watchfiles.main - DEBUG - 1 change detected: {(<Change.modified: 2>, '/workspace/app/backend/logs/app_20260527_145141.log')}
2026-05-27 15:05:54,627 - watchfiles.main - DEBUG - 1 change detected: {(<Change.modified: 2>, '/workspace/app/backend/logs/app_20260527_145141.log')}
2026-05-27 15:05:54,978 - watchfiles.main - DEBUG - 1 change detected: {(<Change.modified: 2>, '/workspace/app/backend/logs/app_20260527_145141.log')}
2026-05-27 15:05:55,329 - watchfiles.main - DEBUG - 1 change detected: {(<Change.modified: 2>, '/workspace/app/backend/logs/app_20260527_145141.log')}
2026-05-27 15:05:55,680 - watchfiles.main - DEBUG - 1 change detected: {(<Change.modified: 2>, '/workspace/app/backend/logs/app_20260527_145141.log')}
2026-05-27 15:05:56,031 - watchfiles.main - DEBUG - 1 change detected: {(<Change.modified: 2>, '/workspace/app/backend/logs/app_20260527_145141.log')}
2026-05-27 15:05:56,382 - watchfiles.main - DEBUG - 1 change detected: {(<Change.modified: 2>, '/workspace/app/backend/logs/app_20260527_145141.log')}
2026-05-27 15:05:56,733 - watchfiles.main - DEBUG - 1 change detected: {(<Change.modified: 2>, '/workspace/app/backend/logs/app_20260527_145141.log')}
2026-05-27 15:05:57,084 - watchfiles.main - DEBUG - 1 change detected: {(<Change.modified: 2>, '/workspace/app/backend/logs/app_20260527_145141.log')}
2026-05-27 15:05:57,435 - watchfiles.main - DEBUG - 1 change detected: {(<Change.modified: 2>, '/workspace/app/backend/logs/app_20260527_145141.log')}
2026-05-27 15:05:57,786 - watchfiles.main - DEBUG - 1 change detected: {(<Change.modified: 2>, '/workspace/app/backend/logs/app_20260527_145141.log')}
2026-05-27 15:05:58,137 - watchfiles.main - DEBUG - 1 change detected: {(<Change.modified: 2>, '/workspace/app/backend/logs/app_20260527_145141.log')}
2026-05-27 15:05:58,488 - watchfiles.main - DEBUG - 1 change detected: {(<Change.modified: 2>, '/workspace/app/backend/logs/app_20260527_145141.log')}
2026-05-27 15:05:58,839 - watchfiles.main - DEBUG - 1 change detected: {(<Change.modified: 2>, '/workspace/app/backend/logs/app_20260527_145141.log')}
2026-05-27 15:05:59,190 - watchfiles.main - DEBUG - 1 change detected: {(<Change.modified: 2>, '/workspace/app/backend/logs/app_20260527_145141.log')}
2026-05-27 15:05:59,541 - watchfiles.main - DEBUG - 1 change detected: {(<Change.modified: 2>, '/workspace/app/backend/logs/app_20260527_145141.log')}
2026-05-27 15:05:59,892 - watchfiles.main - DEBUG - 2 changes detected: {(<Change.modified: 2>, '/workspace/app/backend/logs/app_20260527_145141.log'), (<Change.modified: 2>, '/workspace/app/backend/logs/app_20260527_145143.log')}
2026-05-27 15:06:00,243 - watchfiles.main - DEBUG - 1 change detected: {(<Change.modified: 2>, '/workspace/app/backend/logs/app_20260527_145141.log')}
2026-05-27 15:06:00,644 - watchfiles.main - DEBUG - 2 changes detected: {(<Change.modified: 2>, '/workspace/app/backend/logs/app_20260527_145141.log'), (<Change.modified: 2>, '/workspace/app/backend/logs/app_20260527_145143.log')}
2026-05-27 15:06:00,995 - watchfiles.main - DEBUG - 2 changes detected: {(<Change.modified: 2>, '/workspace/app/backend/logs/app_20260527_145141.log'), (<Change.modified: 2>, '/workspace/app/backend/logs/app_20260527_145143.log')}
2026-05-27 15:06:01,346 - watchfiles.main - DEBUG - 2 changes detected: {(<Change.modified: 2>, '/workspace/app/backend/logs/app_20260527_145141.log'), (<Change.modified: 2>, '/workspace/app/backend/logs/app_20260527_145143.log')}
2026-05-27 15:06:01,697 - watchfiles.main - DEBUG - 2 changes detected: {(<Change.modified: 2>, '/workspace/app/backend/logs/app_20260527_145141.log'), (<Change.modified: 2>, '/workspace/app/backend/logs/app_20260527_145143.log')}
2026-05-27 15:06:02,048 - watchfiles.main - DEBUG - 1 change detected: {(<Change.modified: 2>, '/workspace/app/backend/logs/app_20260527_145141.log')}
2026-05-27 15:06:02,400 - watchfiles.main - DEBUG - 2 changes detected: {(<Change.modified: 2>, '/workspace/app/backend/logs/app_20260527_145141.log'), (<Change.modified: 2>, '/workspace/app/backend/logs/app_20260527_145143.log')}
2026-05-27 15:06:02,751 - watchfiles.main - DEBUG - 1 change detected: {(<Change.modified: 2>, '/workspace/app/backend/logs/app_20260527_145141.log')}
2026-05-27 15:06:03,102 - watchfiles.main - DEBUG - 2 changes detected: {(<Change.modified: 2>, '/workspace/app/backend/logs/app_20260527_145141.log'), (<Change.modified: 2>, '/workspace/app/backend/logs/app_20260527_145143.log')}
2026-05-27 15:06:03,453 - watchfiles.main - DEBUG - 1 change detected: {(<Change.modified: 2>, '/workspace/app/backend/logs/app_20260527_145141.log')}
2026-05-27 15:06:03,804 - watchfiles.main - DEBUG - 1 change detected: {(<Change.modified: 2>, '/workspace/app/backend/logs/app_20260527_145141.log')}
2026-05-27 15:06:04,155 - watchfiles.main - DEBUG - 1 change detected: {(<Change.modified: 2>, '/workspace/app/backend/logs/app_20260527_145141.log')}
2026-05-27 15:06:04,506 - watchfiles.main - DEBUG - 1 change detected: {(<Change.modified: 2>, '/workspace/app/backend/logs/app_20260527_145141.log')}
2026-05-27 15:06:04,857 - watchfiles.main - DEBUG - 1 change detected: {(<Change.modified: 2>, '/workspace/app/backend/logs/app_20260527_145141.log')}
2026-05-27 15:06:05,209 - watchfiles.main - DEBUG - 1 change detected: {(<Change.modified: 2>, '/workspace/app/backend/logs/app_20260527_145141.log')}
2026-05-27 15:06:05,560 - watchfiles.main - DEBUG - 1 change detected: {(<Change.modified: 2>, '/workspace/app/backend/logs/app_20260527_145141.log')}
2026-05-27 15:06:05,912 - watchfiles.main - DEBUG - 1 change detected: {(<Change.modified: 2>, '/workspace/app/backend/logs/app_20260527_145141.log')}
2026-05-27 15:06:06,263 - watchfiles.main - DEBUG - 1 change detected: {(<Change.modified: 2>, '/workspace/app/backend/logs/app_20260527_145141.log')}
2026-05-27 15:06:06,614 - watchfiles.main - DEBUG - 1 change detected: {(<Change.modified: 2>, '/workspace/app/backend/logs/app_20260527_145141.log')}
2026-05-27 15:06:06,966 - watchfiles.main - DEBUG - 1 change detected: {(<Change.modified: 2>, '/workspace/app/backend/logs/app_20260527_145141.log')}
2026-05-27 15:06:07,317 - watchfiles.main - DEBUG - 1 change detected: {(<Change.modified: 2>, '/workspace/app/backend/logs/app_20260527_145141.log')}
2026-05-27 15:06:07,668 - watchfiles.main - DEBUG - 1 change detected: {(<Change.modified: 2>, '/workspace/app/backend/logs/app_20260527_145141.log')}
2026-05-27 15:06:08,019 - watchfiles.main - DEBUG - 1 change detected: {(<Change.modified: 2>, '/workspace/app/backend/logs/app_20260527_145141.log')}
2026-05-27 15:06:08,370 - watchfiles.main - DEBUG - 1 change detected: {(<Change.modified: 2>, '/workspace/app/backend/logs/app_20260527_145141.log')}
2026-05-27 15:06:08,721 - watchfiles.main - DEBUG - 1 change detected: {(<Change.modified: 2>, '/workspace/app/backend/logs/app_20260527_145141.log')}
2026-05-27 15:06:09,071 - watchfiles.main - DEBUG - 1 change detected: {(<Change.modified: 2>, '/workspace/app/backend/logs/app_20260527_145141.log')}
2026-05-27 15:06:09,423 - watchfiles.main - DEBUG - 1 change detected: {(<Change.modified: 2>, '/workspace/app/backend/logs/app_20260527_145141.log')}
2026-05-27 15:06:09,774 - watchfiles.main - DEBUG - 1 change detected: {(<Change.modified: 2>, '/workspace/app/backend/logs/app_20260527_145141.log')}
2026-05-27 15:06:10,125 - watchfiles.main - DEBUG - 1 change detected: {(<Change.modified: 2>, '/workspace/app/backend/logs/app_20260527_145141.log')}
2026-05-27 15:06:10,476 - watchfiles.main - DEBUG - 1 change detected: {(<Change.modified: 2>, '/workspace/app/backend/logs/app_20260527_145141.log')}
2026-05-27 15:06:10,827 - watchfiles.main - DEBUG - 1 change detected: {(<Change.modified: 2>, '/workspace/app/backend/logs/app_20260527_145141.log')}
2026-05-27 15:06:11,178 - watchfiles.main - DEBUG - 1 change detected: {(<Change.modified: 2>, '/workspace/app/backend/logs/app_20260527_145141.log')}
2026-05-27 15:06:11,529 - watchfiles.main - DEBUG - 1 change detected: {(<Change.modified: 2>, '/workspace/app/backend/logs/app_20260527_145141.log')}
2026-05-27 15:06:11,880 - watchfiles.main - DEBUG - 1 change detected: {(<Change.modified: 2>, '/workspace/app/backend/logs/app_20260527_145141.log')}
2026-05-27 15:06:12,231 - watchfiles.main - DEBUG - 1 change detected: {(<Change.modified: 2>, '/workspace/app/backend/logs/app_20260527_145141.log')}
2026-05-27 15:06:12,582 - watchfiles.main - DEBUG - 1 change detected: {(<Change.modified: 2>, '/workspace/app/backend/logs/app_20260527_145141.log')}
2026-05-27 15:06:12,933 - watchfiles.main - DEBUG - 1 change detected: {(<Change.modified: 2>, '/workspace/app/backend/logs/app_20260527_145141.log')}
2026-05-27 15:06:13,284 - watchfiles.main - DEBUG - 1 change detected: {(<Change.modified: 2>, '/workspace/app/backend/logs/app_20260527_145141.log')}
2026-05-27 15:06:13,635 - watchfiles.main - DEBUG - 1 change detected: {(<Change.modified: 2>, '/workspace/app/backend/logs/app_20260527_145141.log')}
2026-05-27 15:06:13,986 - watchfiles.main - DEBUG - 1 change detected: {(<Change.modified: 2>, '/workspace/app/backend/logs/app_20260527_145141.log')}
2026-05-27 15:06:14,337 - watchfiles.main - DEBUG - 1 change detected: {(<Change.modified: 2>, '/workspace/app/backend/logs/app_20260527_145141.log')}
2026-05-27 15:06:14,688 - watchfiles.main - DEBUG - 1 change detected: {(<Change.modified: 2>, '/workspace/app/backend/logs/app_20260527_145141.log')}
2026-05-27 15:06:15,039 - watchfiles.main - DEBUG - 1 change detected: {(<Change.modified: 2>, '/workspace/app/backend/logs/app_20260527_145141.log')}
2026-05-27 15:06:15,390 - watchfiles.main - DEBUG - 1 change detected: {(<Change.modified: 2>, '/workspace/app/backend/logs/app_20260527_145141.log')}
2026-05-27 15:06:15,741 - watchfiles.main - DEBUG - 1 change detected: {(<Change.modified: 2>, '/workspace/app/backend/logs/app_20260527_145141.log')}
2026-05-27 15:06:16,092 - watchfiles.main - DEBUG - 1 change detected: {(<Change.modified: 2>, '/workspace/app/backend/logs/app_20260527_145141.log')}
2026-05-27 15:06:16,443 - watchfiles.main - DEBUG - 1 change detected: {(<Change.modified: 2>, '/workspace/app/backend/logs/app_20260527_145141.log')}
2026-05-27 15:06:16,795 - watchfiles.main - DEBUG - 1 change detected: {(<Change.modified: 2>, '/workspace/app/backend/logs/app_20260527_145141.log')}
2026-05-27 15:06:17,145 - watchfiles.main - DEBUG - 1 change detected: {(<Change.modified: 2>, '/workspace/app/backend/logs/app_20260527_145141.log')}
2026-05-27 15:06:17,496 - watchfiles.main - DEBUG - 1 change detected: {(<Change.modified: 2>, '/workspace/app/backend/logs/app_20260527_145141.log')}
2026-05-27 15:06:17,847 - watchfiles.main - DEBUG - 1 change detected: {(<Change.modified: 2>, '/workspace/app/backend/logs/app_20260527_145141.log')}
2026-05-27 15:06:18,198 - watchfiles.main - DEBUG - 1 change detected: {(<Change.modified: 2>, '/workspace/app/backend/logs/app_20260527_145141.log')}
2026-05-27 15:06:18,549 - watchfiles.main - DEBUG - 1 change detected: {(<Change.modified: 2>, '/workspace/app/backend/logs/app_20260527_145141.log')}
2026-05-27 15:06:18,900 - watchfiles.main - DEBUG - 1 change detected: {(<Change.modified: 2>, '/workspace/app/backend/logs/app_20260527_145141.log')}
2026-05-27 15:06:19,251 - watchfiles.main - DEBUG - 1 change detected: {(<Change.modified: 2>, '/workspace/app/backend/logs/app_20260527_145141.log')}
2026-05-27 15:06:19,603 - watchfiles.main - DEBUG - 1 change detected: {(<Change.modified: 2>, '/workspace/app/backend/logs/app_20260527_145141.log')}
2026-05-27 15:06:19,954 - watchfiles.main - DEBUG - 1 change detected: {(<Change.modified: 2>, '/workspace/app/backend/logs/app_20260527_145141.log')}
2026-05-27 15:06:20,305 - watchfiles.main - DEBUG - 1 change detected: {(<Change.modified: 2>, '/workspace/app/backend/logs/app_20260527_145141.log')}
2026-05-27 15:06:20,656 - watchfiles.main - DEBUG - 1 change detected: {(<Change.modified: 2>, '/workspace/app/backend/logs/app_20260527_145141.log')}
2026-05-27 15:06:21,007 - watchfiles.main - DEBUG - 1 change detected: {(<Change.modified: 2>, '/workspace/app/backend/logs/app_20260527_145141.log')}
2026-05-27 15:06:21,357 - watchfiles.main - DEBUG - 1 change detected: {(<Change.modified: 2>, '/workspace/app/backend/logs/app_20260527_145141.log')}
2026-05-27 15:06:21,708 - watchfiles.main - DEBUG - 1 change detected: {(<Change.modified: 2>, '/workspace/app/backend/logs/app_20260527_145141.log')}
2026-05-27 15:06:22,059 - watchfiles.main - DEBUG - 1 change detected: {(<Change.modified: 2>, '/workspace/app/backend/logs/app_20260527_145141.log')}
2026-05-27 15:06:22,410 - watchfiles.main - DEBUG - 1 change detected: {(<Change.modified: 2>, '/workspace/app/backend/logs/app_20260527_145141.log')}
2026-05-27 15:06:22,762 - watchfiles.main - DEBUG - 1 change detected: {(<Change.modified: 2>, '/workspace/app/backend/logs/app_20260527_145141.log')}
2026-05-27 15:06:23,113 - watchfiles.main - DEBUG - 1 change detected: {(<Change.modified: 2>, '/workspace/app/backend/logs/app_20260527_145141.log')}
2026-05-27 15:06:23,464 - watchfiles.main - DEBUG - 1 change detected: {(<Change.modified: 2>, '/workspace/app/backend/logs/app_20260527_145141.log')}
2026-05-27 15:06:23,815 - watchfiles.main - DEBUG - 1 change detected: {(<Change.modified: 2>, '/workspace/app/backend/logs/app_20260527_145141.log')}
2026-05-27 15:06:24,166 - watchfiles.main - DEBUG - 1 change detected: {(<Change.modified: 2>, '/workspace/app/backend/logs/app_20260527_145141.log')}
2026-05-27 15:06:24,517 - watchfiles.main - DEBUG - 1 change detected: {(<Change.modified: 2>, '/workspace/app/backend/logs/app_20260527_145141.log')}
2026-05-27 15:06:24,868 - watchfiles.main - DEBUG - 1 change detected: {(<Change.modified: 2>, '/workspace/app/backend/logs/app_20260527_145141.log')}
2026-05-27 15:06:25,219 - watchfiles.main - DEBUG - 1 change detected: {(<Change.modified: 2>, '/workspace/app/backend/logs/app_20260527_145141.log')}
2026-05-27 15:06:25,570 - watchfiles.main - DEBUG - 1 change detected: {(<Change.modified: 2>, '/workspace/app/backend/logs/app_20260527_145141.log')}
2026-05-27 15:06:25,921 - watchfiles.main - DEBUG - 1 change detected: {(<Change.modified: 2>, '/workspace/app/backend/logs/app_20260527_145141.log')}
2026-05-27 15:06:26,272 - watchfiles.main - DEBUG - 1 change detected: {(<Change.modified: 2>, '/workspace/app/backend/logs/app_20260527_145141.log')}
2026-05-27 15:06:26,623 - watchfiles.main - DEBUG - 1 change detected: {(<Change.modified: 2>, '/workspace/app/backend/logs/app_20260527_145141.log')}
2026-05-27 15:06:26,974 - watchfiles.main - DEBUG - 1 change detected: {(<Change.modified: 2>, '/workspace/app/backend/logs/app_20260527_145141.log')}
2026-05-27 15:06:27,325 - watchfiles.main - DEBUG - 1 change detected: {(<Change.modified: 2>, '/workspace/app/backend/logs/app_20260527_145141.log')}
2026-05-27 15:06:27,676 - watchfiles.main - DEBUG - 1 change detected: {(<Change.modified: 2>, '/workspace/app/backend/logs/app_20260527_145141.log')}
2026-05-27 15:06:28,027 - watchfiles.main - DEBUG - 1 change detected: {(<Change.modified: 2>, '/workspace/app/backend/logs/app_20260527_145141.log')}
2026-05-27 15:06:28,378 - watchfiles.main - DEBUG - 1 change detected: {(<Change.modified: 2>, '/workspace/app/backend/logs/app_20260527_145141.log')}
2026-05-27 15:06:28,729 - watchfiles.main - DEBUG - 1 change detected: {(<Change.modified: 2>, '/workspace/app/backend/logs/app_20260527_145141.log')}
2026-05-27 15:06:29,081 - watchfiles.main - DEBUG - 1 change detected: {(<Change.modified: 2>, '/workspace/app/backend/logs/app_20260527_145141.log')}
2026-05-27 15:06:29,432 - watchfiles.main - DEBUG - 1 change detected: {(<Change.modified: 2>, '/workspace/app/backend/logs/app_20260527_145141.log')}
2026-05-27 15:06:29,783 - watchfiles.main - DEBUG - 1 change detected: {(<Change.modified: 2>, '/workspace/app/backend/logs/app_20260527_145141.log')}
2026-05-27 15:06:30,135 - watchfiles.main - DEBUG - 1 change detected: {(<Change.modified: 2>, '/workspace/app/backend/logs/app_20260527_145141.log')}
2026-05-27 15:06:30,486 - watchfiles.main - DEBUG - 1 change detected: {(<Change.modified: 2>, '/workspace/app/backend/logs/app_20260527_145141.log')}
2026-05-27 15:06:30,837 - watchfiles.main - DEBUG - 1 change detected: {(<Change.modified: 2>, '/workspace/app/backend/logs/app_20260527_145141.log')}
2026-05-27 15:06:31,188 - watchfiles.main - DEBUG - 1 change detected: {(<Change.modified: 2>, '/workspace/app/backend/logs/app_20260527_145141.log')}
2026-05-27 15:06:31,539 - watchfiles.main - DEBUG - 1 change detected: {(<Change.modified: 2>, '/workspace/app/backend/logs/app_20260527_145141.log')}
2026-05-27 15:06:31,890 - watchfiles.main - DEBUG - 1 change detected: {(<Change.modified: 2>, '/workspace/app/backend/logs/app_20260527_145141.log')}
2026-05-27 15:06:32,241 - watchfiles.main - DEBUG - 1 change detected: {(<Change.modified: 2>, '/workspace/app/backend/logs/app_20260527_145141.log')}
2026-05-27 15:06:32,592 - watchfiles.main - DEBUG - 1 change detected: {(<Change.modified: 2>, '/workspace/app/backend/logs/app_20260527_145141.log')}
2026-05-27 15:06:32,943 - watchfiles.main - DEBUG - 1 change detected: {(<Change.modified: 2>, '/workspace/app/backend/logs/app_20260527_145141.log')}
2026-05-27 15:06:33,294 - watchfiles.main - DEBUG - 1 change detected: {(<Change.modified: 2>, '/workspace/app/backend/logs/app_20260527_145141.log')}
2026-05-27 15:06:33,645 - watchfiles.main - DEBUG - 1 change detected: {(<Change.modified: 2>, '/workspace/app/backend/logs/app_20260527_145141.log')}
2026-05-27 15:06:33,996 - watchfiles.main - DEBUG - 1 change detected: {(<Change.modified: 2>, '/workspace/app/backend/logs/app_20260527_145141.log')}
2026-05-27 15:06:34,347 - watchfiles.main - DEBUG - 1 change detected: {(<Change.modified: 2>, '/workspace/app/backend/logs/app_20260527_145141.log')}
2026-05-27 15:06:34,699 - watchfiles.main - DEBUG - 1 change detected: {(<Change.modified: 2>, '/workspace/app/backend/logs/app_20260527_145141.log')}
2026-05-27 15:06:35,050 - watchfiles.main - DEBUG - 1 change detected: {(<Change.modified: 2>, '/workspace/app/backend/logs/app_20260527_145141.log')}
2026-05-27 15:06:35,401 - watchfiles.main - DEBUG - 1 change detected: {(<Change.modified: 2>, '/workspace/app/backend/logs/app_20260527_145141.log')}
2026-05-27 15:06:35,752 - watchfiles.main - DEBUG - 1 change detected: {(<Change.modified: 2>, '/workspace/app/backend/logs/app_20260527_145141.log')}
2026-05-27 15:06:36,103 - watchfiles.main - DEBUG - 1 change detected: {(<Change.modified: 2>, '/workspace/app/backend/logs/app_20260527_145141.log')}
2026-05-27 15:06:36,454 - watchfiles.main - DEBUG - 1 change detected: {(<Change.modified: 2>, '/workspace/app/backend/logs/app_20260527_145141.log')}
2026-05-27 15:06:36,805 - watchfiles.main - DEBUG - 1 change detected: {(<Change.modified: 2>, '/workspace/app/backend/logs/app_20260527_145141.log')}
2026-05-27 15:06:37,156 - watchfiles.main - DEBUG - 1 change detected: {(<Change.modified: 2>, '/workspace/app/backend/logs/app_20260527_145141.log')}
2026-05-27 15:06:37,507 - watchfiles.main - DEBUG - 1 change detected: {(<Change.modified: 2>, '/workspace/app/backend/logs/app_20260527_145141.log')}
2026-05-27 15:06:37,858 - watchfiles.main - DEBUG - 1 change detected: {(<Change.modified: 2>, '/workspace/app/backend/logs/app_20260527_145141.log')}
2026-05-27 15:06:38,209 - watchfiles.main - DEBUG - 1 change detected: {(<Change.modified: 2>, '/workspace/app/backend/logs/app_20260527_145141.log')}
2026-05-27 15:06:38,561 - watchfiles.main - DEBUG - 1 change detected: {(<Change.modified: 2>, '/workspace/app/backend/logs/app_20260527_145141.log')}
2026-05-27 15:06:38,912 - watchfiles.main - DEBUG - 1 change detected: {(<Change.modified: 2>, '/workspace/app/backend/logs/app_20260527_145141.log')}
2026-05-27 15:06:39,263 - watchfiles.main - DEBUG - 1 change detected: {(<Change.modified: 2>, '/workspace/app/backend/logs/app_20260527_145141.log')}
2026-05-27 15:06:39,614 - watchfiles.main - DEBUG - 1 change detected: {(<Change.modified: 2>, '/workspace/app/backend/logs/app_20260527_145141.log')}
2026-05-27 15:06:39,965 - watchfiles.main - DEBUG - 1 change detected: {(<Change.modified: 2>, '/workspace/app/backend/logs/app_20260527_145141.log')}
2026-05-27 15:06:40,316 - watchfiles.main - DEBUG - 1 change detected: {(<Change.modified: 2>, '/workspace/app/backend/logs/app_20260527_145141.log')}
2026-05-27 15:06:40,667 - watchfiles.main - DEBUG - 1 change detected: {(<Change.modified: 2>, '/workspace/app/backend/logs/app_20260527_145141.log')}
2026-05-27 15:06:41,018 - watchfiles.main - DEBUG - 1 change detected: {(<Change.modified: 2>, '/workspace/app/backend/logs/app_20260527_145141.log')}
2026-05-27 15:06:41,369 - watchfiles.main - DEBUG - 1 change detected: {(<Change.modified: 2>, '/workspace/app/backend/logs/app_20260527_145141.log')}
2026-05-27 15:06:41,720 - watchfiles.main - DEBUG - 1 change detected: {(<Change.modified: 2>, '/workspace/app/backend/logs/app_20260527_145141.log')}
2026-05-27 15:06:42,071 - watchfiles.main - DEBUG - 1 change detected: {(<Change.modified: 2>, '/workspace/app/backend/logs/app_20260527_145141.log')}
2026-05-27 15:06:42,422 - watchfiles.main - DEBUG - 1 change detected: {(<Change.modified: 2>, '/workspace/app/backend/logs/app_20260527_145141.log')}
2026-05-27 15:06:42,774 - watchfiles.main - DEBUG - 1 change detected: {(<Change.modified: 2>, '/workspace/app/backend/logs/app_20260527_145141.log')}
2026-05-27 15:06:43,125 - watchfiles.main - DEBUG - 1 change detected: {(<Change.modified: 2>, '/workspace/app/backend/logs/app_20260527_145141.log')}
2026-05-27 15:06:43,476 - watchfiles.main - DEBUG - 1 change detected: {(<Change.modified: 2>, '/workspace/app/backend/logs/app_20260527_145141.log')}
2026-05-27 15:06:43,827 - watchfiles.main - DEBUG - 1 change detected: {(<Change.modified: 2>, '/workspace/app/backend/logs/app_20260527_145141.log')}
2026-05-27 15:06:44,178 - watchfiles.main - DEBUG - 1 change detected: {(<Change.modified: 2>, '/workspace/app/backend/logs/app_20260527_145141.log')}
2026-05-27 15:06:44,530 - watchfiles.main - DEBUG - 1 change detected: {(<Change.modified: 2>, '/workspace/app/backend/logs/app_20260527_145141.log')}
2026-05-27 15:06:44,884 - watchfiles.main - DEBUG - 1 change detected: {(<Change.modified: 2>, '/workspace/app/backend/logs/app_20260527_145141.log')}
2026-05-27 15:06:45,236 - watchfiles.main - DEBUG - 1 change detected: {(<Change.modified: 2>, '/workspace/app/backend/logs/app_20260527_145141.log')}
2026-05-27 15:06:45,587 - watchfiles.main - DEBUG - 1 change detected: {(<Change.modified: 2>, '/workspace/app/backend/logs/app_20260527_145141.log')}
2026-05-27 15:06:45,938 - watchfiles.main - DEBUG - 1 change detected: {(<Change.modified: 2>, '/workspace/app/backend/logs/app_20260527_145141.log')}
2026-05-27 15:06:46,289 - watchfiles.main - DEBUG - 1 change detected: {(<Change.modified: 2>, '/workspace/app/backend/logs/app_20260527_145141.log')}
2026-05-27 15:06:46,640 - watchfiles.main - DEBUG - 1 change detected: {(<Change.modified: 2>, '/workspace/app/backend/logs/app_20260527_145141.log')}
2026-05-27 15:06:46,991 - watchfiles.main - DEBUG - 1 change detected: {(<Change.modified: 2>, '/workspace/app/backend/logs/app_20260527_145141.log')}
2026-05-27 15:06:47,342 - watchfiles.main - DEBUG - 1 change detected: {(<Change.modified: 2>, '/workspace/app/backend/logs/app_20260527_145141.log')}
2026-05-27 15:06:47,693 - watchfiles.main - DEBUG - 1 change detected: {(<Change.modified: 2>, '/workspace/app/backend/logs/app_20260527_145141.log')}
2026-05-27 15:06:48,044 - watchfiles.main - DEBUG - 1 change detected: {(<Change.modified: 2>, '/workspace/app/backend/logs/app_20260527_145141.log')}
2026-05-27 15:06:48,395 - watchfiles.main - DEBUG - 1 change detected: {(<Change.modified: 2>, '/workspace/app/backend/logs/app_20260527_145141.log')}
2026-05-27 15:06:48,746 - watchfiles.main - DEBUG - 1 change detected: {(<Change.modified: 2>, '/workspace/app/backend/logs/app_20260527_145141.log')}
2026-05-27 15:06:49,097 - watchfiles.main - DEBUG - 1 change detected: {(<Change.modified: 2>, '/workspace/app/backend/logs/app_20260527_145141.log')}
2026-05-27 15:06:49,449 - watchfiles.main - DEBUG - 1 change detected: {(<Change.modified: 2>, '/workspace/app/backend/logs/app_20260527_145141.log')}
2026-05-27 15:06:49,800 - watchfiles.main - DEBUG - 1 change detected: {(<Change.modified: 2>, '/workspace/app/backend/logs/app_20260527_145141.log')}
2026-05-27 15:06:50,157 - watchfiles.main - DEBUG - 1 change detected: {(<Change.modified: 2>, '/workspace/app/backend/logs/app_20260527_145141.log')}
2026-05-27 15:06:50,514 - watchfiles.main - DEBUG - 1 change detected: {(<Change.modified: 2>, '/workspace/app/backend/logs/app_20260527_145141.log')}
2026-05-27 15:06:50,865 - watchfiles.main - DEBUG - 1 change detected: {(<Change.modified: 2>, '/workspace/app/backend/logs/app_20260527_145141.log')}
2026-05-27 15:06:51,216 - watchfiles.main - DEBUG - 1 change detected: {(<Change.modified: 2>, '/workspace/app/backend/logs/app_20260527_145141.log')}
2026-05-27 15:06:51,568 - watchfiles.main - DEBUG - 1 change detected: {(<Change.modified: 2>, '/workspace/app/backend/logs/app_20260527_145141.log')}
2026-05-27 15:06:51,919 - watchfiles.main - DEBUG - 1 change detected: {(<Change.modified: 2>, '/workspace/app/backend/logs/app_20260527_145141.log')}
2026-05-27 15:06:52,270 - watchfiles.main - DEBUG - 1 change detected: {(<Change.modified: 2>, '/workspace/app/backend/logs/app_20260527_145141.log')}
2026-05-27 15:06:52,621 - watchfiles.main - DEBUG - 1 change detected: {(<Change.modified: 2>, '/workspace/app/backend/logs/app_20260527_145141.log')}
2026-05-27 15:06:52,972 - watchfiles.main - DEBUG - 1 change detected: {(<Change.modified: 2>, '/workspace/app/backend/logs/app_20260527_145141.log')}
2026-05-27 15:06:53,323 - watchfiles.main - DEBUG - 1 change detected: {(<Change.modified: 2>, '/workspace/app/backend/logs/app_20260527_145141.log')}
2026-05-27 15:06:53,674 - watchfiles.main - DEBUG - 1 change detected: {(<Change.modified: 2>, '/workspace/app/backend/logs/app_20260527_145141.log')}
2026-05-27 15:06:54,025 - watchfiles.main - DEBUG - 1 change detected: {(<Change.modified: 2>, '/workspace/app/backend/logs/app_20260527_145141.log')}
2026-05-27 15:06:54,376 - watchfiles.main - DEBUG - 1 change detected: {(<Change.modified: 2>, '/workspace/app/backend/logs/app_20260527_145141.log')}
2026-05-27 15:06:54,727 - watchfiles.main - DEBUG - 1 change detected: {(<Change.modified: 2>, '/workspace/app/backend/logs/app_20260527_145141.log')}
2026-05-27 15:06:55,078 - watchfiles.main - DEBUG - 1 change detected: {(<Change.modified: 2>, '/workspace/app/backend/logs/app_20260527_145141.log')}
2026-05-27 15:06:55,430 - watchfiles.main - DEBUG - 1 change detected: {(<Change.modified: 2>, '/workspace/app/backend/logs/app_20260527_145141.log')}
2026-05-27 15:06:55,783 - watchfiles.main - DEBUG - 1 change detected: {(<Change.modified: 2>, '/workspace/app/backend/logs/app_20260527_145141.log')}
2026-05-27 15:06:56,134 - watchfiles.main - DEBUG - 1 change detected: {(<Change.modified: 2>, '/workspace/app/backend/logs/app_20260527_145141.log')}
2026-05-27 15:06:56,485 - watchfiles.main - DEBUG - 1 change detected: {(<Change.modified: 2>, '/workspace/app/backend/logs/app_20260527_145141.log')}
2026-05-27 15:06:56,836 - watchfiles.main - DEBUG - 1 change detected: {(<Change.modified: 2>, '/workspace/app/backend/logs/app_20260527_145141.log')}
2026-05-27 15:06:57,187 - watchfiles.main - DEBUG - 1 change detected: {(<Change.modified: 2>, '/workspace/app/backend/logs/app_20260527_145141.log')}
2026-05-27 15:06:57,538 - watchfiles.main - DEBUG - 1 change detected: {(<Change.modified: 2>, '/workspace/app/backend/logs/app_20260527_145141.log')}
2026-05-27 15:06:57,889 - watchfiles.main - DEBUG - 1 change detected: {(<Change.modified: 2>, '/workspace/app/backend/logs/app_20260527_145141.log')}
2026-05-27 15:06:58,240 - watchfiles.main - DEBUG - 1 change detected: {(<Change.modified: 2>, '/workspace/app/backend/logs/app_20260527_145141.log')}
2026-05-27 15:06:58,591 - watchfiles.main - DEBUG - 1 change detected: {(<Change.modified: 2>, '/workspace/app/backend/logs/app_20260527_145141.log')}
2026-05-27 15:06:58,942 - watchfiles.main - DEBUG - 1 change detected: {(<Change.modified: 2>, '/workspace/app/backend/logs/app_20260527_145141.log')}
2026-05-27 15:06:59,294 - watchfiles.main - DEBUG - 1 change detected: {(<Change.modified: 2>, '/workspace/app/backend/logs/app_20260527_145141.log')}
2026-05-27 15:06:59,645 - watchfiles.main - DEBUG - 1 change detected: {(<Change.modified: 2>, '/workspace/app/backend/logs/app_20260527_145141.log')}
2026-05-27 15:06:59,995 - watchfiles.main - DEBUG - 1 change detected: {(<Change.modified: 2>, '/workspace/app/backend/logs/app_20260527_145141.log')}
2026-05-27 15:07:00,347 - watchfiles.main - DEBUG - 1 change detected: {(<Change.modified: 2>, '/workspace/app/backend/logs/app_20260527_145141.log')}
2026-05-27 15:07:00,698 - watchfiles.main - DEBUG - 1 change detected: {(<Change.modified: 2>, '/workspace/app/backend/logs/app_20260527_145141.log')}
2026-05-27 15:07:01,049 - watchfiles.main - DEBUG - 1 change detected: {(<Change.modified: 2>, '/workspace/app/backend/logs/app_20260527_145141.log')}
2026-05-27 15:07:01,400 - watchfiles.main - DEBUG - 1 change detected: {(<Change.modified: 2>, '/workspace/app/backend/logs/app_20260527_145141.log')}
2026-05-27 15:07:01,751 - watchfiles.main - DEBUG - 1 change detected: {(<Change.modified: 2>, '/workspace/app/backend/logs/app_20260527_145141.log')}
2026-05-27 15:07:02,102 - watchfiles.main - DEBUG - 1 change detected: {(<Change.modified: 2>, '/workspace/app/backend/logs/app_20260527_145141.log')}
2026-05-27 15:07:02,453 - watchfiles.main - DEBUG - 1 change detected: {(<Change.modified: 2>, '/workspace/app/backend/logs/app_20260527_145141.log')}
2026-05-27 15:07:02,804 - watchfiles.main - DEBUG - 1 change detected: {(<Change.modified: 2>, '/workspace/app/backend/logs/app_20260527_145141.log')}
2026-05-27 15:07:03,155 - watchfiles.main - DEBUG - 1 change detected: {(<Change.modified: 2>, '/workspace/app/backend/logs/app_20260527_145141.log')}
2026-05-27 15:07:03,506 - watchfiles.main - DEBUG - 1 change detected: {(<Change.modified: 2>, '/workspace/app/backend/logs/app_20260527_145141.log')}
2026-05-27 15:07:03,857 - watchfiles.main - DEBUG - 1 change detected: {(<Change.modified: 2>, '/workspace/app/backend/logs/app_20260527_145141.log')}
2026-05-27 15:07:04,208 - watchfiles.main - DEBUG - 1 change detected: {(<Change.modified: 2>, '/workspace/app/backend/logs/app_20260527_145141.log')}
2026-05-27 15:07:04,559 - watchfiles.main - DEBUG - 1 change detected: {(<Change.modified: 2>, '/workspace/app/backend/logs/app_20260527_145141.log')}
2026-05-27 15:07:04,911 - watchfiles.main - DEBUG - 1 change detected: {(<Change.modified: 2>, '/workspace/app/backend/logs/app_20260527_145141.log')}
2026-05-27 15:07:05,261 - watchfiles.main - DEBUG - 1 change detected: {(<Change.modified: 2>, '/workspace/app/backend/logs/app_20260527_145141.log')}
2026-05-27 15:07:05,613 - watchfiles.main - DEBUG - 1 change detected: {(<Change.modified: 2>, '/workspace/app/backend/logs/app_20260527_145141.log')}
2026-05-27 15:07:05,964 - watchfiles.main - DEBUG - 1 change detected: {(<Change.modified: 2>, '/workspace/app/backend/logs/app_20260527_145141.log')}
2026-05-27 15:07:06,315 - watchfiles.main - DEBUG - 1 change detected: {(<Change.modified: 2>, '/workspace/app/backend/logs/app_20260527_145141.log')}
2026-05-27 15:07:06,666 - watchfiles.main - DEBUG - 1 change detected: {(<Change.modified: 2>, '/workspace/app/backend/logs/app_20260527_145141.log')}
2026-05-27 15:07:07,017 - watchfiles.main - DEBUG - 1 change detected: {(<Change.modified: 2>, '/workspace/app/backend/logs/app_20260527_145141.log')}
2026-05-27 15:07:07,367 - watchfiles.main - DEBUG - 1 change detected: {(<Change.modified: 2>, '/workspace/app/backend/logs/app_20260527_145141.log')}
2026-05-27 15:07:07,718 - watchfiles.main - DEBUG - 1 change detected: {(<Change.modified: 2>, '/workspace/app/backend/logs/app_20260527_145141.log')}
2026-05-27 15:07:08,069 - watchfiles.main - DEBUG - 1 change detected: {(<Change.modified: 2>, '/workspace/app/backend/logs/app_20260527_145141.log')}
2026-05-27 15:07:08,420 - watchfiles.main - DEBUG - 1 change detected: {(<Change.modified: 2>, '/workspace/app/backend/logs/app_20260527_145141.log')}
2026-05-27 15:07:08,772 - watchfiles.main - DEBUG - 1 change detected: {(<Change.modified: 2>, '/workspace/app/backend/logs/app_20260527_145141.log')}
2026-05-27 15:07:09,122 - watchfiles.main - DEBUG - 1 change detected: {(<Change.modified: 2>, '/workspace/app/backend/logs/app_20260527_145141.log')}
2026-05-27 15:07:09,474 - watchfiles.main - DEBUG - 1 change detected: {(<Change.modified: 2>, '/workspace/app/backend/logs/app_20260527_145141.log')}
2026-05-27 15:07:09,825 - watchfiles.main - DEBUG - 1 change detected: {(<Change.modified: 2>, '/workspace/app/backend/logs/app_20260527_145141.log')}
2026-05-27 15:07:10,176 - watchfiles.main - DEBUG - 1 change detected: {(<Change.modified: 2>, '/workspace/app/backend/logs/app_20260527_145141.log')}
2026-05-27 15:07:10,527 - watchfiles.main - DEBUG - 1 change detected: {(<Change.modified: 2>, '/workspace/app/backend/logs/app_20260527_145141.log')}
2026-05-27 15:07:10,878 - watchfiles.main - DEBUG - 1 change detected: {(<Change.modified: 2>, '/workspace/app/backend/logs/app_20260527_145141.log')}
2026-05-27 15:07:11,229 - watchfiles.main - DEBUG - 1 change detected: {(<Change.modified: 2>, '/workspace/app/backend/logs/app_20260527_145141.log')}
2026-05-27 15:07:11,580 - watchfiles.main - DEBUG - 1 change detected: {(<Change.modified: 2>, '/workspace/app/backend/logs/app_20260527_145141.log')}
2026-05-27 15:07:11,931 - watchfiles.main - DEBUG - 1 change detected: {(<Change.modified: 2>, '/workspace/app/backend/logs/app_20260527_145141.log')}
2026-05-27 15:07:12,282 - watchfiles.main - DEBUG - 1 change detected: {(<Change.modified: 2>, '/workspace/app/backend/logs/app_20260527_145141.log')}
2026-05-27 15:07:12,633 - watchfiles.main - DEBUG - 1 change detected: {(<Change.modified: 2>, '/workspace/app/backend/logs/app_20260527_145141.log')}
2026-05-27 15:07:12,984 - watchfiles.main - DEBUG - 1 change detected: {(<Change.modified: 2>, '/workspace/app/backend/logs/app_20260527_145141.log')}
2026-05-27 15:07:13,335 - watchfiles.main - DEBUG - 1 change detected: {(<Change.modified: 2>, '/workspace/app/backend/logs/app_20260527_145141.log')}
2026-05-27 15:07:13,686 - watchfiles.main - DEBUG - 1 change detected: {(<Change.modified: 2>, '/workspace/app/backend/logs/app_20260527_145141.log')}
2026-05-27 15:07:14,037 - watchfiles.main - DEBUG - 1 change detected: {(<Change.modified: 2>, '/workspace/app/backend/logs/app_20260527_145141.log')}
2026-05-27 15:07:14,388 - watchfiles.main - DEBUG - 1 change detected: {(<Change.modified: 2>, '/workspace/app/backend/logs/app_20260527_145141.log')}
2026-05-27 15:07:14,739 - watchfiles.main - DEBUG - 1 change detected: {(<Change.modified: 2>, '/workspace/app/backend/logs/app_20260527_145141.log')}
2026-05-27 15:07:15,090 - watchfiles.main - DEBUG - 1 change detected: {(<Change.modified: 2>, '/workspace/app/backend/logs/app_20260527_145141.log')}
2026-05-27 15:07:15,441 - watchfiles.main - DEBUG - 1 change detected: {(<Change.modified: 2>, '/workspace/app/backend/logs/app_20260527_145141.log')}
2026-05-27 15:07:15,792 - watchfiles.main - DEBUG - 1 change detected: {(<Change.modified: 2>, '/workspace/app/backend/logs/app_20260527_145141.log')}
2026-05-27 15:07:16,142 - watchfiles.main - DEBUG - 1 change detected: {(<Change.modified: 2>, '/workspace/app/backend/logs/app_20260527_145141.log')}
2026-05-27 15:07:16,493 - watchfiles.main - DEBUG - 1 change detected: {(<Change.modified: 2>, '/workspace/app/backend/logs/app_20260527_145141.log')}
2026-05-27 15:07:16,844 - watchfiles.main - DEBUG - 1 change detected: {(<Change.modified: 2>, '/workspace/app/backend/logs/app_20260527_145141.log')}
2026-05-27 15:07:17,196 - watchfiles.main - DEBUG - 1 change detected: {(<Change.modified: 2>, '/workspace/app/backend/logs/app_20260527_145141.log')}
2026-05-27 15:07:17,547 - watchfiles.main - DEBUG - 1 change detected: {(<Change.modified: 2>, '/workspace/app/backend/logs/app_20260527_145141.log')}
2026-05-27 15:07:17,898 - watchfiles.main - DEBUG - 1 change detected: {(<Change.modified: 2>, '/workspace/app/backend/logs/app_20260527_145141.log')}
2026-05-27 15:07:18,249 - watchfiles.main - DEBUG - 1 change detected: {(<Change.modified: 2>, '/workspace/app/backend/logs/app_20260527_145141.log')}
2026-05-27 15:07:18,600 - watchfiles.main - DEBUG - 1 change detected: {(<Change.modified: 2>, '/workspace/app/backend/logs/app_20260527_145141.log')}
2026-05-27 15:07:18,951 - watchfiles.main - DEBUG - 1 change detected: {(<Change.modified: 2>, '/workspace/app/backend/logs/app_20260527_145141.log')}
2026-05-27 15:07:19,302 - watchfiles.main - DEBUG - 1 change detected: {(<Change.modified: 2>, '/workspace/app/backend/logs/app_20260527_145141.log')}
2026-05-27 15:07:19,653 - watchfiles.main - DEBUG - 1 change detected: {(<Change.modified: 2>, '/workspace/app/backend/logs/app_20260527_145141.log')}
2026-05-27 15:07:20,004 - watchfiles.main - DEBUG - 1 change detected: {(<Change.modified: 2>, '/workspace/app/backend/logs/app_20260527_145141.log')}
2026-05-27 15:07:20,356 - watchfiles.main - DEBUG - 1 change detected: {(<Change.modified: 2>, '/workspace/app/backend/logs/app_20260527_145141.log')}
2026-05-27 15:07:20,707 - watchfiles.main - DEBUG - 1 change detected: {(<Change.modified: 2>, '/workspace/app/backend/logs/app_20260527_145141.log')}
2026-05-27 15:07:21,058 - watchfiles.main - DEBUG - 1 change detected: {(<Change.modified: 2>, '/workspace/app/backend/logs/app_20260527_145141.log')}
2026-05-27 15:07:21,409 - watchfiles.main - DEBUG - 1 change detected: {(<Change.modified: 2>, '/workspace/app/backend/logs/app_20260527_145141.log')}
2026-05-27 15:07:21,760 - watchfiles.main - DEBUG - 1 change detected: {(<Change.modified: 2>, '/workspace/app/backend/logs/app_20260527_145141.log')}
2026-05-27 15:07:22,111 - watchfiles.main - DEBUG - 1 change detected: {(<Change.modified: 2>, '/workspace/app/backend/logs/app_20260527_145141.log')}
2026-05-27 15:07:22,462 - watchfiles.main - DEBUG - 1 change detected: {(<Change.modified: 2>, '/workspace/app/backend/logs/app_20260527_145141.log')}
2026-05-27 15:07:22,813 - watchfiles.main - DEBUG - 1 change detected: {(<Change.modified: 2>, '/workspace/app/backend/logs/app_20260527_145141.log')}
2026-05-27 15:07:23,165 - watchfiles.main - DEBUG - 1 change detected: {(<Change.modified: 2>, '/workspace/app/backend/logs/app_20260527_145141.log')}
2026-05-27 15:07:23,516 - watchfiles.main - DEBUG - 1 change detected: {(<Change.modified: 2>, '/workspace/app/backend/logs/app_20260527_145141.log')}
2026-05-27 15:07:23,867 - watchfiles.main - DEBUG - 1 change detected: {(<Change.modified: 2>, '/workspace/app/backend/logs/app_20260527_145141.log')}
2026-05-27 15:07:24,218 - watchfiles.main - DEBUG - 1 change detected: {(<Change.modified: 2>, '/workspace/app/backend/logs/app_20260527_145141.log')}
2026-05-27 15:07:24,569 - watchfiles.main - DEBUG - 1 change detected: {(<Change.modified: 2>, '/workspace/app/backend/logs/app_20260527_145141.log')}
2026-05-27 15:07:24,920 - watchfiles.main - DEBUG - 1 change detected: {(<Change.modified: 2>, '/workspace/app/backend/logs/app_20260527_145141.log')}
2026-05-27 15:07:25,271 - watchfiles.main - DEBUG - 1 change detected: {(<Change.modified: 2>, '/workspace/app/backend/logs/app_20260527_145141.log')}
2026-05-27 15:07:25,622 - watchfiles.main - DEBUG - 1 change detected: {(<Change.modified: 2>, '/workspace/app/backend/logs/app_20260527_145141.log')}
2026-05-27 15:07:25,973 - watchfiles.main - DEBUG - 1 change detected: {(<Change.modified: 2>, '/workspace/app/backend/logs/app_20260527_145141.log')}
2026-05-27 15:07:26,324 - watchfiles.main - DEBUG - 1 change detected: {(<Change.modified: 2>, '/workspace/app/backend/logs/app_20260527_145141.log')}
2026-05-27 15:07:26,675 - watchfiles.main - DEBUG - 1 change detected: {(<Change.modified: 2>, '/workspace/app/backend/logs/app_20260527_145141.log')}
2026-05-27 15:07:27,026 - watchfiles.main - DEBUG - 1 change detected: {(<Change.modified: 2>, '/workspace/app/backend/logs/app_20260527_145141.log')}
2026-05-27 15:07:27,377 - watchfiles.main - DEBUG - 1 change detected: {(<Change.modified: 2>, '/workspace/app/backend/logs/app_20260527_145141.log')}
2026-05-27 15:07:27,728 - watchfiles.main - DEBUG - 1 change detected: {(<Change.modified: 2>, '/workspace/app/backend/logs/app_20260527_145141.log')}
2026-05-27 15:07:28,079 - watchfiles.main - DEBUG - 1 change detected: {(<Change.modified: 2>, '/workspace/app/backend/logs/app_20260527_145141.log')}
2026-05-27 15:07:28,429 - watchfiles.main - DEBUG - 1 change detected: {(<Change.modified: 2>, '/workspace/app/backend/logs/app_20260527_145141.log')}
2026-05-27 15:07:28,780 - watchfiles.main - DEBUG - 1 change detected: {(<Change.modified: 2>, '/workspace/app/backend/logs/app_20260527_145141.log')}
2026-05-27 15:07:29,132 - watchfiles.main - DEBUG - 1 change detected: {(<Change.modified: 2>, '/workspace/app/backend/logs/app_20260527_145141.log')}
2026-05-27 15:07:29,482 - watchfiles.main - DEBUG - 1 change detected: {(<Change.modified: 2>, '/workspace/app/backend/logs/app_20260527_145141.log')}
2026-05-27 15:07:29,833 - watchfiles.main - DEBUG - 1 change detected: {(<Change.modified: 2>, '/workspace/app/backend/logs/app_20260527_145141.log')}
2026-05-27 15:07:30,184 - watchfiles.main - DEBUG - 1 change detected: {(<Change.modified: 2>, '/workspace/app/backend/logs/app_20260527_145141.log')}
2026-05-27 15:07:30,536 - watchfiles.main - DEBUG - 1 change detected: {(<Change.modified: 2>, '/workspace/app/backend/logs/app_20260527_145141.log')}
2026-05-27 15:07:30,887 - watchfiles.main - DEBUG - 1 change detected: {(<Change.modified: 2>, '/workspace/app/backend/logs/app_20260527_145141.log')}
2026-05-27 15:07:31,238 - watchfiles.main - DEBUG - 1 change detected: {(<Change.modified: 2>, '/workspace/app/backend/logs/app_20260527_145141.log')}
2026-05-27 15:07:31,588 - watchfiles.main - DEBUG - 1 change detected: {(<Change.modified: 2>, '/workspace/app/backend/logs/app_20260527_145141.log')}
2026-05-27 15:07:31,939 - watchfiles.main - DEBUG - 1 change detected: {(<Change.modified: 2>, '/workspace/app/backend/logs/app_20260527_145141.log')}
2026-05-27 15:07:32,290 - watchfiles.main - DEBUG - 1 change detected: {(<Change.modified: 2>, '/workspace/app/backend/logs/app_20260527_145141.log')}
2026-05-27 15:07:32,641 - watchfiles.main - DEBUG - 1 change detected: {(<Change.modified: 2>, '/workspace/app/backend/logs/app_20260527_145141.log')}
2026-05-27 15:07:32,992 - watchfiles.main - DEBUG - 1 change detected: {(<Change.modified: 2>, '/workspace/app/backend/logs/app_20260527_145141.log')}
2026-05-27 15:07:33,343 - watchfiles.main - DEBUG - 1 change detected: {(<Change.modified: 2>, '/workspace/app/backend/logs/app_20260527_145141.log')}
2026-05-27 15:07:33,694 - watchfiles.main - DEBUG - 1 change detected: {(<Change.modified: 2>, '/workspace/app/backend/logs/app_20260527_145141.log')}
2026-05-27 15:07:34,045 - watchfiles.main - DEBUG - 1 change detected: {(<Change.modified: 2>, '/workspace/app/backend/logs/app_20260527_145141.log')}
2026-05-27 15:07:34,396 - watchfiles.main - DEBUG - 1 change detected: {(<Change.modified: 2>, '/workspace/app/backend/logs/app_20260527_145141.log')}
2026-05-27 15:07:34,747 - watchfiles.main - DEBUG - 1 change detected: {(<Change.modified: 2>, '/workspace/app/backend/logs/app_20260527_145141.log')}
2026-05-27 15:07:35,098 - watchfiles.main - DEBUG - 1 change detected: {(<Change.modified: 2>, '/workspace/app/backend/logs/app_20260527_145141.log')}
2026-05-27 15:07:35,450 - watchfiles.main - DEBUG - 1 change detected: {(<Change.modified: 2>, '/workspace/app/backend/logs/app_20260527_145141.log')}
2026-05-27 15:07:35,801 - watchfiles.main - DEBUG - 1 change detected: {(<Change.modified: 2>, '/workspace/app/backend/logs/app_20260527_145141.log')}
2026-05-27 15:07:36,152 - watchfiles.main - DEBUG - 1 change detected: {(<Change.modified: 2>, '/workspace/app/backend/logs/app_20260527_145141.log')}
2026-05-27 15:07:36,504 - watchfiles.main - DEBUG - 1 change detected: {(<Change.modified: 2>, '/workspace/app/backend/logs/app_20260527_145141.log')}
2026-05-27 15:07:36,855 - watchfiles.main - DEBUG - 1 change detected: {(<Change.modified: 2>, '/workspace/app/backend/logs/app_20260527_145141.log')}
2026-05-27 15:07:37,206 - watchfiles.main - DEBUG - 1 change detected: {(<Change.modified: 2>, '/workspace/app/backend/logs/app_20260527_145141.log')}
2026-05-27 15:07:37,557 - watchfiles.main - DEBUG - 1 change detected: {(<Change.modified: 2>, '/workspace/app/backend/logs/app_20260527_145141.log')}
2026-05-27 15:07:37,908 - watchfiles.main - DEBUG - 1 change detected: {(<Change.modified: 2>, '/workspace/app/backend/logs/app_20260527_145141.log')}
2026-05-27 15:07:38,259 - watchfiles.main - DEBUG - 1 change detected: {(<Change.modified: 2>, '/workspace/app/backend/logs/app_20260527_145141.log')}
2026-05-27 15:07:38,610 - watchfiles.main - DEBUG - 1 change detected: {(<Change.modified: 2>, '/workspace/app/backend/logs/app_20260527_145141.log')}
2026-05-27 15:07:38,961 - watchfiles.main - DEBUG - 1 change detected: {(<Change.modified: 2>, '/workspace/app/backend/logs/app_20260527_145141.log')}
2026-05-27 15:07:39,312 - watchfiles.main - DEBUG - 1 change detected: {(<Change.modified: 2>, '/workspace/app/backend/logs/app_20260527_145141.log')}
2026-05-27 15:07:39,663 - watchfiles.main - DEBUG - 1 change detected: {(<Change.modified: 2>, '/workspace/app/backend/logs/app_20260527_145141.log')}
2026-05-27 15:07:40,014 - watchfiles.main - DEBUG - 1 change detected: {(<Change.modified: 2>, '/workspace/app/backend/logs/app_20260527_145141.log')}
2026-05-27 15:07:40,365 - watchfiles.main - DEBUG - 2 changes detected: {(<Change.modified: 2>, '/workspace/app/backend/logs/app_20260527_145141.log'), (<Change.modified: 2>, '/workspace/app/backend/logs/app_20260527_145143.log')}
2026-05-27 15:07:40,716 - watchfiles.main - DEBUG - 2 changes detected: {(<Change.modified: 2>, '/workspace/app/backend/logs/app_20260527_145141.log'), (<Change.modified: 2>, '/workspace/app/backend/logs/app_20260527_145143.log')}
2026-05-27 15:07:41,067 - watchfiles.main - DEBUG - 2 changes detected: {(<Change.modified: 2>, '/workspace/app/backend/logs/app_20260527_145141.log'), (<Change.modified: 2>, '/workspace/app/backend/logs/app_20260527_145143.log')}
2026-05-27 15:07:41,418 - watchfiles.main - DEBUG - 1 change detected: {(<Change.modified: 2>, '/workspace/app/backend/logs/app_20260527_145141.log')}
2026-05-27 15:07:41,769 - watchfiles.main - DEBUG - 1 change detected: {(<Change.modified: 2>, '/workspace/app/backend/logs/app_20260527_145141.log')}
2026-05-27 15:07:42,120 - watchfiles.main - DEBUG - 1 change detected: {(<Change.modified: 2>, '/workspace/app/backend/logs/app_20260527_145141.log')}
2026-05-27 15:07:42,471 - watchfiles.main - DEBUG - 1 change detected: {(<Change.modified: 2>, '/workspace/app/backend/logs/app_20260527_145141.log')}
2026-05-27 15:07:42,822 - watchfiles.main - DEBUG - 1 change detected: {(<Change.modified: 2>, '/workspace/app/backend/logs/app_20260527_145141.log')}
2026-05-27 15:07:43,173 - watchfiles.main - DEBUG - 1 change detected: {(<Change.modified: 2>, '/workspace/app/backend/logs/app_20260527_145141.log')}
2026-05-27 15:07:43,524 - watchfiles.main - DEBUG - 1 change detected: {(<Change.modified: 2>, '/workspace/app/backend/logs/app_20260527_145141.log')}
2026-05-27 15:07:43,875 - watchfiles.main - DEBUG - 1 change detected: {(<Change.modified: 2>, '/workspace/app/backend/logs/app_20260527_145141.log')}
2026-05-27 15:07:44,226 - watchfiles.main - DEBUG - 1 change detected: {(<Change.modified: 2>, '/workspace/app/backend/logs/app_20260527_145141.log')}
2026-05-27 15:07:44,577 - watchfiles.main - DEBUG - 1 change detected: {(<Change.modified: 2>, '/workspace/app/backend/logs/app_20260527_145141.log')}
2026-05-27 15:07:44,928 - watchfiles.main - DEBUG - 1 change detected: {(<Change.modified: 2>, '/workspace/app/backend/logs/app_20260527_145141.log')}
2026-05-27 15:07:45,280 - watchfiles.main - DEBUG - 1 change detected: {(<Change.modified: 2>, '/workspace/app/backend/logs/app_20260527_145141.log')}
2026-05-27 15:07:45,632 - watchfiles.main - DEBUG - 1 change detected: {(<Change.modified: 2>, '/workspace/app/backend/logs/app_20260527_145141.log')}
2026-05-27 15:07:45,984 - watchfiles.main - DEBUG - 1 change detected: {(<Change.modified: 2>, '/workspace/app/backend/logs/app_20260527_145141.log')}
2026-05-27 15:07:46,335 - watchfiles.main - DEBUG - 1 change detected: {(<Change.modified: 2>, '/workspace/app/backend/logs/app_20260527_145141.log')}
2026-05-27 15:07:46,686 - watchfiles.main - DEBUG - 1 change detected: {(<Change.modified: 2>, '/workspace/app/backend/logs/app_20260527_145141.log')}
2026-05-27 15:07:47,037 - watchfiles.main - DEBUG - 1 change detected: {(<Change.modified: 2>, '/workspace/app/backend/logs/app_20260527_145141.log')}
2026-05-27 15:07:47,388 - watchfiles.main - DEBUG - 1 change detected: {(<Change.modified: 2>, '/workspace/app/backend/logs/app_20260527_145141.log')}
2026-05-27 15:07:47,739 - watchfiles.main - DEBUG - 1 change detected: {(<Change.modified: 2>, '/workspace/app/backend/logs/app_20260527_145141.log')}
2026-05-27 15:07:48,090 - watchfiles.main - DEBUG - 1 change detected: {(<Change.modified: 2>, '/workspace/app/backend/logs/app_20260527_145141.log')}
2026-05-27 15:07:48,441 - watchfiles.main - DEBUG - 1 change detected: {(<Change.modified: 2>, '/workspace/app/backend/logs/app_20260527_145141.log')}
2026-05-27 15:07:48,793 - watchfiles.main - DEBUG - 1 change detected: {(<Change.modified: 2>, '/workspace/app/backend/logs/app_20260527_145141.log')}
2026-05-27 15:07:49,144 - watchfiles.main - DEBUG - 1 change detected: {(<Change.modified: 2>, '/workspace/app/backend/logs/app_20260527_145141.log')}
2026-05-27 15:07:49,495 - watchfiles.main - DEBUG - 1 change detected: {(<Change.modified: 2>, '/workspace/app/backend/logs/app_20260527_145141.log')}
2026-05-27 15:07:49,846 - watchfiles.main - DEBUG - 1 change detected: {(<Change.modified: 2>, '/workspace/app/backend/logs/app_20260527_145141.log')}
2026-05-27 15:07:50,197 - watchfiles.main - DEBUG - 1 change detected: {(<Change.modified: 2>, '/workspace/app/backend/logs/app_20260527_145141.log')}
2026-05-27 15:07:50,548 - watchfiles.main - DEBUG - 1 change detected: {(<Change.modified: 2>, '/workspace/app/backend/logs/app_20260527_145141.log')}
2026-05-27 15:07:50,900 - watchfiles.main - DEBUG - 1 change detected: {(<Change.modified: 2>, '/workspace/app/backend/logs/app_20260527_145141.log')}
2026-05-27 15:07:51,253 - watchfiles.main - DEBUG - 1 change detected: {(<Change.modified: 2>, '/workspace/app/backend/logs/app_20260527_145141.log')}
2026-05-27 15:07:51,604 - watchfiles.main - DEBUG - 1 change detected: {(<Change.modified: 2>, '/workspace/app/backend/logs/app_20260527_145141.log')}
2026-05-27 15:07:51,956 - watchfiles.main - DEBUG - 1 change detected: {(<Change.modified: 2>, '/workspace/app/backend/logs/app_20260527_145141.log')}
2026-05-27 15:07:52,307 - watchfiles.main - DEBUG - 1 change detected: {(<Change.modified: 2>, '/workspace/app/backend/logs/app_20260527_145141.log')}
2026-05-27 15:07:52,658 - watchfiles.main - DEBUG - 1 change detected: {(<Change.modified: 2>, '/workspace/app/backend/logs/app_20260527_145141.log')}
2026-05-27 15:07:53,010 - watchfiles.main - DEBUG - 1 change detected: {(<Change.modified: 2>, '/workspace/app/backend/logs/app_20260527_145141.log')}
2026-05-27 15:07:53,361 - watchfiles.main - DEBUG - 1 change detected: {(<Change.modified: 2>, '/workspace/app/backend/logs/app_20260527_145141.log')}
2026-05-27 15:07:53,712 - watchfiles.main - DEBUG - 1 change detected: {(<Change.modified: 2>, '/workspace/app/backend/logs/app_20260527_145141.log')}
2026-05-27 15:07:54,063 - watchfiles.main - DEBUG - 1 change detected: {(<Change.modified: 2>, '/workspace/app/backend/logs/app_20260527_145141.log')}
2026-05-27 15:07:54,414 - watchfiles.main - DEBUG - 1 change detected: {(<Change.modified: 2>, '/workspace/app/backend/logs/app_20260527_145141.log')}
2026-05-27 15:07:54,765 - watchfiles.main - DEBUG - 1 change detected: {(<Change.modified: 2>, '/workspace/app/backend/logs/app_20260527_145141.log')}
2026-05-27 15:07:55,116 - watchfiles.main - DEBUG - 1 change detected: {(<Change.modified: 2>, '/workspace/app/backend/logs/app_20260527_145141.log')}
2026-05-27 15:07:55,467 - watchfiles.main - DEBUG - 1 change detected: {(<Change.modified: 2>, '/workspace/app/backend/logs/app_20260527_145141.log')}
2026-05-27 15:07:55,818 - watchfiles.main - DEBUG - 1 change detected: {(<Change.modified: 2>, '/workspace/app/backend/logs/app_20260527_145141.log')}
2026-05-27 15:07:56,169 - watchfiles.main - DEBUG - 1 change detected: {(<Change.modified: 2>, '/workspace/app/backend/logs/app_20260527_145141.log')}
2026-05-27 15:07:56,520 - watchfiles.main - DEBUG - 1 change detected: {(<Change.modified: 2>, '/workspace/app/backend/logs/app_20260527_145141.log')}
2026-05-27 15:07:56,871 - watchfiles.main - DEBUG - 1 change detected: {(<Change.modified: 2>, '/workspace/app/backend/logs/app_20260527_145141.log')}
2026-05-27 15:07:57,223 - watchfiles.main - DEBUG - 1 change detected: {(<Change.modified: 2>, '/workspace/app/backend/logs/app_20260527_145141.log')}
2026-05-27 15:07:57,574 - watchfiles.main - DEBUG - 1 change detected: {(<Change.modified: 2>, '/workspace/app/backend/logs/app_20260527_145141.log')}
2026-05-27 15:07:57,925 - watchfiles.main - DEBUG - 1 change detected: {(<Change.modified: 2>, '/workspace/app/backend/logs/app_20260527_145141.log')}
2026-05-27 15:07:58,276 - watchfiles.main - DEBUG - 1 change detected: {(<Change.modified: 2>, '/workspace/app/backend/logs/app_20260527_145141.log')}
2026-05-27 15:07:58,627 - watchfiles.main - DEBUG - 1 change detected: {(<Change.modified: 2>, '/workspace/app/backend/logs/app_20260527_145141.log')}
2026-05-27 15:07:58,978 - watchfiles.main - DEBUG - 1 change detected: {(<Change.modified: 2>, '/workspace/app/backend/logs/app_20260527_145141.log')}
2026-05-27 15:07:59,329 - watchfiles.main - DEBUG - 1 change detected: {(<Change.modified: 2>, '/workspace/app/backend/logs/app_20260527_145141.log')}
2026-05-27 15:07:59,681 - watchfiles.main - DEBUG - 1 change detected: {(<Change.modified: 2>, '/workspace/app/backend/logs/app_20260527_145141.log')}
2026-05-27 15:08:00,032 - watchfiles.main - DEBUG - 1 change detected: {(<Change.modified: 2>, '/workspace/app/backend/logs/app_20260527_145141.log')}
2026-05-27 15:08:00,383 - watchfiles.main - DEBUG - 1 change detected: {(<Change.modified: 2>, '/workspace/app/backend/logs/app_20260527_145141.log')}
2026-05-27 15:08:00,734 - watchfiles.main - DEBUG - 1 change detected: {(<Change.modified: 2>, '/workspace/app/backend/logs/app_20260527_145141.log')}
2026-05-27 15:08:01,085 - watchfiles.main - DEBUG - 1 change detected: {(<Change.modified: 2>, '/workspace/app/backend/logs/app_20260527_145141.log')}
2026-05-27 15:08:01,436 - watchfiles.main - DEBUG - 1 change detected: {(<Change.modified: 2>, '/workspace/app/backend/logs/app_20260527_145141.log')}
2026-05-27 15:08:01,787 - watchfiles.main - DEBUG - 1 change detected: {(<Change.modified: 2>, '/workspace/app/backend/logs/app_20260527_145141.log')}
2026-05-27 15:08:02,138 - watchfiles.main - DEBUG - 1 change detected: {(<Change.modified: 2>, '/workspace/app/backend/logs/app_20260527_145141.log')}
2026-05-27 15:08:02,489 - watchfiles.main - DEBUG - 1 change detected: {(<Change.modified: 2>, '/workspace/app/backend/logs/app_20260527_145141.log')}
2026-05-27 15:08:02,840 - watchfiles.main - DEBUG - 1 change detected: {(<Change.modified: 2>, '/workspace/app/backend/logs/app_20260527_145141.log')}
2026-05-27 15:08:03,191 - watchfiles.main - DEBUG - 1 change detected: {(<Change.modified: 2>, '/workspace/app/backend/logs/app_20260527_145141.log')}
2026-05-27 15:08:03,542 - watchfiles.main - DEBUG - 1 change detected: {(<Change.modified: 2>, '/workspace/app/backend/logs/app_20260527_145141.log')}
2026-05-27 15:08:03,894 - watchfiles.main - DEBUG - 1 change detected: {(<Change.modified: 2>, '/workspace/app/backend/logs/app_20260527_145141.log')}
2026-05-27 15:08:04,245 - watchfiles.main - DEBUG - 1 change detected: {(<Change.modified: 2>, '/workspace/app/backend/logs/app_20260527_145141.log')}
2026-05-27 15:08:04,596 - watchfiles.main - DEBUG - 1 change detected: {(<Change.modified: 2>, '/workspace/app/backend/logs/app_20260527_145141.log')}
2026-05-27 15:08:04,948 - watchfiles.main - DEBUG - 1 change detected: {(<Change.modified: 2>, '/workspace/app/backend/logs/app_20260527_145141.log')}
2026-05-27 15:08:05,299 - watchfiles.main - DEBUG - 1 change detected: {(<Change.modified: 2>, '/workspace/app/backend/logs/app_20260527_145141.log')}
2026-05-27 15:08:05,650 - watchfiles.main - DEBUG - 1 change detected: {(<Change.modified: 2>, '/workspace/app/backend/logs/app_20260527_145141.log')}
2026-05-27 15:08:06,001 - watchfiles.main - DEBUG - 1 change detected: {(<Change.modified: 2>, '/workspace/app/backend/logs/app_20260527_145141.log')}
2026-05-27 15:08:06,352 - watchfiles.main - DEBUG - 1 change detected: {(<Change.modified: 2>, '/workspace/app/backend/logs/app_20260527_145141.log')}
2026-05-27 15:08:06,703 - watchfiles.main - DEBUG - 1 change detected: {(<Change.modified: 2>, '/workspace/app/backend/logs/app_20260527_145141.log')}
2026-05-27 15:08:07,054 - watchfiles.main - DEBUG - 1 change detected: {(<Change.modified: 2>, '/workspace/app/backend/logs/app_20260527_145141.log')}
2026-05-27 15:08:07,405 - watchfiles.main - DEBUG - 1 change detected: {(<Change.modified: 2>, '/workspace/app/backend/logs/app_20260527_145141.log')}
2026-05-27 15:08:07,756 - watchfiles.main - DEBUG - 1 change detected: {(<Change.modified: 2>, '/workspace/app/backend/logs/app_20260527_145141.log')}
2026-05-27 15:08:08,107 - watchfiles.main - DEBUG - 1 change detected: {(<Change.modified: 2>, '/workspace/app/backend/logs/app_20260527_145141.log')}
2026-05-27 15:08:08,458 - watchfiles.main - DEBUG - 1 change detected: {(<Change.modified: 2>, '/workspace/app/backend/logs/app_20260527_145141.log')}
2026-05-27 15:08:08,810 - watchfiles.main - DEBUG - 1 change detected: {(<Change.modified: 2>, '/workspace/app/backend/logs/app_20260527_145141.log')}
2026-05-27 15:08:09,161 - watchfiles.main - DEBUG - 1 change detected: {(<Change.modified: 2>, '/workspace/app/backend/logs/app_20260527_145141.log')}
2026-05-27 15:08:09,512 - watchfiles.main - DEBUG - 1 change detected: {(<Change.modified: 2>, '/workspace/app/backend/logs/app_20260527_145141.log')}
2026-05-27 15:08:09,863 - watchfiles.main - DEBUG - 1 change detected: {(<Change.modified: 2>, '/workspace/app/backend/logs/app_20260527_145141.log')}
2026-05-27 15:08:10,214 - watchfiles.main - DEBUG - 1 change detected: {(<Change.modified: 2>, '/workspace/app/backend/logs/app_20260527_145141.log')}
2026-05-27 15:08:10,565 - watchfiles.main - DEBUG - 1 change detected: {(<Change.modified: 2>, '/workspace/app/backend/logs/app_20260527_145141.log')}
2026-05-27 15:08:10,916 - watchfiles.main - DEBUG - 1 change detected: {(<Change.modified: 2>, '/workspace/app/backend/logs/app_20260527_145141.log')}
2026-05-27 15:08:11,267 - watchfiles.main - DEBUG - 1 change detected: {(<Change.modified: 2>, '/workspace/app/backend/logs/app_20260527_145141.log')}
2026-05-27 15:08:11,618 - watchfiles.main - DEBUG - 1 change detected: {(<Change.modified: 2>, '/workspace/app/backend/logs/app_20260527_145141.log')}
2026-05-27 15:08:11,969 - watchfiles.main - DEBUG - 1 change detected: {(<Change.modified: 2>, '/workspace/app/backend/logs/app_20260527_145141.log')}
2026-05-27 15:08:12,320 - watchfiles.main - DEBUG - 1 change detected: {(<Change.modified: 2>, '/workspace/app/backend/logs/app_20260527_145141.log')}
2026-05-27 15:08:12,671 - watchfiles.main - DEBUG - 1 change detected: {(<Change.modified: 2>, '/workspace/app/backend/logs/app_20260527_145141.log')}
2026-05-27 15:08:13,022 - watchfiles.main - DEBUG - 1 change detected: {(<Change.modified: 2>, '/workspace/app/backend/logs/app_20260527_145141.log')}
2026-05-27 15:08:13,373 - watchfiles.main - DEBUG - 1 change detected: {(<Change.modified: 2>, '/workspace/app/backend/logs/app_20260527_145141.log')}
2026-05-27 15:08:13,724 - watchfiles.main - DEBUG - 1 change detected: {(<Change.modified: 2>, '/workspace/app/backend/logs/app_20260527_145141.log')}
2026-05-27 15:08:14,075 - watchfiles.main - DEBUG - 1 change detected: {(<Change.modified: 2>, '/workspace/app/backend/logs/app_20260527_145141.log')}
2026-05-27 15:08:14,427 - watchfiles.main - DEBUG - 1 change detected: {(<Change.modified: 2>, '/workspace/app/backend/logs/app_20260527_145141.log')}
2026-05-27 15:08:14,778 - watchfiles.main - DEBUG - 1 change detected: {(<Change.modified: 2>, '/workspace/app/backend/logs/app_20260527_145141.log')}
2026-05-27 15:08:15,129 - watchfiles.main - DEBUG - 1 change detected: {(<Change.modified: 2>, '/workspace/app/backend/logs/app_20260527_145141.log')}
2026-05-27 15:08:15,480 - watchfiles.main - DEBUG - 1 change detected: {(<Change.modified: 2>, '/workspace/app/backend/logs/app_20260527_145141.log')}
2026-05-27 15:08:15,831 - watchfiles.main - DEBUG - 1 change detected: {(<Change.modified: 2>, '/workspace/app/backend/logs/app_20260527_145141.log')}
2026-05-27 15:08:16,181 - watchfiles.main - DEBUG - 1 change detected: {(<Change.modified: 2>, '/workspace/app/backend/logs/app_20260527_145141.log')}
2026-05-27 15:08:16,532 - watchfiles.main - DEBUG - 1 change detected: {(<Change.modified: 2>, '/workspace/app/backend/logs/app_20260527_145141.log')}
2026-05-27 15:08:16,883 - watchfiles.main - DEBUG - 1 change detected: {(<Change.modified: 2>, '/workspace/app/backend/logs/app_20260527_145141.log')}
2026-05-27 15:08:17,234 - watchfiles.main - DEBUG - 1 change detected: {(<Change.modified: 2>, '/workspace/app/backend/logs/app_20260527_145141.log')}
2026-05-27 15:08:17,586 - watchfiles.main - DEBUG - 1 change detected: {(<Change.modified: 2>, '/workspace/app/backend/logs/app_20260527_145141.log')}
2026-05-27 15:08:17,937 - watchfiles.main - DEBUG - 1 change detected: {(<Change.modified: 2>, '/workspace/app/backend/logs/app_20260527_145141.log')}
2026-05-27 15:08:18,287 - watchfiles.main - DEBUG - 1 change detected: {(<Change.modified: 2>, '/workspace/app/backend/logs/app_20260527_145141.log')}
2026-05-27 15:08:18,639 - watchfiles.main - DEBUG - 1 change detected: {(<Change.modified: 2>, '/workspace/app/backend/logs/app_20260527_145141.log')}
2026-05-27 15:08:18,990 - watchfiles.main - DEBUG - 1 change detected: {(<Change.modified: 2>, '/workspace/app/backend/logs/app_20260527_145141.log')}
2026-05-27 15:08:19,341 - watchfiles.main - DEBUG - 1 change detected: {(<Change.modified: 2>, '/workspace/app/backend/logs/app_20260527_145141.log')}
2026-05-27 15:08:19,692 - watchfiles.main - DEBUG - 1 change detected: {(<Change.modified: 2>, '/workspace/app/backend/logs/app_20260527_145141.log')}
2026-05-27 15:08:20,043 - watchfiles.main - DEBUG - 1 change detected: {(<Change.modified: 2>, '/workspace/app/backend/logs/app_20260527_145141.log')}
2026-05-27 15:08:20,394 - watchfiles.main - DEBUG - 1 change detected: {(<Change.modified: 2>, '/workspace/app/backend/logs/app_20260527_145141.log')}
2026-05-27 15:08:20,745 - watchfiles.main - DEBUG - 1 change detected: {(<Change.modified: 2>, '/workspace/app/backend/logs/app_20260527_145141.log')}
2026-05-27 15:08:21,096 - watchfiles.main - DEBUG - 1 change detected: {(<Change.modified: 2>, '/workspace/app/backend/logs/app_20260527_145141.log')}
2026-05-27 15:08:21,447 - watchfiles.main - DEBUG - 1 change detected: {(<Change.modified: 2>, '/workspace/app/backend/logs/app_20260527_145141.log')}
2026-05-27 15:08:21,798 - watchfiles.main - DEBUG - 1 change detected: {(<Change.modified: 2>, '/workspace/app/backend/logs/app_20260527_145141.log')}
2026-05-27 15:08:22,149 - watchfiles.main - DEBUG - 1 change detected: {(<Change.modified: 2>, '/workspace/app/backend/logs/app_20260527_145141.log')}
2026-05-27 15:08:22,500 - watchfiles.main - DEBUG - 1 change detected: {(<Change.modified: 2>, '/workspace/app/backend/logs/app_20260527_145141.log')}
2026-05-27 15:08:22,851 - watchfiles.main - DEBUG - 1 change detected: {(<Change.modified: 2>, '/workspace/app/backend/logs/app_20260527_145141.log')}
2026-05-27 15:08:23,202 - watchfiles.main - DEBUG - 1 change detected: {(<Change.modified: 2>, '/workspace/app/backend/logs/app_20260527_145141.log')}
2026-05-27 15:08:23,553 - watchfiles.main - DEBUG - 1 change detected: {(<Change.modified: 2>, '/workspace/app/backend/logs/app_20260527_145141.log')}
2026-05-27 15:08:23,905 - watchfiles.main - DEBUG - 1 change detected: {(<Change.modified: 2>, '/workspace/app/backend/logs/app_20260527_145141.log')}
2026-05-27 15:08:24,256 - watchfiles.main - DEBUG - 1 change detected: {(<Change.modified: 2>, '/workspace/app/backend/logs/app_20260527_145141.log')}
2026-05-27 15:08:24,607 - watchfiles.main - DEBUG - 1 change detected: {(<Change.modified: 2>, '/workspace/app/backend/logs/app_20260527_145141.log')}
2026-05-27 15:08:24,957 - watchfiles.main - DEBUG - 1 change detected: {(<Change.modified: 2>, '/workspace/app/backend/logs/app_20260527_145141.log')}
2026-05-27 15:08:25,309 - watchfiles.main - DEBUG - 1 change detected: {(<Change.modified: 2>, '/workspace/app/backend/logs/app_20260527_145141.log')}
2026-05-27 15:08:25,660 - watchfiles.main - DEBUG - 1 change detected: {(<Change.modified: 2>, '/workspace/app/backend/logs/app_20260527_145141.log')}
2026-05-27 15:08:26,011 - watchfiles.main - DEBUG - 1 change detected: {(<Change.modified: 2>, '/workspace/app/backend/logs/app_20260527_145141.log')}
2026-05-27 15:08:26,361 - watchfiles.main - DEBUG - 1 change detected: {(<Change.modified: 2>, '/workspace/app/backend/logs/app_20260527_145141.log')}
2026-05-27 15:08:26,713 - watchfiles.main - DEBUG - 1 change detected: {(<Change.modified: 2>, '/workspace/app/backend/logs/app_20260527_145141.log')}
2026-05-27 15:08:27,064 - watchfiles.main - DEBUG - 1 change detected: {(<Change.modified: 2>, '/workspace/app/backend/logs/app_20260527_145141.log')}
2026-05-27 15:08:27,415 - watchfiles.main - DEBUG - 1 change detected: {(<Change.modified: 2>, '/workspace/app/backend/logs/app_20260527_145141.log')}
2026-05-27 15:08:27,766 - watchfiles.main - DEBUG - 1 change detected: {(<Change.modified: 2>, '/workspace/app/backend/logs/app_20260527_145141.log')}
2026-05-27 15:08:28,117 - watchfiles.main - DEBUG - 1 change detected: {(<Change.modified: 2>, '/workspace/app/backend/logs/app_20260527_145141.log')}
2026-05-27 15:08:28,468 - watchfiles.main - DEBUG - 1 change detected: {(<Change.modified: 2>, '/workspace/app/backend/logs/app_20260527_145141.log')}
2026-05-27 15:08:28,820 - watchfiles.main - DEBUG - 1 change detected: {(<Change.modified: 2>, '/workspace/app/backend/logs/app_20260527_145141.log')}
2026-05-27 15:08:29,171 - watchfiles.main - DEBUG - 1 change detected: {(<Change.modified: 2>, '/workspace/app/backend/logs/app_20260527_145141.log')}
2026-05-27 15:08:29,522 - watchfiles.main - DEBUG - 1 change detected: {(<Change.modified: 2>, '/workspace/app/backend/logs/app_20260527_145141.log')}
2026-05-27 15:08:29,874 - watchfiles.main - DEBUG - 1 change detected: {(<Change.modified: 2>, '/workspace/app/backend/logs/app_20260527_145141.log')}
2026-05-27 15:08:30,225 - watchfiles.main - DEBUG - 1 change detected: {(<Change.modified: 2>, '/workspace/app/backend/logs/app_20260527_145141.log')}
2026-05-27 15:08:30,577 - watchfiles.main - DEBUG - 1 change detected: {(<Change.modified: 2>, '/workspace/app/backend/logs/app_20260527_145141.log')}
2026-05-27 15:08:30,928 - watchfiles.main - DEBUG - 1 change detected: {(<Change.modified: 2>, '/workspace/app/backend/logs/app_20260527_145141.log')}
2026-05-27 15:08:31,279 - watchfiles.main - DEBUG - 1 change detected: {(<Change.modified: 2>, '/workspace/app/backend/logs/app_20260527_145141.log')}
2026-05-27 15:08:31,630 - watchfiles.main - DEBUG - 1 change detected: {(<Change.modified: 2>, '/workspace/app/backend/logs/app_20260527_145141.log')}
2026-05-27 15:08:31,981 - watchfiles.main - DEBUG - 1 change detected: {(<Change.modified: 2>, '/workspace/app/backend/logs/app_20260527_145141.log')}
2026-05-27 15:08:32,332 - watchfiles.main - DEBUG - 1 change detected: {(<Change.modified: 2>, '/workspace/app/backend/logs/app_20260527_145141.log')}
2026-05-27 15:08:32,683 - watchfiles.main - DEBUG - 1 change detected: {(<Change.modified: 2>, '/workspace/app/backend/logs/app_20260527_145141.log')}
2026-05-27 15:08:33,034 - watchfiles.main - DEBUG - 1 change detected: {(<Change.modified: 2>, '/workspace/app/backend/logs/app_20260527_145141.log')}
2026-05-27 15:08:33,385 - watchfiles.main - DEBUG - 1 change detected: {(<Change.modified: 2>, '/workspace/app/backend/logs/app_20260527_145141.log')}
2026-05-27 15:08:33,736 - watchfiles.main - DEBUG - 1 change detected: {(<Change.modified: 2>, '/workspace/app/backend/logs/app_20260527_145141.log')}
2026-05-27 15:08:34,087 - watchfiles.main - DEBUG - 1 change detected: {(<Change.modified: 2>, '/workspace/app/backend/logs/app_20260527_145141.log')}
2026-05-27 15:08:34,438 - watchfiles.main - DEBUG - 1 change detected: {(<Change.modified: 2>, '/workspace/app/backend/logs/app_20260527_145141.log')}
2026-05-27 15:08:34,790 - watchfiles.main - DEBUG - 1 change detected: {(<Change.modified: 2>, '/workspace/app/backend/logs/app_20260527_145141.log')}
2026-05-27 15:08:35,141 - watchfiles.main - DEBUG - 1 change detected: {(<Change.modified: 2>, '/workspace/app/backend/logs/app_20260527_145141.log')}
2026-05-27 15:08:35,492 - watchfiles.main - DEBUG - 1 change detected: {(<Change.modified: 2>, '/workspace/app/backend/logs/app_20260527_145141.log')}
2026-05-27 15:08:35,843 - watchfiles.main - DEBUG - 1 change detected: {(<Change.modified: 2>, '/workspace/app/backend/logs/app_20260527_145141.log')}
2026-05-27 15:08:36,195 - watchfiles.main - DEBUG - 1 change detected: {(<Change.modified: 2>, '/workspace/app/backend/logs/app_20260527_145141.log')}
2026-05-27 15:08:36,546 - watchfiles.main - DEBUG - 1 change detected: {(<Change.modified: 2>, '/workspace/app/backend/logs/app_20260527_145141.log')}
2026-05-27 15:08:36,897 - watchfiles.main - DEBUG - 1 change detected: {(<Change.modified: 2>, '/workspace/app/backend/logs/app_20260527_145141.log')}
2026-05-27 15:08:37,248 - watchfiles.main - DEBUG - 1 change detected: {(<Change.modified: 2>, '/workspace/app/backend/logs/app_20260527_145141.log')}
2026-05-27 15:08:37,599 - watchfiles.main - DEBUG - 1 change detected: {(<Change.modified: 2>, '/workspace/app/backend/logs/app_20260527_145141.log')}
2026-05-27 15:08:37,950 - watchfiles.main - DEBUG - 1 change detected: {(<Change.modified: 2>, '/workspace/app/backend/logs/app_20260527_145141.log')}
2026-05-27 15:08:38,301 - watchfiles.main - DEBUG - 1 change detected: {(<Change.modified: 2>, '/workspace/app/backend/logs/app_20260527_145141.log')}
2026-05-27 15:08:38,652 - watchfiles.main - DEBUG - 1 change detected: {(<Change.modified: 2>, '/workspace/app/backend/logs/app_20260527_145141.log')}
2026-05-27 15:08:39,003 - watchfiles.main - DEBUG - 1 change detected: {(<Change.modified: 2>, '/workspace/app/backend/logs/app_20260527_145141.log')}
2026-05-27 15:08:39,354 - watchfiles.main - DEBUG - 1 change detected: {(<Change.modified: 2>, '/workspace/app/backend/logs/app_20260527_145141.log')}
2026-05-27 15:08:39,705 - watchfiles.main - DEBUG - 1 change detected: {(<Change.modified: 2>, '/workspace/app/backend/logs/app_20260527_145141.log')}
2026-05-27 15:08:40,056 - watchfiles.main - DEBUG - 1 change detected: {(<Change.modified: 2>, '/workspace/app/backend/logs/app_20260527_145141.log')}
2026-05-27 15:08:40,407 - watchfiles.main - DEBUG - 1 change detected: {(<Change.modified: 2>, '/workspace/app/backend/logs/app_20260527_145141.log')}
2026-05-27 15:08:40,758 - watchfiles.main - DEBUG - 1 change detected: {(<Change.modified: 2>, '/workspace/app/backend/logs/app_20260527_145141.log')}
2026-05-27 15:08:41,109 - watchfiles.main - DEBUG - 1 change detected: {(<Change.modified: 2>, '/workspace/app/backend/logs/app_20260527_145141.log')}
2026-05-27 15:08:41,460 - watchfiles.main - DEBUG - 1 change detected: {(<Change.modified: 2>, '/workspace/app/backend/logs/app_20260527_145141.log')}
2026-05-27 15:08:41,812 - watchfiles.main - DEBUG - 1 change detected: {(<Change.modified: 2>, '/workspace/app/backend/logs/app_20260527_145141.log')}
2026-05-27 15:08:42,163 - watchfiles.main - DEBUG - 1 change detected: {(<Change.modified: 2>, '/workspace/app/backend/logs/app_20260527_145141.log')}
2026-05-27 15:08:42,514 - watchfiles.main - DEBUG - 1 change detected: {(<Change.modified: 2>, '/workspace/app/backend/logs/app_20260527_145141.log')}
2026-05-27 15:08:42,865 - watchfiles.main - DEBUG - 1 change detected: {(<Change.modified: 2>, '/workspace/app/backend/logs/app_20260527_145141.log')}
2026-05-27 15:08:43,216 - watchfiles.main - DEBUG - 1 change detected: {(<Change.modified: 2>, '/workspace/app/backend/logs/app_20260527_145141.log')}
2026-05-27 15:08:43,567 - watchfiles.main - DEBUG - 1 change detected: {(<Change.modified: 2>, '/workspace/app/backend/logs/app_20260527_145141.log')}
2026-05-27 15:08:43,918 - watchfiles.main - DEBUG - 1 change detected: {(<Change.modified: 2>, '/workspace/app/backend/logs/app_20260527_145141.log')}
2026-05-27 15:08:44,269 - watchfiles.main - DEBUG - 1 change detected: {(<Change.modified: 2>, '/workspace/app/backend/logs/app_20260527_145141.log')}
2026-05-27 15:08:44,620 - watchfiles.main - DEBUG - 1 change detected: {(<Change.modified: 2>, '/workspace/app/backend/logs/app_20260527_145141.log')}
2026-05-27 15:08:44,971 - watchfiles.main - DEBUG - 1 change detected: {(<Change.modified: 2>, '/workspace/app/backend/logs/app_20260527_145141.log')}
2026-05-27 15:08:45,322 - watchfiles.main - DEBUG - 1 change detected: {(<Change.modified: 2>, '/workspace/app/backend/logs/app_20260527_145141.log')}
2026-05-27 15:08:45,673 - watchfiles.main - DEBUG - 1 change detected: {(<Change.modified: 2>, '/workspace/app/backend/logs/app_20260527_145141.log')}
2026-05-27 15:08:46,024 - watchfiles.main - DEBUG - 1 change detected: {(<Change.modified: 2>, '/workspace/app/backend/logs/app_20260527_145141.log')}
2026-05-27 15:08:46,375 - watchfiles.main - DEBUG - 1 change detected: {(<Change.modified: 2>, '/workspace/app/backend/logs/app_20260527_145141.log')}
2026-05-27 15:08:46,726 - watchfiles.main - DEBUG - 1 change detected: {(<Change.modified: 2>, '/workspace/app/backend/logs/app_20260527_145141.log')}
2026-05-27 15:08:47,077 - watchfiles.main - DEBUG - 1 change detected: {(<Change.modified: 2>, '/workspace/app/backend/logs/app_20260527_145141.log')}
2026-05-27 15:08:47,427 - watchfiles.main - DEBUG - 1 change detected: {(<Change.modified: 2>, '/workspace/app/backend/logs/app_20260527_145141.log')}
2026-05-27 15:08:47,778 - watchfiles.main - DEBUG - 1 change detected: {(<Change.modified: 2>, '/workspace/app/backend/logs/app_20260527_145141.log')}
2026-05-27 15:08:48,129 - watchfiles.main - DEBUG - 1 change detected: {(<Change.modified: 2>, '/workspace/app/backend/logs/app_20260527_145141.log')}
2026-05-27 15:08:48,480 - watchfiles.main - DEBUG - 1 change detected: {(<Change.modified: 2>, '/workspace/app/backend/logs/app_20260527_145141.log')}
2026-05-27 15:08:48,831 - watchfiles.main - DEBUG - 1 change detected: {(<Change.modified: 2>, '/workspace/app/backend/logs/app_20260527_145141.log')}
2026-05-27 15:08:49,182 - watchfiles.main - DEBUG - 1 change detected: {(<Change.modified: 2>, '/workspace/app/backend/logs/app_20260527_145141.log')}
2026-05-27 15:08:49,533 - watchfiles.main - DEBUG - 1 change detected: {(<Change.modified: 2>, '/workspace/app/backend/logs/app_20260527_145141.log')}
2026-05-27 15:08:49,884 - watchfiles.main - DEBUG - 1 change detected: {(<Change.modified: 2>, '/workspace/app/backend/logs/app_20260527_145141.log')}
2026-05-27 15:08:50,235 - watchfiles.main - DEBUG - 1 change detected: {(<Change.modified: 2>, '/workspace/app/backend/logs/app_20260527_145141.log')}
2026-05-27 15:08:50,586 - watchfiles.main - DEBUG - 1 change detected: {(<Change.modified: 2>, '/workspace/app/backend/logs/app_20260527_145141.log')}
2026-05-27 15:08:50,937 - watchfiles.main - DEBUG - 1 change detected: {(<Change.modified: 2>, '/workspace/app/backend/logs/app_20260527_145141.log')}
2026-05-27 15:08:51,288 - watchfiles.main - DEBUG - 1 change detected: {(<Change.modified: 2>, '/workspace/app/backend/logs/app_20260527_145141.log')}
2026-05-27 15:08:51,640 - watchfiles.main - DEBUG - 1 change detected: {(<Change.modified: 2>, '/workspace/app/backend/logs/app_20260527_145141.log')}
2026-05-27 15:08:51,991 - watchfiles.main - DEBUG - 1 change detected: {(<Change.modified: 2>, '/workspace/app/backend/logs/app_20260527_145141.log')}
2026-05-27 15:08:52,341 - watchfiles.main - DEBUG - 1 change detected: {(<Change.modified: 2>, '/workspace/app/backend/logs/app_20260527_145141.log')}
2026-05-27 15:08:52,692 - watchfiles.main - DEBUG - 1 change detected: {(<Change.modified: 2>, '/workspace/app/backend/logs/app_20260527_145141.log')}
2026-05-27 15:08:53,043 - watchfiles.main - DEBUG - 1 change detected: {(<Change.modified: 2>, '/workspace/app/backend/logs/app_20260527_145141.log')}
2026-05-27 15:08:53,394 - watchfiles.main - DEBUG - 1 change detected: {(<Change.modified: 2>, '/workspace/app/backend/logs/app_20260527_145141.log')}
2026-05-27 15:08:53,745 - watchfiles.main - DEBUG - 1 change detected: {(<Change.modified: 2>, '/workspace/app/backend/logs/app_20260527_145141.log')}
2026-05-27 15:08:54,097 - watchfiles.main - DEBUG - 1 change detected: {(<Change.modified: 2>, '/workspace/app/backend/logs/app_20260527_145141.log')}
2026-05-27 15:08:54,448 - watchfiles.main - DEBUG - 1 change detected: {(<Change.modified: 2>, '/workspace/app/backend/logs/app_20260527_145141.log')}
2026-05-27 15:08:54,799 - watchfiles.main - DEBUG - 1 change detected: {(<Change.modified: 2>, '/workspace/app/backend/logs/app_20260527_145141.log')}
2026-05-27 15:08:55,150 - watchfiles.main - DEBUG - 1 change detected: {(<Change.modified: 2>, '/workspace/app/backend/logs/app_20260527_145141.log')}
2026-05-27 15:08:55,501 - watchfiles.main - DEBUG - 1 change detected: {(<Change.modified: 2>, '/workspace/app/backend/logs/app_20260527_145141.log')}
2026-05-27 15:08:55,851 - watchfiles.main - DEBUG - 1 change detected: {(<Change.modified: 2>, '/workspace/app/backend/logs/app_20260527_145141.log')}
2026-05-27 15:08:56,203 - watchfiles.main - DEBUG - 1 change detected: {(<Change.modified: 2>, '/workspace/app/backend/logs/app_20260527_145141.log')}
2026-05-27 15:08:56,554 - watchfiles.main - DEBUG - 1 change detected: {(<Change.modified: 2>, '/workspace/app/backend/logs/app_20260527_145141.log')}
2026-05-27 15:08:56,905 - watchfiles.main - DEBUG - 1 change detected: {(<Change.modified: 2>, '/workspace/app/backend/logs/app_20260527_145141.log')}
2026-05-27 15:08:57,256 - watchfiles.main - DEBUG - 1 change detected: {(<Change.modified: 2>, '/workspace/app/backend/logs/app_20260527_145141.log')}
2026-05-27 15:08:57,607 - watchfiles.main - DEBUG - 1 change detected: {(<Change.modified: 2>, '/workspace/app/backend/logs/app_20260527_145141.log')}
2026-05-27 15:08:57,958 - watchfiles.main - DEBUG - 1 change detected: {(<Change.modified: 2>, '/workspace/app/backend/logs/app_20260527_145141.log')}
2026-05-27 15:08:58,309 - watchfiles.main - DEBUG - 1 change detected: {(<Change.modified: 2>, '/workspace/app/backend/logs/app_20260527_145141.log')}
2026-05-27 15:08:58,660 - watchfiles.main - DEBUG - 1 change detected: {(<Change.modified: 2>, '/workspace/app/backend/logs/app_20260527_145141.log')}
2026-05-27 15:08:59,011 - watchfiles.main - DEBUG - 1 change detected: {(<Change.modified: 2>, '/workspace/app/backend/logs/app_20260527_145141.log')}
2026-05-27 15:08:59,362 - watchfiles.main - DEBUG - 1 change detected: {(<Change.modified: 2>, '/workspace/app/backend/logs/app_20260527_145141.log')}
2026-05-27 15:08:59,713 - watchfiles.main - DEBUG - 1 change detected: {(<Change.modified: 2>, '/workspace/app/backend/logs/app_20260527_145141.log')}
2026-05-27 15:09:00,064 - watchfiles.main - DEBUG - 1 change detected: {(<Change.modified: 2>, '/workspace/app/backend/logs/app_20260527_145141.log')}
2026-05-27 15:09:00,415 - watchfiles.main - DEBUG - 1 change detected: {(<Change.modified: 2>, '/workspace/app/backend/logs/app_20260527_145141.log')}
2026-05-27 15:09:00,766 - watchfiles.main - DEBUG - 1 change detected: {(<Change.modified: 2>, '/workspace/app/backend/logs/app_20260527_145141.log')}
2026-05-27 15:09:01,117 - watchfiles.main - DEBUG - 1 change detected: {(<Change.modified: 2>, '/workspace/app/backend/logs/app_20260527_145141.log')}
2026-05-27 15:09:01,468 - watchfiles.main - DEBUG - 1 change detected: {(<Change.modified: 2>, '/workspace/app/backend/logs/app_20260527_145141.log')}
2026-05-27 15:09:01,819 - watchfiles.main - DEBUG - 1 change detected: {(<Change.modified: 2>, '/workspace/app/backend/logs/app_20260527_145141.log')}
2026-05-27 15:09:02,170 - watchfiles.main - DEBUG - 1 change detected: {(<Change.modified: 2>, '/workspace/app/backend/logs/app_20260527_145141.log')}
2026-05-27 15:09:02,521 - watchfiles.main - DEBUG - 1 change detected: {(<Change.modified: 2>, '/workspace/app/backend/logs/app_20260527_145141.log')}
2026-05-27 15:09:02,872 - watchfiles.main - DEBUG - 1 change detected: {(<Change.modified: 2>, '/workspace/app/backend/logs/app_20260527_145141.log')}
2026-05-27 15:09:03,223 - watchfiles.main - DEBUG - 1 change detected: {(<Change.modified: 2>, '/workspace/app/backend/logs/app_20260527_145141.log')}
2026-05-27 15:09:03,574 - watchfiles.main - DEBUG - 1 change detected: {(<Change.modified: 2>, '/workspace/app/backend/logs/app_20260527_145141.log')}
2026-05-27 15:09:03,925 - watchfiles.main - DEBUG - 1 change detected: {(<Change.modified: 2>, '/workspace/app/backend/logs/app_20260527_145141.log')}
2026-05-27 15:09:04,276 - watchfiles.main - DEBUG - 1 change detected: {(<Change.modified: 2>, '/workspace/app/backend/logs/app_20260527_145141.log')}
2026-05-27 15:09:04,627 - watchfiles.main - DEBUG - 1 change detected: {(<Change.modified: 2>, '/workspace/app/backend/logs/app_20260527_145141.log')}
2026-05-27 15:09:04,978 - watchfiles.main - DEBUG - 1 change detected: {(<Change.modified: 2>, '/workspace/app/backend/logs/app_20260527_145141.log')}
2026-05-27 15:09:05,330 - watchfiles.main - DEBUG - 1 change detected: {(<Change.modified: 2>, '/workspace/app/backend/logs/app_20260527_145141.log')}
2026-05-27 15:09:05,682 - watchfiles.main - DEBUG - 1 change detected: {(<Change.modified: 2>, '/workspace/app/backend/logs/app_20260527_145141.log')}
2026-05-27 15:09:06,033 - watchfiles.main - DEBUG - 1 change detected: {(<Change.modified: 2>, '/workspace/app/backend/logs/app_20260527_145141.log')}
2026-05-27 15:09:06,384 - watchfiles.main - DEBUG - 1 change detected: {(<Change.modified: 2>, '/workspace/app/backend/logs/app_20260527_145141.log')}
2026-05-27 15:09:06,735 - watchfiles.main - DEBUG - 1 change detected: {(<Change.modified: 2>, '/workspace/app/backend/logs/app_20260527_145141.log')}
2026-05-27 15:09:07,086 - watchfiles.main - DEBUG - 1 change detected: {(<Change.modified: 2>, '/workspace/app/backend/logs/app_20260527_145141.log')}
2026-05-27 15:09:07,437 - watchfiles.main - DEBUG - 1 change detected: {(<Change.modified: 2>, '/workspace/app/backend/logs/app_20260527_145141.log')}
2026-05-27 15:09:07,788 - watchfiles.main - DEBUG - 1 change detected: {(<Change.modified: 2>, '/workspace/app/backend/logs/app_20260527_145141.log')}
2026-05-27 15:09:08,139 - watchfiles.main - DEBUG - 1 change detected: {(<Change.modified: 2>, '/workspace/app/backend/logs/app_20260527_145141.log')}
2026-05-27 15:09:08,490 - watchfiles.main - DEBUG - 1 change detected: {(<Change.modified: 2>, '/workspace/app/backend/logs/app_20260527_145141.log')}
2026-05-27 15:09:08,841 - watchfiles.main - DEBUG - 1 change detected: {(<Change.modified: 2>, '/workspace/app/backend/logs/app_20260527_145141.log')}
2026-05-27 15:09:09,193 - watchfiles.main - DEBUG - 1 change detected: {(<Change.modified: 2>, '/workspace/app/backend/logs/app_20260527_145141.log')}
2026-05-27 15:09:09,544 - watchfiles.main - DEBUG - 1 change detected: {(<Change.modified: 2>, '/workspace/app/backend/logs/app_20260527_145141.log')}
2026-05-27 15:09:09,894 - watchfiles.main - DEBUG - 1 change detected: {(<Change.modified: 2>, '/workspace/app/backend/logs/app_20260527_145141.log')}
2026-05-27 15:09:10,246 - watchfiles.main - DEBUG - 1 change detected: {(<Change.modified: 2>, '/workspace/app/backend/logs/app_20260527_145141.log')}
2026-05-27 15:09:10,597 - watchfiles.main - DEBUG - 1 change detected: {(<Change.modified: 2>, '/workspace/app/backend/logs/app_20260527_145141.log')}
2026-05-27 15:09:10,948 - watchfiles.main - DEBUG - 1 change detected: {(<Change.modified: 2>, '/workspace/app/backend/logs/app_20260527_145141.log')}
2026-05-27 15:09:11,299 - watchfiles.main - DEBUG - 1 change detected: {(<Change.modified: 2>, '/workspace/app/backend/logs/app_20260527_145141.log')}
2026-05-27 15:09:11,650 - watchfiles.main - DEBUG - 1 change detected: {(<Change.modified: 2>, '/workspace/app/backend/logs/app_20260527_145141.log')}
2026-05-27 15:09:12,001 - watchfiles.main - DEBUG - 1 change detected: {(<Change.modified: 2>, '/workspace/app/backend/logs/app_20260527_145141.log')}
2026-05-27 15:09:12,352 - watchfiles.main - DEBUG - 1 change detected: {(<Change.modified: 2>, '/workspace/app/backend/logs/app_20260527_145141.log')}
2026-05-27 15:09:12,703 - watchfiles.main - DEBUG - 1 change detected: {(<Change.modified: 2>, '/workspace/app/backend/logs/app_20260527_145141.log')}
2026-05-27 15:09:13,054 - watchfiles.main - DEBUG - 1 change detected: {(<Change.modified: 2>, '/workspace/app/backend/logs/app_20260527_145141.log')}
2026-05-27 15:09:13,405 - watchfiles.main - DEBUG - 1 change detected: {(<Change.modified: 2>, '/workspace/app/backend/logs/app_20260527_145141.log')}
2026-05-27 15:09:13,756 - watchfiles.main - DEBUG - 1 change detected: {(<Change.modified: 2>, '/workspace/app/backend/logs/app_20260527_145141.log')}
2026-05-27 15:09:14,107 - watchfiles.main - DEBUG - 1 change detected: {(<Change.modified: 2>, '/workspace/app/backend/logs/app_20260527_145141.log')}
2026-05-27 15:09:14,458 - watchfiles.main - DEBUG - 1 change detected: {(<Change.modified: 2>, '/workspace/app/backend/logs/app_20260527_145141.log')}
2026-05-27 15:09:14,809 - watchfiles.main - DEBUG - 1 change detected: {(<Change.modified: 2>, '/workspace/app/backend/logs/app_20260527_145141.log')}
2026-05-27 15:09:15,160 - watchfiles.main - DEBUG - 1 change detected: {(<Change.modified: 2>, '/workspace/app/backend/logs/app_20260527_145141.log')}
2026-05-27 15:09:15,511 - watchfiles.main - DEBUG - 1 change detected: {(<Change.modified: 2>, '/workspace/app/backend/logs/app_20260527_145141.log')}
2026-05-27 15:09:15,862 - watchfiles.main - DEBUG - 1 change detected: {(<Change.modified: 2>, '/workspace/app/backend/logs/app_20260527_145141.log')}
2026-05-27 15:09:16,213 - watchfiles.main - DEBUG - 1 change detected: {(<Change.modified: 2>, '/workspace/app/backend/logs/app_20260527_145141.log')}
2026-05-27 15:09:16,564 - watchfiles.main - DEBUG - 1 change detected: {(<Change.modified: 2>, '/workspace/app/backend/logs/app_20260527_145141.log')}
2026-05-27 15:09:16,915 - watchfiles.main - DEBUG - 1 change detected: {(<Change.modified: 2>, '/workspace/app/backend/logs/app_20260527_145141.log')}
2026-05-27 15:09:17,266 - watchfiles.main - DEBUG - 1 change detected: {(<Change.modified: 2>, '/workspace/app/backend/logs/app_20260527_145141.log')}
2026-05-27 15:09:17,617 - watchfiles.main - DEBUG - 1 change detected: {(<Change.modified: 2>, '/workspace/app/backend/logs/app_20260527_145141.log')}
2026-05-27 15:09:17,968 - watchfiles.main - DEBUG - 1 change detected: {(<Change.modified: 2>, '/workspace/app/backend/logs/app_20260527_145141.log')}
2026-05-27 15:09:18,318 - watchfiles.main - DEBUG - 1 change detected: {(<Change.modified: 2>, '/workspace/app/backend/logs/app_20260527_145141.log')}
2026-05-27 15:09:18,669 - watchfiles.main - DEBUG - 1 change detected: {(<Change.modified: 2>, '/workspace/app/backend/logs/app_20260527_145141.log')}
2026-05-27 15:09:19,020 - watchfiles.main - DEBUG - 1 change detected: {(<Change.modified: 2>, '/workspace/app/backend/logs/app_20260527_145141.log')}
2026-05-27 15:09:19,371 - watchfiles.main - DEBUG - 1 change detected: {(<Change.modified: 2>, '/workspace/app/backend/logs/app_20260527_145141.log')}
2026-05-27 15:09:19,722 - watchfiles.main - DEBUG - 1 change detected: {(<Change.modified: 2>, '/workspace/app/backend/logs/app_20260527_145141.log')}
2026-05-27 15:09:20,073 - watchfiles.main - DEBUG - 1 change detected: {(<Change.modified: 2>, '/workspace/app/backend/logs/app_20260527_145141.log')}
2026-05-27 15:09:20,424 - watchfiles.main - DEBUG - 1 change detected: {(<Change.modified: 2>, '/workspace/app/backend/logs/app_20260527_145141.log')}
2026-05-27 15:09:20,775 - watchfiles.main - DEBUG - 1 change detected: {(<Change.modified: 2>, '/workspace/app/backend/logs/app_20260527_145141.log')}
2026-05-27 15:09:21,126 - watchfiles.main - DEBUG - 1 change detected: {(<Change.modified: 2>, '/workspace/app/backend/logs/app_20260527_145141.log')}
2026-05-27 15:09:21,477 - watchfiles.main - DEBUG - 1 change detected: {(<Change.modified: 2>, '/workspace/app/backend/logs/app_20260527_145141.log')}
2026-05-27 15:09:21,828 - watchfiles.main - DEBUG - 1 change detected: {(<Change.modified: 2>, '/workspace/app/backend/logs/app_20260527_145141.log')}
2026-05-27 15:09:22,179 - watchfiles.main - DEBUG - 1 change detected: {(<Change.modified: 2>, '/workspace/app/backend/logs/app_20260527_145141.log')}
2026-05-27 15:09:22,531 - watchfiles.main - DEBUG - 1 change detected: {(<Change.modified: 2>, '/workspace/app/backend/logs/app_20260527_145141.log')}
2026-05-27 15:09:22,883 - watchfiles.main - DEBUG - 1 change detected: {(<Change.modified: 2>, '/workspace/app/backend/logs/app_20260527_145141.log')}
2026-05-27 15:09:23,234 - watchfiles.main - DEBUG - 1 change detected: {(<Change.modified: 2>, '/workspace/app/backend/logs/app_20260527_145141.log')}
2026-05-27 15:09:23,585 - watchfiles.main - DEBUG - 1 change detected: {(<Change.modified: 2>, '/workspace/app/backend/logs/app_20260527_145141.log')}
2026-05-27 15:09:23,936 - watchfiles.main - DEBUG - 1 change detected: {(<Change.modified: 2>, '/workspace/app/backend/logs/app_20260527_145141.log')}
2026-05-27 15:09:24,287 - watchfiles.main - DEBUG - 1 change detected: {(<Change.modified: 2>, '/workspace/app/backend/logs/app_20260527_145141.log')}
2026-05-27 15:09:24,638 - watchfiles.main - DEBUG - 1 change detected: {(<Change.modified: 2>, '/workspace/app/backend/logs/app_20260527_145141.log')}
2026-05-27 15:09:24,989 - watchfiles.main - DEBUG - 1 change detected: {(<Change.modified: 2>, '/workspace/app/backend/logs/app_20260527_145141.log')}
2026-05-27 15:09:25,340 - watchfiles.main - DEBUG - 1 change detected: {(<Change.modified: 2>, '/workspace/app/backend/logs/app_20260527_145141.log')}
2026-05-27 15:09:25,691 - watchfiles.main - DEBUG - 1 change detected: {(<Change.modified: 2>, '/workspace/app/backend/logs/app_20260527_145141.log')}
2026-05-27 15:09:26,042 - watchfiles.main - DEBUG - 1 change detected: {(<Change.modified: 2>, '/workspace/app/backend/logs/app_20260527_145141.log')}
2026-05-27 15:09:26,394 - watchfiles.main - DEBUG - 1 change detected: {(<Change.modified: 2>, '/workspace/app/backend/logs/app_20260527_145141.log')}
2026-05-27 15:09:26,745 - watchfiles.main - DEBUG - 1 change detected: {(<Change.modified: 2>, '/workspace/app/backend/logs/app_20260527_145141.log')}
2026-05-27 15:09:27,096 - watchfiles.main - DEBUG - 1 change detected: {(<Change.modified: 2>, '/workspace/app/backend/logs/app_20260527_145141.log')}
2026-05-27 15:09:27,447 - watchfiles.main - DEBUG - 1 change detected: {(<Change.modified: 2>, '/workspace/app/backend/logs/app_20260527_145141.log')}
2026-05-27 15:09:27,798 - watchfiles.main - DEBUG - 1 change detected: {(<Change.modified: 2>, '/workspace/app/backend/logs/app_20260527_145141.log')}
2026-05-27 15:09:28,149 - watchfiles.main - DEBUG - 1 change detected: {(<Change.modified: 2>, '/workspace/app/backend/logs/app_20260527_145141.log')}
2026-05-27 15:09:28,500 - watchfiles.main - DEBUG - 1 change detected: {(<Change.modified: 2>, '/workspace/app/backend/logs/app_20260527_145141.log')}
2026-05-27 15:09:28,851 - watchfiles.main - DEBUG - 1 change detected: {(<Change.modified: 2>, '/workspace/app/backend/logs/app_20260527_145141.log')}
2026-05-27 15:09:29,202 - watchfiles.main - DEBUG - 1 change detected: {(<Change.modified: 2>, '/workspace/app/backend/logs/app_20260527_145141.log')}
2026-05-27 15:09:29,553 - watchfiles.main - DEBUG - 1 change detected: {(<Change.modified: 2>, '/workspace/app/backend/logs/app_20260527_145141.log')}
2026-05-27 15:09:29,904 - watchfiles.main - DEBUG - 1 change detected: {(<Change.modified: 2>, '/workspace/app/backend/logs/app_20260527_145141.log')}
2026-05-27 15:09:30,255 - watchfiles.main - DEBUG - 1 change detected: {(<Change.modified: 2>, '/workspace/app/backend/logs/app_20260527_145141.log')}
2026-05-27 15:09:30,606 - watchfiles.main - DEBUG - 1 change detected: {(<Change.modified: 2>, '/workspace/app/backend/logs/app_20260527_145141.log')}
2026-05-27 15:09:30,956 - watchfiles.main - DEBUG - 1 change detected: {(<Change.modified: 2>, '/workspace/app/backend/logs/app_20260527_145141.log')}
2026-05-27 15:09:31,307 - watchfiles.main - DEBUG - 1 change detected: {(<Change.modified: 2>, '/workspace/app/backend/logs/app_20260527_145141.log')}
2026-05-27 15:09:31,658 - watchfiles.main - DEBUG - 1 change detected: {(<Change.modified: 2>, '/workspace/app/backend/logs/app_20260527_145141.log')}
2026-05-27 15:09:32,009 - watchfiles.main - DEBUG - 1 change detected: {(<Change.modified: 2>, '/workspace/app/backend/logs/app_20260527_145141.log')}
2026-05-27 15:09:32,360 - watchfiles.main - DEBUG - 1 change detected: {(<Change.modified: 2>, '/workspace/app/backend/logs/app_20260527_145141.log')}
2026-05-27 15:09:32,711 - watchfiles.main - DEBUG - 1 change detected: {(<Change.modified: 2>, '/workspace/app/backend/logs/app_20260527_145141.log')}
2026-05-27 15:09:33,062 - watchfiles.main - DEBUG - 1 change detected: {(<Change.modified: 2>, '/workspace/app/backend/logs/app_20260527_145141.log')}
2026-05-27 15:09:33,413 - watchfiles.main - DEBUG - 1 change detected: {(<Change.modified: 2>, '/workspace/app/backend/logs/app_20260527_145141.log')}
2026-05-27 15:09:33,763 - watchfiles.main - DEBUG - 1 change detected: {(<Change.modified: 2>, '/workspace/app/backend/logs/app_20260527_145141.log')}
2026-05-27 15:09:34,114 - watchfiles.main - DEBUG - 1 change detected: {(<Change.modified: 2>, '/workspace/app/backend/logs/app_20260527_145141.log')}
2026-05-27 15:09:34,466 - watchfiles.main - DEBUG - 1 change detected: {(<Change.modified: 2>, '/workspace/app/backend/logs/app_20260527_145141.log')}
2026-05-27 15:09:34,817 - watchfiles.main - DEBUG - 1 change detected: {(<Change.modified: 2>, '/workspace/app/backend/logs/app_20260527_145141.log')}
2026-05-27 15:09:35,168 - watchfiles.main - DEBUG - 1 change detected: {(<Change.modified: 2>, '/workspace/app/backend/logs/app_20260527_145141.log')}
2026-05-27 15:09:35,519 - watchfiles.main - DEBUG - 1 change detected: {(<Change.modified: 2>, '/workspace/app/backend/logs/app_20260527_145141.log')}
2026-05-27 15:09:35,871 - watchfiles.main - DEBUG - 1 change detected: {(<Change.modified: 2>, '/workspace/app/backend/logs/app_20260527_145141.log')}
2026-05-27 15:09:36,221 - watchfiles.main - DEBUG - 1 change detected: {(<Change.modified: 2>, '/workspace/app/backend/logs/app_20260527_145141.log')}
2026-05-27 15:09:36,572 - watchfiles.main - DEBUG - 1 change detected: {(<Change.modified: 2>, '/workspace/app/backend/logs/app_20260527_145141.log')}
2026-05-27 15:09:36,923 - watchfiles.main - DEBUG - 1 change detected: {(<Change.modified: 2>, '/workspace/app/backend/logs/app_20260527_145141.log')}
2026-05-27 15:09:37,274 - watchfiles.main - DEBUG - 1 change detected: {(<Change.modified: 2>, '/workspace/app/backend/logs/app_20260527_145141.log')}
2026-05-27 15:09:37,626 - watchfiles.main - DEBUG - 1 change detected: {(<Change.modified: 2>, '/workspace/app/backend/logs/app_20260527_145141.log')}
2026-05-27 15:09:37,977 - watchfiles.main - DEBUG - 1 change detected: {(<Change.modified: 2>, '/workspace/app/backend/logs/app_20260527_145141.log')}
2026-05-27 15:09:38,328 - watchfiles.main - DEBUG - 1 change detected: {(<Change.modified: 2>, '/workspace/app/backend/logs/app_20260527_145141.log')}
2026-05-27 15:09:38,679 - watchfiles.main - DEBUG - 1 change detected: {(<Change.modified: 2>, '/workspace/app/backend/logs/app_20260527_145141.log')}
2026-05-27 15:09:39,029 - watchfiles.main - DEBUG - 1 change detected: {(<Change.modified: 2>, '/workspace/app/backend/logs/app_20260527_145141.log')}
2026-05-27 15:09:39,381 - watchfiles.main - DEBUG - 1 change detected: {(<Change.modified: 2>, '/workspace/app/backend/logs/app_20260527_145141.log')}
2026-05-27 15:09:39,732 - watchfiles.main - DEBUG - 1 change detected: {(<Change.modified: 2>, '/workspace/app/backend/logs/app_20260527_145141.log')}
2026-05-27 15:09:40,083 - watchfiles.main - DEBUG - 1 change detected: {(<Change.modified: 2>, '/workspace/app/backend/logs/app_20260527_145141.log')}
2026-05-27 15:09:40,434 - watchfiles.main - DEBUG - 1 change detected: {(<Change.modified: 2>, '/workspace/app/backend/logs/app_20260527_145141.log')}
2026-05-27 15:09:40,785 - watchfiles.main - DEBUG - 1 change detected: {(<Change.modified: 2>, '/workspace/app/backend/logs/app_20260527_145141.log')}
2026-05-27 15:09:41,136 - watchfiles.main - DEBUG - 1 change detected: {(<Change.modified: 2>, '/workspace/app/backend/logs/app_20260527_145141.log')}
2026-05-27 15:09:41,487 - watchfiles.main - DEBUG - 1 change detected: {(<Change.modified: 2>, '/workspace/app/backend/logs/app_20260527_145141.log')}
2026-05-27 15:09:41,838 - watchfiles.main - DEBUG - 1 change detected: {(<Change.modified: 2>, '/workspace/app/backend/logs/app_20260527_145141.log')}
2026-05-27 15:09:42,189 - watchfiles.main - DEBUG - 1 change detected: {(<Change.modified: 2>, '/workspace/app/backend/logs/app_20260527_145141.log')}
2026-05-27 15:09:42,540 - watchfiles.main - DEBUG - 1 change detected: {(<Change.modified: 2>, '/workspace/app/backend/logs/app_20260527_145141.log')}
2026-05-27 15:09:42,891 - watchfiles.main - DEBUG - 1 change detected: {(<Change.modified: 2>, '/workspace/app/backend/logs/app_20260527_145141.log')}
2026-05-27 15:09:43,242 - watchfiles.main - DEBUG - 1 change detected: {(<Change.modified: 2>, '/workspace/app/backend/logs/app_20260527_145141.log')}
2026-05-27 15:09:43,593 - watchfiles.main - DEBUG - 1 change detected: {(<Change.modified: 2>, '/workspace/app/backend/logs/app_20260527_145141.log')}
2026-05-27 15:09:43,944 - watchfiles.main - DEBUG - 1 change detected: {(<Change.modified: 2>, '/workspace/app/backend/logs/app_20260527_145141.log')}
2026-05-27 15:09:44,295 - watchfiles.main - DEBUG - 1 change detected: {(<Change.modified: 2>, '/workspace/app/backend/logs/app_20260527_145141.log')}
2026-05-27 15:09:44,646 - watchfiles.main - DEBUG - 1 change detected: {(<Change.modified: 2>, '/workspace/app/backend/logs/app_20260527_145141.log')}
2026-05-27 15:09:44,996 - watchfiles.main - DEBUG - 1 change detected: {(<Change.modified: 2>, '/workspace/app/backend/logs/app_20260527_145141.log')}
2026-05-27 15:09:45,348 - watchfiles.main - DEBUG - 1 change detected: {(<Change.modified: 2>, '/workspace/app/backend/logs/app_20260527_145141.log')}
2026-05-27 15:09:45,699 - watchfiles.main - DEBUG - 2 changes detected: {(<Change.modified: 2>, '/workspace/app/backend/logs/app_20260527_145141.log'), (<Change.modified: 2>, '/workspace/app/backend/logs/app_20260527_145143.log')}
2026-05-27 15:09:46,050 - watchfiles.main - DEBUG - 2 changes detected: {(<Change.modified: 2>, '/workspace/app/backend/logs/app_20260527_145141.log'), (<Change.modified: 2>, '/workspace/app/backend/logs/app_20260527_145143.log')}
2026-05-27 15:09:46,401 - watchfiles.main - DEBUG - 1 change detected: {(<Change.modified: 2>, '/workspace/app/backend/logs/app_20260527_145141.log')}
2026-05-27 15:09:46,751 - watchfiles.main - DEBUG - 1 change detected: {(<Change.modified: 2>, '/workspace/app/backend/logs/app_20260527_145141.log')}
2026-05-27 15:09:47,102 - watchfiles.main - DEBUG - 1 change detected: {(<Change.modified: 2>, '/workspace/app/backend/logs/app_20260527_145141.log')}
2026-05-27 15:09:47,453 - watchfiles.main - DEBUG - 1 change detected: {(<Change.modified: 2>, '/workspace/app/backend/logs/app_20260527_145141.log')}
2026-05-27 15:09:47,804 - watchfiles.main - DEBUG - 1 change detected: {(<Change.modified: 2>, '/workspace/app/backend/logs/app_20260527_145141.log')}
2026-05-27 15:09:48,155 - watchfiles.main - DEBUG - 1 change detected: {(<Change.modified: 2>, '/workspace/app/backend/logs/app_20260527_145141.log')}
2026-05-27 15:09:48,506 - watchfiles.main - DEBUG - 1 change detected: {(<Change.modified: 2>, '/workspace/app/backend/logs/app_20260527_145141.log')}
2026-05-27 15:09:48,860 - watchfiles.main - DEBUG - 1 change detected: {(<Change.modified: 2>, '/workspace/app/backend/logs/app_20260527_145141.log')}
2026-05-27 15:09:49,211 - watchfiles.main - DEBUG - 1 change detected: {(<Change.modified: 2>, '/workspace/app/backend/logs/app_20260527_145141.log')}
2026-05-27 15:09:49,562 - watchfiles.main - DEBUG - 1 change detected: {(<Change.modified: 2>, '/workspace/app/backend/logs/app_20260527_145141.log')}
2026-05-27 15:09:49,913 - watchfiles.main - DEBUG - 1 change detected: {(<Change.modified: 2>, '/workspace/app/backend/logs/app_20260527_145141.log')}
2026-05-27 15:09:50,264 - watchfiles.main - DEBUG - 1 change detected: {(<Change.modified: 2>, '/workspace/app/backend/logs/app_20260527_145141.log')}
2026-05-27 15:09:50,615 - watchfiles.main - DEBUG - 1 change detected: {(<Change.modified: 2>, '/workspace/app/backend/logs/app_20260527_145141.log')}
2026-05-27 15:09:50,966 - watchfiles.main - DEBUG - 1 change detected: {(<Change.modified: 2>, '/workspace/app/backend/logs/app_20260527_145141.log')}
2026-05-27 15:09:51,317 - watchfiles.main - DEBUG - 1 change detected: {(<Change.modified: 2>, '/workspace/app/backend/logs/app_20260527_145141.log')}
2026-05-27 15:09:51,668 - watchfiles.main - DEBUG - 1 change detected: {(<Change.modified: 2>, '/workspace/app/backend/logs/app_20260527_145141.log')}
2026-05-27 15:09:52,019 - watchfiles.main - DEBUG - 1 change detected: {(<Change.modified: 2>, '/workspace/app/backend/logs/app_20260527_145141.log')}
2026-05-27 15:09:52,370 - watchfiles.main - DEBUG - 1 change detected: {(<Change.modified: 2>, '/workspace/app/backend/logs/app_20260527_145141.log')}
2026-05-27 15:09:52,721 - watchfiles.main - DEBUG - 1 change detected: {(<Change.modified: 2>, '/workspace/app/backend/logs/app_20260527_145141.log')}
2026-05-27 15:09:53,072 - watchfiles.main - DEBUG - 1 change detected: {(<Change.modified: 2>, '/workspace/app/backend/logs/app_20260527_145141.log')}
2026-05-27 15:09:53,423 - watchfiles.main - DEBUG - 1 change detected: {(<Change.modified: 2>, '/workspace/app/backend/logs/app_20260527_145141.log')}
2026-05-27 15:09:53,774 - watchfiles.main - DEBUG - 1 change detected: {(<Change.modified: 2>, '/workspace/app/backend/logs/app_20260527_145141.log')}
2026-05-27 15:09:54,125 - watchfiles.main - DEBUG - 1 change detected: {(<Change.modified: 2>, '/workspace/app/backend/logs/app_20260527_145141.log')}
2026-05-27 15:09:54,476 - watchfiles.main - DEBUG - 1 change detected: {(<Change.modified: 2>, '/workspace/app/backend/logs/app_20260527_145141.log')}
2026-05-27 15:09:54,827 - watchfiles.main - DEBUG - 1 change detected: {(<Change.modified: 2>, '/workspace/app/backend/logs/app_20260527_145141.log')}
2026-05-27 15:09:55,178 - watchfiles.main - DEBUG - 1 change detected: {(<Change.modified: 2>, '/workspace/app/backend/logs/app_20260527_145141.log')}
2026-05-27 15:09:55,529 - watchfiles.main - DEBUG - 1 change detected: {(<Change.modified: 2>, '/workspace/app/backend/logs/app_20260527_145141.log')}
2026-05-27 15:09:55,880 - watchfiles.main - DEBUG - 1 change detected: {(<Change.modified: 2>, '/workspace/app/backend/logs/app_20260527_145141.log')}
2026-05-27 15:09:56,231 - watchfiles.main - DEBUG - 1 change detected: {(<Change.modified: 2>, '/workspace/app/backend/logs/app_20260527_145141.log')}
2026-05-27 15:09:56,582 - watchfiles.main - DEBUG - 1 change detected: {(<Change.modified: 2>, '/workspace/app/backend/logs/app_20260527_145141.log')}
2026-05-27 15:09:56,933 - watchfiles.main - DEBUG - 1 change detected: {(<Change.modified: 2>, '/workspace/app/backend/logs/app_20260527_145141.log')}
2026-05-27 15:09:57,284 - watchfiles.main - DEBUG - 1 change detected: {(<Change.modified: 2>, '/workspace/app/backend/logs/app_20260527_145141.log')}
2026-05-27 15:09:57,635 - watchfiles.main - DEBUG - 1 change detected: {(<Change.modified: 2>, '/workspace/app/backend/logs/app_20260527_145141.log')}
2026-05-27 15:09:57,986 - watchfiles.main - DEBUG - 1 change detected: {(<Change.modified: 2>, '/workspace/app/backend/logs/app_20260527_145141.log')}
2026-05-27 15:09:58,337 - watchfiles.main - DEBUG - 1 change detected: {(<Change.modified: 2>, '/workspace/app/backend/logs/app_20260527_145141.log')}
2026-05-27 15:09:58,688 - watchfiles.main - DEBUG - 1 change detected: {(<Change.modified: 2>, '/workspace/app/backend/logs/app_20260527_145141.log')}
2026-05-27 15:09:59,039 - watchfiles.main - DEBUG - 1 change detected: {(<Change.modified: 2>, '/workspace/app/backend/logs/app_20260527_145141.log')}
2026-05-27 15:09:59,391 - watchfiles.main - DEBUG - 1 change detected: {(<Change.modified: 2>, '/workspace/app/backend/logs/app_20260527_145141.log')}
2026-05-27 15:09:59,741 - watchfiles.main - DEBUG - 1 change detected: {(<Change.modified: 2>, '/workspace/app/backend/logs/app_20260527_145141.log')}
2026-05-27 15:10:00,093 - watchfiles.main - DEBUG - 1 change detected: {(<Change.modified: 2>, '/workspace/app/backend/logs/app_20260527_145141.log')}
2026-05-27 15:10:00,444 - watchfiles.main - DEBUG - 1 change detected: {(<Change.modified: 2>, '/workspace/app/backend/logs/app_20260527_145141.log')}
2026-05-27 15:10:00,795 - watchfiles.main - DEBUG - 1 change detected: {(<Change.modified: 2>, '/workspace/app/backend/logs/app_20260527_145141.log')}
2026-05-27 15:10:01,146 - watchfiles.main - DEBUG - 1 change detected: {(<Change.modified: 2>, '/workspace/app/backend/logs/app_20260527_145141.log')}
2026-05-27 15:10:01,497 - watchfiles.main - DEBUG - 1 change detected: {(<Change.modified: 2>, '/workspace/app/backend/logs/app_20260527_145141.log')}
2026-05-27 15:10:01,848 - watchfiles.main - DEBUG - 1 change detected: {(<Change.modified: 2>, '/workspace/app/backend/logs/app_20260527_145141.log')}
2026-05-27 15:10:02,200 - watchfiles.main - DEBUG - 1 change detected: {(<Change.modified: 2>, '/workspace/app/backend/logs/app_20260527_145141.log')}
2026-05-27 15:10:02,551 - watchfiles.main - DEBUG - 1 change detected: {(<Change.modified: 2>, '/workspace/app/backend/logs/app_20260527_145141.log')}
2026-05-27 15:10:02,902 - watchfiles.main - DEBUG - 1 change detected: {(<Change.modified: 2>, '/workspace/app/backend/logs/app_20260527_145141.log')}
2026-05-27 15:10:03,253 - watchfiles.main - DEBUG - 1 change detected: {(<Change.modified: 2>, '/workspace/app/backend/logs/app_20260527_145141.log')}
2026-05-27 15:10:03,604 - watchfiles.main - DEBUG - 1 change detected: {(<Change.modified: 2>, '/workspace/app/backend/logs/app_20260527_145141.log')}
2026-05-27 15:10:03,955 - watchfiles.main - DEBUG - 1 change detected: {(<Change.modified: 2>, '/workspace/app/backend/logs/app_20260527_145141.log')}
2026-05-27 15:10:04,306 - watchfiles.main - DEBUG - 1 change detected: {(<Change.modified: 2>, '/workspace/app/backend/logs/app_20260527_145141.log')}
2026-05-27 15:10:04,658 - watchfiles.main - DEBUG - 1 change detected: {(<Change.modified: 2>, '/workspace/app/backend/logs/app_20260527_145141.log')}
2026-05-27 15:10:05,009 - watchfiles.main - DEBUG - 1 change detected: {(<Change.modified: 2>, '/workspace/app/backend/logs/app_20260527_145141.log')}
2026-05-27 15:10:05,360 - watchfiles.main - DEBUG - 1 change detected: {(<Change.modified: 2>, '/workspace/app/backend/logs/app_20260527_145141.log')}
2026-05-27 15:10:05,712 - watchfiles.main - DEBUG - 1 change detected: {(<Change.modified: 2>, '/workspace/app/backend/logs/app_20260527_145141.log')}
2026-05-27 15:10:06,063 - watchfiles.main - DEBUG - 1 change detected: {(<Change.modified: 2>, '/workspace/app/backend/logs/app_20260527_145141.log')}
2026-05-27 15:10:06,414 - watchfiles.main - DEBUG - 2 changes detected: {(<Change.modified: 2>, '/workspace/app/backend/logs/app_20260527_145141.log'), (<Change.modified: 2>, '/workspace/app/backend/logs/app_20260527_145143.log')}
2026-05-27 15:10:06,765 - watchfiles.main - DEBUG - 2 changes detected: {(<Change.modified: 2>, '/workspace/app/backend/logs/app_20260527_145141.log'), (<Change.modified: 2>, '/workspace/app/backend/logs/app_20260527_145143.log')}
2026-05-27 15:10:07,116 - watchfiles.main - DEBUG - 2 changes detected: {(<Change.modified: 2>, '/workspace/app/backend/logs/app_20260527_145141.log'), (<Change.modified: 2>, '/workspace/app/backend/logs/app_20260527_145143.log')}
2026-05-27 15:10:07,468 - watchfiles.main - DEBUG - 2 changes detected: {(<Change.modified: 2>, '/workspace/app/backend/logs/app_20260527_145141.log'), (<Change.modified: 2>, '/workspace/app/backend/logs/app_20260527_145143.log')}
2026-05-27 15:10:07,819 - watchfiles.main - DEBUG - 1 change detected: {(<Change.modified: 2>, '/workspace/app/backend/logs/app_20260527_145141.log')}
2026-05-27 15:10:08,170 - watchfiles.main - DEBUG - 1 change detected: {(<Change.modified: 2>, '/workspace/app/backend/logs/app_20260527_145141.log')}
2026-05-27 15:10:08,521 - watchfiles.main - DEBUG - 1 change detected: {(<Change.modified: 2>, '/workspace/app/backend/logs/app_20260527_145141.log')}
2026-05-27 15:10:08,872 - watchfiles.main - DEBUG - 1 change detected: {(<Change.modified: 2>, '/workspace/app/backend/logs/app_20260527_145141.log')}
2026-05-27 15:10:09,223 - watchfiles.main - DEBUG - 1 change detected: {(<Change.modified: 2>, '/workspace/app/backend/logs/app_20260527_145141.log')}
2026-05-27 15:10:09,574 - watchfiles.main - DEBUG - 1 change detected: {(<Change.modified: 2>, '/workspace/app/backend/logs/app_20260527_145141.log')}
2026-05-27 15:10:09,925 - watchfiles.main - DEBUG - 1 change detected: {(<Change.modified: 2>, '/workspace/app/backend/logs/app_20260527_145141.log')}
2026-05-27 15:10:10,276 - watchfiles.main - DEBUG - 1 change detected: {(<Change.modified: 2>, '/workspace/app/backend/logs/app_20260527_145141.log')}
2026-05-27 15:10:10,627 - watchfiles.main - DEBUG - 1 change detected: {(<Change.modified: 2>, '/workspace/app/backend/logs/app_20260527_145141.log')}
2026-05-27 15:10:10,978 - watchfiles.main - DEBUG - 1 change detected: {(<Change.modified: 2>, '/workspace/app/backend/logs/app_20260527_145141.log')}
2026-05-27 15:10:11,329 - watchfiles.main - DEBUG - 1 change detected: {(<Change.modified: 2>, '/workspace/app/backend/logs/app_20260527_145141.log')}
2026-05-27 15:10:11,680 - watchfiles.main - DEBUG - 1 change detected: {(<Change.modified: 2>, '/workspace/app/backend/logs/app_20260527_145141.log')}
2026-05-27 15:10:12,031 - watchfiles.main - DEBUG - 1 change detected: {(<Change.modified: 2>, '/workspace/app/backend/logs/app_20260527_145141.log')}
2026-05-27 15:10:12,382 - watchfiles.main - DEBUG - 1 change detected: {(<Change.modified: 2>, '/workspace/app/backend/logs/app_20260527_145141.log')}
2026-05-27 15:10:12,734 - watchfiles.main - DEBUG - 1 change detected: {(<Change.modified: 2>, '/workspace/app/backend/logs/app_20260527_145141.log')}
2026-05-27 15:10:13,085 - watchfiles.main - DEBUG - 1 change detected: {(<Change.modified: 2>, '/workspace/app/backend/logs/app_20260527_145141.log')}
2026-05-27 15:10:13,436 - watchfiles.main - DEBUG - 1 change detected: {(<Change.modified: 2>, '/workspace/app/backend/logs/app_20260527_145141.log')}
2026-05-27 15:10:13,787 - watchfiles.main - DEBUG - 1 change detected: {(<Change.modified: 2>, '/workspace/app/backend/logs/app_20260527_145141.log')}
2026-05-27 15:10:14,138 - watchfiles.main - DEBUG - 1 change detected: {(<Change.modified: 2>, '/workspace/app/backend/logs/app_20260527_145141.log')}
2026-05-27 15:10:14,489 - watchfiles.main - DEBUG - 1 change detected: {(<Change.modified: 2>, '/workspace/app/backend/logs/app_20260527_145141.log')}
2026-05-27 15:10:14,840 - watchfiles.main - DEBUG - 1 change detected: {(<Change.modified: 2>, '/workspace/app/backend/logs/app_20260527_145141.log')}
2026-05-27 15:10:15,191 - watchfiles.main - DEBUG - 1 change detected: {(<Change.modified: 2>, '/workspace/app/backend/logs/app_20260527_145141.log')}
2026-05-27 15:10:15,542 - watchfiles.main - DEBUG - 1 change detected: {(<Change.modified: 2>, '/workspace/app/backend/logs/app_20260527_145141.log')}
2026-05-27 15:10:15,893 - watchfiles.main - DEBUG - 1 change detected: {(<Change.modified: 2>, '/workspace/app/backend/logs/app_20260527_145141.log')}
2026-05-27 15:10:16,245 - watchfiles.main - DEBUG - 1 change detected: {(<Change.modified: 2>, '/workspace/app/backend/logs/app_20260527_145141.log')}
2026-05-27 15:10:16,596 - watchfiles.main - DEBUG - 1 change detected: {(<Change.modified: 2>, '/workspace/app/backend/logs/app_20260527_145141.log')}
2026-05-27 15:10:16,947 - watchfiles.main - DEBUG - 1 change detected: {(<Change.modified: 2>, '/workspace/app/backend/logs/app_20260527_145141.log')}
2026-05-27 15:10:17,298 - watchfiles.main - DEBUG - 1 change detected: {(<Change.modified: 2>, '/workspace/app/backend/logs/app_20260527_145141.log')}
2026-05-27 15:10:17,649 - watchfiles.main - DEBUG - 1 change detected: {(<Change.modified: 2>, '/workspace/app/backend/logs/app_20260527_145141.log')}
2026-05-27 15:10:18,000 - watchfiles.main - DEBUG - 1 change detected: {(<Change.modified: 2>, '/workspace/app/backend/logs/app_20260527_145141.log')}
2026-05-27 15:10:18,351 - watchfiles.main - DEBUG - 1 change detected: {(<Change.modified: 2>, '/workspace/app/backend/logs/app_20260527_145141.log')}
2026-05-27 15:10:18,702 - watchfiles.main - DEBUG - 1 change detected: {(<Change.modified: 2>, '/workspace/app/backend/logs/app_20260527_145141.log')}
2026-05-27 15:10:19,053 - watchfiles.main - DEBUG - 1 change detected: {(<Change.modified: 2>, '/workspace/app/backend/logs/app_20260527_145141.log')}
2026-05-27 15:10:19,404 - watchfiles.main - DEBUG - 1 change detected: {(<Change.modified: 2>, '/workspace/app/backend/logs/app_20260527_145141.log')}
2026-05-27 15:10:19,755 - watchfiles.main - DEBUG - 1 change detected: {(<Change.modified: 2>, '/workspace/app/backend/logs/app_20260527_145141.log')}
2026-05-27 15:10:20,108 - watchfiles.main - DEBUG - 1 change detected: {(<Change.modified: 2>, '/workspace/app/backend/logs/app_20260527_145141.log')}
2026-05-27 15:10:20,459 - watchfiles.main - DEBUG - 1 change detected: {(<Change.modified: 2>, '/workspace/app/backend/logs/app_20260527_145141.log')}
2026-05-27 15:10:20,810 - watchfiles.main - DEBUG - 1 change detected: {(<Change.modified: 2>, '/workspace/app/backend/logs/app_20260527_145141.log')}
2026-05-27 15:10:21,161 - watchfiles.main - DEBUG - 1 change detected: {(<Change.modified: 2>, '/workspace/app/backend/logs/app_20260527_145141.log')}
2026-05-27 15:10:21,512 - watchfiles.main - DEBUG - 1 change detected: {(<Change.modified: 2>, '/workspace/app/backend/logs/app_20260527_145141.log')}
2026-05-27 15:10:21,863 - watchfiles.main - DEBUG - 1 change detected: {(<Change.modified: 2>, '/workspace/app/backend/logs/app_20260527_145141.log')}
2026-05-27 15:10:22,214 - watchfiles.main - DEBUG - 1 change detected: {(<Change.modified: 2>, '/workspace/app/backend/logs/app_20260527_145141.log')}
2026-05-27 15:10:22,565 - watchfiles.main - DEBUG - 1 change detected: {(<Change.modified: 2>, '/workspace/app/backend/logs/app_20260527_145141.log')}
2026-05-27 15:10:22,916 - watchfiles.main - DEBUG - 1 change detected: {(<Change.modified: 2>, '/workspace/app/backend/logs/app_20260527_145141.log')}
2026-05-27 15:10:23,268 - watchfiles.main - DEBUG - 1 change detected: {(<Change.modified: 2>, '/workspace/app/backend/logs/app_20260527_145141.log')}
2026-05-27 15:10:23,619 - watchfiles.main - DEBUG - 1 change detected: {(<Change.modified: 2>, '/workspace/app/backend/logs/app_20260527_145141.log')}
2026-05-27 15:10:23,970 - watchfiles.main - DEBUG - 1 change detected: {(<Change.modified: 2>, '/workspace/app/backend/logs/app_20260527_145141.log')}
2026-05-27 15:10:24,321 - watchfiles.main - DEBUG - 1 change detected: {(<Change.modified: 2>, '/workspace/app/backend/logs/app_20260527_145141.log')}
2026-05-27 15:10:24,672 - watchfiles.main - DEBUG - 1 change detected: {(<Change.modified: 2>, '/workspace/app/backend/logs/app_20260527_145141.log')}
2026-05-27 15:10:25,023 - watchfiles.main - DEBUG - 1 change detected: {(<Change.modified: 2>, '/workspace/app/backend/logs/app_20260527_145141.log')}
2026-05-27 15:10:25,374 - watchfiles.main - DEBUG - 1 change detected: {(<Change.modified: 2>, '/workspace/app/backend/logs/app_20260527_145141.log')}
2026-05-27 15:10:25,725 - watchfiles.main - DEBUG - 1 change detected: {(<Change.modified: 2>, '/workspace/app/backend/logs/app_20260527_145141.log')}
2026-05-27 15:10:26,078 - watchfiles.main - DEBUG - 1 change detected: {(<Change.modified: 2>, '/workspace/app/backend/logs/app_20260527_145141.log')}
2026-05-27 15:10:26,429 - watchfiles.main - DEBUG - 1 change detected: {(<Change.modified: 2>, '/workspace/app/backend/logs/app_20260527_145141.log')}
2026-05-27 15:10:26,780 - watchfiles.main - DEBUG - 1 change detected: {(<Change.modified: 2>, '/workspace/app/backend/logs/app_20260527_145141.log')}
2026-05-27 15:10:27,131 - watchfiles.main - DEBUG - 1 change detected: {(<Change.modified: 2>, '/workspace/app/backend/logs/app_20260527_145141.log')}
2026-05-27 15:10:27,482 - watchfiles.main - DEBUG - 1 change detected: {(<Change.modified: 2>, '/workspace/app/backend/logs/app_20260527_145141.log')}
2026-05-27 15:10:27,834 - watchfiles.main - DEBUG - 1 change detected: {(<Change.modified: 2>, '/workspace/app/backend/logs/app_20260527_145141.log')}
2026-05-27 15:10:28,184 - watchfiles.main - DEBUG - 1 change detected: {(<Change.modified: 2>, '/workspace/app/backend/logs/app_20260527_145141.log')}
2026-05-27 15:10:28,535 - watchfiles.main - DEBUG - 1 change detected: {(<Change.modified: 2>, '/workspace/app/backend/logs/app_20260527_145141.log')}
2026-05-27 15:10:28,886 - watchfiles.main - DEBUG - 1 change detected: {(<Change.modified: 2>, '/workspace/app/backend/logs/app_20260527_145141.log')}
2026-05-27 15:10:29,237 - watchfiles.main - DEBUG - 1 change detected: {(<Change.modified: 2>, '/workspace/app/backend/logs/app_20260527_145141.log')}
2026-05-27 15:10:29,588 - watchfiles.main - DEBUG - 1 change detected: {(<Change.modified: 2>, '/workspace/app/backend/logs/app_20260527_145141.log')}
2026-05-27 15:10:29,939 - watchfiles.main - DEBUG - 1 change detected: {(<Change.modified: 2>, '/workspace/app/backend/logs/app_20260527_145141.log')}
2026-05-27 15:10:30,290 - watchfiles.main - DEBUG - 1 change detected: {(<Change.modified: 2>, '/workspace/app/backend/logs/app_20260527_145141.log')}
2026-05-27 15:10:30,641 - watchfiles.main - DEBUG - 1 change detected: {(<Change.modified: 2>, '/workspace/app/backend/logs/app_20260527_145141.log')}
2026-05-27 15:10:30,993 - watchfiles.main - DEBUG - 1 change detected: {(<Change.modified: 2>, '/workspace/app/backend/logs/app_20260527_145141.log')}
2026-05-27 15:10:31,344 - watchfiles.main - DEBUG - 1 change detected: {(<Change.modified: 2>, '/workspace/app/backend/logs/app_20260527_145141.log')}
2026-05-27 15:10:31,695 - watchfiles.main - DEBUG - 1 change detected: {(<Change.modified: 2>, '/workspace/app/backend/logs/app_20260527_145141.log')}
2026-05-27 15:10:32,046 - watchfiles.main - DEBUG - 1 change detected: {(<Change.modified: 2>, '/workspace/app/backend/logs/app_20260527_145141.log')}
2026-05-27 15:10:32,398 - watchfiles.main - DEBUG - 1 change detected: {(<Change.modified: 2>, '/workspace/app/backend/logs/app_20260527_145141.log')}
2026-05-27 15:10:32,749 - watchfiles.main - DEBUG - 1 change detected: {(<Change.modified: 2>, '/workspace/app/backend/logs/app_20260527_145141.log')}
2026-05-27 15:10:33,100 - watchfiles.main - DEBUG - 1 change detected: {(<Change.modified: 2>, '/workspace/app/backend/logs/app_20260527_145141.log')}
2026-05-27 15:10:33,451 - watchfiles.main - DEBUG - 1 change detected: {(<Change.modified: 2>, '/workspace/app/backend/logs/app_20260527_145141.log')}
2026-05-27 15:10:33,802 - watchfiles.main - DEBUG - 1 change detected: {(<Change.modified: 2>, '/workspace/app/backend/logs/app_20260527_145141.log')}
2026-05-27 15:10:34,152 - watchfiles.main - DEBUG - 1 change detected: {(<Change.modified: 2>, '/workspace/app/backend/logs/app_20260527_145141.log')}
2026-05-27 15:10:34,504 - watchfiles.main - DEBUG - 1 change detected: {(<Change.modified: 2>, '/workspace/app/backend/logs/app_20260527_145141.log')}
2026-05-27 15:10:34,855 - watchfiles.main - DEBUG - 1 change detected: {(<Change.modified: 2>, '/workspace/app/backend/logs/app_20260527_145141.log')}
2026-05-27 15:10:35,206 - watchfiles.main - DEBUG - 1 change detected: {(<Change.modified: 2>, '/workspace/app/backend/logs/app_20260527_145141.log')}
2026-05-27 15:10:35,559 - watchfiles.main - DEBUG - 1 change detected: {(<Change.modified: 2>, '/workspace/app/backend/logs/app_20260527_145141.log')}
2026-05-27 15:10:35,910 - watchfiles.main - DEBUG - 1 change detected: {(<Change.modified: 2>, '/workspace/app/backend/logs/app_20260527_145141.log')}
2026-05-27 15:10:36,261 - watchfiles.main - DEBUG - 1 change detected: {(<Change.modified: 2>, '/workspace/app/backend/logs/app_20260527_145141.log')}
2026-05-27 15:10:36,612 - watchfiles.main - DEBUG - 1 change detected: {(<Change.modified: 2>, '/workspace/app/backend/logs/app_20260527_145141.log')}
2026-05-27 15:10:36,963 - watchfiles.main - DEBUG - 1 change detected: {(<Change.modified: 2>, '/workspace/app/backend/logs/app_20260527_145141.log')}
2026-05-27 15:10:37,314 - watchfiles.main - DEBUG - 2 changes detected: {(<Change.modified: 2>, '/workspace/app/backend/logs/app_20260527_145141.log'), (<Change.modified: 2>, '/workspace/app/backend/logs/app_20260527_145143.log')}
2026-05-27 15:10:37,665 - watchfiles.main - DEBUG - 2 changes detected: {(<Change.modified: 2>, '/workspace/app/backend/logs/app_20260527_145141.log'), (<Change.modified: 2>, '/workspace/app/backend/logs/app_20260527_145143.log')}
2026-05-27 15:10:38,016 - watchfiles.main - DEBUG - 1 change detected: {(<Change.modified: 2>, '/workspace/app/backend/logs/app_20260527_145141.log')}
2026-05-27 15:10:38,367 - watchfiles.main - DEBUG - 1 change detected: {(<Change.modified: 2>, '/workspace/app/backend/logs/app_20260527_145141.log')}
2026-05-27 15:10:38,718 - watchfiles.main - DEBUG - 1 change detected: {(<Change.modified: 2>, '/workspace/app/backend/logs/app_20260527_145141.log')}
2026-05-27 15:10:39,069 - watchfiles.main - DEBUG - 1 change detected: {(<Change.modified: 2>, '/workspace/app/backend/logs/app_20260527_145141.log')}
2026-05-27 15:10:39,420 - watchfiles.main - DEBUG - 1 change detected: {(<Change.modified: 2>, '/workspace/app/backend/logs/app_20260527_145141.log')}
2026-05-27 15:10:39,771 - watchfiles.main - DEBUG - 1 change detected: {(<Change.modified: 2>, '/workspace/app/backend/logs/app_20260527_145141.log')}
2026-05-27 15:10:40,122 - watchfiles.main - DEBUG - 1 change detected: {(<Change.modified: 2>, '/workspace/app/backend/logs/app_20260527_145141.log')}
2026-05-27 15:10:40,473 - watchfiles.main - DEBUG - 1 change detected: {(<Change.modified: 2>, '/workspace/app/backend/logs/app_20260527_145141.log')}
2026-05-27 15:10:40,824 - watchfiles.main - DEBUG - 1 change detected: {(<Change.modified: 2>, '/workspace/app/backend/logs/app_20260527_145141.log')}
2026-05-27 15:10:41,174 - watchfiles.main - DEBUG - 1 change detected: {(<Change.modified: 2>, '/workspace/app/backend/logs/app_20260527_145141.log')}
2026-05-27 15:10:41,525 - watchfiles.main - DEBUG - 1 change detected: {(<Change.modified: 2>, '/workspace/app/backend/logs/app_20260527_145141.log')}
2026-05-27 15:10:41,876 - watchfiles.main - DEBUG - 1 change detected: {(<Change.modified: 2>, '/workspace/app/backend/logs/app_20260527_145141.log')}
2026-05-27 15:10:42,228 - watchfiles.main - DEBUG - 1 change detected: {(<Change.modified: 2>, '/workspace/app/backend/logs/app_20260527_145141.log')}
2026-05-27 15:10:42,579 - watchfiles.main - DEBUG - 1 change detected: {(<Change.modified: 2>, '/workspace/app/backend/logs/app_20260527_145141.log')}
2026-05-27 15:10:42,929 - watchfiles.main - DEBUG - 1 change detected: {(<Change.modified: 2>, '/workspace/app/backend/logs/app_20260527_145141.log')}
2026-05-27 15:10:43,280 - watchfiles.main - DEBUG - 1 change detected: {(<Change.modified: 2>, '/workspace/app/backend/logs/app_20260527_145141.log')}
2026-05-27 15:10:43,632 - watchfiles.main - DEBUG - 1 change detected: {(<Change.modified: 2>, '/workspace/app/backend/logs/app_20260527_145141.log')}
2026-05-27 15:10:43,983 - watchfiles.main - DEBUG - 1 change detected: {(<Change.modified: 2>, '/workspace/app/backend/logs/app_20260527_145141.log')}
2026-05-27 15:10:44,334 - watchfiles.main - DEBUG - 1 change detected: {(<Change.modified: 2>, '/workspace/app/backend/logs/app_20260527_145141.log')}
2026-05-27 15:10:44,685 - watchfiles.main - DEBUG - 1 change detected: {(<Change.modified: 2>, '/workspace/app/backend/logs/app_20260527_145141.log')}
2026-05-27 15:10:45,036 - watchfiles.main - DEBUG - 1 change detected: {(<Change.modified: 2>, '/workspace/app/backend/logs/app_20260527_145141.log')}
2026-05-27 15:10:45,387 - watchfiles.main - DEBUG - 1 change detected: {(<Change.modified: 2>, '/workspace/app/backend/logs/app_20260527_145141.log')}
2026-05-27 15:10:45,738 - watchfiles.main - DEBUG - 1 change detected: {(<Change.modified: 2>, '/workspace/app/backend/logs/app_20260527_145141.log')}
2026-05-27 15:10:46,089 - watchfiles.main - DEBUG - 1 change detected: {(<Change.modified: 2>, '/workspace/app/backend/logs/app_20260527_145141.log')}
2026-05-27 15:10:46,440 - watchfiles.main - DEBUG - 1 change detected: {(<Change.modified: 2>, '/workspace/app/backend/logs/app_20260527_145141.log')}
2026-05-27 15:10:46,791 - watchfiles.main - DEBUG - 1 change detected: {(<Change.modified: 2>, '/workspace/app/backend/logs/app_20260527_145141.log')}
2026-05-27 15:10:47,142 - watchfiles.main - DEBUG - 1 change detected: {(<Change.modified: 2>, '/workspace/app/backend/logs/app_20260527_145141.log')}
2026-05-27 15:10:47,493 - watchfiles.main - DEBUG - 1 change detected: {(<Change.modified: 2>, '/workspace/app/backend/logs/app_20260527_145141.log')}
2026-05-27 15:10:47,843 - watchfiles.main - DEBUG - 1 change detected: {(<Change.modified: 2>, '/workspace/app/backend/logs/app_20260527_145141.log')}
2026-05-27 15:10:48,194 - watchfiles.main - DEBUG - 1 change detected: {(<Change.modified: 2>, '/workspace/app/backend/logs/app_20260527_145141.log')}
2026-05-27 15:10:48,545 - watchfiles.main - DEBUG - 1 change detected: {(<Change.modified: 2>, '/workspace/app/backend/logs/app_20260527_145141.log')}
2026-05-27 15:10:48,897 - watchfiles.main - DEBUG - 1 change detected: {(<Change.modified: 2>, '/workspace/app/backend/logs/app_20260527_145141.log')}
2026-05-27 15:10:49,248 - watchfiles.main - DEBUG - 1 change detected: {(<Change.modified: 2>, '/workspace/app/backend/logs/app_20260527_145141.log')}
2026-05-27 15:10:49,599 - watchfiles.main - DEBUG - 1 change detected: {(<Change.modified: 2>, '/workspace/app/backend/logs/app_20260527_145141.log')}
2026-05-27 15:10:49,950 - watchfiles.main - DEBUG - 1 change detected: {(<Change.modified: 2>, '/workspace/app/backend/logs/app_20260527_145141.log')}
2026-05-27 15:10:50,301 - watchfiles.main - DEBUG - 1 change detected: {(<Change.modified: 2>, '/workspace/app/backend/logs/app_20260527_145141.log')}
2026-05-27 15:10:50,652 - watchfiles.main - DEBUG - 1 change detected: {(<Change.modified: 2>, '/workspace/app/backend/logs/app_20260527_145141.log')}
2026-05-27 15:10:51,003 - watchfiles.main - DEBUG - 1 change detected: {(<Change.modified: 2>, '/workspace/app/backend/logs/app_20260527_145141.log')}
2026-05-27 15:10:51,354 - watchfiles.main - DEBUG - 1 change detected: {(<Change.modified: 2>, '/workspace/app/backend/logs/app_20260527_145141.log')}
2026-05-27 15:10:51,705 - watchfiles.main - DEBUG - 1 change detected: {(<Change.modified: 2>, '/workspace/app/backend/logs/app_20260527_145141.log')}
2026-05-27 15:10:52,056 - watchfiles.main - DEBUG - 1 change detected: {(<Change.modified: 2>, '/workspace/app/backend/logs/app_20260527_145141.log')}
2026-05-27 15:10:52,407 - watchfiles.main - DEBUG - 1 change detected: {(<Change.modified: 2>, '/workspace/app/backend/logs/app_20260527_145141.log')}
2026-05-27 15:10:52,758 - watchfiles.main - DEBUG - 1 change detected: {(<Change.modified: 2>, '/workspace/app/backend/logs/app_20260527_145141.log')}
2026-05-27 15:10:53,109 - watchfiles.main - DEBUG - 1 change detected: {(<Change.modified: 2>, '/workspace/app/backend/logs/app_20260527_145141.log')}
2026-05-27 15:10:53,460 - watchfiles.main - DEBUG - 1 change detected: {(<Change.modified: 2>, '/workspace/app/backend/logs/app_20260527_145141.log')}
2026-05-27 15:10:53,811 - watchfiles.main - DEBUG - 1 change detected: {(<Change.modified: 2>, '/workspace/app/backend/logs/app_20260527_145141.log')}
2026-05-27 15:10:54,162 - watchfiles.main - DEBUG - 1 change detected: {(<Change.modified: 2>, '/workspace/app/backend/logs/app_20260527_145141.log')}
2026-05-27 15:10:54,513 - watchfiles.main - DEBUG - 1 change detected: {(<Change.modified: 2>, '/workspace/app/backend/logs/app_20260527_145141.log')}
2026-05-27 15:10:54,864 - watchfiles.main - DEBUG - 1 change detected: {(<Change.modified: 2>, '/workspace/app/backend/logs/app_20260527_145141.log')}
2026-05-27 15:10:55,215 - watchfiles.main - DEBUG - 1 change detected: {(<Change.modified: 2>, '/workspace/app/backend/logs/app_20260527_145141.log')}
2026-05-27 15:10:55,566 - watchfiles.main - DEBUG - 1 change detected: {(<Change.modified: 2>, '/workspace/app/backend/logs/app_20260527_145141.log')}
2026-05-27 15:10:55,917 - watchfiles.main - DEBUG - 1 change detected: {(<Change.modified: 2>, '/workspace/app/backend/logs/app_20260527_145141.log')}
2026-05-27 15:10:56,268 - watchfiles.main - DEBUG - 1 change detected: {(<Change.modified: 2>, '/workspace/app/backend/logs/app_20260527_145141.log')}
2026-05-27 15:10:56,619 - watchfiles.main - DEBUG - 1 change detected: {(<Change.modified: 2>, '/workspace/app/backend/logs/app_20260527_145141.log')}
2026-05-27 15:10:56,970 - watchfiles.main - DEBUG - 1 change detected: {(<Change.modified: 2>, '/workspace/app/backend/logs/app_20260527_145141.log')}
2026-05-27 15:10:57,321 - watchfiles.main - DEBUG - 1 change detected: {(<Change.modified: 2>, '/workspace/app/backend/logs/app_20260527_145141.log')}
2026-05-27 15:10:57,672 - watchfiles.main - DEBUG - 1 change detected: {(<Change.modified: 2>, '/workspace/app/backend/logs/app_20260527_145141.log')}
2026-05-27 15:10:58,023 - watchfiles.main - DEBUG - 1 change detected: {(<Change.modified: 2>, '/workspace/app/backend/logs/app_20260527_145141.log')}
2026-05-27 15:10:58,373 - watchfiles.main - DEBUG - 1 change detected: {(<Change.modified: 2>, '/workspace/app/backend/logs/app_20260527_145141.log')}
2026-05-27 15:10:58,724 - watchfiles.main - DEBUG - 1 change detected: {(<Change.modified: 2>, '/workspace/app/backend/logs/app_20260527_145141.log')}
2026-05-27 15:10:59,075 - watchfiles.main - DEBUG - 1 change detected: {(<Change.modified: 2>, '/workspace/app/backend/logs/app_20260527_145141.log')}
2026-05-27 15:10:59,426 - watchfiles.main - DEBUG - 1 change detected: {(<Change.modified: 2>, '/workspace/app/backend/logs/app_20260527_145141.log')}
2026-05-27 15:10:59,777 - watchfiles.main - DEBUG - 1 change detected: {(<Change.modified: 2>, '/workspace/app/backend/logs/app_20260527_145141.log')}
2026-05-27 15:11:00,128 - watchfiles.main - DEBUG - 1 change detected: {(<Change.modified: 2>, '/workspace/app/backend/logs/app_20260527_145141.log')}
2026-05-27 15:11:00,479 - watchfiles.main - DEBUG - 1 change detected: {(<Change.modified: 2>, '/workspace/app/backend/logs/app_20260527_145141.log')}
2026-05-27 15:11:00,831 - watchfiles.main - DEBUG - 1 change detected: {(<Change.modified: 2>, '/workspace/app/backend/logs/app_20260527_145141.log')}
2026-05-27 15:11:01,182 - watchfiles.main - DEBUG - 1 change detected: {(<Change.modified: 2>, '/workspace/app/backend/logs/app_20260527_145141.log')}
2026-05-27 15:11:01,532 - watchfiles.main - DEBUG - 1 change detected: {(<Change.modified: 2>, '/workspace/app/backend/logs/app_20260527_145141.log')}
2026-05-27 15:11:01,883 - watchfiles.main - DEBUG - 1 change detected: {(<Change.modified: 2>, '/workspace/app/backend/logs/app_20260527_145141.log')}
2026-05-27 15:11:02,234 - watchfiles.main - DEBUG - 1 change detected: {(<Change.modified: 2>, '/workspace/app/backend/logs/app_20260527_145141.log')}
2026-05-27 15:11:02,585 - watchfiles.main - DEBUG - 1 change detected: {(<Change.modified: 2>, '/workspace/app/backend/logs/app_20260527_145141.log')}
2026-05-27 15:11:02,936 - watchfiles.main - DEBUG - 1 change detected: {(<Change.modified: 2>, '/workspace/app/backend/logs/app_20260527_145141.log')}
2026-05-27 15:11:03,287 - watchfiles.main - DEBUG - 1 change detected: {(<Change.modified: 2>, '/workspace/app/backend/logs/app_20260527_145141.log')}
2026-05-27 15:11:03,638 - watchfiles.main - DEBUG - 1 change detected: {(<Change.modified: 2>, '/workspace/app/backend/logs/app_20260527_145141.log')}
2026-05-27 15:11:03,989 - watchfiles.main - DEBUG - 1 change detected: {(<Change.modified: 2>, '/workspace/app/backend/logs/app_20260527_145141.log')}
2026-05-27 15:11:04,340 - watchfiles.main - DEBUG - 1 change detected: {(<Change.modified: 2>, '/workspace/app/backend/logs/app_20260527_145141.log')}
2026-05-27 15:11:04,691 - watchfiles.main - DEBUG - 1 change detected: {(<Change.modified: 2>, '/workspace/app/backend/logs/app_20260527_145141.log')}
2026-05-27 15:11:05,042 - watchfiles.main - DEBUG - 1 change detected: {(<Change.modified: 2>, '/workspace/app/backend/logs/app_20260527_145141.log')}
2026-05-27 15:11:05,393 - watchfiles.main - DEBUG - 1 change detected: {(<Change.modified: 2>, '/workspace/app/backend/logs/app_20260527_145141.log')}
2026-05-27 15:11:05,744 - watchfiles.main - DEBUG - 1 change detected: {(<Change.modified: 2>, '/workspace/app/backend/logs/app_20260527_145141.log')}
2026-05-27 15:11:06,095 - watchfiles.main - DEBUG - 1 change detected: {(<Change.modified: 2>, '/workspace/app/backend/logs/app_20260527_145141.log')}
2026-05-27 15:11:06,446 - watchfiles.main - DEBUG - 1 change detected: {(<Change.modified: 2>, '/workspace/app/backend/logs/app_20260527_145141.log')}
2026-05-27 15:11:06,797 - watchfiles.main - DEBUG - 1 change detected: {(<Change.modified: 2>, '/workspace/app/backend/logs/app_20260527_145141.log')}
2026-05-27 15:11:07,148 - watchfiles.main - DEBUG - 1 change detected: {(<Change.modified: 2>, '/workspace/app/backend/logs/app_20260527_145141.log')}
2026-05-27 15:11:07,500 - watchfiles.main - DEBUG - 1 change detected: {(<Change.modified: 2>, '/workspace/app/backend/logs/app_20260527_145141.log')}
2026-05-27 15:11:07,851 - watchfiles.main - DEBUG - 1 change detected: {(<Change.modified: 2>, '/workspace/app/backend/logs/app_20260527_145141.log')}
2026-05-27 15:11:08,201 - watchfiles.main - DEBUG - 1 change detected: {(<Change.modified: 2>, '/workspace/app/backend/logs/app_20260527_145141.log')}
2026-05-27 15:11:08,552 - watchfiles.main - DEBUG - 1 change detected: {(<Change.modified: 2>, '/workspace/app/backend/logs/app_20260527_145141.log')}
2026-05-27 15:11:08,904 - watchfiles.main - DEBUG - 1 change detected: {(<Change.modified: 2>, '/workspace/app/backend/logs/app_20260527_145141.log')}
2026-05-27 15:11:09,254 - watchfiles.main - DEBUG - 1 change detected: {(<Change.modified: 2>, '/workspace/app/backend/logs/app_20260527_145141.log')}
2026-05-27 15:11:09,605 - watchfiles.main - DEBUG - 2 changes detected: {(<Change.modified: 2>, '/workspace/app/backend/logs/app_20260527_145141.log'), (<Change.modified: 2>, '/workspace/app/backend/logs/app_20260527_145143.log')}
2026-05-27 15:11:09,956 - watchfiles.main - DEBUG - 2 changes detected: {(<Change.modified: 2>, '/workspace/app/backend/logs/app_20260527_145141.log'), (<Change.modified: 2>, '/workspace/app/backend/logs/app_20260527_145143.log')}
2026-05-27 15:11:10,358 - watchfiles.main - DEBUG - 2 changes detected: {(<Change.modified: 2>, '/workspace/app/backend/logs/app_20260527_145141.log'), (<Change.modified: 2>, '/workspace/app/backend/logs/app_20260527_145143.log')}
2026-05-27 15:11:10,709 - watchfiles.main - DEBUG - 2 changes detected: {(<Change.modified: 2>, '/workspace/app/backend/logs/app_20260527_145141.log'), (<Change.modified: 2>, '/workspace/app/backend/logs/app_20260527_145143.log')}
2026-05-27 15:11:11,060 - watchfiles.main - DEBUG - 1 change detected: {(<Change.modified: 2>, '/workspace/app/backend/logs/app_20260527_145141.log')}
2026-05-27 15:11:11,411 - watchfiles.main - DEBUG - 1 change detected: {(<Change.modified: 2>, '/workspace/app/backend/logs/app_20260527_145141.log')}
2026-05-27 15:11:11,762 - watchfiles.main - DEBUG - 1 change detected: {(<Change.modified: 2>, '/workspace/app/backend/logs/app_20260527_145141.log')}
2026-05-27 15:11:12,113 - watchfiles.main - DEBUG - 1 change detected: {(<Change.modified: 2>, '/workspace/app/backend/logs/app_20260527_145141.log')}
2026-05-27 15:11:12,464 - watchfiles.main - DEBUG - 1 change detected: {(<Change.modified: 2>, '/workspace/app/backend/logs/app_20260527_145141.log')}
2026-05-27 15:11:12,816 - watchfiles.main - DEBUG - 1 change detected: {(<Change.modified: 2>, '/workspace/app/backend/logs/app_20260527_145141.log')}
2026-05-27 15:11:13,167 - watchfiles.main - DEBUG - 1 change detected: {(<Change.modified: 2>, '/workspace/app/backend/logs/app_20260527_145141.log')}
2026-05-27 15:11:13,518 - watchfiles.main - DEBUG - 1 change detected: {(<Change.modified: 2>, '/workspace/app/backend/logs/app_20260527_145141.log')}
2026-05-27 15:11:13,869 - watchfiles.main - DEBUG - 1 change detected: {(<Change.modified: 2>, '/workspace/app/backend/logs/app_20260527_145141.log')}
2026-05-27 15:11:14,220 - watchfiles.main - DEBUG - 1 change detected: {(<Change.modified: 2>, '/workspace/app/backend/logs/app_20260527_145141.log')}
2026-05-27 15:11:14,571 - watchfiles.main - DEBUG - 1 change detected: {(<Change.modified: 2>, '/workspace/app/backend/logs/app_20260527_145141.log')}
2026-05-27 15:11:14,922 - watchfiles.main - DEBUG - 1 change detected: {(<Change.modified: 2>, '/workspace/app/backend/logs/app_20260527_145141.log')}
2026-05-27 15:11:15,273 - watchfiles.main - DEBUG - 1 change detected: {(<Change.modified: 2>, '/workspace/app/backend/logs/app_20260527_145141.log')}
2026-05-27 15:11:15,624 - watchfiles.main - DEBUG - 1 change detected: {(<Change.modified: 2>, '/workspace/app/backend/logs/app_20260527_145141.log')}
2026-05-27 15:11:15,975 - watchfiles.main - DEBUG - 1 change detected: {(<Change.modified: 2>, '/workspace/app/backend/logs/app_20260527_145141.log')}
2026-05-27 15:11:16,325 - watchfiles.main - DEBUG - 1 change detected: {(<Change.modified: 2>, '/workspace/app/backend/logs/app_20260527_145141.log')}
2026-05-27 15:11:16,676 - watchfiles.main - DEBUG - 1 change detected: {(<Change.modified: 2>, '/workspace/app/backend/logs/app_20260527_145141.log')}
2026-05-27 15:11:17,027 - watchfiles.main - DEBUG - 1 change detected: {(<Change.modified: 2>, '/workspace/app/backend/logs/app_20260527_145141.log')}
2026-05-27 15:11:17,379 - watchfiles.main - DEBUG - 1 change detected: {(<Change.modified: 2>, '/workspace/app/backend/logs/app_20260527_145141.log')}
2026-05-27 15:11:17,730 - watchfiles.main - DEBUG - 1 change detected: {(<Change.modified: 2>, '/workspace/app/backend/logs/app_20260527_145141.log')}
2026-05-27 15:11:18,081 - watchfiles.main - DEBUG - 1 change detected: {(<Change.modified: 2>, '/workspace/app/backend/logs/app_20260527_145141.log')}
2026-05-27 15:11:18,432 - watchfiles.main - DEBUG - 1 change detected: {(<Change.modified: 2>, '/workspace/app/backend/logs/app_20260527_145141.log')}
2026-05-27 15:11:18,782 - watchfiles.main - DEBUG - 1 change detected: {(<Change.modified: 2>, '/workspace/app/backend/logs/app_20260527_145141.log')}
2026-05-27 15:11:19,134 - watchfiles.main - DEBUG - 1 change detected: {(<Change.modified: 2>, '/workspace/app/backend/logs/app_20260527_145141.log')}
2026-05-27 15:11:19,485 - watchfiles.main - DEBUG - 1 change detected: {(<Change.modified: 2>, '/workspace/app/backend/logs/app_20260527_145141.log')}
2026-05-27 15:11:19,836 - watchfiles.main - DEBUG - 1 change detected: {(<Change.modified: 2>, '/workspace/app/backend/logs/app_20260527_145141.log')}
2026-05-27 15:11:20,187 - watchfiles.main - DEBUG - 1 change detected: {(<Change.modified: 2>, '/workspace/app/backend/logs/app_20260527_145141.log')}
2026-05-27 15:11:20,538 - watchfiles.main - DEBUG - 1 change detected: {(<Change.modified: 2>, '/workspace/app/backend/logs/app_20260527_145141.log')}
2026-05-27 15:11:20,889 - watchfiles.main - DEBUG - 1 change detected: {(<Change.modified: 2>, '/workspace/app/backend/logs/app_20260527_145141.log')}
2026-05-27 15:11:21,239 - watchfiles.main - DEBUG - 1 change detected: {(<Change.modified: 2>, '/workspace/app/backend/logs/app_20260527_145141.log')}
2026-05-27 15:11:21,591 - watchfiles.main - DEBUG - 1 change detected: {(<Change.modified: 2>, '/workspace/app/backend/logs/app_20260527_145141.log')}
2026-05-27 15:11:21,942 - watchfiles.main - DEBUG - 1 change detected: {(<Change.modified: 2>, '/workspace/app/backend/logs/app_20260527_145141.log')}
2026-05-27 15:11:22,293 - watchfiles.main - DEBUG - 1 change detected: {(<Change.modified: 2>, '/workspace/app/backend/logs/app_20260527_145141.log')}
2026-05-27 15:11:22,644 - watchfiles.main - DEBUG - 1 change detected: {(<Change.modified: 2>, '/workspace/app/backend/logs/app_20260527_145141.log')}
2026-05-27 15:11:22,995 - watchfiles.main - DEBUG - 1 change detected: {(<Change.modified: 2>, '/workspace/app/backend/logs/app_20260527_145141.log')}
2026-05-27 15:11:23,346 - watchfiles.main - DEBUG - 1 change detected: {(<Change.modified: 2>, '/workspace/app/backend/logs/app_20260527_145141.log')}
2026-05-27 15:11:23,697 - watchfiles.main - DEBUG - 1 change detected: {(<Change.modified: 2>, '/workspace/app/backend/logs/app_20260527_145141.log')}
2026-05-27 15:11:24,048 - watchfiles.main - DEBUG - 1 change detected: {(<Change.modified: 2>, '/workspace/app/backend/logs/app_20260527_145141.log')}
2026-05-27 15:11:24,399 - watchfiles.main - DEBUG - 1 change detected: {(<Change.modified: 2>, '/workspace/app/backend/logs/app_20260527_145141.log')}
2026-05-27 15:11:24,750 - watchfiles.main - DEBUG - 1 change detected: {(<Change.modified: 2>, '/workspace/app/backend/logs/app_20260527_145141.log')}
2026-05-27 15:11:25,101 - watchfiles.main - DEBUG - 1 change detected: {(<Change.modified: 2>, '/workspace/app/backend/logs/app_20260527_145141.log')}
2026-05-27 15:11:25,452 - watchfiles.main - DEBUG - 1 change detected: {(<Change.modified: 2>, '/workspace/app/backend/logs/app_20260527_145141.log')}
2026-05-27 15:11:25,803 - watchfiles.main - DEBUG - 1 change detected: {(<Change.modified: 2>, '/workspace/app/backend/logs/app_20260527_145141.log')}
2026-05-27 15:11:26,154 - watchfiles.main - DEBUG - 1 change detected: {(<Change.modified: 2>, '/workspace/app/backend/logs/app_20260527_145141.log')}
2026-05-27 15:11:26,504 - watchfiles.main - DEBUG - 1 change detected: {(<Change.modified: 2>, '/workspace/app/backend/logs/app_20260527_145141.log')}
2026-05-27 15:11:26,856 - watchfiles.main - DEBUG - 1 change detected: {(<Change.modified: 2>, '/workspace/app/backend/logs/app_20260527_145141.log')}
2026-05-27 15:11:27,206 - watchfiles.main - DEBUG - 1 change detected: {(<Change.modified: 2>, '/workspace/app/backend/logs/app_20260527_145141.log')}
2026-05-27 15:11:27,557 - watchfiles.main - DEBUG - 1 change detected: {(<Change.modified: 2>, '/workspace/app/backend/logs/app_20260527_145141.log')}
2026-05-27 15:11:27,909 - watchfiles.main - DEBUG - 1 change detected: {(<Change.modified: 2>, '/workspace/app/backend/logs/app_20260527_145141.log')}
2026-05-27 15:11:28,260 - watchfiles.main - DEBUG - 1 change detected: {(<Change.modified: 2>, '/workspace/app/backend/logs/app_20260527_145141.log')}
2026-05-27 15:11:28,611 - watchfiles.main - DEBUG - 1 change detected: {(<Change.modified: 2>, '/workspace/app/backend/logs/app_20260527_145141.log')}
2026-05-27 15:11:28,962 - watchfiles.main - DEBUG - 1 change detected: {(<Change.modified: 2>, '/workspace/app/backend/logs/app_20260527_145141.log')}
2026-05-27 15:11:29,313 - watchfiles.main - DEBUG - 1 change detected: {(<Change.modified: 2>, '/workspace/app/backend/logs/app_20260527_145141.log')}
2026-05-27 15:11:29,664 - watchfiles.main - DEBUG - 1 change detected: {(<Change.modified: 2>, '/workspace/app/backend/logs/app_20260527_145141.log')}
2026-05-27 15:11:30,015 - watchfiles.main - DEBUG - 1 change detected: {(<Change.modified: 2>, '/workspace/app/backend/logs/app_20260527_145141.log')}
2026-05-27 15:11:30,366 - watchfiles.main - DEBUG - 1 change detected: {(<Change.modified: 2>, '/workspace/app/backend/logs/app_20260527_145141.log')}
2026-05-27 15:11:30,717 - watchfiles.main - DEBUG - 1 change detected: {(<Change.modified: 2>, '/workspace/app/backend/logs/app_20260527_145141.log')}
2026-05-27 15:11:31,068 - watchfiles.main - DEBUG - 1 change detected: {(<Change.modified: 2>, '/workspace/app/backend/logs/app_20260527_145141.log')}
2026-05-27 15:11:31,418 - watchfiles.main - DEBUG - 1 change detected: {(<Change.modified: 2>, '/workspace/app/backend/logs/app_20260527_145141.log')}
2026-05-27 15:11:31,769 - watchfiles.main - DEBUG - 1 change detected: {(<Change.modified: 2>, '/workspace/app/backend/logs/app_20260527_145141.log')}
2026-05-27 15:11:32,121 - watchfiles.main - DEBUG - 1 change detected: {(<Change.modified: 2>, '/workspace/app/backend/logs/app_20260527_145141.log')}
2026-05-27 15:11:32,471 - watchfiles.main - DEBUG - 1 change detected: {(<Change.modified: 2>, '/workspace/app/backend/logs/app_20260527_145141.log')}
2026-05-27 15:11:32,823 - watchfiles.main - DEBUG - 1 change detected: {(<Change.modified: 2>, '/workspace/app/backend/logs/app_20260527_145141.log')}
2026-05-27 15:11:33,174 - watchfiles.main - DEBUG - 1 change detected: {(<Change.modified: 2>, '/workspace/app/backend/logs/app_20260527_145141.log')}
2026-05-27 15:11:33,525 - watchfiles.main - DEBUG - 1 change detected: {(<Change.modified: 2>, '/workspace/app/backend/logs/app_20260527_145141.log')}
2026-05-27 15:11:33,876 - watchfiles.main - DEBUG - 1 change detected: {(<Change.modified: 2>, '/workspace/app/backend/logs/app_20260527_145141.log')}
2026-05-27 15:11:34,227 - watchfiles.main - DEBUG - 1 change detected: {(<Change.modified: 2>, '/workspace/app/backend/logs/app_20260527_145141.log')}
2026-05-27 15:11:34,578 - watchfiles.main - DEBUG - 1 change detected: {(<Change.modified: 2>, '/workspace/app/backend/logs/app_20260527_145141.log')}
2026-05-27 15:11:34,931 - watchfiles.main - DEBUG - 1 change detected: {(<Change.modified: 2>, '/workspace/app/backend/logs/app_20260527_145141.log')}
2026-05-27 15:11:35,282 - watchfiles.main - DEBUG - 1 change detected: {(<Change.modified: 2>, '/workspace/app/backend/logs/app_20260527_145141.log')}
2026-05-27 15:11:35,633 - watchfiles.main - DEBUG - 1 change detected: {(<Change.modified: 2>, '/workspace/app/backend/logs/app_20260527_145141.log')}
2026-05-27 15:11:35,984 - watchfiles.main - DEBUG - 1 change detected: {(<Change.modified: 2>, '/workspace/app/backend/logs/app_20260527_145141.log')}
2026-05-27 15:11:36,335 - watchfiles.main - DEBUG - 1 change detected: {(<Change.modified: 2>, '/workspace/app/backend/logs/app_20260527_145141.log')}
2026-05-27 15:11:36,686 - watchfiles.main - DEBUG - 1 change detected: {(<Change.modified: 2>, '/workspace/app/backend/logs/app_20260527_145141.log')}
2026-05-27 15:11:37,037 - watchfiles.main - DEBUG - 1 change detected: {(<Change.modified: 2>, '/workspace/app/backend/logs/app_20260527_145141.log')}
2026-05-27 15:11:37,389 - watchfiles.main - DEBUG - 1 change detected: {(<Change.modified: 2>, '/workspace/app/backend/logs/app_20260527_145141.log')}
2026-05-27 15:11:37,740 - watchfiles.main - DEBUG - 1 change detected: {(<Change.modified: 2>, '/workspace/app/backend/logs/app_20260527_145141.log')}
2026-05-27 15:11:38,091 - watchfiles.main - DEBUG - 1 change detected: {(<Change.modified: 2>, '/workspace/app/backend/logs/app_20260527_145141.log')}
2026-05-27 15:11:38,442 - watchfiles.main - DEBUG - 1 change detected: {(<Change.modified: 2>, '/workspace/app/backend/logs/app_20260527_145141.log')}
2026-05-27 15:11:38,793 - watchfiles.main - DEBUG - 1 change detected: {(<Change.modified: 2>, '/workspace/app/backend/logs/app_20260527_145141.log')}
2026-05-27 15:11:39,145 - watchfiles.main - DEBUG - 1 change detected: {(<Change.modified: 2>, '/workspace/app/backend/logs/app_20260527_145141.log')}
2026-05-27 15:11:39,495 - watchfiles.main - DEBUG - 1 change detected: {(<Change.modified: 2>, '/workspace/app/backend/logs/app_20260527_145141.log')}
2026-05-27 15:11:39,847 - watchfiles.main - DEBUG - 1 change detected: {(<Change.modified: 2>, '/workspace/app/backend/logs/app_20260527_145141.log')}
2026-05-27 15:11:40,198 - watchfiles.main - DEBUG - 1 change detected: {(<Change.modified: 2>, '/workspace/app/backend/logs/app_20260527_145141.log')}
2026-05-27 15:11:40,549 - watchfiles.main - DEBUG - 2 changes detected: {(<Change.modified: 2>, '/workspace/app/backend/logs/app_20260527_145141.log'), (<Change.modified: 2>, '/workspace/app/backend/logs/app_20260527_145143.log')}
2026-05-27 15:11:40,900 - watchfiles.main - DEBUG - 2 changes detected: {(<Change.modified: 2>, '/workspace/app/backend/logs/app_20260527_145141.log'), (<Change.modified: 2>, '/workspace/app/backend/logs/app_20260527_145143.log')}
2026-05-27 15:11:41,250 - watchfiles.main - DEBUG - 1 change detected: {(<Change.modified: 2>, '/workspace/app/backend/logs/app_20260527_145141.log')}
2026-05-27 15:11:41,601 - watchfiles.main - DEBUG - 1 change detected: {(<Change.modified: 2>, '/workspace/app/backend/logs/app_20260527_145141.log')}
2026-05-27 15:11:41,952 - watchfiles.main - DEBUG - 1 change detected: {(<Change.modified: 2>, '/workspace/app/backend/logs/app_20260527_145141.log')}
2026-05-27 15:11:42,303 - watchfiles.main - DEBUG - 1 change detected: {(<Change.modified: 2>, '/workspace/app/backend/logs/app_20260527_145141.log')}
2026-05-27 15:11:42,654 - watchfiles.main - DEBUG - 1 change detected: {(<Change.modified: 2>, '/workspace/app/backend/logs/app_20260527_145141.log')}
2026-05-27 15:11:43,005 - watchfiles.main - DEBUG - 1 change detected: {(<Change.modified: 2>, '/workspace/app/backend/logs/app_20260527_145141.log')}
2026-05-27 15:11:43,356 - watchfiles.main - DEBUG - 1 change detected: {(<Change.modified: 2>, '/workspace/app/backend/logs/app_20260527_145141.log')}
2026-05-27 15:11:43,707 - watchfiles.main - DEBUG - 1 change detected: {(<Change.modified: 2>, '/workspace/app/backend/logs/app_20260527_145141.log')}
2026-05-27 15:11:44,058 - watchfiles.main - DEBUG - 1 change detected: {(<Change.modified: 2>, '/workspace/app/backend/logs/app_20260527_145141.log')}
2026-05-27 15:11:44,409 - watchfiles.main - DEBUG - 1 change detected: {(<Change.modified: 2>, '/workspace/app/backend/logs/app_20260527_145141.log')}
2026-05-27 15:11:44,760 - watchfiles.main - DEBUG - 1 change detected: {(<Change.modified: 2>, '/workspace/app/backend/logs/app_20260527_145141.log')}
2026-05-27 15:11:45,111 - watchfiles.main - DEBUG - 1 change detected: {(<Change.modified: 2>, '/workspace/app/backend/logs/app_20260527_145141.log')}
2026-05-27 15:11:45,461 - watchfiles.main - DEBUG - 1 change detected: {(<Change.modified: 2>, '/workspace/app/backend/logs/app_20260527_145141.log')}
2026-05-27 15:11:45,813 - watchfiles.main - DEBUG - 1 change detected: {(<Change.modified: 2>, '/workspace/app/backend/logs/app_20260527_145141.log')}
2026-05-27 15:11:46,164 - watchfiles.main - DEBUG - 1 change detected: {(<Change.modified: 2>, '/workspace/app/backend/logs/app_20260527_145141.log')}
2026-05-27 15:11:46,515 - watchfiles.main - DEBUG - 1 change detected: {(<Change.modified: 2>, '/workspace/app/backend/logs/app_20260527_145141.log')}
2026-05-27 15:11:46,866 - watchfiles.main - DEBUG - 1 change detected: {(<Change.modified: 2>, '/workspace/app/backend/logs/app_20260527_145141.log')}
2026-05-27 15:11:47,217 - watchfiles.main - DEBUG - 1 change detected: {(<Change.modified: 2>, '/workspace/app/backend/logs/app_20260527_145141.log')}
2026-05-27 15:11:47,568 - watchfiles.main - DEBUG - 1 change detected: {(<Change.modified: 2>, '/workspace/app/backend/logs/app_20260527_145141.log')}
2026-05-27 15:11:47,919 - watchfiles.main - DEBUG - 1 change detected: {(<Change.modified: 2>, '/workspace/app/backend/logs/app_20260527_145141.log')}
2026-05-27 15:11:48,270 - watchfiles.main - DEBUG - 1 change detected: {(<Change.modified: 2>, '/workspace/app/backend/logs/app_20260527_145141.log')}
2026-05-27 15:11:48,621 - watchfiles.main - DEBUG - 1 change detected: {(<Change.modified: 2>, '/workspace/app/backend/logs/app_20260527_145141.log')}
2026-05-27 15:11:48,972 - watchfiles.main - DEBUG - 1 change detected: {(<Change.modified: 2>, '/workspace/app/backend/logs/app_20260527_145141.log')}
2026-05-27 15:11:49,323 - watchfiles.main - DEBUG - 1 change detected: {(<Change.modified: 2>, '/workspace/app/backend/logs/app_20260527_145141.log')}
2026-05-27 15:11:49,674 - watchfiles.main - DEBUG - 1 change detected: {(<Change.modified: 2>, '/workspace/app/backend/logs/app_20260527_145141.log')}
2026-05-27 15:11:50,024 - watchfiles.main - DEBUG - 1 change detected: {(<Change.modified: 2>, '/workspace/app/backend/logs/app_20260527_145141.log')}
2026-05-27 15:11:50,376 - watchfiles.main - DEBUG - 1 change detected: {(<Change.modified: 2>, '/workspace/app/backend/logs/app_20260527_145141.log')}
2026-05-27 15:11:50,728 - watchfiles.main - DEBUG - 1 change detected: {(<Change.modified: 2>, '/workspace/app/backend/logs/app_20260527_145141.log')}
2026-05-27 15:11:51,079 - watchfiles.main - DEBUG - 1 change detected: {(<Change.modified: 2>, '/workspace/app/backend/logs/app_20260527_145141.log')}
2026-05-27 15:11:51,429 - watchfiles.main - DEBUG - 1 change detected: {(<Change.modified: 2>, '/workspace/app/backend/logs/app_20260527_145141.log')}
2026-05-27 15:11:51,780 - watchfiles.main - DEBUG - 1 change detected: {(<Change.modified: 2>, '/workspace/app/backend/logs/app_20260527_145141.log')}
2026-05-27 15:11:52,131 - watchfiles.main - DEBUG - 1 change detected: {(<Change.modified: 2>, '/workspace/app/backend/logs/app_20260527_145141.log')}
2026-05-27 15:11:52,482 - watchfiles.main - DEBUG - 1 change detected: {(<Change.modified: 2>, '/workspace/app/backend/logs/app_20260527_145141.log')}
2026-05-27 15:11:52,833 - watchfiles.main - DEBUG - 1 change detected: {(<Change.modified: 2>, '/workspace/app/backend/logs/app_20260527_145141.log')}
2026-05-27 15:11:53,184 - watchfiles.main - DEBUG - 1 change detected: {(<Change.modified: 2>, '/workspace/app/backend/logs/app_20260527_145141.log')}
2026-05-27 15:11:53,535 - watchfiles.main - DEBUG - 1 change detected: {(<Change.modified: 2>, '/workspace/app/backend/logs/app_20260527_145141.log')}
2026-05-27 15:11:53,886 - watchfiles.main - DEBUG - 1 change detected: {(<Change.modified: 2>, '/workspace/app/backend/logs/app_20260527_145141.log')}
2026-05-27 15:11:54,238 - watchfiles.main - DEBUG - 1 change detected: {(<Change.modified: 2>, '/workspace/app/backend/logs/app_20260527_145141.log')}
2026-05-27 15:11:54,589 - watchfiles.main - DEBUG - 1 change detected: {(<Change.modified: 2>, '/workspace/app/backend/logs/app_20260527_145141.log')}
2026-05-27 15:11:54,940 - watchfiles.main - DEBUG - 1 change detected: {(<Change.modified: 2>, '/workspace/app/backend/logs/app_20260527_145141.log')}
2026-05-27 15:11:55,291 - watchfiles.main - DEBUG - 1 change detected: {(<Change.modified: 2>, '/workspace/app/backend/logs/app_20260527_145141.log')}
2026-05-27 15:11:55,642 - watchfiles.main - DEBUG - 1 change detected: {(<Change.modified: 2>, '/workspace/app/backend/logs/app_20260527_145141.log')}
2026-05-27 15:11:55,993 - watchfiles.main - DEBUG - 1 change detected: {(<Change.modified: 2>, '/workspace/app/backend/logs/app_20260527_145141.log')}
2026-05-27 15:11:56,344 - watchfiles.main - DEBUG - 1 change detected: {(<Change.modified: 2>, '/workspace/app/backend/logs/app_20260527_145141.log')}
2026-05-27 15:11:56,694 - watchfiles.main - DEBUG - 1 change detected: {(<Change.modified: 2>, '/workspace/app/backend/logs/app_20260527_145141.log')}
2026-05-27 15:11:57,045 - watchfiles.main - DEBUG - 1 change detected: {(<Change.modified: 2>, '/workspace/app/backend/logs/app_20260527_145141.log')}
2026-05-27 15:11:57,396 - watchfiles.main - DEBUG - 1 change detected: {(<Change.modified: 2>, '/workspace/app/backend/logs/app_20260527_145141.log')}
2026-05-27 15:11:57,747 - watchfiles.main - DEBUG - 1 change detected: {(<Change.modified: 2>, '/workspace/app/backend/logs/app_20260527_145141.log')}
2026-05-27 15:11:58,098 - watchfiles.main - DEBUG - 1 change detected: {(<Change.modified: 2>, '/workspace/app/backend/logs/app_20260527_145141.log')}
2026-05-27 15:11:58,449 - watchfiles.main - DEBUG - 1 change detected: {(<Change.modified: 2>, '/workspace/app/backend/logs/app_20260527_145141.log')}
2026-05-27 15:11:58,801 - watchfiles.main - DEBUG - 1 change detected: {(<Change.modified: 2>, '/workspace/app/backend/logs/app_20260527_145141.log')}
2026-05-27 15:11:59,152 - watchfiles.main - DEBUG - 1 change detected: {(<Change.modified: 2>, '/workspace/app/backend/logs/app_20260527_145141.log')}
2026-05-27 15:11:59,503 - watchfiles.main - DEBUG - 1 change detected: {(<Change.modified: 2>, '/workspace/app/backend/logs/app_20260527_145141.log')}
2026-05-27 15:11:59,854 - watchfiles.main - DEBUG - 1 change detected: {(<Change.modified: 2>, '/workspace/app/backend/logs/app_20260527_145141.log')}
2026-05-27 15:12:00,205 - watchfiles.main - DEBUG - 1 change detected: {(<Change.modified: 2>, '/workspace/app/backend/logs/app_20260527_145141.log')}
2026-05-27 15:12:00,556 - watchfiles.main - DEBUG - 1 change detected: {(<Change.modified: 2>, '/workspace/app/backend/logs/app_20260527_145141.log')}
2026-05-27 15:12:00,907 - watchfiles.main - DEBUG - 1 change detected: {(<Change.modified: 2>, '/workspace/app/backend/logs/app_20260527_145141.log')}
2026-05-27 15:12:01,258 - watchfiles.main - DEBUG - 1 change detected: {(<Change.modified: 2>, '/workspace/app/backend/logs/app_20260527_145141.log')}
2026-05-27 15:12:01,609 - watchfiles.main - DEBUG - 1 change detected: {(<Change.modified: 2>, '/workspace/app/backend/logs/app_20260527_145141.log')}
2026-05-27 15:12:01,960 - watchfiles.main - DEBUG - 1 change detected: {(<Change.modified: 2>, '/workspace/app/backend/logs/app_20260527_145141.log')}
2026-05-27 15:12:02,311 - watchfiles.main - DEBUG - 1 change detected: {(<Change.modified: 2>, '/workspace/app/backend/logs/app_20260527_145141.log')}
2026-05-27 15:12:02,662 - watchfiles.main - DEBUG - 1 change detected: {(<Change.modified: 2>, '/workspace/app/backend/logs/app_20260527_145141.log')}
2026-05-27 15:12:03,013 - watchfiles.main - DEBUG - 1 change detected: {(<Change.modified: 2>, '/workspace/app/backend/logs/app_20260527_145141.log')}
2026-05-27 15:12:03,364 - watchfiles.main - DEBUG - 1 change detected: {(<Change.modified: 2>, '/workspace/app/backend/logs/app_20260527_145141.log')}
2026-05-27 15:12:03,715 - watchfiles.main - DEBUG - 1 change detected: {(<Change.modified: 2>, '/workspace/app/backend/logs/app_20260527_145141.log')}
2026-05-27 15:12:04,066 - watchfiles.main - DEBUG - 1 change detected: {(<Change.modified: 2>, '/workspace/app/backend/logs/app_20260527_145141.log')}
2026-05-27 15:12:04,417 - watchfiles.main - DEBUG - 1 change detected: {(<Change.modified: 2>, '/workspace/app/backend/logs/app_20260527_145141.log')}
2026-05-27 15:12:04,768 - watchfiles.main - DEBUG - 1 change detected: {(<Change.modified: 2>, '/workspace/app/backend/logs/app_20260527_145141.log')}
2026-05-27 15:12:05,119 - watchfiles.main - DEBUG - 1 change detected: {(<Change.modified: 2>, '/workspace/app/backend/logs/app_20260527_145141.log')}
2026-05-27 15:12:05,470 - watchfiles.main - DEBUG - 1 change detected: {(<Change.modified: 2>, '/workspace/app/backend/logs/app_20260527_145141.log')}
2026-05-27 15:12:05,821 - watchfiles.main - DEBUG - 1 change detected: {(<Change.modified: 2>, '/workspace/app/backend/logs/app_20260527_145141.log')}
2026-05-27 15:12:06,172 - watchfiles.main - DEBUG - 1 change detected: {(<Change.modified: 2>, '/workspace/app/backend/logs/app_20260527_145141.log')}
2026-05-27 15:12:06,523 - watchfiles.main - DEBUG - 1 change detected: {(<Change.modified: 2>, '/workspace/app/backend/logs/app_20260527_145141.log')}
2026-05-27 15:12:06,874 - watchfiles.main - DEBUG - 1 change detected: {(<Change.modified: 2>, '/workspace/app/backend/logs/app_20260527_145141.log')}
2026-05-27 15:12:07,224 - watchfiles.main - DEBUG - 1 change detected: {(<Change.modified: 2>, '/workspace/app/backend/logs/app_20260527_145141.log')}
2026-05-27 15:12:07,575 - watchfiles.main - DEBUG - 1 change detected: {(<Change.modified: 2>, '/workspace/app/backend/logs/app_20260527_145141.log')}
2026-05-27 15:12:07,926 - watchfiles.main - DEBUG - 1 change detected: {(<Change.modified: 2>, '/workspace/app/backend/logs/app_20260527_145141.log')}
2026-05-27 15:12:08,277 - watchfiles.main - DEBUG - 1 change detected: {(<Change.modified: 2>, '/workspace/app/backend/logs/app_20260527_145141.log')}
2026-05-27 15:12:08,628 - watchfiles.main - DEBUG - 1 change detected: {(<Change.modified: 2>, '/workspace/app/backend/logs/app_20260527_145141.log')}
2026-05-27 15:12:08,979 - watchfiles.main - DEBUG - 1 change detected: {(<Change.modified: 2>, '/workspace/app/backend/logs/app_20260527_145141.log')}
2026-05-27 15:12:09,330 - watchfiles.main - DEBUG - 1 change detected: {(<Change.modified: 2>, '/workspace/app/backend/logs/app_20260527_145141.log')}
2026-05-27 15:12:09,681 - watchfiles.main - DEBUG - 1 change detected: {(<Change.modified: 2>, '/workspace/app/backend/logs/app_20260527_145141.log')}
2026-05-27 15:12:10,032 - watchfiles.main - DEBUG - 1 change detected: {(<Change.modified: 2>, '/workspace/app/backend/logs/app_20260527_145141.log')}
2026-05-27 15:12:10,383 - watchfiles.main - DEBUG - 2 changes detected: {(<Change.modified: 2>, '/workspace/app/backend/logs/app_20260527_145141.log'), (<Change.modified: 2>, '/workspace/app/backend/logs/app_20260527_145143.log')}
2026-05-27 15:12:10,734 - watchfiles.main - DEBUG - 2 changes detected: {(<Change.modified: 2>, '/workspace/app/backend/logs/app_20260527_145141.log'), (<Change.modified: 2>, '/workspace/app/backend/logs/app_20260527_145143.log')}
2026-05-27 15:12:11,085 - watchfiles.main - DEBUG - 1 change detected: {(<Change.modified: 2>, '/workspace/app/backend/logs/app_20260527_145141.log')}
2026-05-27 15:12:11,436 - watchfiles.main - DEBUG - 1 change detected: {(<Change.modified: 2>, '/workspace/app/backend/logs/app_20260527_145141.log')}
2026-05-27 15:12:11,787 - watchfiles.main - DEBUG - 1 change detected: {(<Change.modified: 2>, '/workspace/app/backend/logs/app_20260527_145141.log')}
2026-05-27 15:12:12,138 - watchfiles.main - DEBUG - 1 change detected: {(<Change.modified: 2>, '/workspace/app/backend/logs/app_20260527_145141.log')}
2026-05-27 15:12:12,489 - watchfiles.main - DEBUG - 1 change detected: {(<Change.modified: 2>, '/workspace/app/backend/logs/app_20260527_145141.log')}
2026-05-27 15:12:12,840 - watchfiles.main - DEBUG - 1 change detected: {(<Change.modified: 2>, '/workspace/app/backend/logs/app_20260527_145141.log')}
2026-05-27 15:12:13,191 - watchfiles.main - DEBUG - 1 change detected: {(<Change.modified: 2>, '/workspace/app/backend/logs/app_20260527_145141.log')}
2026-05-27 15:12:13,542 - watchfiles.main - DEBUG - 1 change detected: {(<Change.modified: 2>, '/workspace/app/backend/logs/app_20260527_145141.log')}
2026-05-27 15:12:13,893 - watchfiles.main - DEBUG - 1 change detected: {(<Change.modified: 2>, '/workspace/app/backend/logs/app_20260527_145141.log')}
2026-05-27 15:12:14,244 - watchfiles.main - DEBUG - 1 change detected: {(<Change.modified: 2>, '/workspace/app/backend/logs/app_20260527_145141.log')}
2026-05-27 15:12:14,595 - watchfiles.main - DEBUG - 1 change detected: {(<Change.modified: 2>, '/workspace/app/backend/logs/app_20260527_145141.log')}
2026-05-27 15:12:14,946 - watchfiles.main - DEBUG - 1 change detected: {(<Change.modified: 2>, '/workspace/app/backend/logs/app_20260527_145141.log')}
2026-05-27 15:12:15,297 - watchfiles.main - DEBUG - 1 change detected: {(<Change.modified: 2>, '/workspace/app/backend/logs/app_20260527_145141.log')}
2026-05-27 15:12:15,648 - watchfiles.main - DEBUG - 1 change detected: {(<Change.modified: 2>, '/workspace/app/backend/logs/app_20260527_145141.log')}
2026-05-27 15:12:15,998 - watchfiles.main - DEBUG - 1 change detected: {(<Change.modified: 2>, '/workspace/app/backend/logs/app_20260527_145141.log')}
2026-05-27 15:12:16,350 - watchfiles.main - DEBUG - 1 change detected: {(<Change.modified: 2>, '/workspace/app/backend/logs/app_20260527_145141.log')}
2026-05-27 15:12:16,701 - watchfiles.main - DEBUG - 1 change detected: {(<Change.modified: 2>, '/workspace/app/backend/logs/app_20260527_145141.log')}
2026-05-27 15:12:17,052 - watchfiles.main - DEBUG - 1 change detected: {(<Change.modified: 2>, '/workspace/app/backend/logs/app_20260527_145141.log')}
2026-05-27 15:12:17,403 - watchfiles.main - DEBUG - 1 change detected: {(<Change.modified: 2>, '/workspace/app/backend/logs/app_20260527_145141.log')}
2026-05-27 15:12:17,753 - watchfiles.main - DEBUG - 1 change detected: {(<Change.modified: 2>, '/workspace/app/backend/logs/app_20260527_145141.log')}
2026-05-27 15:12:18,105 - watchfiles.main - DEBUG - 1 change detected: {(<Change.modified: 2>, '/workspace/app/backend/logs/app_20260527_145141.log')}
2026-05-27 15:12:18,456 - watchfiles.main - DEBUG - 1 change detected: {(<Change.modified: 2>, '/workspace/app/backend/logs/app_20260527_145141.log')}
2026-05-27 15:12:18,806 - watchfiles.main - DEBUG - 1 change detected: {(<Change.modified: 2>, '/workspace/app/backend/logs/app_20260527_145141.log')}
2026-05-27 15:12:19,157 - watchfiles.main - DEBUG - 1 change detected: {(<Change.modified: 2>, '/workspace/app/backend/logs/app_20260527_145141.log')}
2026-05-27 15:12:19,508 - watchfiles.main - DEBUG - 1 change detected: {(<Change.modified: 2>, '/workspace/app/backend/logs/app_20260527_145141.log')}
2026-05-27 15:12:19,859 - watchfiles.main - DEBUG - 1 change detected: {(<Change.modified: 2>, '/workspace/app/backend/logs/app_20260527_145141.log')}
2026-05-27 15:12:20,210 - watchfiles.main - DEBUG - 1 change detected: {(<Change.modified: 2>, '/workspace/app/backend/logs/app_20260527_145141.log')}
2026-05-27 15:12:20,561 - watchfiles.main - DEBUG - 1 change detected: {(<Change.modified: 2>, '/workspace/app/backend/logs/app_20260527_145141.log')}
2026-05-27 15:12:20,912 - watchfiles.main - DEBUG - 1 change detected: {(<Change.modified: 2>, '/workspace/app/backend/logs/app_20260527_145141.log')}
2026-05-27 15:12:21,263 - watchfiles.main - DEBUG - 1 change detected: {(<Change.modified: 2>, '/workspace/app/backend/logs/app_20260527_145141.log')}
2026-05-27 15:12:21,614 - watchfiles.main - DEBUG - 1 change detected: {(<Change.modified: 2>, '/workspace/app/backend/logs/app_20260527_145141.log')}
2026-05-27 15:12:21,965 - watchfiles.main - DEBUG - 1 change detected: {(<Change.modified: 2>, '/workspace/app/backend/logs/app_20260527_145141.log')}
2026-05-27 15:12:22,316 - watchfiles.main - DEBUG - 1 change detected: {(<Change.modified: 2>, '/workspace/app/backend/logs/app_20260527_145141.log')}
2026-05-27 15:12:22,667 - watchfiles.main - DEBUG - 1 change detected: {(<Change.modified: 2>, '/workspace/app/backend/logs/app_20260527_145141.log')}
2026-05-27 15:12:23,018 - watchfiles.main - DEBUG - 1 change detected: {(<Change.modified: 2>, '/workspace/app/backend/logs/app_20260527_145141.log')}
2026-05-27 15:12:23,372 - watchfiles.main - DEBUG - 1 change detected: {(<Change.modified: 2>, '/workspace/app/backend/logs/app_20260527_145141.log')}
2026-05-27 15:12:23,724 - watchfiles.main - DEBUG - 1 change detected: {(<Change.modified: 2>, '/workspace/app/backend/logs/app_20260527_145141.log')}
2026-05-27 15:12:24,075 - watchfiles.main - DEBUG - 1 change detected: {(<Change.modified: 2>, '/workspace/app/backend/logs/app_20260527_145141.log')}
2026-05-27 15:12:24,425 - watchfiles.main - DEBUG - 1 change detected: {(<Change.modified: 2>, '/workspace/app/backend/logs/app_20260527_145141.log')}
2026-05-27 15:12:24,776 - watchfiles.main - DEBUG - 1 change detected: {(<Change.modified: 2>, '/workspace/app/backend/logs/app_20260527_145141.log')}
2026-05-27 15:12:25,127 - watchfiles.main - DEBUG - 1 change detected: {(<Change.modified: 2>, '/workspace/app/backend/logs/app_20260527_145141.log')}
2026-05-27 15:12:25,478 - watchfiles.main - DEBUG - 1 change detected: {(<Change.modified: 2>, '/workspace/app/backend/logs/app_20260527_145141.log')}
2026-05-27 15:12:25,829 - watchfiles.main - DEBUG - 1 change detected: {(<Change.modified: 2>, '/workspace/app/backend/logs/app_20260527_145141.log')}
2026-05-27 15:12:26,181 - watchfiles.main - DEBUG - 1 change detected: {(<Change.modified: 2>, '/workspace/app/backend/logs/app_20260527_145141.log')}
2026-05-27 15:12:26,531 - watchfiles.main - DEBUG - 1 change detected: {(<Change.modified: 2>, '/workspace/app/backend/logs/app_20260527_145141.log')}
2026-05-27 15:12:26,883 - watchfiles.main - DEBUG - 1 change detected: {(<Change.modified: 2>, '/workspace/app/backend/logs/app_20260527_145141.log')}
2026-05-27 15:12:27,233 - watchfiles.main - DEBUG - 1 change detected: {(<Change.modified: 2>, '/workspace/app/backend/logs/app_20260527_145141.log')}
2026-05-27 15:12:27,585 - watchfiles.main - DEBUG - 1 change detected: {(<Change.modified: 2>, '/workspace/app/backend/logs/app_20260527_145141.log')}
2026-05-27 15:12:27,936 - watchfiles.main - DEBUG - 1 change detected: {(<Change.modified: 2>, '/workspace/app/backend/logs/app_20260527_145141.log')}
2026-05-27 15:12:28,287 - watchfiles.main - DEBUG - 1 change detected: {(<Change.modified: 2>, '/workspace/app/backend/logs/app_20260527_145141.log')}
2026-05-27 15:12:28,638 - watchfiles.main - DEBUG - 1 change detected: {(<Change.modified: 2>, '/workspace/app/backend/logs/app_20260527_145141.log')}
2026-05-27 15:12:28,989 - watchfiles.main - DEBUG - 1 change detected: {(<Change.modified: 2>, '/workspace/app/backend/logs/app_20260527_145141.log')}
2026-05-27 15:12:29,340 - watchfiles.main - DEBUG - 1 change detected: {(<Change.modified: 2>, '/workspace/app/backend/logs/app_20260527_145141.log')}
2026-05-27 15:12:29,691 - watchfiles.main - DEBUG - 1 change detected: {(<Change.modified: 2>, '/workspace/app/backend/logs/app_20260527_145141.log')}
2026-05-27 15:12:30,042 - watchfiles.main - DEBUG - 1 change detected: {(<Change.modified: 2>, '/workspace/app/backend/logs/app_20260527_145141.log')}
2026-05-27 15:12:30,393 - watchfiles.main - DEBUG - 1 change detected: {(<Change.modified: 2>, '/workspace/app/backend/logs/app_20260527_145141.log')}
2026-05-27 15:12:30,744 - watchfiles.main - DEBUG - 1 change detected: {(<Change.modified: 2>, '/workspace/app/backend/logs/app_20260527_145141.log')}
2026-05-27 15:12:31,095 - watchfiles.main - DEBUG - 1 change detected: {(<Change.modified: 2>, '/workspace/app/backend/logs/app_20260527_145141.log')}
2026-05-27 15:12:31,446 - watchfiles.main - DEBUG - 1 change detected: {(<Change.modified: 2>, '/workspace/app/backend/logs/app_20260527_145141.log')}
2026-05-27 15:12:31,797 - watchfiles.main - DEBUG - 1 change detected: {(<Change.modified: 2>, '/workspace/app/backend/logs/app_20260527_145141.log')}
2026-05-27 15:12:32,147 - watchfiles.main - DEBUG - 1 change detected: {(<Change.modified: 2>, '/workspace/app/backend/logs/app_20260527_145141.log')}
2026-05-27 15:12:32,498 - watchfiles.main - DEBUG - 1 change detected: {(<Change.modified: 2>, '/workspace/app/backend/logs/app_20260527_145141.log')}
2026-05-27 15:12:32,850 - watchfiles.main - DEBUG - 1 change detected: {(<Change.modified: 2>, '/workspace/app/backend/logs/app_20260527_145141.log')}
2026-05-27 15:12:33,201 - watchfiles.main - DEBUG - 1 change detected: {(<Change.modified: 2>, '/workspace/app/backend/logs/app_20260527_145141.log')}
2026-05-27 15:12:33,552 - watchfiles.main - DEBUG - 1 change detected: {(<Change.modified: 2>, '/workspace/app/backend/logs/app_20260527_145141.log')}
2026-05-27 15:12:33,902 - watchfiles.main - DEBUG - 1 change detected: {(<Change.modified: 2>, '/workspace/app/backend/logs/app_20260527_145141.log')}
2026-05-27 15:12:34,253 - watchfiles.main - DEBUG - 1 change detected: {(<Change.modified: 2>, '/workspace/app/backend/logs/app_20260527_145141.log')}
2026-05-27 15:12:34,604 - watchfiles.main - DEBUG - 1 change detected: {(<Change.modified: 2>, '/workspace/app/backend/logs/app_20260527_145141.log')}
2026-05-27 15:12:34,955 - watchfiles.main - DEBUG - 1 change detected: {(<Change.modified: 2>, '/workspace/app/backend/logs/app_20260527_145141.log')}
2026-05-27 15:12:35,306 - watchfiles.main - DEBUG - 1 change detected: {(<Change.modified: 2>, '/workspace/app/backend/logs/app_20260527_145141.log')}
2026-05-27 15:12:35,662 - watchfiles.main - DEBUG - 1 change detected: {(<Change.modified: 2>, '/workspace/app/backend/logs/app_20260527_145141.log')}
2026-05-27 15:12:36,013 - watchfiles.main - DEBUG - 1 change detected: {(<Change.modified: 2>, '/workspace/app/backend/logs/app_20260527_145141.log')}
2026-05-27 15:12:36,364 - watchfiles.main - DEBUG - 1 change detected: {(<Change.modified: 2>, '/workspace/app/backend/logs/app_20260527_145141.log')}
2026-05-27 15:12:36,715 - watchfiles.main - DEBUG - 1 change detected: {(<Change.modified: 2>, '/workspace/app/backend/logs/app_20260527_145141.log')}
2026-05-27 15:12:37,066 - watchfiles.main - DEBUG - 1 change detected: {(<Change.modified: 2>, '/workspace/app/backend/logs/app_20260527_145141.log')}
2026-05-27 15:12:37,417 - watchfiles.main - DEBUG - 1 change detected: {(<Change.modified: 2>, '/workspace/app/backend/logs/app_20260527_145141.log')}
2026-05-27 15:12:37,768 - watchfiles.main - DEBUG - 1 change detected: {(<Change.modified: 2>, '/workspace/app/backend/logs/app_20260527_145141.log')}
2026-05-27 15:12:38,119 - watchfiles.main - DEBUG - 1 change detected: {(<Change.modified: 2>, '/workspace/app/backend/logs/app_20260527_145141.log')}
2026-05-27 15:12:38,470 - watchfiles.main - DEBUG - 1 change detected: {(<Change.modified: 2>, '/workspace/app/backend/logs/app_20260527_145141.log')}
2026-05-27 15:12:38,821 - watchfiles.main - DEBUG - 1 change detected: {(<Change.modified: 2>, '/workspace/app/backend/logs/app_20260527_145141.log')}
2026-05-27 15:12:39,172 - watchfiles.main - DEBUG - 1 change detected: {(<Change.modified: 2>, '/workspace/app/backend/logs/app_20260527_145141.log')}
2026-05-27 15:12:39,523 - watchfiles.main - DEBUG - 1 change detected: {(<Change.modified: 2>, '/workspace/app/backend/logs/app_20260527_145141.log')}
2026-05-27 15:12:39,874 - watchfiles.main - DEBUG - 1 change detected: {(<Change.modified: 2>, '/workspace/app/backend/logs/app_20260527_145141.log')}
2026-05-27 15:12:40,225 - watchfiles.main - DEBUG - 2 changes detected: {(<Change.modified: 2>, '/workspace/app/backend/logs/app_20260527_145141.log'), (<Change.modified: 2>, '/workspace/app/backend/logs/app_20260527_145143.log')}
2026-05-27 15:12:40,576 - watchfiles.main - DEBUG - 2 changes detected: {(<Change.modified: 2>, '/workspace/app/backend/logs/app_20260527_145141.log'), (<Change.modified: 2>, '/workspace/app/backend/logs/app_20260527_145143.log')}
2026-05-27 15:12:40,927 - watchfiles.main - DEBUG - 1 change detected: {(<Change.modified: 2>, '/workspace/app/backend/logs/app_20260527_145141.log')}
2026-05-27 15:12:41,278 - watchfiles.main - DEBUG - 1 change detected: {(<Change.modified: 2>, '/workspace/app/backend/logs/app_20260527_145141.log')}
2026-05-27 15:12:41,629 - watchfiles.main - DEBUG - 1 change detected: {(<Change.modified: 2>, '/workspace/app/backend/logs/app_20260527_145141.log')}
2026-05-27 15:12:41,980 - watchfiles.main - DEBUG - 1 change detected: {(<Change.modified: 2>, '/workspace/app/backend/logs/app_20260527_145141.log')}
2026-05-27 15:12:42,331 - watchfiles.main - DEBUG - 1 change detected: {(<Change.modified: 2>, '/workspace/app/backend/logs/app_20260527_145141.log')}
2026-05-27 15:12:42,682 - watchfiles.main - DEBUG - 1 change detected: {(<Change.modified: 2>, '/workspace/app/backend/logs/app_20260527_145141.log')}
2026-05-27 15:12:43,033 - watchfiles.main - DEBUG - 1 change detected: {(<Change.modified: 2>, '/workspace/app/backend/logs/app_20260527_145141.log')}
2026-05-27 15:12:43,384 - watchfiles.main - DEBUG - 1 change detected: {(<Change.modified: 2>, '/workspace/app/backend/logs/app_20260527_145141.log')}
2026-05-27 15:12:43,735 - watchfiles.main - DEBUG - 1 change detected: {(<Change.modified: 2>, '/workspace/app/backend/logs/app_20260527_145141.log')}
2026-05-27 15:12:44,086 - watchfiles.main - DEBUG - 1 change detected: {(<Change.modified: 2>, '/workspace/app/backend/logs/app_20260527_145141.log')}
2026-05-27 15:12:44,437 - watchfiles.main - DEBUG - 1 change detected: {(<Change.modified: 2>, '/workspace/app/backend/logs/app_20260527_145141.log')}
2026-05-27 15:12:44,788 - watchfiles.main - DEBUG - 1 change detected: {(<Change.modified: 2>, '/workspace/app/backend/logs/app_20260527_145141.log')}
2026-05-27 15:12:45,139 - watchfiles.main - DEBUG - 1 change detected: {(<Change.modified: 2>, '/workspace/app/backend/logs/app_20260527_145141.log')}
2026-05-27 15:12:45,490 - watchfiles.main - DEBUG - 1 change detected: {(<Change.modified: 2>, '/workspace/app/backend/logs/app_20260527_145141.log')}
2026-05-27 15:12:45,841 - watchfiles.main - DEBUG - 1 change detected: {(<Change.modified: 2>, '/workspace/app/backend/logs/app_20260527_145141.log')}
2026-05-27 15:12:46,192 - watchfiles.main - DEBUG - 1 change detected: {(<Change.modified: 2>, '/workspace/app/backend/logs/app_20260527_145141.log')}
2026-05-27 15:12:46,543 - watchfiles.main - DEBUG - 1 change detected: {(<Change.modified: 2>, '/workspace/app/backend/logs/app_20260527_145141.log')}
2026-05-27 15:12:46,894 - watchfiles.main - DEBUG - 1 change detected: {(<Change.modified: 2>, '/workspace/app/backend/logs/app_20260527_145141.log')}
2026-05-27 15:12:47,245 - watchfiles.main - DEBUG - 1 change detected: {(<Change.modified: 2>, '/workspace/app/backend/logs/app_20260527_145141.log')}
2026-05-27 15:12:47,596 - watchfiles.main - DEBUG - 1 change detected: {(<Change.modified: 2>, '/workspace/app/backend/logs/app_20260527_145141.log')}
2026-05-27 15:12:47,947 - watchfiles.main - DEBUG - 1 change detected: {(<Change.modified: 2>, '/workspace/app/backend/logs/app_20260527_145141.log')}
2026-05-27 15:12:48,299 - watchfiles.main - DEBUG - 1 change detected: {(<Change.modified: 2>, '/workspace/app/backend/logs/app_20260527_145141.log')}
2026-05-27 15:12:48,649 - watchfiles.main - DEBUG - 1 change detected: {(<Change.modified: 2>, '/workspace/app/backend/logs/app_20260527_145141.log')}
2026-05-27 15:12:49,000 - watchfiles.main - DEBUG - 1 change detected: {(<Change.modified: 2>, '/workspace/app/backend/logs/app_20260527_145141.log')}
2026-05-27 15:12:49,351 - watchfiles.main - DEBUG - 1 change detected: {(<Change.modified: 2>, '/workspace/app/backend/logs/app_20260527_145141.log')}
2026-05-27 15:12:49,702 - watchfiles.main - DEBUG - 1 change detected: {(<Change.modified: 2>, '/workspace/app/backend/logs/app_20260527_145141.log')}
2026-05-27 15:12:50,053 - watchfiles.main - DEBUG - 1 change detected: {(<Change.modified: 2>, '/workspace/app/backend/logs/app_20260527_145141.log')}
2026-05-27 15:12:50,404 - watchfiles.main - DEBUG - 1 change detected: {(<Change.modified: 2>, '/workspace/app/backend/logs/app_20260527_145141.log')}
2026-05-27 15:12:50,755 - watchfiles.main - DEBUG - 1 change detected: {(<Change.modified: 2>, '/workspace/app/backend/logs/app_20260527_145141.log')}
2026-05-27 15:12:51,106 - watchfiles.main - DEBUG - 1 change detected: {(<Change.modified: 2>, '/workspace/app/backend/logs/app_20260527_145141.log')}
2026-05-27 15:12:51,458 - watchfiles.main - DEBUG - 1 change detected: {(<Change.modified: 2>, '/workspace/app/backend/logs/app_20260527_145141.log')}
2026-05-27 15:12:51,809 - watchfiles.main - DEBUG - 1 change detected: {(<Change.modified: 2>, '/workspace/app/backend/logs/app_20260527_145141.log')}
2026-05-27 15:12:52,160 - watchfiles.main - DEBUG - 1 change detected: {(<Change.modified: 2>, '/workspace/app/backend/logs/app_20260527_145141.log')}
2026-05-27 15:12:52,511 - watchfiles.main - DEBUG - 1 change detected: {(<Change.modified: 2>, '/workspace/app/backend/logs/app_20260527_145141.log')}
2026-05-27 15:12:52,862 - watchfiles.main - DEBUG - 1 change detected: {(<Change.modified: 2>, '/workspace/app/backend/logs/app_20260527_145141.log')}
2026-05-27 15:12:53,213 - watchfiles.main - DEBUG - 1 change detected: {(<Change.modified: 2>, '/workspace/app/backend/logs/app_20260527_145141.log')}
2026-05-27 15:12:53,564 - watchfiles.main - DEBUG - 1 change detected: {(<Change.modified: 2>, '/workspace/app/backend/logs/app_20260527_145141.log')}
2026-05-27 15:12:53,915 - watchfiles.main - DEBUG - 1 change detected: {(<Change.modified: 2>, '/workspace/app/backend/logs/app_20260527_145141.log')}
2026-05-27 15:12:54,266 - watchfiles.main - DEBUG - 1 change detected: {(<Change.modified: 2>, '/workspace/app/backend/logs/app_20260527_145141.log')}
2026-05-27 15:12:54,617 - watchfiles.main - DEBUG - 1 change detected: {(<Change.modified: 2>, '/workspace/app/backend/logs/app_20260527_145141.log')}
2026-05-27 15:12:54,967 - watchfiles.main - DEBUG - 1 change detected: {(<Change.modified: 2>, '/workspace/app/backend/logs/app_20260527_145141.log')}
2026-05-27 15:12:55,318 - watchfiles.main - DEBUG - 1 change detected: {(<Change.modified: 2>, '/workspace/app/backend/logs/app_20260527_145141.log')}
2026-05-27 15:12:55,669 - watchfiles.main - DEBUG - 1 change detected: {(<Change.modified: 2>, '/workspace/app/backend/logs/app_20260527_145141.log')}
2026-05-27 15:12:56,020 - watchfiles.main - DEBUG - 1 change detected: {(<Change.modified: 2>, '/workspace/app/backend/logs/app_20260527_145141.log')}
2026-05-27 15:12:56,371 - watchfiles.main - DEBUG - 1 change detected: {(<Change.modified: 2>, '/workspace/app/backend/logs/app_20260527_145141.log')}
2026-05-27 15:12:56,722 - watchfiles.main - DEBUG - 1 change detected: {(<Change.modified: 2>, '/workspace/app/backend/logs/app_20260527_145141.log')}
2026-05-27 15:12:57,073 - watchfiles.main - DEBUG - 1 change detected: {(<Change.modified: 2>, '/workspace/app/backend/logs/app_20260527_145141.log')}
2026-05-27 15:12:57,424 - watchfiles.main - DEBUG - 1 change detected: {(<Change.modified: 2>, '/workspace/app/backend/logs/app_20260527_145141.log')}
2026-05-27 15:12:57,775 - watchfiles.main - DEBUG - 1 change detected: {(<Change.modified: 2>, '/workspace/app/backend/logs/app_20260527_145141.log')}
2026-05-27 15:12:58,126 - watchfiles.main - DEBUG - 1 change detected: {(<Change.modified: 2>, '/workspace/app/backend/logs/app_20260527_145141.log')}
2026-05-27 15:12:58,478 - watchfiles.main - DEBUG - 1 change detected: {(<Change.modified: 2>, '/workspace/app/backend/logs/app_20260527_145141.log')}
2026-05-27 15:12:58,829 - watchfiles.main - DEBUG - 1 change detected: {(<Change.modified: 2>, '/workspace/app/backend/logs/app_20260527_145141.log')}
2026-05-27 15:12:59,180 - watchfiles.main - DEBUG - 1 change detected: {(<Change.modified: 2>, '/workspace/app/backend/logs/app_20260527_145141.log')}
2026-05-27 15:12:59,531 - watchfiles.main - DEBUG - 1 change detected: {(<Change.modified: 2>, '/workspace/app/backend/logs/app_20260527_145141.log')}
2026-05-27 15:12:59,882 - watchfiles.main - DEBUG - 1 change detected: {(<Change.modified: 2>, '/workspace/app/backend/logs/app_20260527_145141.log')}
2026-05-27 15:13:00,232 - watchfiles.main - DEBUG - 1 change detected: {(<Change.modified: 2>, '/workspace/app/backend/logs/app_20260527_145141.log')}
2026-05-27 15:13:00,583 - watchfiles.main - DEBUG - 1 change detected: {(<Change.modified: 2>, '/workspace/app/backend/logs/app_20260527_145141.log')}
2026-05-27 15:13:00,934 - watchfiles.main - DEBUG - 1 change detected: {(<Change.modified: 2>, '/workspace/app/backend/logs/app_20260527_145141.log')}
2026-05-27 15:13:01,285 - watchfiles.main - DEBUG - 1 change detected: {(<Change.modified: 2>, '/workspace/app/backend/logs/app_20260527_145141.log')}
2026-05-27 15:13:01,637 - watchfiles.main - DEBUG - 1 change detected: {(<Change.modified: 2>, '/workspace/app/backend/logs/app_20260527_145141.log')}
2026-05-27 15:13:01,987 - watchfiles.main - DEBUG - 1 change detected: {(<Change.modified: 2>, '/workspace/app/backend/logs/app_20260527_145141.log')}
2026-05-27 15:13:02,339 - watchfiles.main - DEBUG - 1 change detected: {(<Change.modified: 2>, '/workspace/app/backend/logs/app_20260527_145141.log')}
2026-05-27 15:13:02,690 - watchfiles.main - DEBUG - 1 change detected: {(<Change.modified: 2>, '/workspace/app/backend/logs/app_20260527_145141.log')}
2026-05-27 15:13:03,041 - watchfiles.main - DEBUG - 1 change detected: {(<Change.modified: 2>, '/workspace/app/backend/logs/app_20260527_145141.log')}
2026-05-27 15:13:03,392 - watchfiles.main - DEBUG - 1 change detected: {(<Change.modified: 2>, '/workspace/app/backend/logs/app_20260527_145141.log')}
2026-05-27 15:13:03,743 - watchfiles.main - DEBUG - 1 change detected: {(<Change.modified: 2>, '/workspace/app/backend/logs/app_20260527_145141.log')}
2026-05-27 15:13:04,094 - watchfiles.main - DEBUG - 1 change detected: {(<Change.modified: 2>, '/workspace/app/backend/logs/app_20260527_145141.log')}
2026-05-27 15:13:04,445 - watchfiles.main - DEBUG - 1 change detected: {(<Change.modified: 2>, '/workspace/app/backend/logs/app_20260527_145141.log')}
2026-05-27 15:13:04,796 - watchfiles.main - DEBUG - 1 change detected: {(<Change.modified: 2>, '/workspace/app/backend/logs/app_20260527_145141.log')}
2026-05-27 15:13:05,147 - watchfiles.main - DEBUG - 1 change detected: {(<Change.modified: 2>, '/workspace/app/backend/logs/app_20260527_145141.log')}
2026-05-27 15:13:05,498 - watchfiles.main - DEBUG - 1 change detected: {(<Change.modified: 2>, '/workspace/app/backend/logs/app_20260527_145141.log')}
2026-05-27 15:13:05,849 - watchfiles.main - DEBUG - 1 change detected: {(<Change.modified: 2>, '/workspace/app/backend/logs/app_20260527_145141.log')}
2026-05-27 15:13:06,200 - watchfiles.main - DEBUG - 1 change detected: {(<Change.modified: 2>, '/workspace/app/backend/logs/app_20260527_145141.log')}
2026-05-27 15:13:06,551 - watchfiles.main - DEBUG - 1 change detected: {(<Change.modified: 2>, '/workspace/app/backend/logs/app_20260527_145141.log')}
2026-05-27 15:13:06,902 - watchfiles.main - DEBUG - 1 change detected: {(<Change.modified: 2>, '/workspace/app/backend/logs/app_20260527_145141.log')}
2026-05-27 15:13:07,253 - watchfiles.main - DEBUG - 1 change detected: {(<Change.modified: 2>, '/workspace/app/backend/logs/app_20260527_145141.log')}
2026-05-27 15:13:07,604 - watchfiles.main - DEBUG - 1 change detected: {(<Change.modified: 2>, '/workspace/app/backend/logs/app_20260527_145141.log')}
2026-05-27 15:13:07,955 - watchfiles.main - DEBUG - 1 change detected: {(<Change.modified: 2>, '/workspace/app/backend/logs/app_20260527_145141.log')}
2026-05-27 15:13:08,306 - watchfiles.main - DEBUG - 1 change detected: {(<Change.modified: 2>, '/workspace/app/backend/logs/app_20260527_145141.log')}
2026-05-27 15:13:08,657 - watchfiles.main - DEBUG - 1 change detected: {(<Change.modified: 2>, '/workspace/app/backend/logs/app_20260527_145141.log')}
2026-05-27 15:13:09,008 - watchfiles.main - DEBUG - 1 change detected: {(<Change.modified: 2>, '/workspace/app/backend/logs/app_20260527_145141.log')}
2026-05-27 15:13:09,359 - watchfiles.main - DEBUG - 1 change detected: {(<Change.modified: 2>, '/workspace/app/backend/logs/app_20260527_145141.log')}
2026-05-27 15:13:09,710 - watchfiles.main - DEBUG - 1 change detected: {(<Change.modified: 2>, '/workspace/app/backend/logs/app_20260527_145141.log')}
2026-05-27 15:13:10,061 - watchfiles.main - DEBUG - 1 change detected: {(<Change.modified: 2>, '/workspace/app/backend/logs/app_20260527_145141.log')}
2026-05-27 15:13:10,412 - watchfiles.main - DEBUG - 2 changes detected: {(<Change.modified: 2>, '/workspace/app/backend/logs/app_20260527_145141.log'), (<Change.modified: 2>, '/workspace/app/backend/logs/app_20260527_145143.log')}
2026-05-27 15:13:10,763 - watchfiles.main - DEBUG - 2 changes detected: {(<Change.modified: 2>, '/workspace/app/backend/logs/app_20260527_145141.log'), (<Change.modified: 2>, '/workspace/app/backend/logs/app_20260527_145143.log')}
2026-05-27 15:13:11,114 - watchfiles.main - DEBUG - 1 change detected: {(<Change.modified: 2>, '/workspace/app/backend/logs/app_20260527_145141.log')}
2026-05-27 15:13:11,465 - watchfiles.main - DEBUG - 1 change detected: {(<Change.modified: 2>, '/workspace/app/backend/logs/app_20260527_145141.log')}
2026-05-27 15:13:11,816 - watchfiles.main - DEBUG - 1 change detected: {(<Change.modified: 2>, '/workspace/app/backend/logs/app_20260527_145141.log')}
2026-05-27 15:13:12,167 - watchfiles.main - DEBUG - 1 change detected: {(<Change.modified: 2>, '/workspace/app/backend/logs/app_20260527_145141.log')}
2026-05-27 15:13:12,518 - watchfiles.main - DEBUG - 1 change detected: {(<Change.modified: 2>, '/workspace/app/backend/logs/app_20260527_145141.log')}
2026-05-27 15:13:12,869 - watchfiles.main - DEBUG - 1 change detected: {(<Change.modified: 2>, '/workspace/app/backend/logs/app_20260527_145141.log')}
2026-05-27 15:13:13,220 - watchfiles.main - DEBUG - 1 change detected: {(<Change.modified: 2>, '/workspace/app/backend/logs/app_20260527_145141.log')}
2026-05-27 15:13:13,572 - watchfiles.main - DEBUG - 1 change detected: {(<Change.modified: 2>, '/workspace/app/backend/logs/app_20260527_145141.log')}
2026-05-27 15:13:13,923 - watchfiles.main - DEBUG - 1 change detected: {(<Change.modified: 2>, '/workspace/app/backend/logs/app_20260527_145141.log')}
2026-05-27 15:13:14,274 - watchfiles.main - DEBUG - 1 change detected: {(<Change.modified: 2>, '/workspace/app/backend/logs/app_20260527_145141.log')}
2026-05-27 15:13:14,625 - watchfiles.main - DEBUG - 1 change detected: {(<Change.modified: 2>, '/workspace/app/backend/logs/app_20260527_145141.log')}
2026-05-27 15:13:14,976 - watchfiles.main - DEBUG - 1 change detected: {(<Change.modified: 2>, '/workspace/app/backend/logs/app_20260527_145141.log')}
2026-05-27 15:13:15,327 - watchfiles.main - DEBUG - 1 change detected: {(<Change.modified: 2>, '/workspace/app/backend/logs/app_20260527_145141.log')}
2026-05-27 15:13:15,677 - watchfiles.main - DEBUG - 1 change detected: {(<Change.modified: 2>, '/workspace/app/backend/logs/app_20260527_145141.log')}
2026-05-27 15:13:16,028 - watchfiles.main - DEBUG - 1 change detected: {(<Change.modified: 2>, '/workspace/app/backend/logs/app_20260527_145141.log')}
2026-05-27 15:13:16,379 - watchfiles.main - DEBUG - 1 change detected: {(<Change.modified: 2>, '/workspace/app/backend/logs/app_20260527_145141.log')}
2026-05-27 15:13:16,730 - watchfiles.main - DEBUG - 1 change detected: {(<Change.modified: 2>, '/workspace/app/backend/logs/app_20260527_145141.log')}
2026-05-27 15:13:17,081 - watchfiles.main - DEBUG - 1 change detected: {(<Change.modified: 2>, '/workspace/app/backend/logs/app_20260527_145141.log')}
2026-05-27 15:13:17,432 - watchfiles.main - DEBUG - 1 change detected: {(<Change.modified: 2>, '/workspace/app/backend/logs/app_20260527_145141.log')}
2026-05-27 15:13:17,783 - watchfiles.main - DEBUG - 1 change detected: {(<Change.modified: 2>, '/workspace/app/backend/logs/app_20260527_145141.log')}
2026-05-27 15:13:18,134 - watchfiles.main - DEBUG - 1 change detected: {(<Change.modified: 2>, '/workspace/app/backend/logs/app_20260527_145141.log')}
2026-05-27 15:13:18,485 - watchfiles.main - DEBUG - 1 change detected: {(<Change.modified: 2>, '/workspace/app/backend/logs/app_20260527_145141.log')}
2026-05-27 15:13:18,836 - watchfiles.main - DEBUG - 1 change detected: {(<Change.modified: 2>, '/workspace/app/backend/logs/app_20260527_145141.log')}
2026-05-27 15:13:19,187 - watchfiles.main - DEBUG - 1 change detected: {(<Change.modified: 2>, '/workspace/app/backend/logs/app_20260527_145141.log')}
2026-05-27 15:13:19,538 - watchfiles.main - DEBUG - 1 change detected: {(<Change.modified: 2>, '/workspace/app/backend/logs/app_20260527_145141.log')}
2026-05-27 15:13:19,889 - watchfiles.main - DEBUG - 1 change detected: {(<Change.modified: 2>, '/workspace/app/backend/logs/app_20260527_145141.log')}
2026-05-27 15:13:20,240 - watchfiles.main - DEBUG - 1 change detected: {(<Change.modified: 2>, '/workspace/app/backend/logs/app_20260527_145141.log')}
2026-05-27 15:13:20,591 - watchfiles.main - DEBUG - 1 change detected: {(<Change.modified: 2>, '/workspace/app/backend/logs/app_20260527_145141.log')}
2026-05-27 15:13:20,942 - watchfiles.main - DEBUG - 1 change detected: {(<Change.modified: 2>, '/workspace/app/backend/logs/app_20260527_145141.log')}
2026-05-27 15:13:21,293 - watchfiles.main - DEBUG - 1 change detected: {(<Change.modified: 2>, '/workspace/app/backend/logs/app_20260527_145141.log')}
2026-05-27 15:13:21,644 - watchfiles.main - DEBUG - 1 change detected: {(<Change.modified: 2>, '/workspace/app/backend/logs/app_20260527_145141.log')}
2026-05-27 15:13:21,995 - watchfiles.main - DEBUG - 1 change detected: {(<Change.modified: 2>, '/workspace/app/backend/logs/app_20260527_145141.log')}
2026-05-27 15:13:22,346 - watchfiles.main - DEBUG - 1 change detected: {(<Change.modified: 2>, '/workspace/app/backend/logs/app_20260527_145141.log')}
2026-05-27 15:13:22,697 - watchfiles.main - DEBUG - 1 change detected: {(<Change.modified: 2>, '/workspace/app/backend/logs/app_20260527_145141.log')}
2026-05-27 15:13:23,048 - watchfiles.main - DEBUG - 1 change detected: {(<Change.modified: 2>, '/workspace/app/backend/logs/app_20260527_145141.log')}
2026-05-27 15:13:23,399 - watchfiles.main - DEBUG - 1 change detected: {(<Change.modified: 2>, '/workspace/app/backend/logs/app_20260527_145141.log')}
2026-05-27 15:13:23,750 - watchfiles.main - DEBUG - 1 change detected: {(<Change.modified: 2>, '/workspace/app/backend/logs/app_20260527_145141.log')}
2026-05-27 15:13:24,101 - watchfiles.main - DEBUG - 1 change detected: {(<Change.modified: 2>, '/workspace/app/backend/logs/app_20260527_145141.log')}
2026-05-27 15:13:24,451 - watchfiles.main - DEBUG - 1 change detected: {(<Change.modified: 2>, '/workspace/app/backend/logs/app_20260527_145141.log')}
2026-05-27 15:13:24,802 - watchfiles.main - DEBUG - 1 change detected: {(<Change.modified: 2>, '/workspace/app/backend/logs/app_20260527_145141.log')}
2026-05-27 15:13:25,153 - watchfiles.main - DEBUG - 1 change detected: {(<Change.modified: 2>, '/workspace/app/backend/logs/app_20260527_145141.log')}
2026-05-27 15:13:25,504 - watchfiles.main - DEBUG - 1 change detected: {(<Change.modified: 2>, '/workspace/app/backend/logs/app_20260527_145141.log')}
2026-05-27 15:13:25,855 - watchfiles.main - DEBUG - 1 change detected: {(<Change.modified: 2>, '/workspace/app/backend/logs/app_20260527_145141.log')}
2026-05-27 15:13:26,206 - watchfiles.main - DEBUG - 1 change detected: {(<Change.modified: 2>, '/workspace/app/backend/logs/app_20260527_145141.log')}
2026-05-27 15:13:26,557 - watchfiles.main - DEBUG - 1 change detected: {(<Change.modified: 2>, '/workspace/app/backend/logs/app_20260527_145141.log')}
2026-05-27 15:13:26,908 - watchfiles.main - DEBUG - 1 change detected: {(<Change.modified: 2>, '/workspace/app/backend/logs/app_20260527_145141.log')}
2026-05-27 15:13:27,259 - watchfiles.main - DEBUG - 1 change detected: {(<Change.modified: 2>, '/workspace/app/backend/logs/app_20260527_145141.log')}
2026-05-27 15:13:27,610 - watchfiles.main - DEBUG - 1 change detected: {(<Change.modified: 2>, '/workspace/app/backend/logs/app_20260527_145141.log')}
2026-05-27 15:13:27,961 - watchfiles.main - DEBUG - 1 change detected: {(<Change.modified: 2>, '/workspace/app/backend/logs/app_20260527_145141.log')}
2026-05-27 15:13:28,312 - watchfiles.main - DEBUG - 1 change detected: {(<Change.modified: 2>, '/workspace/app/backend/logs/app_20260527_145141.log')}
2026-05-27 15:13:28,663 - watchfiles.main - DEBUG - 1 change detected: {(<Change.modified: 2>, '/workspace/app/backend/logs/app_20260527_145141.log')}
2026-05-27 15:13:29,014 - watchfiles.main - DEBUG - 1 change detected: {(<Change.modified: 2>, '/workspace/app/backend/logs/app_20260527_145141.log')}
2026-05-27 15:13:29,365 - watchfiles.main - DEBUG - 1 change detected: {(<Change.modified: 2>, '/workspace/app/backend/logs/app_20260527_145141.log')}
2026-05-27 15:13:29,716 - watchfiles.main - DEBUG - 1 change detected: {(<Change.modified: 2>, '/workspace/app/backend/logs/app_20260527_145141.log')}
2026-05-27 15:13:30,067 - watchfiles.main - DEBUG - 1 change detected: {(<Change.modified: 2>, '/workspace/app/backend/logs/app_20260527_145141.log')}
2026-05-27 15:13:30,418 - watchfiles.main - DEBUG - 1 change detected: {(<Change.modified: 2>, '/workspace/app/backend/logs/app_20260527_145141.log')}
2026-05-27 15:13:30,770 - watchfiles.main - DEBUG - 1 change detected: {(<Change.modified: 2>, '/workspace/app/backend/logs/app_20260527_145141.log')}
2026-05-27 15:13:31,120 - watchfiles.main - DEBUG - 1 change detected: {(<Change.modified: 2>, '/workspace/app/backend/logs/app_20260527_145141.log')}
2026-05-27 15:13:31,471 - watchfiles.main - DEBUG - 1 change detected: {(<Change.modified: 2>, '/workspace/app/backend/logs/app_20260527_145141.log')}
2026-05-27 15:13:31,822 - watchfiles.main - DEBUG - 1 change detected: {(<Change.modified: 2>, '/workspace/app/backend/logs/app_20260527_145141.log')}
2026-05-27 15:13:32,173 - watchfiles.main - DEBUG - 1 change detected: {(<Change.modified: 2>, '/workspace/app/backend/logs/app_20260527_145141.log')}
2026-05-27 15:13:32,524 - watchfiles.main - DEBUG - 1 change detected: {(<Change.modified: 2>, '/workspace/app/backend/logs/app_20260527_145141.log')}
2026-05-27 15:13:32,875 - watchfiles.main - DEBUG - 1 change detected: {(<Change.modified: 2>, '/workspace/app/backend/logs/app_20260527_145141.log')}
2026-05-27 15:13:33,226 - watchfiles.main - DEBUG - 1 change detected: {(<Change.modified: 2>, '/workspace/app/backend/logs/app_20260527_145141.log')}
2026-05-27 15:13:33,577 - watchfiles.main - DEBUG - 1 change detected: {(<Change.modified: 2>, '/workspace/app/backend/logs/app_20260527_145141.log')}
2026-05-27 15:13:33,928 - watchfiles.main - DEBUG - 1 change detected: {(<Change.modified: 2>, '/workspace/app/backend/logs/app_20260527_145141.log')}
2026-05-27 15:13:34,279 - watchfiles.main - DEBUG - 1 change detected: {(<Change.modified: 2>, '/workspace/app/backend/logs/app_20260527_145141.log')}
2026-05-27 15:13:34,630 - watchfiles.main - DEBUG - 1 change detected: {(<Change.modified: 2>, '/workspace/app/backend/logs/app_20260527_145141.log')}
2026-05-27 15:13:34,981 - watchfiles.main - DEBUG - 1 change detected: {(<Change.modified: 2>, '/workspace/app/backend/logs/app_20260527_145141.log')}
2026-05-27 15:13:35,332 - watchfiles.main - DEBUG - 1 change detected: {(<Change.modified: 2>, '/workspace/app/backend/logs/app_20260527_145141.log')}
2026-05-27 15:13:35,683 - watchfiles.main - DEBUG - 1 change detected: {(<Change.modified: 2>, '/workspace/app/backend/logs/app_20260527_145141.log')}
2026-05-27 15:13:36,034 - watchfiles.main - DEBUG - 1 change detected: {(<Change.modified: 2>, '/workspace/app/backend/logs/app_20260527_145141.log')}
2026-05-27 15:13:36,385 - watchfiles.main - DEBUG - 1 change detected: {(<Change.modified: 2>, '/workspace/app/backend/logs/app_20260527_145141.log')}
2026-05-27 15:13:36,736 - watchfiles.main - DEBUG - 1 change detected: {(<Change.modified: 2>, '/workspace/app/backend/logs/app_20260527_145141.log')}
2026-05-27 15:13:37,087 - watchfiles.main - DEBUG - 1 change detected: {(<Change.modified: 2>, '/workspace/app/backend/logs/app_20260527_145141.log')}
2026-05-27 15:13:37,438 - watchfiles.main - DEBUG - 1 change detected: {(<Change.modified: 2>, '/workspace/app/backend/logs/app_20260527_145141.log')}
2026-05-27 15:13:37,789 - watchfiles.main - DEBUG - 1 change detected: {(<Change.modified: 2>, '/workspace/app/backend/logs/app_20260527_145141.log')}
2026-05-27 15:13:38,140 - watchfiles.main - DEBUG - 1 change detected: {(<Change.modified: 2>, '/workspace/app/backend/logs/app_20260527_145141.log')}
2026-05-27 15:13:38,491 - watchfiles.main - DEBUG - 1 change detected: {(<Change.modified: 2>, '/workspace/app/backend/logs/app_20260527_145141.log')}
2026-05-27 15:13:38,843 - watchfiles.main - DEBUG - 1 change detected: {(<Change.modified: 2>, '/workspace/app/backend/logs/app_20260527_145141.log')}
2026-05-27 15:13:39,193 - watchfiles.main - DEBUG - 1 change detected: {(<Change.modified: 2>, '/workspace/app/backend/logs/app_20260527_145141.log')}
2026-05-27 15:13:39,544 - watchfiles.main - DEBUG - 1 change detected: {(<Change.modified: 2>, '/workspace/app/backend/logs/app_20260527_145141.log')}
2026-05-27 15:13:39,895 - watchfiles.main - DEBUG - 1 change detected: {(<Change.modified: 2>, '/workspace/app/backend/logs/app_20260527_145141.log')}
2026-05-27 15:13:40,246 - watchfiles.main - DEBUG - 2 changes detected: {(<Change.modified: 2>, '/workspace/app/backend/logs/app_20260527_145141.log'), (<Change.modified: 2>, '/workspace/app/backend/logs/app_20260527_145143.log')}
2026-05-27 15:13:40,647 - watchfiles.main - DEBUG - 2 changes detected: {(<Change.modified: 2>, '/workspace/app/backend/logs/app_20260527_145141.log'), (<Change.modified: 2>, '/workspace/app/backend/logs/app_20260527_145143.log')}
2026-05-27 15:13:40,998 - watchfiles.main - DEBUG - 1 change detected: {(<Change.modified: 2>, '/workspace/app/backend/logs/app_20260527_145141.log')}
2026-05-27 15:13:41,349 - watchfiles.main - DEBUG - 1 change detected: {(<Change.modified: 2>, '/workspace/app/backend/logs/app_20260527_145141.log')}
2026-05-27 15:13:41,700 - watchfiles.main - DEBUG - 1 change detected: {(<Change.modified: 2>, '/workspace/app/backend/logs/app_20260527_145141.log')}
2026-05-27 15:13:42,052 - watchfiles.main - DEBUG - 1 change detected: {(<Change.modified: 2>, '/workspace/app/backend/logs/app_20260527_145141.log')}
2026-05-27 15:13:42,403 - watchfiles.main - DEBUG - 1 change detected: {(<Change.modified: 2>, '/workspace/app/backend/logs/app_20260527_145141.log')}
2026-05-27 15:13:42,754 - watchfiles.main - DEBUG - 1 change detected: {(<Change.modified: 2>, '/workspace/app/backend/logs/app_20260527_145141.log')}
2026-05-27 15:13:43,105 - watchfiles.main - DEBUG - 1 change detected: {(<Change.modified: 2>, '/workspace/app/backend/logs/app_20260527_145141.log')}
2026-05-27 15:13:43,455 - watchfiles.main - DEBUG - 1 change detected: {(<Change.modified: 2>, '/workspace/app/backend/logs/app_20260527_145141.log')}
2026-05-27 15:13:43,806 - watchfiles.main - DEBUG - 1 change detected: {(<Change.modified: 2>, '/workspace/app/backend/logs/app_20260527_145141.log')}
2026-05-27 15:13:44,157 - watchfiles.main - DEBUG - 1 change detected: {(<Change.modified: 2>, '/workspace/app/backend/logs/app_20260527_145141.log')}
2026-05-27 15:13:44,508 - watchfiles.main - DEBUG - 1 change detected: {(<Change.modified: 2>, '/workspace/app/backend/logs/app_20260527_145141.log')}
2026-05-27 15:13:44,859 - watchfiles.main - DEBUG - 1 change detected: {(<Change.modified: 2>, '/workspace/app/backend/logs/app_20260527_145141.log')}
2026-05-27 15:13:45,210 - watchfiles.main - DEBUG - 1 change detected: {(<Change.modified: 2>, '/workspace/app/backend/logs/app_20260527_145141.log')}
2026-05-27 15:13:45,562 - watchfiles.main - DEBUG - 1 change detected: {(<Change.modified: 2>, '/workspace/app/backend/logs/app_20260527_145141.log')}
2026-05-27 15:13:45,913 - watchfiles.main - DEBUG - 1 change detected: {(<Change.modified: 2>, '/workspace/app/backend/logs/app_20260527_145141.log')}
2026-05-27 15:13:46,264 - watchfiles.main - DEBUG - 1 change detected: {(<Change.modified: 2>, '/workspace/app/backend/logs/app_20260527_145141.log')}
2026-05-27 15:13:46,615 - watchfiles.main - DEBUG - 1 change detected: {(<Change.modified: 2>, '/workspace/app/backend/logs/app_20260527_145141.log')}
2026-05-27 15:13:46,966 - watchfiles.main - DEBUG - 1 change detected: {(<Change.modified: 2>, '/workspace/app/backend/logs/app_20260527_145141.log')}
2026-05-27 15:13:47,317 - watchfiles.main - DEBUG - 1 change detected: {(<Change.modified: 2>, '/workspace/app/backend/logs/app_20260527_145141.log')}
2026-05-27 15:13:47,668 - watchfiles.main - DEBUG - 1 change detected: {(<Change.modified: 2>, '/workspace/app/backend/logs/app_20260527_145141.log')}
2026-05-27 15:13:48,019 - watchfiles.main - DEBUG - 1 change detected: {(<Change.modified: 2>, '/workspace/app/backend/logs/app_20260527_145141.log')}
2026-05-27 15:13:48,370 - watchfiles.main - DEBUG - 1 change detected: {(<Change.modified: 2>, '/workspace/app/backend/logs/app_20260527_145141.log')}
2026-05-27 15:13:48,721 - watchfiles.main - DEBUG - 1 change detected: {(<Change.modified: 2>, '/workspace/app/backend/logs/app_20260527_145141.log')}
2026-05-27 15:13:49,072 - watchfiles.main - DEBUG - 1 change detected: {(<Change.modified: 2>, '/workspace/app/backend/logs/app_20260527_145141.log')}
2026-05-27 15:13:49,424 - watchfiles.main - DEBUG - 1 change detected: {(<Change.modified: 2>, '/workspace/app/backend/logs/app_20260527_145141.log')}
2026-05-27 15:13:49,775 - watchfiles.main - DEBUG - 1 change detected: {(<Change.modified: 2>, '/workspace/app/backend/logs/app_20260527_145141.log')}
2026-05-27 15:13:50,126 - watchfiles.main - DEBUG - 1 change detected: {(<Change.modified: 2>, '/workspace/app/backend/logs/app_20260527_145141.log')}
2026-05-27 15:13:50,477 - watchfiles.main - DEBUG - 1 change detected: {(<Change.modified: 2>, '/workspace/app/backend/logs/app_20260527_145141.log')}
2026-05-27 15:13:50,828 - watchfiles.main - DEBUG - 1 change detected: {(<Change.modified: 2>, '/workspace/app/backend/logs/app_20260527_145141.log')}
2026-05-27 15:13:51,178 - watchfiles.main - DEBUG - 1 change detected: {(<Change.modified: 2>, '/workspace/app/backend/logs/app_20260527_145141.log')}
2026-05-27 15:13:51,529 - watchfiles.main - DEBUG - 1 change detected: {(<Change.modified: 2>, '/workspace/app/backend/logs/app_20260527_145141.log')}
2026-05-27 15:13:51,880 - watchfiles.main - DEBUG - 1 change detected: {(<Change.modified: 2>, '/workspace/app/backend/logs/app_20260527_145141.log')}
2026-05-27 15:13:52,231 - watchfiles.main - DEBUG - 1 change detected: {(<Change.modified: 2>, '/workspace/app/backend/logs/app_20260527_145141.log')}
2026-05-27 15:13:52,582 - watchfiles.main - DEBUG - 1 change detected: {(<Change.modified: 2>, '/workspace/app/backend/logs/app_20260527_145141.log')}
2026-05-27 15:13:52,933 - watchfiles.main - DEBUG - 1 change detected: {(<Change.modified: 2>, '/workspace/app/backend/logs/app_20260527_145141.log')}
2026-05-27 15:13:53,284 - watchfiles.main - DEBUG - 1 change detected: {(<Change.modified: 2>, '/workspace/app/backend/logs/app_20260527_145141.log')}
2026-05-27 15:13:53,635 - watchfiles.main - DEBUG - 1 change detected: {(<Change.modified: 2>, '/workspace/app/backend/logs/app_20260527_145141.log')}
2026-05-27 15:13:53,987 - watchfiles.main - DEBUG - 1 change detected: {(<Change.modified: 2>, '/workspace/app/backend/logs/app_20260527_145141.log')}
2026-05-27 15:13:54,338 - watchfiles.main - DEBUG - 1 change detected: {(<Change.modified: 2>, '/workspace/app/backend/logs/app_20260527_145141.log')}
2026-05-27 15:13:54,689 - watchfiles.main - DEBUG - 1 change detected: {(<Change.modified: 2>, '/workspace/app/backend/logs/app_20260527_145141.log')}
2026-05-27 15:13:55,040 - watchfiles.main - DEBUG - 1 change detected: {(<Change.modified: 2>, '/workspace/app/backend/logs/app_20260527_145141.log')}
2026-05-27 15:13:55,391 - watchfiles.main - DEBUG - 1 change detected: {(<Change.modified: 2>, '/workspace/app/backend/logs/app_20260527_145141.log')}
2026-05-27 15:13:55,742 - watchfiles.main - DEBUG - 1 change detected: {(<Change.modified: 2>, '/workspace/app/backend/logs/app_20260527_145141.log')}
2026-05-27 15:13:56,093 - watchfiles.main - DEBUG - 1 change detected: {(<Change.modified: 2>, '/workspace/app/backend/logs/app_20260527_145141.log')}
2026-05-27 15:13:56,444 - watchfiles.main - DEBUG - 1 change detected: {(<Change.modified: 2>, '/workspace/app/backend/logs/app_20260527_145141.log')}
2026-05-27 15:13:56,795 - watchfiles.main - DEBUG - 1 change detected: {(<Change.modified: 2>, '/workspace/app/backend/logs/app_20260527_145141.log')}
2026-05-27 15:13:57,146 - watchfiles.main - DEBUG - 1 change detected: {(<Change.modified: 2>, '/workspace/app/backend/logs/app_20260527_145141.log')}
2026-05-27 15:13:57,497 - watchfiles.main - DEBUG - 1 change detected: {(<Change.modified: 2>, '/workspace/app/backend/logs/app_20260527_145141.log')}
2026-05-27 15:13:57,848 - watchfiles.main - DEBUG - 1 change detected: {(<Change.modified: 2>, '/workspace/app/backend/logs/app_20260527_145141.log')}
2026-05-27 15:13:58,199 - watchfiles.main - DEBUG - 1 change detected: {(<Change.modified: 2>, '/workspace/app/backend/logs/app_20260527_145141.log')}
2026-05-27 15:13:58,550 - watchfiles.main - DEBUG - 1 change detected: {(<Change.modified: 2>, '/workspace/app/backend/logs/app_20260527_145141.log')}
2026-05-27 15:13:58,901 - watchfiles.main - DEBUG - 1 change detected: {(<Change.modified: 2>, '/workspace/app/backend/logs/app_20260527_145141.log')}
2026-05-27 15:13:59,252 - watchfiles.main - DEBUG - 1 change detected: {(<Change.modified: 2>, '/workspace/app/backend/logs/app_20260527_145141.log')}
2026-05-27 15:13:59,604 - watchfiles.main - DEBUG - 1 change detected: {(<Change.modified: 2>, '/workspace/app/backend/logs/app_20260527_145141.log')}
2026-05-27 15:13:59,955 - watchfiles.main - DEBUG - 1 change detected: {(<Change.modified: 2>, '/workspace/app/backend/logs/app_20260527_145141.log')}
2026-05-27 15:14:00,306 - watchfiles.main - DEBUG - 1 change detected: {(<Change.modified: 2>, '/workspace/app/backend/logs/app_20260527_145141.log')}
2026-05-27 15:14:00,657 - watchfiles.main - DEBUG - 1 change detected: {(<Change.modified: 2>, '/workspace/app/backend/logs/app_20260527_145141.log')}
2026-05-27 15:14:01,008 - watchfiles.main - DEBUG - 1 change detected: {(<Change.modified: 2>, '/workspace/app/backend/logs/app_20260527_145141.log')}
2026-05-27 15:14:01,360 - watchfiles.main - DEBUG - 1 change detected: {(<Change.modified: 2>, '/workspace/app/backend/logs/app_20260527_145141.log')}
2026-05-27 15:14:01,711 - watchfiles.main - DEBUG - 1 change detected: {(<Change.modified: 2>, '/workspace/app/backend/logs/app_20260527_145141.log')}
2026-05-27 15:14:02,061 - watchfiles.main - DEBUG - 1 change detected: {(<Change.modified: 2>, '/workspace/app/backend/logs/app_20260527_145141.log')}
2026-05-27 15:14:02,412 - watchfiles.main - DEBUG - 1 change detected: {(<Change.modified: 2>, '/workspace/app/backend/logs/app_20260527_145141.log')}
2026-05-27 15:14:02,763 - watchfiles.main - DEBUG - 1 change detected: {(<Change.modified: 2>, '/workspace/app/backend/logs/app_20260527_145141.log')}
2026-05-27 15:14:03,114 - watchfiles.main - DEBUG - 1 change detected: {(<Change.modified: 2>, '/workspace/app/backend/logs/app_20260527_145141.log')}
2026-05-27 15:14:03,465 - watchfiles.main - DEBUG - 1 change detected: {(<Change.modified: 2>, '/workspace/app/backend/logs/app_20260527_145141.log')}
2026-05-27 15:14:03,816 - watchfiles.main - DEBUG - 1 change detected: {(<Change.modified: 2>, '/workspace/app/backend/logs/app_20260527_145141.log')}
2026-05-27 15:14:04,167 - watchfiles.main - DEBUG - 1 change detected: {(<Change.modified: 2>, '/workspace/app/backend/logs/app_20260527_145141.log')}
2026-05-27 15:14:04,518 - watchfiles.main - DEBUG - 1 change detected: {(<Change.modified: 2>, '/workspace/app/backend/logs/app_20260527_145141.log')}
2026-05-27 15:14:04,869 - watchfiles.main - DEBUG - 1 change detected: {(<Change.modified: 2>, '/workspace/app/backend/logs/app_20260527_145141.log')}
2026-05-27 15:14:05,220 - watchfiles.main - DEBUG - 1 change detected: {(<Change.modified: 2>, '/workspace/app/backend/logs/app_20260527_145141.log')}
2026-05-27 15:14:05,571 - watchfiles.main - DEBUG - 1 change detected: {(<Change.modified: 2>, '/workspace/app/backend/logs/app_20260527_145141.log')}
2026-05-27 15:14:05,922 - watchfiles.main - DEBUG - 1 change detected: {(<Change.modified: 2>, '/workspace/app/backend/logs/app_20260527_145141.log')}
2026-05-27 15:14:06,273 - watchfiles.main - DEBUG - 1 change detected: {(<Change.modified: 2>, '/workspace/app/backend/logs/app_20260527_145141.log')}
2026-05-27 15:14:06,624 - watchfiles.main - DEBUG - 1 change detected: {(<Change.modified: 2>, '/workspace/app/backend/logs/app_20260527_145141.log')}
2026-05-27 15:14:06,975 - watchfiles.main - DEBUG - 1 change detected: {(<Change.modified: 2>, '/workspace/app/backend/logs/app_20260527_145141.log')}
2026-05-27 15:14:07,326 - watchfiles.main - DEBUG - 1 change detected: {(<Change.modified: 2>, '/workspace/app/backend/logs/app_20260527_145141.log')}
2026-05-27 15:14:07,677 - watchfiles.main - DEBUG - 1 change detected: {(<Change.modified: 2>, '/workspace/app/backend/logs/app_20260527_145141.log')}
2026-05-27 15:14:08,028 - watchfiles.main - DEBUG - 1 change detected: {(<Change.modified: 2>, '/workspace/app/backend/logs/app_20260527_145141.log')}
2026-05-27 15:14:08,379 - watchfiles.main - DEBUG - 1 change detected: {(<Change.modified: 2>, '/workspace/app/backend/logs/app_20260527_145141.log')}
2026-05-27 15:14:08,730 - watchfiles.main - DEBUG - 1 change detected: {(<Change.modified: 2>, '/workspace/app/backend/logs/app_20260527_145141.log')}
2026-05-27 15:14:09,081 - watchfiles.main - DEBUG - 1 change detected: {(<Change.modified: 2>, '/workspace/app/backend/logs/app_20260527_145141.log')}
2026-05-27 15:14:09,432 - watchfiles.main - DEBUG - 1 change detected: {(<Change.modified: 2>, '/workspace/app/backend/logs/app_20260527_145141.log')}
2026-05-27 15:14:09,782 - watchfiles.main - DEBUG - 1 change detected: {(<Change.modified: 2>, '/workspace/app/backend/logs/app_20260527_145141.log')}
2026-05-27 15:14:10,133 - watchfiles.main - DEBUG - 1 change detected: {(<Change.modified: 2>, '/workspace/app/backend/logs/app_20260527_145141.log')}
2026-05-27 15:14:10,484 - watchfiles.main - DEBUG - 2 changes detected: {(<Change.modified: 2>, '/workspace/app/backend/logs/app_20260527_145141.log'), (<Change.modified: 2>, '/workspace/app/backend/logs/app_20260527_145143.log')}
2026-05-27 15:14:10,836 - watchfiles.main - DEBUG - 2 changes detected: {(<Change.modified: 2>, '/workspace/app/backend/logs/app_20260527_145141.log'), (<Change.modified: 2>, '/workspace/app/backend/logs/app_20260527_145143.log')}
2026-05-27 15:14:11,187 - watchfiles.main - DEBUG - 1 change detected: {(<Change.modified: 2>, '/workspace/app/backend/logs/app_20260527_145141.log')}
2026-05-27 15:14:11,537 - watchfiles.main - DEBUG - 1 change detected: {(<Change.modified: 2>, '/workspace/app/backend/logs/app_20260527_145141.log')}
2026-05-27 15:14:11,888 - watchfiles.main - DEBUG - 1 change detected: {(<Change.modified: 2>, '/workspace/app/backend/logs/app_20260527_145141.log')}
2026-05-27 15:14:12,239 - watchfiles.main - DEBUG - 1 change detected: {(<Change.modified: 2>, '/workspace/app/backend/logs/app_20260527_145141.log')}
2026-05-27 15:14:12,590 - watchfiles.main - DEBUG - 1 change detected: {(<Change.modified: 2>, '/workspace/app/backend/logs/app_20260527_145141.log')}
2026-05-27 15:14:12,941 - watchfiles.main - DEBUG - 1 change detected: {(<Change.modified: 2>, '/workspace/app/backend/logs/app_20260527_145141.log')}
2026-05-27 15:14:13,292 - watchfiles.main - DEBUG - 1 change detected: {(<Change.modified: 2>, '/workspace/app/backend/logs/app_20260527_145141.log')}
2026-05-27 15:14:13,643 - watchfiles.main - DEBUG - 1 change detected: {(<Change.modified: 2>, '/workspace/app/backend/logs/app_20260527_145141.log')}
2026-05-27 15:14:13,994 - watchfiles.main - DEBUG - 1 change detected: {(<Change.modified: 2>, '/workspace/app/backend/logs/app_20260527_145141.log')}
2026-05-27 15:14:14,345 - watchfiles.main - DEBUG - 1 change detected: {(<Change.modified: 2>, '/workspace/app/backend/logs/app_20260527_145141.log')}
2026-05-27 15:14:14,696 - watchfiles.main - DEBUG - 1 change detected: {(<Change.modified: 2>, '/workspace/app/backend/logs/app_20260527_145141.log')}
2026-05-27 15:14:15,047 - watchfiles.main - DEBUG - 1 change detected: {(<Change.modified: 2>, '/workspace/app/backend/logs/app_20260527_145141.log')}
2026-05-27 15:14:15,398 - watchfiles.main - DEBUG - 1 change detected: {(<Change.modified: 2>, '/workspace/app/backend/logs/app_20260527_145141.log')}
2026-05-27 15:14:15,749 - watchfiles.main - DEBUG - 1 change detected: {(<Change.modified: 2>, '/workspace/app/backend/logs/app_20260527_145141.log')}
2026-05-27 15:14:16,100 - watchfiles.main - DEBUG - 1 change detected: {(<Change.modified: 2>, '/workspace/app/backend/logs/app_20260527_145141.log')}
2026-05-27 15:14:16,451 - watchfiles.main - DEBUG - 1 change detected: {(<Change.modified: 2>, '/workspace/app/backend/logs/app_20260527_145141.log')}
2026-05-27 15:14:16,802 - watchfiles.main - DEBUG - 1 change detected: {(<Change.modified: 2>, '/workspace/app/backend/logs/app_20260527_145141.log')}
2026-05-27 15:14:17,153 - watchfiles.main - DEBUG - 1 change detected: {(<Change.modified: 2>, '/workspace/app/backend/logs/app_20260527_145141.log')}
2026-05-27 15:14:17,504 - watchfiles.main - DEBUG - 1 change detected: {(<Change.modified: 2>, '/workspace/app/backend/logs/app_20260527_145141.log')}
2026-05-27 15:14:17,855 - watchfiles.main - DEBUG - 1 change detected: {(<Change.modified: 2>, '/workspace/app/backend/logs/app_20260527_145141.log')}
2026-05-27 15:14:18,206 - watchfiles.main - DEBUG - 1 change detected: {(<Change.modified: 2>, '/workspace/app/backend/logs/app_20260527_145141.log')}
2026-05-27 15:14:18,557 - watchfiles.main - DEBUG - 1 change detected: {(<Change.modified: 2>, '/workspace/app/backend/logs/app_20260527_145141.log')}
2026-05-27 15:14:18,908 - watchfiles.main - DEBUG - 1 change detected: {(<Change.modified: 2>, '/workspace/app/backend/logs/app_20260527_145141.log')}
2026-05-27 15:14:19,259 - watchfiles.main - DEBUG - 1 change detected: {(<Change.modified: 2>, '/workspace/app/backend/logs/app_20260527_145141.log')}
2026-05-27 15:14:19,610 - watchfiles.main - DEBUG - 1 change detected: {(<Change.modified: 2>, '/workspace/app/backend/logs/app_20260527_145141.log')}
2026-05-27 15:14:19,960 - watchfiles.main - DEBUG - 1 change detected: {(<Change.modified: 2>, '/workspace/app/backend/logs/app_20260527_145141.log')}
2026-05-27 15:14:20,311 - watchfiles.main - DEBUG - 1 change detected: {(<Change.modified: 2>, '/workspace/app/backend/logs/app_20260527_145141.log')}
2026-05-27 15:14:20,663 - watchfiles.main - DEBUG - 1 change detected: {(<Change.modified: 2>, '/workspace/app/backend/logs/app_20260527_145141.log')}
2026-05-27 15:14:21,014 - watchfiles.main - DEBUG - 1 change detected: {(<Change.modified: 2>, '/workspace/app/backend/logs/app_20260527_145141.log')}
2026-05-27 15:14:21,365 - watchfiles.main - DEBUG - 1 change detected: {(<Change.modified: 2>, '/workspace/app/backend/logs/app_20260527_145141.log')}
2026-05-27 15:14:21,716 - watchfiles.main - DEBUG - 1 change detected: {(<Change.modified: 2>, '/workspace/app/backend/logs/app_20260527_145141.log')}
2026-05-27 15:14:22,067 - watchfiles.main - DEBUG - 1 change detected: {(<Change.modified: 2>, '/workspace/app/backend/logs/app_20260527_145141.log')}
2026-05-27 15:14:22,418 - watchfiles.main - DEBUG - 1 change detected: {(<Change.modified: 2>, '/workspace/app/backend/logs/app_20260527_145141.log')}
2026-05-27 15:14:22,769 - watchfiles.main - DEBUG - 1 change detected: {(<Change.modified: 2>, '/workspace/app/backend/logs/app_20260527_145141.log')}
2026-05-27 15:14:23,120 - watchfiles.main - DEBUG - 1 change detected: {(<Change.modified: 2>, '/workspace/app/backend/logs/app_20260527_145141.log')}
2026-05-27 15:14:23,471 - watchfiles.main - DEBUG - 1 change detected: {(<Change.modified: 2>, '/workspace/app/backend/logs/app_20260527_145141.log')}
2026-05-27 15:14:23,822 - watchfiles.main - DEBUG - 1 change detected: {(<Change.modified: 2>, '/workspace/app/backend/logs/app_20260527_145141.log')}
2026-05-27 15:14:24,173 - watchfiles.main - DEBUG - 1 change detected: {(<Change.modified: 2>, '/workspace/app/backend/logs/app_20260527_145141.log')}
2026-05-27 15:14:24,524 - watchfiles.main - DEBUG - 1 change detected: {(<Change.modified: 2>, '/workspace/app/backend/logs/app_20260527_145141.log')}
2026-05-27 15:14:24,875 - watchfiles.main - DEBUG - 1 change detected: {(<Change.modified: 2>, '/workspace/app/backend/logs/app_20260527_145141.log')}
2026-05-27 15:14:25,226 - watchfiles.main - DEBUG - 1 change detected: {(<Change.modified: 2>, '/workspace/app/backend/logs/app_20260527_145141.log')}
2026-05-27 15:14:25,577 - watchfiles.main - DEBUG - 1 change detected: {(<Change.modified: 2>, '/workspace/app/backend/logs/app_20260527_145141.log')}
2026-05-27 15:14:25,928 - watchfiles.main - DEBUG - 1 change detected: {(<Change.modified: 2>, '/workspace/app/backend/logs/app_20260527_145141.log')}
2026-05-27 15:14:26,279 - watchfiles.main - DEBUG - 1 change detected: {(<Change.modified: 2>, '/workspace/app/backend/logs/app_20260527_145141.log')}
2026-05-27 15:14:26,630 - watchfiles.main - DEBUG - 1 change detected: {(<Change.modified: 2>, '/workspace/app/backend/logs/app_20260527_145141.log')}
2026-05-27 15:14:26,981 - watchfiles.main - DEBUG - 1 change detected: {(<Change.modified: 2>, '/workspace/app/backend/logs/app_20260527_145141.log')}
2026-05-27 15:14:27,332 - watchfiles.main - DEBUG - 1 change detected: {(<Change.modified: 2>, '/workspace/app/backend/logs/app_20260527_145141.log')}
2026-05-27 15:14:27,683 - watchfiles.main - DEBUG - 1 change detected: {(<Change.modified: 2>, '/workspace/app/backend/logs/app_20260527_145141.log')}
2026-05-27 15:14:28,034 - watchfiles.main - DEBUG - 1 change detected: {(<Change.modified: 2>, '/workspace/app/backend/logs/app_20260527_145141.log')}
2026-05-27 15:14:28,385 - watchfiles.main - DEBUG - 1 change detected: {(<Change.modified: 2>, '/workspace/app/backend/logs/app_20260527_145141.log')}
2026-05-27 15:14:28,736 - watchfiles.main - DEBUG - 1 change detected: {(<Change.modified: 2>, '/workspace/app/backend/logs/app_20260527_145141.log')}
2026-05-27 15:14:29,087 - watchfiles.main - DEBUG - 1 change detected: {(<Change.modified: 2>, '/workspace/app/backend/logs/app_20260527_145141.log')}
2026-05-27 15:14:29,438 - watchfiles.main - DEBUG - 1 change detected: {(<Change.modified: 2>, '/workspace/app/backend/logs/app_20260527_145141.log')}
2026-05-27 15:14:29,789 - watchfiles.main - DEBUG - 1 change detected: {(<Change.modified: 2>, '/workspace/app/backend/logs/app_20260527_145141.log')}
2026-05-27 15:14:30,140 - watchfiles.main - DEBUG - 1 change detected: {(<Change.modified: 2>, '/workspace/app/backend/logs/app_20260527_145141.log')}
2026-05-27 15:14:30,491 - watchfiles.main - DEBUG - 1 change detected: {(<Change.modified: 2>, '/workspace/app/backend/logs/app_20260527_145141.log')}
2026-05-27 15:14:30,842 - watchfiles.main - DEBUG - 1 change detected: {(<Change.modified: 2>, '/workspace/app/backend/logs/app_20260527_145141.log')}
2026-05-27 15:14:31,193 - watchfiles.main - DEBUG - 1 change detected: {(<Change.modified: 2>, '/workspace/app/backend/logs/app_20260527_145141.log')}
2026-05-27 15:14:31,544 - watchfiles.main - DEBUG - 1 change detected: {(<Change.modified: 2>, '/workspace/app/backend/logs/app_20260527_145141.log')}
2026-05-27 15:14:31,895 - watchfiles.main - DEBUG - 1 change detected: {(<Change.modified: 2>, '/workspace/app/backend/logs/app_20260527_145141.log')}
2026-05-27 15:14:32,246 - watchfiles.main - DEBUG - 1 change detected: {(<Change.modified: 2>, '/workspace/app/backend/logs/app_20260527_145141.log')}
2026-05-27 15:14:32,597 - watchfiles.main - DEBUG - 1 change detected: {(<Change.modified: 2>, '/workspace/app/backend/logs/app_20260527_145141.log')}
2026-05-27 15:14:32,948 - watchfiles.main - DEBUG - 1 change detected: {(<Change.modified: 2>, '/workspace/app/backend/logs/app_20260527_145141.log')}
2026-05-27 15:14:33,299 - watchfiles.main - DEBUG - 1 change detected: {(<Change.modified: 2>, '/workspace/app/backend/logs/app_20260527_145141.log')}
2026-05-27 15:14:33,650 - watchfiles.main - DEBUG - 1 change detected: {(<Change.modified: 2>, '/workspace/app/backend/logs/app_20260527_145141.log')}
2026-05-27 15:14:34,001 - watchfiles.main - DEBUG - 1 change detected: {(<Change.modified: 2>, '/workspace/app/backend/logs/app_20260527_145141.log')}
2026-05-27 15:14:34,352 - watchfiles.main - DEBUG - 1 change detected: {(<Change.modified: 2>, '/workspace/app/backend/logs/app_20260527_145141.log')}
2026-05-27 15:14:34,703 - watchfiles.main - DEBUG - 1 change detected: {(<Change.modified: 2>, '/workspace/app/backend/logs/app_20260527_145141.log')}
2026-05-27 15:14:35,054 - watchfiles.main - DEBUG - 1 change detected: {(<Change.modified: 2>, '/workspace/app/backend/logs/app_20260527_145141.log')}
2026-05-27 15:14:35,405 - watchfiles.main - DEBUG - 1 change detected: {(<Change.modified: 2>, '/workspace/app/backend/logs/app_20260527_145141.log')}
2026-05-27 15:14:35,757 - watchfiles.main - DEBUG - 1 change detected: {(<Change.modified: 2>, '/workspace/app/backend/logs/app_20260527_145141.log')}
2026-05-27 15:14:36,108 - watchfiles.main - DEBUG - 1 change detected: {(<Change.modified: 2>, '/workspace/app/backend/logs/app_20260527_145141.log')}
2026-05-27 15:14:36,459 - watchfiles.main - DEBUG - 1 change detected: {(<Change.modified: 2>, '/workspace/app/backend/logs/app_20260527_145141.log')}
2026-05-27 15:14:36,810 - watchfiles.main - DEBUG - 1 change detected: {(<Change.modified: 2>, '/workspace/app/backend/logs/app_20260527_145141.log')}
2026-05-27 15:14:37,161 - watchfiles.main - DEBUG - 1 change detected: {(<Change.modified: 2>, '/workspace/app/backend/logs/app_20260527_145141.log')}
2026-05-27 15:14:37,512 - watchfiles.main - DEBUG - 1 change detected: {(<Change.modified: 2>, '/workspace/app/backend/logs/app_20260527_145141.log')}
2026-05-27 15:14:37,863 - watchfiles.main - DEBUG - 1 change detected: {(<Change.modified: 2>, '/workspace/app/backend/logs/app_20260527_145141.log')}
2026-05-27 15:14:38,214 - watchfiles.main - DEBUG - 1 change detected: {(<Change.modified: 2>, '/workspace/app/backend/logs/app_20260527_145141.log')}
2026-05-27 15:14:38,565 - watchfiles.main - DEBUG - 1 change detected: {(<Change.modified: 2>, '/workspace/app/backend/logs/app_20260527_145141.log')}
2026-05-27 15:14:38,916 - watchfiles.main - DEBUG - 1 change detected: {(<Change.modified: 2>, '/workspace/app/backend/logs/app_20260527_145141.log')}
2026-05-27 15:14:39,267 - watchfiles.main - DEBUG - 1 change detected: {(<Change.modified: 2>, '/workspace/app/backend/logs/app_20260527_145141.log')}
2026-05-27 15:14:39,618 - watchfiles.main - DEBUG - 1 change detected: {(<Change.modified: 2>, '/workspace/app/backend/logs/app_20260527_145141.log')}
2026-05-27 15:14:39,969 - watchfiles.main - DEBUG - 2 changes detected: {(<Change.modified: 2>, '/workspace/app/backend/logs/app_20260527_145141.log'), (<Change.modified: 2>, '/workspace/app/backend/logs/app_20260527_145143.log')}
2026-05-27 15:14:40,320 - watchfiles.main - DEBUG - 1 change detected: {(<Change.modified: 2>, '/workspace/app/backend/logs/app_20260527_145141.log')}
2026-05-27 15:14:40,671 - watchfiles.main - DEBUG - 2 changes detected: {(<Change.modified: 2>, '/workspace/app/backend/logs/app_20260527_145141.log'), (<Change.modified: 2>, '/workspace/app/backend/logs/app_20260527_145143.log')}
2026-05-27 15:14:41,022 - watchfiles.main - DEBUG - 1 change detected: {(<Change.modified: 2>, '/workspace/app/backend/logs/app_20260527_145141.log')}
2026-05-27 15:14:41,372 - watchfiles.main - DEBUG - 1 change detected: {(<Change.modified: 2>, '/workspace/app/backend/logs/app_20260527_145141.log')}
2026-05-27 15:14:41,723 - watchfiles.main - DEBUG - 1 change detected: {(<Change.modified: 2>, '/workspace/app/backend/logs/app_20260527_145141.log')}
2026-05-27 15:14:42,074 - watchfiles.main - DEBUG - 1 change detected: {(<Change.modified: 2>, '/workspace/app/backend/logs/app_20260527_145141.log')}
2026-05-27 15:14:42,425 - watchfiles.main - DEBUG - 1 change detected: {(<Change.modified: 2>, '/workspace/app/backend/logs/app_20260527_145141.log')}
2026-05-27 15:14:42,776 - watchfiles.main - DEBUG - 1 change detected: {(<Change.modified: 2>, '/workspace/app/backend/logs/app_20260527_145141.log')}
2026-05-27 15:14:43,129 - watchfiles.main - DEBUG - 1 change detected: {(<Change.modified: 2>, '/workspace/app/backend/logs/app_20260527_145141.log')}
2026-05-27 15:14:43,480 - watchfiles.main - DEBUG - 1 change detected: {(<Change.modified: 2>, '/workspace/app/backend/logs/app_20260527_145141.log')}
2026-05-27 15:14:43,831 - watchfiles.main - DEBUG - 1 change detected: {(<Change.modified: 2>, '/workspace/app/backend/logs/app_20260527_145141.log')}
2026-05-27 15:14:44,182 - watchfiles.main - DEBUG - 1 change detected: {(<Change.modified: 2>, '/workspace/app/backend/logs/app_20260527_145141.log')}
2026-05-27 15:14:44,533 - watchfiles.main - DEBUG - 1 change detected: {(<Change.modified: 2>, '/workspace/app/backend/logs/app_20260527_145141.log')}
2026-05-27 15:14:44,884 - watchfiles.main - DEBUG - 1 change detected: {(<Change.modified: 2>, '/workspace/app/backend/logs/app_20260527_145141.log')}
2026-05-27 15:14:45,235 - watchfiles.main - DEBUG - 1 change detected: {(<Change.modified: 2>, '/workspace/app/backend/logs/app_20260527_145141.log')}
2026-05-27 15:14:45,586 - watchfiles.main - DEBUG - 1 change detected: {(<Change.modified: 2>, '/workspace/app/backend/logs/app_20260527_145141.log')}
2026-05-27 15:14:45,937 - watchfiles.main - DEBUG - 1 change detected: {(<Change.modified: 2>, '/workspace/app/backend/logs/app_20260527_145141.log')}
2026-05-27 15:14:46,288 - watchfiles.main - DEBUG - 1 change detected: {(<Change.modified: 2>, '/workspace/app/backend/logs/app_20260527_145141.log')}
2026-05-27 15:14:46,639 - watchfiles.main - DEBUG - 1 change detected: {(<Change.modified: 2>, '/workspace/app/backend/logs/app_20260527_145141.log')}
2026-05-27 15:14:46,990 - watchfiles.main - DEBUG - 1 change detected: {(<Change.modified: 2>, '/workspace/app/backend/logs/app_20260527_145141.log')}
2026-05-27 15:14:47,341 - watchfiles.main - DEBUG - 1 change detected: {(<Change.modified: 2>, '/workspace/app/backend/logs/app_20260527_145141.log')}
2026-05-27 15:14:47,692 - watchfiles.main - DEBUG - 1 change detected: {(<Change.modified: 2>, '/workspace/app/backend/logs/app_20260527_145141.log')}
2026-05-27 15:14:48,043 - watchfiles.main - DEBUG - 1 change detected: {(<Change.modified: 2>, '/workspace/app/backend/logs/app_20260527_145141.log')}
2026-05-27 15:14:48,394 - watchfiles.main - DEBUG - 1 change detected: {(<Change.modified: 2>, '/workspace/app/backend/logs/app_20260527_145141.log')}
2026-05-27 15:14:48,745 - watchfiles.main - DEBUG - 1 change detected: {(<Change.modified: 2>, '/workspace/app/backend/logs/app_20260527_145141.log')}
2026-05-27 15:14:49,096 - watchfiles.main - DEBUG - 1 change detected: {(<Change.modified: 2>, '/workspace/app/backend/logs/app_20260527_145141.log')}
2026-05-27 15:14:49,447 - watchfiles.main - DEBUG - 1 change detected: {(<Change.modified: 2>, '/workspace/app/backend/logs/app_20260527_145141.log')}
2026-05-27 15:14:49,797 - watchfiles.main - DEBUG - 1 change detected: {(<Change.modified: 2>, '/workspace/app/backend/logs/app_20260527_145141.log')}
2026-05-27 15:14:50,149 - watchfiles.main - DEBUG - 1 change detected: {(<Change.modified: 2>, '/workspace/app/backend/logs/app_20260527_145141.log')}
2026-05-27 15:14:50,500 - watchfiles.main - DEBUG - 1 change detected: {(<Change.modified: 2>, '/workspace/app/backend/logs/app_20260527_145141.log')}
2026-05-27 15:14:50,851 - watchfiles.main - DEBUG - 1 change detected: {(<Change.modified: 2>, '/workspace/app/backend/logs/app_20260527_145141.log')}
2026-05-27 15:14:51,202 - watchfiles.main - DEBUG - 1 change detected: {(<Change.modified: 2>, '/workspace/app/backend/logs/app_20260527_145141.log')}
2026-05-27 15:14:51,553 - watchfiles.main - DEBUG - 1 change detected: {(<Change.modified: 2>, '/workspace/app/backend/logs/app_20260527_145141.log')}
2026-05-27 15:14:51,904 - watchfiles.main - DEBUG - 1 change detected: {(<Change.modified: 2>, '/workspace/app/backend/logs/app_20260527_145141.log')}
2026-05-27 15:14:52,255 - watchfiles.main - DEBUG - 1 change detected: {(<Change.modified: 2>, '/workspace/app/backend/logs/app_20260527_145141.log')}
2026-05-27 15:14:52,606 - watchfiles.main - DEBUG - 1 change detected: {(<Change.modified: 2>, '/workspace/app/backend/logs/app_20260527_145141.log')}
2026-05-27 15:14:52,957 - watchfiles.main - DEBUG - 1 change detected: {(<Change.modified: 2>, '/workspace/app/backend/logs/app_20260527_145141.log')}
2026-05-27 15:14:53,307 - watchfiles.main - DEBUG - 1 change detected: {(<Change.modified: 2>, '/workspace/app/backend/logs/app_20260527_145141.log')}
2026-05-27 15:14:53,658 - watchfiles.main - DEBUG - 1 change detected: {(<Change.modified: 2>, '/workspace/app/backend/logs/app_20260527_145141.log')}
2026-05-27 15:14:54,009 - watchfiles.main - DEBUG - 1 change detected: {(<Change.modified: 2>, '/workspace/app/backend/logs/app_20260527_145141.log')}
2026-05-27 15:14:54,360 - watchfiles.main - DEBUG - 1 change detected: {(<Change.modified: 2>, '/workspace/app/backend/logs/app_20260527_145141.log')}
2026-05-27 15:14:54,711 - watchfiles.main - DEBUG - 1 change detected: {(<Change.modified: 2>, '/workspace/app/backend/logs/app_20260527_145141.log')}
2026-05-27 15:14:55,062 - watchfiles.main - DEBUG - 1 change detected: {(<Change.modified: 2>, '/workspace/app/backend/logs/app_20260527_145141.log')}
2026-05-27 15:14:55,413 - watchfiles.main - DEBUG - 1 change detected: {(<Change.modified: 2>, '/workspace/app/backend/logs/app_20260527_145141.log')}
2026-05-27 15:14:55,764 - watchfiles.main - DEBUG - 1 change detected: {(<Change.modified: 2>, '/workspace/app/backend/logs/app_20260527_145141.log')}
2026-05-27 15:14:56,115 - watchfiles.main - DEBUG - 1 change detected: {(<Change.modified: 2>, '/workspace/app/backend/logs/app_20260527_145141.log')}
2026-05-27 15:14:56,466 - watchfiles.main - DEBUG - 1 change detected: {(<Change.modified: 2>, '/workspace/app/backend/logs/app_20260527_145141.log')}
2026-05-27 15:14:56,817 - watchfiles.main - DEBUG - 1 change detected: {(<Change.modified: 2>, '/workspace/app/backend/logs/app_20260527_145141.log')}
2026-05-27 15:14:57,168 - watchfiles.main - DEBUG - 1 change detected: {(<Change.modified: 2>, '/workspace/app/backend/logs/app_20260527_145141.log')}
2026-05-27 15:14:57,519 - watchfiles.main - DEBUG - 1 change detected: {(<Change.modified: 2>, '/workspace/app/backend/logs/app_20260527_145141.log')}
2026-05-27 15:14:57,870 - watchfiles.main - DEBUG - 1 change detected: {(<Change.modified: 2>, '/workspace/app/backend/logs/app_20260527_145141.log')}
2026-05-27 15:14:58,221 - watchfiles.main - DEBUG - 1 change detected: {(<Change.modified: 2>, '/workspace/app/backend/logs/app_20260527_145141.log')}
2026-05-27 15:14:58,572 - watchfiles.main - DEBUG - 1 change detected: {(<Change.modified: 2>, '/workspace/app/backend/logs/app_20260527_145141.log')}
2026-05-27 15:14:58,923 - watchfiles.main - DEBUG - 1 change detected: {(<Change.modified: 2>, '/workspace/app/backend/logs/app_20260527_145141.log')}
2026-05-27 15:14:59,274 - watchfiles.main - DEBUG - 1 change detected: {(<Change.modified: 2>, '/workspace/app/backend/logs/app_20260527_145141.log')}
2026-05-27 15:14:59,625 - watchfiles.main - DEBUG - 1 change detected: {(<Change.modified: 2>, '/workspace/app/backend/logs/app_20260527_145141.log')}
2026-05-27 15:14:59,976 - watchfiles.main - DEBUG - 1 change detected: {(<Change.modified: 2>, '/workspace/app/backend/logs/app_20260527_145141.log')}
2026-05-27 15:15:00,327 - watchfiles.main - DEBUG - 1 change detected: {(<Change.modified: 2>, '/workspace/app/backend/logs/app_20260527_145141.log')}
2026-05-27 15:15:00,678 - watchfiles.main - DEBUG - 1 change detected: {(<Change.modified: 2>, '/workspace/app/backend/logs/app_20260527_145141.log')}
2026-05-27 15:15:01,029 - watchfiles.main - DEBUG - 1 change detected: {(<Change.modified: 2>, '/workspace/app/backend/logs/app_20260527_145141.log')}
2026-05-27 15:15:01,380 - watchfiles.main - DEBUG - 1 change detected: {(<Change.modified: 2>, '/workspace/app/backend/logs/app_20260527_145141.log')}
2026-05-27 15:15:01,731 - watchfiles.main - DEBUG - 1 change detected: {(<Change.modified: 2>, '/workspace/app/backend/logs/app_20260527_145141.log')}
2026-05-27 15:15:02,082 - watchfiles.main - DEBUG - 1 change detected: {(<Change.modified: 2>, '/workspace/app/backend/logs/app_20260527_145141.log')}
2026-05-27 15:15:02,433 - watchfiles.main - DEBUG - 1 change detected: {(<Change.modified: 2>, '/workspace/app/backend/logs/app_20260527_145141.log')}
2026-05-27 15:15:02,784 - watchfiles.main - DEBUG - 1 change detected: {(<Change.modified: 2>, '/workspace/app/backend/logs/app_20260527_145141.log')}
2026-05-27 15:15:03,135 - watchfiles.main - DEBUG - 1 change detected: {(<Change.modified: 2>, '/workspace/app/backend/logs/app_20260527_145141.log')}
2026-05-27 15:15:03,486 - watchfiles.main - DEBUG - 1 change detected: {(<Change.modified: 2>, '/workspace/app/backend/logs/app_20260527_145141.log')}
2026-05-27 15:15:03,837 - watchfiles.main - DEBUG - 1 change detected: {(<Change.modified: 2>, '/workspace/app/backend/logs/app_20260527_145141.log')}
2026-05-27 15:15:04,188 - watchfiles.main - DEBUG - 1 change detected: {(<Change.modified: 2>, '/workspace/app/backend/logs/app_20260527_145141.log')}
2026-05-27 15:15:04,538 - watchfiles.main - DEBUG - 1 change detected: {(<Change.modified: 2>, '/workspace/app/backend/logs/app_20260527_145141.log')}
2026-05-27 15:15:04,889 - watchfiles.main - DEBUG - 1 change detected: {(<Change.modified: 2>, '/workspace/app/backend/logs/app_20260527_145141.log')}
2026-05-27 15:15:05,240 - watchfiles.main - DEBUG - 1 change detected: {(<Change.modified: 2>, '/workspace/app/backend/logs/app_20260527_145141.log')}
2026-05-27 15:15:05,591 - watchfiles.main - DEBUG - 1 change detected: {(<Change.modified: 2>, '/workspace/app/backend/logs/app_20260527_145141.log')}
2026-05-27 15:15:05,942 - watchfiles.main - DEBUG - 1 change detected: {(<Change.modified: 2>, '/workspace/app/backend/logs/app_20260527_145141.log')}
2026-05-27 15:15:06,293 - watchfiles.main - DEBUG - 1 change detected: {(<Change.modified: 2>, '/workspace/app/backend/logs/app_20260527_145141.log')}
2026-05-27 15:15:06,644 - watchfiles.main - DEBUG - 1 change detected: {(<Change.modified: 2>, '/workspace/app/backend/logs/app_20260527_145141.log')}
2026-05-27 15:15:06,995 - watchfiles.main - DEBUG - 1 change detected: {(<Change.modified: 2>, '/workspace/app/backend/logs/app_20260527_145141.log')}
2026-05-27 15:15:07,346 - watchfiles.main - DEBUG - 1 change detected: {(<Change.modified: 2>, '/workspace/app/backend/logs/app_20260527_145141.log')}
2026-05-27 15:15:07,697 - watchfiles.main - DEBUG - 1 change detected: {(<Change.modified: 2>, '/workspace/app/backend/logs/app_20260527_145141.log')}
2026-05-27 15:15:08,049 - watchfiles.main - DEBUG - 1 change detected: {(<Change.modified: 2>, '/workspace/app/backend/logs/app_20260527_145141.log')}
2026-05-27 15:15:08,400 - watchfiles.main - DEBUG - 1 change detected: {(<Change.modified: 2>, '/workspace/app/backend/logs/app_20260527_145141.log')}
2026-05-27 15:15:08,751 - watchfiles.main - DEBUG - 1 change detected: {(<Change.modified: 2>, '/workspace/app/backend/logs/app_20260527_145141.log')}
2026-05-27 15:15:09,101 - watchfiles.main - DEBUG - 1 change detected: {(<Change.modified: 2>, '/workspace/app/backend/logs/app_20260527_145141.log')}
2026-05-27 15:15:09,452 - watchfiles.main - DEBUG - 1 change detected: {(<Change.modified: 2>, '/workspace/app/backend/logs/app_20260527_145141.log')}
2026-05-27 15:15:09,804 - watchfiles.main - DEBUG - 1 change detected: {(<Change.modified: 2>, '/workspace/app/backend/logs/app_20260527_145141.log')}
2026-05-27 15:15:10,154 - watchfiles.main - DEBUG - 1 change detected: {(<Change.modified: 2>, '/workspace/app/backend/logs/app_20260527_145141.log')}
2026-05-27 15:15:10,505 - watchfiles.main - DEBUG - 1 change detected: {(<Change.modified: 2>, '/workspace/app/backend/logs/app_20260527_145141.log')}
2026-05-27 15:15:10,856 - watchfiles.main - DEBUG - 1 change detected: {(<Change.modified: 2>, '/workspace/app/backend/logs/app_20260527_145141.log')}
2026-05-27 15:15:11,207 - watchfiles.main - DEBUG - 1 change detected: {(<Change.modified: 2>, '/workspace/app/backend/logs/app_20260527_145141.log')}
2026-05-27 15:15:11,558 - watchfiles.main - DEBUG - 1 change detected: {(<Change.modified: 2>, '/workspace/app/backend/logs/app_20260527_145141.log')}
2026-05-27 15:15:11,909 - watchfiles.main - DEBUG - 1 change detected: {(<Change.modified: 2>, '/workspace/app/backend/logs/app_20260527_145141.log')}
2026-05-27 15:15:12,260 - watchfiles.main - DEBUG - 1 change detected: {(<Change.modified: 2>, '/workspace/app/backend/logs/app_20260527_145141.log')}
2026-05-27 15:15:12,611 - watchfiles.main - DEBUG - 1 change detected: {(<Change.modified: 2>, '/workspace/app/backend/logs/app_20260527_145141.log')}
2026-05-27 15:15:12,962 - watchfiles.main - DEBUG - 1 change detected: {(<Change.modified: 2>, '/workspace/app/backend/logs/app_20260527_145141.log')}
2026-05-27 15:15:13,312 - watchfiles.main - DEBUG - 1 change detected: {(<Change.modified: 2>, '/workspace/app/backend/logs/app_20260527_145141.log')}
2026-05-27 15:15:13,663 - watchfiles.main - DEBUG - 1 change detected: {(<Change.modified: 2>, '/workspace/app/backend/logs/app_20260527_145141.log')}
2026-05-27 15:15:14,015 - watchfiles.main - DEBUG - 1 change detected: {(<Change.modified: 2>, '/workspace/app/backend/logs/app_20260527_145141.log')}
2026-05-27 15:15:14,365 - watchfiles.main - DEBUG - 1 change detected: {(<Change.modified: 2>, '/workspace/app/backend/logs/app_20260527_145141.log')}
2026-05-27 15:15:14,716 - watchfiles.main - DEBUG - 1 change detected: {(<Change.modified: 2>, '/workspace/app/backend/logs/app_20260527_145141.log')}
2026-05-27 15:15:15,067 - watchfiles.main - DEBUG - 1 change detected: {(<Change.modified: 2>, '/workspace/app/backend/logs/app_20260527_145141.log')}
2026-05-27 15:15:15,418 - watchfiles.main - DEBUG - 1 change detected: {(<Change.modified: 2>, '/workspace/app/backend/logs/app_20260527_145141.log')}
2026-05-27 15:15:15,769 - watchfiles.main - DEBUG - 1 change detected: {(<Change.modified: 2>, '/workspace/app/backend/logs/app_20260527_145141.log')}
2026-05-27 15:15:16,120 - watchfiles.main - DEBUG - 1 change detected: {(<Change.modified: 2>, '/workspace/app/backend/logs/app_20260527_145141.log')}
2026-05-27 15:15:16,471 - watchfiles.main - DEBUG - 1 change detected: {(<Change.modified: 2>, '/workspace/app/backend/logs/app_20260527_145141.log')}
2026-05-27 15:15:16,822 - watchfiles.main - DEBUG - 1 change detected: {(<Change.modified: 2>, '/workspace/app/backend/logs/app_20260527_145141.log')}
2026-05-27 15:15:17,173 - watchfiles.main - DEBUG - 1 change detected: {(<Change.modified: 2>, '/workspace/app/backend/logs/app_20260527_145141.log')}
2026-05-27 15:15:17,524 - watchfiles.main - DEBUG - 1 change detected: {(<Change.modified: 2>, '/workspace/app/backend/logs/app_20260527_145141.log')}
2026-05-27 15:15:17,875 - watchfiles.main - DEBUG - 1 change detected: {(<Change.modified: 2>, '/workspace/app/backend/logs/app_20260527_145141.log')}
2026-05-27 15:15:18,226 - watchfiles.main - DEBUG - 1 change detected: {(<Change.modified: 2>, '/workspace/app/backend/logs/app_20260527_145141.log')}
2026-05-27 15:15:18,576 - watchfiles.main - DEBUG - 1 change detected: {(<Change.modified: 2>, '/workspace/app/backend/logs/app_20260527_145141.log')}
2026-05-27 15:15:18,927 - watchfiles.main - DEBUG - 1 change detected: {(<Change.modified: 2>, '/workspace/app/backend/logs/app_20260527_145141.log')}
2026-05-27 15:15:19,278 - watchfiles.main - DEBUG - 1 change detected: {(<Change.modified: 2>, '/workspace/app/backend/logs/app_20260527_145141.log')}
2026-05-27 15:15:19,629 - watchfiles.main - DEBUG - 1 change detected: {(<Change.modified: 2>, '/workspace/app/backend/logs/app_20260527_145141.log')}
2026-05-27 15:15:19,980 - watchfiles.main - DEBUG - 1 change detected: {(<Change.modified: 2>, '/workspace/app/backend/logs/app_20260527_145141.log')}
2026-05-27 15:15:20,331 - watchfiles.main - DEBUG - 1 change detected: {(<Change.modified: 2>, '/workspace/app/backend/logs/app_20260527_145141.log')}
2026-05-27 15:15:20,682 - watchfiles.main - DEBUG - 1 change detected: {(<Change.modified: 2>, '/workspace/app/backend/logs/app_20260527_145141.log')}
2026-05-27 15:15:21,033 - watchfiles.main - DEBUG - 1 change detected: {(<Change.modified: 2>, '/workspace/app/backend/logs/app_20260527_145141.log')}
2026-05-27 15:15:21,384 - watchfiles.main - DEBUG - 1 change detected: {(<Change.modified: 2>, '/workspace/app/backend/logs/app_20260527_145141.log')}
2026-05-27 15:15:21,735 - watchfiles.main - DEBUG - 1 change detected: {(<Change.modified: 2>, '/workspace/app/backend/logs/app_20260527_145141.log')}
2026-05-27 15:15:22,086 - watchfiles.main - DEBUG - 1 change detected: {(<Change.modified: 2>, '/workspace/app/backend/logs/app_20260527_145141.log')}
2026-05-27 15:15:22,437 - watchfiles.main - DEBUG - 1 change detected: {(<Change.modified: 2>, '/workspace/app/backend/logs/app_20260527_145141.log')}
2026-05-27 15:15:22,787 - watchfiles.main - DEBUG - 1 change detected: {(<Change.modified: 2>, '/workspace/app/backend/logs/app_20260527_145141.log')}
2026-05-27 15:15:23,138 - watchfiles.main - DEBUG - 1 change detected: {(<Change.modified: 2>, '/workspace/app/backend/logs/app_20260527_145141.log')}
2026-05-27 15:15:23,490 - watchfiles.main - DEBUG - 1 change detected: {(<Change.modified: 2>, '/workspace/app/backend/logs/app_20260527_145141.log')}
2026-05-27 15:15:23,841 - watchfiles.main - DEBUG - 1 change detected: {(<Change.modified: 2>, '/workspace/app/backend/logs/app_20260527_145141.log')}
2026-05-27 15:15:24,191 - watchfiles.main - DEBUG - 1 change detected: {(<Change.modified: 2>, '/workspace/app/backend/logs/app_20260527_145141.log')}
2026-05-27 15:15:24,543 - watchfiles.main - DEBUG - 1 change detected: {(<Change.modified: 2>, '/workspace/app/backend/logs/app_20260527_145141.log')}
2026-05-27 15:15:24,894 - watchfiles.main - DEBUG - 1 change detected: {(<Change.modified: 2>, '/workspace/app/backend/logs/app_20260527_145141.log')}
2026-05-27 15:15:25,245 - watchfiles.main - DEBUG - 1 change detected: {(<Change.modified: 2>, '/workspace/app/backend/logs/app_20260527_145141.log')}
2026-05-27 15:15:25,596 - watchfiles.main - DEBUG - 1 change detected: {(<Change.modified: 2>, '/workspace/app/backend/logs/app_20260527_145141.log')}
2026-05-27 15:15:25,947 - watchfiles.main - DEBUG - 1 change detected: {(<Change.modified: 2>, '/workspace/app/backend/logs/app_20260527_145141.log')}
2026-05-27 15:15:26,298 - watchfiles.main - DEBUG - 1 change detected: {(<Change.modified: 2>, '/workspace/app/backend/logs/app_20260527_145141.log')}
2026-05-27 15:15:26,649 - watchfiles.main - DEBUG - 1 change detected: {(<Change.modified: 2>, '/workspace/app/backend/logs/app_20260527_145141.log')}
2026-05-27 15:15:27,000 - watchfiles.main - DEBUG - 1 change detected: {(<Change.modified: 2>, '/workspace/app/backend/logs/app_20260527_145141.log')}
2026-05-27 15:15:27,351 - watchfiles.main - DEBUG - 1 change detected: {(<Change.modified: 2>, '/workspace/app/backend/logs/app_20260527_145141.log')}
2026-05-27 15:15:27,702 - watchfiles.main - DEBUG - 1 change detected: {(<Change.modified: 2>, '/workspace/app/backend/logs/app_20260527_145141.log')}
2026-05-27 15:15:28,053 - watchfiles.main - DEBUG - 1 change detected: {(<Change.modified: 2>, '/workspace/app/backend/logs/app_20260527_145141.log')}
2026-05-27 15:15:28,404 - watchfiles.main - DEBUG - 1 change detected: {(<Change.modified: 2>, '/workspace/app/backend/logs/app_20260527_145141.log')}
2026-05-27 15:15:28,754 - watchfiles.main - DEBUG - 1 change detected: {(<Change.modified: 2>, '/workspace/app/backend/logs/app_20260527_145141.log')}
2026-05-27 15:15:29,105 - watchfiles.main - DEBUG - 1 change detected: {(<Change.modified: 2>, '/workspace/app/backend/logs/app_20260527_145141.log')}
2026-05-27 15:15:29,456 - watchfiles.main - DEBUG - 1 change detected: {(<Change.modified: 2>, '/workspace/app/backend/logs/app_20260527_145141.log')}
2026-05-27 15:15:29,807 - watchfiles.main - DEBUG - 1 change detected: {(<Change.modified: 2>, '/workspace/app/backend/logs/app_20260527_145141.log')}
2026-05-27 15:15:30,158 - watchfiles.main - DEBUG - 1 change detected: {(<Change.modified: 2>, '/workspace/app/backend/logs/app_20260527_145141.log')}
2026-05-27 15:15:30,509 - watchfiles.main - DEBUG - 1 change detected: {(<Change.modified: 2>, '/workspace/app/backend/logs/app_20260527_145141.log')}
2026-05-27 15:15:30,860 - watchfiles.main - DEBUG - 1 change detected: {(<Change.modified: 2>, '/workspace/app/backend/logs/app_20260527_145141.log')}
2026-05-27 15:15:31,211 - watchfiles.main - DEBUG - 1 change detected: {(<Change.modified: 2>, '/workspace/app/backend/logs/app_20260527_145141.log')}
2026-05-27 15:15:31,562 - watchfiles.main - DEBUG - 1 change detected: {(<Change.modified: 2>, '/workspace/app/backend/logs/app_20260527_145141.log')}
2026-05-27 15:15:31,913 - watchfiles.main - DEBUG - 1 change detected: {(<Change.modified: 2>, '/workspace/app/backend/logs/app_20260527_145141.log')}
2026-05-27 15:15:32,264 - watchfiles.main - DEBUG - 1 change detected: {(<Change.modified: 2>, '/workspace/app/backend/logs/app_20260527_145141.log')}
2026-05-27 15:15:32,615 - watchfiles.main - DEBUG - 1 change detected: {(<Change.modified: 2>, '/workspace/app/backend/logs/app_20260527_145141.log')}
2026-05-27 15:15:32,966 - watchfiles.main - DEBUG - 1 change detected: {(<Change.modified: 2>, '/workspace/app/backend/logs/app_20260527_145141.log')}
2026-05-27 15:15:33,317 - watchfiles.main - DEBUG - 1 change detected: {(<Change.modified: 2>, '/workspace/app/backend/logs/app_20260527_145141.log')}
2026-05-27 15:15:33,668 - watchfiles.main - DEBUG - 1 change detected: {(<Change.modified: 2>, '/workspace/app/backend/logs/app_20260527_145141.log')}
2026-05-27 15:15:34,019 - watchfiles.main - DEBUG - 1 change detected: {(<Change.modified: 2>, '/workspace/app/backend/logs/app_20260527_145141.log')}
2026-05-27 15:15:34,370 - watchfiles.main - DEBUG - 1 change detected: {(<Change.modified: 2>, '/workspace/app/backend/logs/app_20260527_145141.log')}
2026-05-27 15:15:34,721 - watchfiles.main - DEBUG - 1 change detected: {(<Change.modified: 2>, '/workspace/app/backend/logs/app_20260527_145141.log')}
2026-05-27 15:15:35,072 - watchfiles.main - DEBUG - 1 change detected: {(<Change.modified: 2>, '/workspace/app/backend/logs/app_20260527_145141.log')}
2026-05-27 15:15:35,423 - watchfiles.main - DEBUG - 1 change detected: {(<Change.modified: 2>, '/workspace/app/backend/logs/app_20260527_145141.log')}
2026-05-27 15:15:35,774 - watchfiles.main - DEBUG - 1 change detected: {(<Change.modified: 2>, '/workspace/app/backend/logs/app_20260527_145141.log')}
2026-05-27 15:15:36,125 - watchfiles.main - DEBUG - 1 change detected: {(<Change.modified: 2>, '/workspace/app/backend/logs/app_20260527_145141.log')}
2026-05-27 15:15:36,477 - watchfiles.main - DEBUG - 1 change detected: {(<Change.modified: 2>, '/workspace/app/backend/logs/app_20260527_145141.log')}
2026-05-27 15:15:36,828 - watchfiles.main - DEBUG - 1 change detected: {(<Change.modified: 2>, '/workspace/app/backend/logs/app_20260527_145141.log')}
2026-05-27 15:15:37,179 - watchfiles.main - DEBUG - 1 change detected: {(<Change.modified: 2>, '/workspace/app/backend/logs/app_20260527_145141.log')}
2026-05-27 15:15:37,530 - watchfiles.main - DEBUG - 1 change detected: {(<Change.modified: 2>, '/workspace/app/backend/logs/app_20260527_145141.log')}
2026-05-27 15:15:37,881 - watchfiles.main - DEBUG - 1 change detected: {(<Change.modified: 2>, '/workspace/app/backend/logs/app_20260527_145141.log')}
2026-05-27 15:15:38,232 - watchfiles.main - DEBUG - 1 change detected: {(<Change.modified: 2>, '/workspace/app/backend/logs/app_20260527_145141.log')}
2026-05-27 15:15:38,583 - watchfiles.main - DEBUG - 1 change detected: {(<Change.modified: 2>, '/workspace/app/backend/logs/app_20260527_145141.log')}
2026-05-27 15:15:38,934 - watchfiles.main - DEBUG - 1 change detected: {(<Change.modified: 2>, '/workspace/app/backend/logs/app_20260527_145141.log')}
2026-05-27 15:15:39,285 - watchfiles.main - DEBUG - 1 change detected: {(<Change.modified: 2>, '/workspace/app/backend/logs/app_20260527_145141.log')}
2026-05-27 15:15:39,636 - watchfiles.main - DEBUG - 1 change detected: {(<Change.modified: 2>, '/workspace/app/backend/logs/app_20260527_145141.log')}
2026-05-27 15:15:39,987 - watchfiles.main - DEBUG - 1 change detected: {(<Change.modified: 2>, '/workspace/app/backend/logs/app_20260527_145141.log')}
2026-05-27 15:15:40,338 - watchfiles.main - DEBUG - 1 change detected: {(<Change.modified: 2>, '/workspace/app/backend/logs/app_20260527_145141.log')}
2026-05-27 15:15:40,689 - watchfiles.main - DEBUG - 1 change detected: {(<Change.modified: 2>, '/workspace/app/backend/logs/app_20260527_145141.log')}
2026-05-27 15:15:41,040 - watchfiles.main - DEBUG - 1 change detected: {(<Change.modified: 2>, '/workspace/app/backend/logs/app_20260527_145141.log')}
2026-05-27 15:15:41,391 - watchfiles.main - DEBUG - 1 change detected: {(<Change.modified: 2>, '/workspace/app/backend/logs/app_20260527_145141.log')}
2026-05-27 15:15:41,742 - watchfiles.main - DEBUG - 1 change detected: {(<Change.modified: 2>, '/workspace/app/backend/logs/app_20260527_145141.log')}
2026-05-27 15:15:42,093 - watchfiles.main - DEBUG - 1 change detected: {(<Change.modified: 2>, '/workspace/app/backend/logs/app_20260527_145141.log')}
2026-05-27 15:15:42,444 - watchfiles.main - DEBUG - 1 change detected: {(<Change.modified: 2>, '/workspace/app/backend/logs/app_20260527_145141.log')}
2026-05-27 15:15:42,795 - watchfiles.main - DEBUG - 2 changes detected: {(<Change.modified: 2>, '/workspace/app/backend/logs/app_20260527_145141.log'), (<Change.modified: 2>, '/workspace/app/backend/logs/app_20260527_145143.log')}
2026-05-27 15:15:43,146 - watchfiles.main - DEBUG - 2 changes detected: {(<Change.modified: 2>, '/workspace/app/backend/logs/app_20260527_145141.log'), (<Change.modified: 2>, '/workspace/app/backend/logs/app_20260527_145143.log')}
2026-05-27 15:15:43,497 - watchfiles.main - DEBUG - 2 changes detected: {(<Change.modified: 2>, '/workspace/app/backend/logs/app_20260527_145141.log'), (<Change.modified: 2>, '/workspace/app/backend/logs/app_20260527_145143.log')}
2026-05-27 15:15:43,848 - watchfiles.main - DEBUG - 1 change detected: {(<Change.modified: 2>, '/workspace/app/backend/logs/app_20260527_145141.log')}
2026-05-27 15:15:44,199 - watchfiles.main - DEBUG - 1 change detected: {(<Change.modified: 2>, '/workspace/app/backend/logs/app_20260527_145141.log')}
2026-05-27 15:15:44,550 - watchfiles.main - DEBUG - 1 change detected: {(<Change.modified: 2>, '/workspace/app/backend/logs/app_20260527_145141.log')}
2026-05-27 15:15:44,901 - watchfiles.main - DEBUG - 1 change detected: {(<Change.modified: 2>, '/workspace/app/backend/logs/app_20260527_145141.log')}
2026-05-27 15:15:45,252 - watchfiles.main - DEBUG - 1 change detected: {(<Change.modified: 2>, '/workspace/app/backend/logs/app_20260527_145141.log')}
2026-05-27 15:15:45,603 - watchfiles.main - DEBUG - 1 change detected: {(<Change.modified: 2>, '/workspace/app/backend/logs/app_20260527_145141.log')}
2026-05-27 15:15:45,954 - watchfiles.main - DEBUG - 1 change detected: {(<Change.modified: 2>, '/workspace/app/backend/logs/app_20260527_145141.log')}
2026-05-27 15:15:46,305 - watchfiles.main - DEBUG - 1 change detected: {(<Change.modified: 2>, '/workspace/app/backend/logs/app_20260527_145141.log')}
2026-05-27 15:15:46,656 - watchfiles.main - DEBUG - 1 change detected: {(<Change.modified: 2>, '/workspace/app/backend/logs/app_20260527_145141.log')}
2026-05-27 15:15:47,007 - watchfiles.main - DEBUG - 1 change detected: {(<Change.modified: 2>, '/workspace/app/backend/logs/app_20260527_145141.log')}
2026-05-27 15:15:47,358 - watchfiles.main - DEBUG - 1 change detected: {(<Change.modified: 2>, '/workspace/app/backend/logs/app_20260527_145141.log')}
2026-05-27 15:15:47,709 - watchfiles.main - DEBUG - 1 change detected: {(<Change.modified: 2>, '/workspace/app/backend/logs/app_20260527_145141.log')}
2026-05-27 15:15:48,060 - watchfiles.main - DEBUG - 1 change detected: {(<Change.modified: 2>, '/workspace/app/backend/logs/app_20260527_145141.log')}
2026-05-27 15:15:48,411 - watchfiles.main - DEBUG - 1 change detected: {(<Change.modified: 2>, '/workspace/app/backend/logs/app_20260527_145141.log')}
2026-05-27 15:15:48,762 - watchfiles.main - DEBUG - 1 change detected: {(<Change.modified: 2>, '/workspace/app/backend/logs/app_20260527_145141.log')}
2026-05-27 15:15:49,113 - watchfiles.main - DEBUG - 1 change detected: {(<Change.modified: 2>, '/workspace/app/backend/logs/app_20260527_145141.log')}
2026-05-27 15:15:49,464 - watchfiles.main - DEBUG - 1 change detected: {(<Change.modified: 2>, '/workspace/app/backend/logs/app_20260527_145141.log')}
2026-05-27 15:15:49,815 - watchfiles.main - DEBUG - 1 change detected: {(<Change.modified: 2>, '/workspace/app/backend/logs/app_20260527_145141.log')}
2026-05-27 15:15:50,166 - watchfiles.main - DEBUG - 1 change detected: {(<Change.modified: 2>, '/workspace/app/backend/logs/app_20260527_145141.log')}
2026-05-27 15:15:50,517 - watchfiles.main - DEBUG - 1 change detected: {(<Change.modified: 2>, '/workspace/app/backend/logs/app_20260527_145141.log')}
2026-05-27 15:15:50,868 - watchfiles.main - DEBUG - 1 change detected: {(<Change.modified: 2>, '/workspace/app/backend/logs/app_20260527_145141.log')}
2026-05-27 15:15:51,219 - watchfiles.main - DEBUG - 1 change detected: {(<Change.modified: 2>, '/workspace/app/backend/logs/app_20260527_145141.log')}
2026-05-27 15:15:51,570 - watchfiles.main - DEBUG - 1 change detected: {(<Change.modified: 2>, '/workspace/app/backend/logs/app_20260527_145141.log')}
2026-05-27 15:15:51,921 - watchfiles.main - DEBUG - 1 change detected: {(<Change.modified: 2>, '/workspace/app/backend/logs/app_20260527_145141.log')}
2026-05-27 15:15:52,272 - watchfiles.main - DEBUG - 1 change detected: {(<Change.modified: 2>, '/workspace/app/backend/logs/app_20260527_145141.log')}
2026-05-27 15:15:52,623 - watchfiles.main - DEBUG - 1 change detected: {(<Change.modified: 2>, '/workspace/app/backend/logs/app_20260527_145141.log')}
2026-05-27 15:15:52,974 - watchfiles.main - DEBUG - 1 change detected: {(<Change.modified: 2>, '/workspace/app/backend/logs/app_20260527_145141.log')}
2026-05-27 15:15:53,325 - watchfiles.main - DEBUG - 1 change detected: {(<Change.modified: 2>, '/workspace/app/backend/logs/app_20260527_145141.log')}
2026-05-27 15:15:53,676 - watchfiles.main - DEBUG - 1 change detected: {(<Change.modified: 2>, '/workspace/app/backend/logs/app_20260527_145141.log')}
2026-05-27 15:15:54,027 - watchfiles.main - DEBUG - 1 change detected: {(<Change.modified: 2>, '/workspace/app/backend/logs/app_20260527_145141.log')}
2026-05-27 15:15:54,378 - watchfiles.main - DEBUG - 1 change detected: {(<Change.modified: 2>, '/workspace/app/backend/logs/app_20260527_145141.log')}
2026-05-27 15:15:54,729 - watchfiles.main - DEBUG - 1 change detected: {(<Change.modified: 2>, '/workspace/app/backend/logs/app_20260527_145141.log')}
2026-05-27 15:15:55,080 - watchfiles.main - DEBUG - 1 change detected: {(<Change.modified: 2>, '/workspace/app/backend/logs/app_20260527_145141.log')}
2026-05-27 15:15:55,431 - watchfiles.main - DEBUG - 1 change detected: {(<Change.modified: 2>, '/workspace/app/backend/logs/app_20260527_145141.log')}
2026-05-27 15:15:55,782 - watchfiles.main - DEBUG - 1 change detected: {(<Change.modified: 2>, '/workspace/app/backend/logs/app_20260527_145141.log')}
2026-05-27 15:15:56,133 - watchfiles.main - DEBUG - 1 change detected: {(<Change.modified: 2>, '/workspace/app/backend/logs/app_20260527_145141.log')}
2026-05-27 15:15:56,484 - watchfiles.main - DEBUG - 1 change detected: {(<Change.modified: 2>, '/workspace/app/backend/logs/app_20260527_145141.log')}
2026-05-27 15:15:56,835 - watchfiles.main - DEBUG - 1 change detected: {(<Change.modified: 2>, '/workspace/app/backend/logs/app_20260527_145141.log')}
2026-05-27 15:15:57,187 - watchfiles.main - DEBUG - 1 change detected: {(<Change.modified: 2>, '/workspace/app/backend/logs/app_20260527_145141.log')}
2026-05-27 15:15:57,537 - watchfiles.main - DEBUG - 1 change detected: {(<Change.modified: 2>, '/workspace/app/backend/logs/app_20260527_145141.log')}
2026-05-27 15:15:57,888 - watchfiles.main - DEBUG - 1 change detected: {(<Change.modified: 2>, '/workspace/app/backend/logs/app_20260527_145141.log')}
2026-05-27 15:15:58,239 - watchfiles.main - DEBUG - 1 change detected: {(<Change.modified: 2>, '/workspace/app/backend/logs/app_20260527_145141.log')}
2026-05-27 15:15:58,590 - watchfiles.main - DEBUG - 1 change detected: {(<Change.modified: 2>, '/workspace/app/backend/logs/app_20260527_145141.log')}
2026-05-27 15:15:58,941 - watchfiles.main - DEBUG - 1 change detected: {(<Change.modified: 2>, '/workspace/app/backend/logs/app_20260527_145141.log')}
2026-05-27 15:15:59,292 - watchfiles.main - DEBUG - 1 change detected: {(<Change.modified: 2>, '/workspace/app/backend/logs/app_20260527_145141.log')}
2026-05-27 15:15:59,643 - watchfiles.main - DEBUG - 1 change detected: {(<Change.modified: 2>, '/workspace/app/backend/logs/app_20260527_145141.log')}
2026-05-27 15:15:59,994 - watchfiles.main - DEBUG - 1 change detected: {(<Change.modified: 2>, '/workspace/app/backend/logs/app_20260527_145141.log')}
2026-05-27 15:16:00,345 - watchfiles.main - DEBUG - 1 change detected: {(<Change.modified: 2>, '/workspace/app/backend/logs/app_20260527_145141.log')}
2026-05-27 15:16:00,696 - watchfiles.main - DEBUG - 1 change detected: {(<Change.modified: 2>, '/workspace/app/backend/logs/app_20260527_145141.log')}
2026-05-27 15:16:01,047 - watchfiles.main - DEBUG - 1 change detected: {(<Change.modified: 2>, '/workspace/app/backend/logs/app_20260527_145141.log')}
2026-05-27 15:16:01,398 - watchfiles.main - DEBUG - 1 change detected: {(<Change.modified: 2>, '/workspace/app/backend/logs/app_20260527_145141.log')}
2026-05-27 15:16:01,749 - watchfiles.main - DEBUG - 1 change detected: {(<Change.modified: 2>, '/workspace/app/backend/logs/app_20260527_145141.log')}
2026-05-27 15:16:02,100 - watchfiles.main - DEBUG - 1 change detected: {(<Change.modified: 2>, '/workspace/app/backend/logs/app_20260527_145141.log')}
2026-05-27 15:16:02,450 - watchfiles.main - DEBUG - 1 change detected: {(<Change.modified: 2>, '/workspace/app/backend/logs/app_20260527_145141.log')}
2026-05-27 15:16:02,801 - watchfiles.main - DEBUG - 1 change detected: {(<Change.modified: 2>, '/workspace/app/backend/logs/app_20260527_145141.log')}
2026-05-27 15:16:03,152 - watchfiles.main - DEBUG - 1 change detected: {(<Change.modified: 2>, '/workspace/app/backend/logs/app_20260527_145141.log')}
2026-05-27 15:16:03,503 - watchfiles.main - DEBUG - 1 change detected: {(<Change.modified: 2>, '/workspace/app/backend/logs/app_20260527_145141.log')}
2026-05-27 15:16:03,854 - watchfiles.main - DEBUG - 1 change detected: {(<Change.modified: 2>, '/workspace/app/backend/logs/app_20260527_145141.log')}
2026-05-27 15:16:04,205 - watchfiles.main - DEBUG - 1 change detected: {(<Change.modified: 2>, '/workspace/app/backend/logs/app_20260527_145141.log')}
2026-05-27 15:16:04,556 - watchfiles.main - DEBUG - 1 change detected: {(<Change.modified: 2>, '/workspace/app/backend/logs/app_20260527_145141.log')}
2026-05-27 15:16:04,907 - watchfiles.main - DEBUG - 1 change detected: {(<Change.modified: 2>, '/workspace/app/backend/logs/app_20260527_145141.log')}
2026-05-27 15:16:05,258 - watchfiles.main - DEBUG - 1 change detected: {(<Change.modified: 2>, '/workspace/app/backend/logs/app_20260527_145141.log')}
2026-05-27 15:16:05,609 - watchfiles.main - DEBUG - 1 change detected: {(<Change.modified: 2>, '/workspace/app/backend/logs/app_20260527_145141.log')}
2026-05-27 15:16:05,961 - watchfiles.main - DEBUG - 1 change detected: {(<Change.modified: 2>, '/workspace/app/backend/logs/app_20260527_145141.log')}
2026-05-27 15:16:06,312 - watchfiles.main - DEBUG - 1 change detected: {(<Change.modified: 2>, '/workspace/app/backend/logs/app_20260527_145141.log')}
2026-05-27 15:16:06,662 - watchfiles.main - DEBUG - 1 change detected: {(<Change.modified: 2>, '/workspace/app/backend/logs/app_20260527_145141.log')}
2026-05-27 15:16:07,013 - watchfiles.main - DEBUG - 1 change detected: {(<Change.modified: 2>, '/workspace/app/backend/logs/app_20260527_145141.log')}
2026-05-27 15:16:07,365 - watchfiles.main - DEBUG - 1 change detected: {(<Change.modified: 2>, '/workspace/app/backend/logs/app_20260527_145141.log')}
2026-05-27 15:16:07,716 - watchfiles.main - DEBUG - 1 change detected: {(<Change.modified: 2>, '/workspace/app/backend/logs/app_20260527_145141.log')}
2026-05-27 15:16:08,067 - watchfiles.main - DEBUG - 1 change detected: {(<Change.modified: 2>, '/workspace/app/backend/logs/app_20260527_145141.log')}
2026-05-27 15:16:08,417 - watchfiles.main - DEBUG - 1 change detected: {(<Change.modified: 2>, '/workspace/app/backend/logs/app_20260527_145141.log')}
2026-05-27 15:16:08,768 - watchfiles.main - DEBUG - 1 change detected: {(<Change.modified: 2>, '/workspace/app/backend/logs/app_20260527_145141.log')}
2026-05-27 15:16:09,119 - watchfiles.main - DEBUG - 1 change detected: {(<Change.modified: 2>, '/workspace/app/backend/logs/app_20260527_145141.log')}
2026-05-27 15:16:09,471 - watchfiles.main - DEBUG - 1 change detected: {(<Change.modified: 2>, '/workspace/app/backend/logs/app_20260527_145141.log')}
2026-05-27 15:16:09,822 - watchfiles.main - DEBUG - 1 change detected: {(<Change.modified: 2>, '/workspace/app/backend/logs/app_20260527_145141.log')}
2026-05-27 15:16:10,173 - watchfiles.main - DEBUG - 1 change detected: {(<Change.modified: 2>, '/workspace/app/backend/logs/app_20260527_145141.log')}
2026-05-27 15:16:10,525 - watchfiles.main - DEBUG - 1 change detected: {(<Change.modified: 2>, '/workspace/app/backend/logs/app_20260527_145141.log')}
2026-05-27 15:16:10,878 - watchfiles.main - DEBUG - 1 change detected: {(<Change.modified: 2>, '/workspace/app/backend/logs/app_20260527_145141.log')}
2026-05-27 15:16:11,229 - watchfiles.main - DEBUG - 1 change detected: {(<Change.modified: 2>, '/workspace/app/backend/logs/app_20260527_145141.log')}
2026-05-27 15:16:11,580 - watchfiles.main - DEBUG - 1 change detected: {(<Change.modified: 2>, '/workspace/app/backend/logs/app_20260527_145141.log')}
2026-05-27 15:16:11,931 - watchfiles.main - DEBUG - 1 change detected: {(<Change.modified: 2>, '/workspace/app/backend/logs/app_20260527_145141.log')}
2026-05-27 15:16:12,282 - watchfiles.main - DEBUG - 1 change detected: {(<Change.modified: 2>, '/workspace/app/backend/logs/app_20260527_145141.log')}
2026-05-27 15:16:12,633 - watchfiles.main - DEBUG - 1 change detected: {(<Change.modified: 2>, '/workspace/app/backend/logs/app_20260527_145141.log')}
2026-05-27 15:16:12,984 - watchfiles.main - DEBUG - 1 change detected: {(<Change.modified: 2>, '/workspace/app/backend/logs/app_20260527_145141.log')}
2026-05-27 15:16:13,335 - watchfiles.main - DEBUG - 2 changes detected: {(<Change.modified: 2>, '/workspace/app/backend/logs/app_20260527_145141.log'), (<Change.modified: 2>, '/workspace/app/backend/logs/app_20260527_145143.log')}
2026-05-27 15:16:13,736 - watchfiles.main - DEBUG - 2 changes detected: {(<Change.modified: 2>, '/workspace/app/backend/logs/app_20260527_145141.log'), (<Change.modified: 2>, '/workspace/app/backend/logs/app_20260527_145143.log')}
2026-05-27 15:16:14,088 - watchfiles.main - DEBUG - 1 change detected: {(<Change.modified: 2>, '/workspace/app/backend/logs/app_20260527_145141.log')}
2026-05-27 15:16:14,439 - watchfiles.main - DEBUG - 1 change detected: {(<Change.modified: 2>, '/workspace/app/backend/logs/app_20260527_145141.log')}
2026-05-27 15:16:14,790 - watchfiles.main - DEBUG - 1 change detected: {(<Change.modified: 2>, '/workspace/app/backend/logs/app_20260527_145141.log')}
2026-05-27 15:16:15,141 - watchfiles.main - DEBUG - 1 change detected: {(<Change.modified: 2>, '/workspace/app/backend/logs/app_20260527_145141.log')}
2026-05-27 15:16:15,492 - watchfiles.main - DEBUG - 1 change detected: {(<Change.modified: 2>, '/workspace/app/backend/logs/app_20260527_145141.log')}
2026-05-27 15:16:15,842 - watchfiles.main - DEBUG - 1 change detected: {(<Change.modified: 2>, '/workspace/app/backend/logs/app_20260527_145141.log')}
2026-05-27 15:16:16,193 - watchfiles.main - DEBUG - 1 change detected: {(<Change.modified: 2>, '/workspace/app/backend/logs/app_20260527_145141.log')}
2026-05-27 15:16:16,544 - watchfiles.main - DEBUG - 1 change detected: {(<Change.modified: 2>, '/workspace/app/backend/logs/app_20260527_145141.log')}
2026-05-27 15:16:16,895 - watchfiles.main - DEBUG - 1 change detected: {(<Change.modified: 2>, '/workspace/app/backend/logs/app_20260527_145141.log')}
2026-05-27 15:16:17,246 - watchfiles.main - DEBUG - 1 change detected: {(<Change.modified: 2>, '/workspace/app/backend/logs/app_20260527_145141.log')}
2026-05-27 15:16:17,597 - watchfiles.main - DEBUG - 1 change detected: {(<Change.modified: 2>, '/workspace/app/backend/logs/app_20260527_145141.log')}
2026-05-27 15:16:17,948 - watchfiles.main - DEBUG - 1 change detected: {(<Change.modified: 2>, '/workspace/app/backend/logs/app_20260527_145141.log')}
2026-05-27 15:16:18,299 - watchfiles.main - DEBUG - 1 change detected: {(<Change.modified: 2>, '/workspace/app/backend/logs/app_20260527_145141.log')}
2026-05-27 15:16:18,650 - watchfiles.main - DEBUG - 1 change detected: {(<Change.modified: 2>, '/workspace/app/backend/logs/app_20260527_145141.log')}
2026-05-27 15:16:19,001 - watchfiles.main - DEBUG - 1 change detected: {(<Change.modified: 2>, '/workspace/app/backend/logs/app_20260527_145141.log')}
2026-05-27 15:16:19,352 - watchfiles.main - DEBUG - 1 change detected: {(<Change.modified: 2>, '/workspace/app/backend/logs/app_20260527_145141.log')}
2026-05-27 15:16:19,703 - watchfiles.main - DEBUG - 1 change detected: {(<Change.modified: 2>, '/workspace/app/backend/logs/app_20260527_145141.log')}
2026-05-27 15:16:20,054 - watchfiles.main - DEBUG - 1 change detected: {(<Change.modified: 2>, '/workspace/app/backend/logs/app_20260527_145141.log')}
2026-05-27 15:16:20,405 - watchfiles.main - DEBUG - 1 change detected: {(<Change.modified: 2>, '/workspace/app/backend/logs/app_20260527_145141.log')}
2026-05-27 15:16:20,756 - watchfiles.main - DEBUG - 1 change detected: {(<Change.modified: 2>, '/workspace/app/backend/logs/app_20260527_145141.log')}
2026-05-27 15:16:21,107 - watchfiles.main - DEBUG - 1 change detected: {(<Change.modified: 2>, '/workspace/app/backend/logs/app_20260527_145141.log')}
2026-05-27 15:16:21,458 - watchfiles.main - DEBUG - 1 change detected: {(<Change.modified: 2>, '/workspace/app/backend/logs/app_20260527_145141.log')}
2026-05-27 15:16:21,809 - watchfiles.main - DEBUG - 1 change detected: {(<Change.modified: 2>, '/workspace/app/backend/logs/app_20260527_145141.log')}
2026-05-27 15:16:22,160 - watchfiles.main - DEBUG - 1 change detected: {(<Change.modified: 2>, '/workspace/app/backend/logs/app_20260527_145141.log')}
2026-05-27 15:16:22,510 - watchfiles.main - DEBUG - 1 change detected: {(<Change.modified: 2>, '/workspace/app/backend/logs/app_20260527_145141.log')}
2026-05-27 15:16:22,861 - watchfiles.main - DEBUG - 1 change detected: {(<Change.modified: 2>, '/workspace/app/backend/logs/app_20260527_145141.log')}
2026-05-27 15:16:23,212 - watchfiles.main - DEBUG - 1 change detected: {(<Change.modified: 2>, '/workspace/app/backend/logs/app_20260527_145141.log')}
2026-05-27 15:16:23,563 - watchfiles.main - DEBUG - 1 change detected: {(<Change.modified: 2>, '/workspace/app/backend/logs/app_20260527_145141.log')}
2026-05-27 15:16:23,914 - watchfiles.main - DEBUG - 1 change detected: {(<Change.modified: 2>, '/workspace/app/backend/logs/app_20260527_145141.log')}
2026-05-27 15:16:24,265 - watchfiles.main - DEBUG - 1 change detected: {(<Change.modified: 2>, '/workspace/app/backend/logs/app_20260527_145141.log')}
2026-05-27 15:16:24,616 - watchfiles.main - DEBUG - 1 change detected: {(<Change.modified: 2>, '/workspace/app/backend/logs/app_20260527_145141.log')}
2026-05-27 15:16:24,967 - watchfiles.main - DEBUG - 1 change detected: {(<Change.modified: 2>, '/workspace/app/backend/logs/app_20260527_145141.log')}
2026-05-27 15:16:25,317 - watchfiles.main - DEBUG - 1 change detected: {(<Change.modified: 2>, '/workspace/app/backend/logs/app_20260527_145141.log')}
2026-05-27 15:16:25,669 - watchfiles.main - DEBUG - 1 change detected: {(<Change.modified: 2>, '/workspace/app/backend/logs/app_20260527_145141.log')}
2026-05-27 15:16:26,021 - watchfiles.main - DEBUG - 1 change detected: {(<Change.modified: 2>, '/workspace/app/backend/logs/app_20260527_145141.log')}
2026-05-27 15:16:26,372 - watchfiles.main - DEBUG - 1 change detected: {(<Change.modified: 2>, '/workspace/app/backend/logs/app_20260527_145141.log')}
2026-05-27 15:16:26,723 - watchfiles.main - DEBUG - 1 change detected: {(<Change.modified: 2>, '/workspace/app/backend/logs/app_20260527_145141.log')}
2026-05-27 15:16:27,074 - watchfiles.main - DEBUG - 1 change detected: {(<Change.modified: 2>, '/workspace/app/backend/logs/app_20260527_145141.log')}
2026-05-27 15:16:27,425 - watchfiles.main - DEBUG - 1 change detected: {(<Change.modified: 2>, '/workspace/app/backend/logs/app_20260527_145141.log')}
2026-05-27 15:16:27,776 - watchfiles.main - DEBUG - 1 change detected: {(<Change.modified: 2>, '/workspace/app/backend/logs/app_20260527_145141.log')}
2026-05-27 15:16:28,127 - watchfiles.main - DEBUG - 1 change detected: {(<Change.modified: 2>, '/workspace/app/backend/logs/app_20260527_145141.log')}
2026-05-27 15:16:28,478 - watchfiles.main - DEBUG - 1 change detected: {(<Change.modified: 2>, '/workspace/app/backend/logs/app_20260527_145141.log')}
2026-05-27 15:16:28,829 - watchfiles.main - DEBUG - 1 change detected: {(<Change.modified: 2>, '/workspace/app/backend/logs/app_20260527_145141.log')}
2026-05-27 15:16:29,179 - watchfiles.main - DEBUG - 1 change detected: {(<Change.modified: 2>, '/workspace/app/backend/logs/app_20260527_145141.log')}
2026-05-27 15:16:29,530 - watchfiles.main - DEBUG - 1 change detected: {(<Change.modified: 2>, '/workspace/app/backend/logs/app_20260527_145141.log')}
2026-05-27 15:16:29,881 - watchfiles.main - DEBUG - 1 change detected: {(<Change.modified: 2>, '/workspace/app/backend/logs/app_20260527_145141.log')}
2026-05-27 15:16:30,232 - watchfiles.main - DEBUG - 1 change detected: {(<Change.modified: 2>, '/workspace/app/backend/logs/app_20260527_145141.log')}
2026-05-27 15:16:30,583 - watchfiles.main - DEBUG - 1 change detected: {(<Change.modified: 2>, '/workspace/app/backend/logs/app_20260527_145141.log')}
2026-05-27 15:16:30,934 - watchfiles.main - DEBUG - 1 change detected: {(<Change.modified: 2>, '/workspace/app/backend/logs/app_20260527_145141.log')}
2026-05-27 15:16:31,285 - watchfiles.main - DEBUG - 1 change detected: {(<Change.modified: 2>, '/workspace/app/backend/logs/app_20260527_145141.log')}
2026-05-27 15:16:31,636 - watchfiles.main - DEBUG - 1 change detected: {(<Change.modified: 2>, '/workspace/app/backend/logs/app_20260527_145141.log')}
2026-05-27 15:16:31,987 - watchfiles.main - DEBUG - 1 change detected: {(<Change.modified: 2>, '/workspace/app/backend/logs/app_20260527_145141.log')}
2026-05-27 15:16:32,338 - watchfiles.main - DEBUG - 1 change detected: {(<Change.modified: 2>, '/workspace/app/backend/logs/app_20260527_145141.log')}
2026-05-27 15:16:32,689 - watchfiles.main - DEBUG - 1 change detected: {(<Change.modified: 2>, '/workspace/app/backend/logs/app_20260527_145141.log')}
2026-05-27 15:16:33,042 - watchfiles.main - DEBUG - 1 change detected: {(<Change.modified: 2>, '/workspace/app/backend/logs/app_20260527_145141.log')}
2026-05-27 15:16:33,393 - watchfiles.main - DEBUG - 1 change detected: {(<Change.modified: 2>, '/workspace/app/backend/logs/app_20260527_145141.log')}
2026-05-27 15:16:33,743 - watchfiles.main - DEBUG - 1 change detected: {(<Change.modified: 2>, '/workspace/app/backend/logs/app_20260527_145141.log')}
2026-05-27 15:16:34,094 - watchfiles.main - DEBUG - 1 change detected: {(<Change.modified: 2>, '/workspace/app/backend/logs/app_20260527_145141.log')}
2026-05-27 15:16:34,445 - watchfiles.main - DEBUG - 1 change detected: {(<Change.modified: 2>, '/workspace/app/backend/logs/app_20260527_145141.log')}
2026-05-27 15:16:34,796 - watchfiles.main - DEBUG - 1 change detected: {(<Change.modified: 2>, '/workspace/app/backend/logs/app_20260527_145141.log')}
2026-05-27 15:16:35,147 - watchfiles.main - DEBUG - 1 change detected: {(<Change.modified: 2>, '/workspace/app/backend/logs/app_20260527_145141.log')}
2026-05-27 15:16:35,498 - watchfiles.main - DEBUG - 1 change detected: {(<Change.modified: 2>, '/workspace/app/backend/logs/app_20260527_145141.log')}
2026-05-27 15:16:35,850 - watchfiles.main - DEBUG - 1 change detected: {(<Change.modified: 2>, '/workspace/app/backend/logs/app_20260527_145141.log')}
2026-05-27 15:16:36,201 - watchfiles.main - DEBUG - 1 change detected: {(<Change.modified: 2>, '/workspace/app/backend/logs/app_20260527_145141.log')}
2026-05-27 15:16:36,552 - watchfiles.main - DEBUG - 1 change detected: {(<Change.modified: 2>, '/workspace/app/backend/logs/app_20260527_145141.log')}
2026-05-27 15:16:36,903 - watchfiles.main - DEBUG - 1 change detected: {(<Change.modified: 2>, '/workspace/app/backend/logs/app_20260527_145141.log')}
2026-05-27 15:16:37,254 - watchfiles.main - DEBUG - 1 change detected: {(<Change.modified: 2>, '/workspace/app/backend/logs/app_20260527_145141.log')}
2026-05-27 15:16:37,605 - watchfiles.main - DEBUG - 1 change detected: {(<Change.modified: 2>, '/workspace/app/backend/logs/app_20260527_145141.log')}
2026-05-27 15:16:37,956 - watchfiles.main - DEBUG - 1 change detected: {(<Change.modified: 2>, '/workspace/app/backend/logs/app_20260527_145141.log')}
2026-05-27 15:16:38,307 - watchfiles.main - DEBUG - 1 change detected: {(<Change.modified: 2>, '/workspace/app/backend/logs/app_20260527_145141.log')}
2026-05-27 15:16:38,658 - watchfiles.main - DEBUG - 1 change detected: {(<Change.modified: 2>, '/workspace/app/backend/logs/app_20260527_145141.log')}
2026-05-27 15:16:39,009 - watchfiles.main - DEBUG - 1 change detected: {(<Change.modified: 2>, '/workspace/app/backend/logs/app_20260527_145141.log')}
2026-05-27 15:16:39,360 - watchfiles.main - DEBUG - 1 change detected: {(<Change.modified: 2>, '/workspace/app/backend/logs/app_20260527_145141.log')}
2026-05-27 15:16:39,710 - watchfiles.main - DEBUG - 1 change detected: {(<Change.modified: 2>, '/workspace/app/backend/logs/app_20260527_145141.log')}
2026-05-27 15:16:40,061 - watchfiles.main - DEBUG - 1 change detected: {(<Change.modified: 2>, '/workspace/app/backend/logs/app_20260527_145141.log')}
2026-05-27 15:16:40,412 - watchfiles.main - DEBUG - 1 change detected: {(<Change.modified: 2>, '/workspace/app/backend/logs/app_20260527_145141.log')}
2026-05-27 15:16:40,763 - watchfiles.main - DEBUG - 1 change detected: {(<Change.modified: 2>, '/workspace/app/backend/logs/app_20260527_145141.log')}
2026-05-27 15:16:41,114 - watchfiles.main - DEBUG - 1 change detected: {(<Change.modified: 2>, '/workspace/app/backend/logs/app_20260527_145141.log')}
2026-05-27 15:16:41,465 - watchfiles.main - DEBUG - 1 change detected: {(<Change.modified: 2>, '/workspace/app/backend/logs/app_20260527_145141.log')}
2026-05-27 15:16:41,818 - watchfiles.main - DEBUG - 1 change detected: {(<Change.modified: 2>, '/workspace/app/backend/logs/app_20260527_145141.log')}
2026-05-27 15:16:42,171 - watchfiles.main - DEBUG - 1 change detected: {(<Change.modified: 2>, '/workspace/app/backend/logs/app_20260527_145141.log')}
2026-05-27 15:16:42,522 - watchfiles.main - DEBUG - 1 change detected: {(<Change.modified: 2>, '/workspace/app/backend/logs/app_20260527_145141.log')}
2026-05-27 15:16:42,873 - watchfiles.main - DEBUG - 1 change detected: {(<Change.modified: 2>, '/workspace/app/backend/logs/app_20260527_145141.log')}
2026-05-27 15:16:43,224 - watchfiles.main - DEBUG - 2 changes detected: {(<Change.modified: 2>, '/workspace/app/backend/logs/app_20260527_145141.log'), (<Change.modified: 2>, '/workspace/app/backend/logs/app_20260527_145143.log')}
2026-05-27 15:16:43,625 - watchfiles.main - DEBUG - 2 changes detected: {(<Change.modified: 2>, '/workspace/app/backend/logs/app_20260527_145141.log'), (<Change.modified: 2>, '/workspace/app/backend/logs/app_20260527_145143.log')}
2026-05-27 15:16:43,976 - watchfiles.main - DEBUG - 1 change detected: {(<Change.modified: 2>, '/workspace/app/backend/logs/app_20260527_145141.log')}
2026-05-27 15:16:44,326 - watchfiles.main - DEBUG - 1 change detected: {(<Change.modified: 2>, '/workspace/app/backend/logs/app_20260527_145141.log')}
2026-05-27 15:16:44,677 - watchfiles.main - DEBUG - 1 change detected: {(<Change.modified: 2>, '/workspace/app/backend/logs/app_20260527_145141.log')}
2026-05-27 15:16:45,028 - watchfiles.main - DEBUG - 1 change detected: {(<Change.modified: 2>, '/workspace/app/backend/logs/app_20260527_145141.log')}
2026-05-27 15:16:45,379 - watchfiles.main - DEBUG - 1 change detected: {(<Change.modified: 2>, '/workspace/app/backend/logs/app_20260527_145141.log')}
2026-05-27 15:16:45,730 - watchfiles.main - DEBUG - 1 change detected: {(<Change.modified: 2>, '/workspace/app/backend/logs/app_20260527_145141.log')}
2026-05-27 15:16:46,081 - watchfiles.main - DEBUG - 1 change detected: {(<Change.modified: 2>, '/workspace/app/backend/logs/app_20260527_145141.log')}
2026-05-27 15:16:46,432 - watchfiles.main - DEBUG - 1 change detected: {(<Change.modified: 2>, '/workspace/app/backend/logs/app_20260527_145141.log')}
2026-05-27 15:16:46,783 - watchfiles.main - DEBUG - 1 change detected: {(<Change.modified: 2>, '/workspace/app/backend/logs/app_20260527_145141.log')}
2026-05-27 15:16:47,134 - watchfiles.main - DEBUG - 1 change detected: {(<Change.modified: 2>, '/workspace/app/backend/logs/app_20260527_145141.log')}
2026-05-27 15:16:47,485 - watchfiles.main - DEBUG - 1 change detected: {(<Change.modified: 2>, '/workspace/app/backend/logs/app_20260527_145141.log')}
2026-05-27 15:16:47,836 - watchfiles.main - DEBUG - 1 change detected: {(<Change.modified: 2>, '/workspace/app/backend/logs/app_20260527_145141.log')}
2026-05-27 15:16:48,187 - watchfiles.main - DEBUG - 1 change detected: {(<Change.modified: 2>, '/workspace/app/backend/logs/app_20260527_145141.log')}
2026-05-27 15:16:48,538 - watchfiles.main - DEBUG - 1 change detected: {(<Change.modified: 2>, '/workspace/app/backend/logs/app_20260527_145141.log')}
2026-05-27 15:16:48,889 - watchfiles.main - DEBUG - 1 change detected: {(<Change.modified: 2>, '/workspace/app/backend/logs/app_20260527_145141.log')}
2026-05-27 15:16:49,240 - watchfiles.main - DEBUG - 1 change detected: {(<Change.modified: 2>, '/workspace/app/backend/logs/app_20260527_145141.log')}
2026-05-27 15:16:49,591 - watchfiles.main - DEBUG - 1 change detected: {(<Change.modified: 2>, '/workspace/app/backend/logs/app_20260527_145141.log')}
2026-05-27 15:16:49,942 - watchfiles.main - DEBUG - 1 change detected: {(<Change.modified: 2>, '/workspace/app/backend/logs/app_20260527_145141.log')}
2026-05-27 15:16:50,293 - watchfiles.main - DEBUG - 1 change detected: {(<Change.modified: 2>, '/workspace/app/backend/logs/app_20260527_145141.log')}
2026-05-27 15:16:50,644 - watchfiles.main - DEBUG - 1 change detected: {(<Change.modified: 2>, '/workspace/app/backend/logs/app_20260527_145141.log')}
2026-05-27 15:16:50,995 - watchfiles.main - DEBUG - 1 change detected: {(<Change.modified: 2>, '/workspace/app/backend/logs/app_20260527_145141.log')}
2026-05-27 15:16:51,346 - watchfiles.main - DEBUG - 1 change detected: {(<Change.modified: 2>, '/workspace/app/backend/logs/app_20260527_145141.log')}
2026-05-27 15:16:51,697 - watchfiles.main - DEBUG - 1 change detected: {(<Change.modified: 2>, '/workspace/app/backend/logs/app_20260527_145141.log')}
2026-05-27 15:16:52,048 - watchfiles.main - DEBUG - 1 change detected: {(<Change.modified: 2>, '/workspace/app/backend/logs/app_20260527_145141.log')}
2026-05-27 15:16:52,399 - watchfiles.main - DEBUG - 1 change detected: {(<Change.modified: 2>, '/workspace/app/backend/logs/app_20260527_145141.log')}
2026-05-27 15:16:52,750 - watchfiles.main - DEBUG - 1 change detected: {(<Change.modified: 2>, '/workspace/app/backend/logs/app_20260527_145141.log')}
2026-05-27 15:16:53,101 - watchfiles.main - DEBUG - 1 change detected: {(<Change.modified: 2>, '/workspace/app/backend/logs/app_20260527_145141.log')}
2026-05-27 15:16:53,452 - watchfiles.main - DEBUG - 1 change detected: {(<Change.modified: 2>, '/workspace/app/backend/logs/app_20260527_145141.log')}
2026-05-27 15:16:53,803 - watchfiles.main - DEBUG - 1 change detected: {(<Change.modified: 2>, '/workspace/app/backend/logs/app_20260527_145141.log')}
2026-05-27 15:16:54,154 - watchfiles.main - DEBUG - 1 change detected: {(<Change.modified: 2>, '/workspace/app/backend/logs/app_20260527_145141.log')}
2026-05-27 15:16:54,505 - watchfiles.main - DEBUG - 1 change detected: {(<Change.modified: 2>, '/workspace/app/backend/logs/app_20260527_145141.log')}
2026-05-27 15:16:54,856 - watchfiles.main - DEBUG - 1 change detected: {(<Change.modified: 2>, '/workspace/app/backend/logs/app_20260527_145141.log')}
2026-05-27 15:16:55,207 - watchfiles.main - DEBUG - 1 change detected: {(<Change.modified: 2>, '/workspace/app/backend/logs/app_20260527_145141.log')}
2026-05-27 15:16:55,558 - watchfiles.main - DEBUG - 1 change detected: {(<Change.modified: 2>, '/workspace/app/backend/logs/app_20260527_145141.log')}
2026-05-27 15:16:55,909 - watchfiles.main - DEBUG - 1 change detected: {(<Change.modified: 2>, '/workspace/app/backend/logs/app_20260527_145141.log')}
2026-05-27 15:16:56,260 - watchfiles.main - DEBUG - 1 change detected: {(<Change.modified: 2>, '/workspace/app/backend/logs/app_20260527_145141.log')}
2026-05-27 15:16:56,611 - watchfiles.main - DEBUG - 1 change detected: {(<Change.modified: 2>, '/workspace/app/backend/logs/app_20260527_145141.log')}
2026-05-27 15:16:56,962 - watchfiles.main - DEBUG - 1 change detected: {(<Change.modified: 2>, '/workspace/app/backend/logs/app_20260527_145141.log')}
2026-05-27 15:16:57,313 - watchfiles.main - DEBUG - 1 change detected: {(<Change.modified: 2>, '/workspace/app/backend/logs/app_20260527_145141.log')}
2026-05-27 15:16:57,664 - watchfiles.main - DEBUG - 1 change detected: {(<Change.modified: 2>, '/workspace/app/backend/logs/app_20260527_145141.log')}
2026-05-27 15:16:58,015 - watchfiles.main - DEBUG - 1 change detected: {(<Change.modified: 2>, '/workspace/app/backend/logs/app_20260527_145141.log')}
2026-05-27 15:16:58,366 - watchfiles.main - DEBUG - 1 change detected: {(<Change.modified: 2>, '/workspace/app/backend/logs/app_20260527_145141.log')}
2026-05-27 15:16:58,717 - watchfiles.main - DEBUG - 1 change detected: {(<Change.modified: 2>, '/workspace/app/backend/logs/app_20260527_145141.log')}
2026-05-27 15:16:59,068 - watchfiles.main - DEBUG - 1 change detected: {(<Change.modified: 2>, '/workspace/app/backend/logs/app_20260527_145141.log')}
2026-05-27 15:16:59,419 - watchfiles.main - DEBUG - 1 change detected: {(<Change.modified: 2>, '/workspace/app/backend/logs/app_20260527_145141.log')}
2026-05-27 15:16:59,769 - watchfiles.main - DEBUG - 1 change detected: {(<Change.modified: 2>, '/workspace/app/backend/logs/app_20260527_145141.log')}
2026-05-27 15:17:00,120 - watchfiles.main - DEBUG - 1 change detected: {(<Change.modified: 2>, '/workspace/app/backend/logs/app_20260527_145141.log')}
2026-05-27 15:17:00,471 - watchfiles.main - DEBUG - 1 change detected: {(<Change.modified: 2>, '/workspace/app/backend/logs/app_20260527_145141.log')}
2026-05-27 15:17:00,822 - watchfiles.main - DEBUG - 1 change detected: {(<Change.modified: 2>, '/workspace/app/backend/logs/app_20260527_145141.log')}
2026-05-27 15:17:01,173 - watchfiles.main - DEBUG - 1 change detected: {(<Change.modified: 2>, '/workspace/app/backend/logs/app_20260527_145141.log')}
2026-05-27 15:17:01,524 - watchfiles.main - DEBUG - 1 change detected: {(<Change.modified: 2>, '/workspace/app/backend/logs/app_20260527_145141.log')}
2026-05-27 15:17:01,875 - watchfiles.main - DEBUG - 1 change detected: {(<Change.modified: 2>, '/workspace/app/backend/logs/app_20260527_145141.log')}
2026-05-27 15:17:02,226 - watchfiles.main - DEBUG - 1 change detected: {(<Change.modified: 2>, '/workspace/app/backend/logs/app_20260527_145141.log')}
2026-05-27 15:17:02,577 - watchfiles.main - DEBUG - 1 change detected: {(<Change.modified: 2>, '/workspace/app/backend/logs/app_20260527_145141.log')}
2026-05-27 15:17:02,928 - watchfiles.main - DEBUG - 1 change detected: {(<Change.modified: 2>, '/workspace/app/backend/logs/app_20260527_145141.log')}
2026-05-27 15:17:03,279 - watchfiles.main - DEBUG - 1 change detected: {(<Change.modified: 2>, '/workspace/app/backend/logs/app_20260527_145141.log')}
2026-05-27 15:17:03,630 - watchfiles.main - DEBUG - 1 change detected: {(<Change.modified: 2>, '/workspace/app/backend/logs/app_20260527_145141.log')}
2026-05-27 15:17:03,981 - watchfiles.main - DEBUG - 1 change detected: {(<Change.modified: 2>, '/workspace/app/backend/logs/app_20260527_145141.log')}
2026-05-27 15:17:04,332 - watchfiles.main - DEBUG - 1 change detected: {(<Change.modified: 2>, '/workspace/app/backend/logs/app_20260527_145141.log')}
2026-05-27 15:17:04,683 - watchfiles.main - DEBUG - 1 change detected: {(<Change.modified: 2>, '/workspace/app/backend/logs/app_20260527_145141.log')}
2026-05-27 15:17:05,035 - watchfiles.main - DEBUG - 1 change detected: {(<Change.modified: 2>, '/workspace/app/backend/logs/app_20260527_145141.log')}
2026-05-27 15:17:05,386 - watchfiles.main - DEBUG - 1 change detected: {(<Change.modified: 2>, '/workspace/app/backend/logs/app_20260527_145141.log')}
2026-05-27 15:17:05,737 - watchfiles.main - DEBUG - 1 change detected: {(<Change.modified: 2>, '/workspace/app/backend/logs/app_20260527_145141.log')}
2026-05-27 15:17:06,088 - watchfiles.main - DEBUG - 1 change detected: {(<Change.modified: 2>, '/workspace/app/backend/logs/app_20260527_145141.log')}
2026-05-27 15:17:06,439 - watchfiles.main - DEBUG - 1 change detected: {(<Change.modified: 2>, '/workspace/app/backend/logs/app_20260527_145141.log')}
2026-05-27 15:17:06,791 - watchfiles.main - DEBUG - 1 change detected: {(<Change.modified: 2>, '/workspace/app/backend/logs/app_20260527_145141.log')}
2026-05-27 15:17:07,142 - watchfiles.main - DEBUG - 1 change detected: {(<Change.modified: 2>, '/workspace/app/backend/logs/app_20260527_145141.log')}
2026-05-27 15:17:07,493 - watchfiles.main - DEBUG - 1 change detected: {(<Change.modified: 2>, '/workspace/app/backend/logs/app_20260527_145141.log')}
2026-05-27 15:17:07,844 - watchfiles.main - DEBUG - 1 change detected: {(<Change.modified: 2>, '/workspace/app/backend/logs/app_20260527_145141.log')}
2026-05-27 15:17:08,195 - watchfiles.main - DEBUG - 1 change detected: {(<Change.modified: 2>, '/workspace/app/backend/logs/app_20260527_145141.log')}
2026-05-27 15:17:08,546 - watchfiles.main - DEBUG - 1 change detected: {(<Change.modified: 2>, '/workspace/app/backend/logs/app_20260527_145141.log')}
2026-05-27 15:17:08,896 - watchfiles.main - DEBUG - 1 change detected: {(<Change.modified: 2>, '/workspace/app/backend/logs/app_20260527_145141.log')}
2026-05-27 15:17:09,247 - watchfiles.main - DEBUG - 1 change detected: {(<Change.modified: 2>, '/workspace/app/backend/logs/app_20260527_145141.log')}
2026-05-27 15:17:09,598 - watchfiles.main - DEBUG - 1 change detected: {(<Change.modified: 2>, '/workspace/app/backend/logs/app_20260527_145141.log')}
2026-05-27 15:17:09,950 - watchfiles.main - DEBUG - 1 change detected: {(<Change.modified: 2>, '/workspace/app/backend/logs/app_20260527_145141.log')}
2026-05-27 15:17:10,301 - watchfiles.main - DEBUG - 1 change detected: {(<Change.modified: 2>, '/workspace/app/backend/logs/app_20260527_145141.log')}
2026-05-27 15:17:10,652 - watchfiles.main - DEBUG - 1 change detected: {(<Change.modified: 2>, '/workspace/app/backend/logs/app_20260527_145141.log')}
2026-05-27 15:17:11,003 - watchfiles.main - DEBUG - 1 change detected: {(<Change.modified: 2>, '/workspace/app/backend/logs/app_20260527_145141.log')}
2026-05-27 15:17:11,354 - watchfiles.main - DEBUG - 1 change detected: {(<Change.modified: 2>, '/workspace/app/backend/logs/app_20260527_145141.log')}
2026-05-27 15:17:11,705 - watchfiles.main - DEBUG - 1 change detected: {(<Change.modified: 2>, '/workspace/app/backend/logs/app_20260527_145141.log')}
2026-05-27 15:17:12,056 - watchfiles.main - DEBUG - 1 change detected: {(<Change.modified: 2>, '/workspace/app/backend/logs/app_20260527_145141.log')}
2026-05-27 15:17:12,407 - watchfiles.main - DEBUG - 1 change detected: {(<Change.modified: 2>, '/workspace/app/backend/logs/app_20260527_145141.log')}
2026-05-27 15:17:12,758 - watchfiles.main - DEBUG - 1 change detected: {(<Change.modified: 2>, '/workspace/app/backend/logs/app_20260527_145141.log')}
2026-05-27 15:17:13,109 - watchfiles.main - DEBUG - 1 change detected: {(<Change.modified: 2>, '/workspace/app/backend/logs/app_20260527_145141.log')}
2026-05-27 15:17:13,460 - watchfiles.main - DEBUG - 2 changes detected: {(<Change.modified: 2>, '/workspace/app/backend/logs/app_20260527_145141.log'), (<Change.modified: 2>, '/workspace/app/backend/logs/app_20260527_145143.log')}
2026-05-27 15:17:13,811 - watchfiles.main - DEBUG - 2 changes detected: {(<Change.modified: 2>, '/workspace/app/backend/logs/app_20260527_145141.log'), (<Change.modified: 2>, '/workspace/app/backend/logs/app_20260527_145143.log')}
2026-05-27 15:17:14,162 - watchfiles.main - DEBUG - 1 change detected: {(<Change.modified: 2>, '/workspace/app/backend/logs/app_20260527_145141.log')}
2026-05-27 15:17:14,513 - watchfiles.main - DEBUG - 1 change detected: {(<Change.modified: 2>, '/workspace/app/backend/logs/app_20260527_145141.log')}
2026-05-27 15:17:14,864 - watchfiles.main - DEBUG - 1 change detected: {(<Change.modified: 2>, '/workspace/app/backend/logs/app_20260527_145141.log')}
2026-05-27 15:17:15,215 - watchfiles.main - DEBUG - 1 change detected: {(<Change.modified: 2>, '/workspace/app/backend/logs/app_20260527_145141.log')}
2026-05-27 15:17:15,566 - watchfiles.main - DEBUG - 1 change detected: {(<Change.modified: 2>, '/workspace/app/backend/logs/app_20260527_145141.log')}
2026-05-27 15:17:15,917 - watchfiles.main - DEBUG - 1 change detected: {(<Change.modified: 2>, '/workspace/app/backend/logs/app_20260527_145141.log')}
2026-05-27 15:17:16,268 - watchfiles.main - DEBUG - 1 change detected: {(<Change.modified: 2>, '/workspace/app/backend/logs/app_20260527_145141.log')}
2026-05-27 15:17:16,619 - watchfiles.main - DEBUG - 1 change detected: {(<Change.modified: 2>, '/workspace/app/backend/logs/app_20260527_145141.log')}
2026-05-27 15:17:16,970 - watchfiles.main - DEBUG - 1 change detected: {(<Change.modified: 2>, '/workspace/app/backend/logs/app_20260527_145141.log')}
2026-05-27 15:17:17,321 - watchfiles.main - DEBUG - 1 change detected: {(<Change.modified: 2>, '/workspace/app/backend/logs/app_20260527_145141.log')}
2026-05-27 15:17:17,673 - watchfiles.main - DEBUG - 1 change detected: {(<Change.modified: 2>, '/workspace/app/backend/logs/app_20260527_145141.log')}
2026-05-27 15:17:18,024 - watchfiles.main - DEBUG - 1 change detected: {(<Change.modified: 2>, '/workspace/app/backend/logs/app_20260527_145141.log')}
2026-05-27 15:17:18,375 - watchfiles.main - DEBUG - 1 change detected: {(<Change.modified: 2>, '/workspace/app/backend/logs/app_20260527_145141.log')}
2026-05-27 15:17:18,726 - watchfiles.main - DEBUG - 1 change detected: {(<Change.modified: 2>, '/workspace/app/backend/logs/app_20260527_145141.log')}
2026-05-27 15:17:19,077 - watchfiles.main - DEBUG - 1 change detected: {(<Change.modified: 2>, '/workspace/app/backend/logs/app_20260527_145141.log')}
2026-05-27 15:17:19,428 - watchfiles.main - DEBUG - 1 change detected: {(<Change.modified: 2>, '/workspace/app/backend/logs/app_20260527_145141.log')}
2026-05-27 15:17:19,779 - watchfiles.main - DEBUG - 1 change detected: {(<Change.modified: 2>, '/workspace/app/backend/logs/app_20260527_145141.log')}
2026-05-27 15:17:20,129 - watchfiles.main - DEBUG - 1 change detected: {(<Change.modified: 2>, '/workspace/app/backend/logs/app_20260527_145141.log')}
2026-05-27 15:17:20,480 - watchfiles.main - DEBUG - 1 change detected: {(<Change.modified: 2>, '/workspace/app/backend/logs/app_20260527_145141.log')}
2026-05-27 15:17:20,831 - watchfiles.main - DEBUG - 1 change detected: {(<Change.modified: 2>, '/workspace/app/backend/logs/app_20260527_145141.log')}
2026-05-27 15:17:21,182 - watchfiles.main - DEBUG - 1 change detected: {(<Change.modified: 2>, '/workspace/app/backend/logs/app_20260527_145141.log')}
2026-05-27 15:17:21,533 - watchfiles.main - DEBUG - 1 change detected: {(<Change.modified: 2>, '/workspace/app/backend/logs/app_20260527_145141.log')}
2026-05-27 15:17:21,884 - watchfiles.main - DEBUG - 1 change detected: {(<Change.modified: 2>, '/workspace/app/backend/logs/app_20260527_145141.log')}
2026-05-27 15:17:22,235 - watchfiles.main - DEBUG - 1 change detected: {(<Change.modified: 2>, '/workspace/app/backend/logs/app_20260527_145141.log')}
2026-05-27 15:17:22,586 - watchfiles.main - DEBUG - 1 change detected: {(<Change.modified: 2>, '/workspace/app/backend/logs/app_20260527_145141.log')}
2026-05-27 15:17:22,937 - watchfiles.main - DEBUG - 1 change detected: {(<Change.modified: 2>, '/workspace/app/backend/logs/app_20260527_145141.log')}
2026-05-27 15:17:23,288 - watchfiles.main - DEBUG - 1 change detected: {(<Change.modified: 2>, '/workspace/app/backend/logs/app_20260527_145141.log')}
2026-05-27 15:17:23,639 - watchfiles.main - DEBUG - 1 change detected: {(<Change.modified: 2>, '/workspace/app/backend/logs/app_20260527_145141.log')}
2026-05-27 15:17:23,990 - watchfiles.main - DEBUG - 1 change detected: {(<Change.modified: 2>, '/workspace/app/backend/logs/app_20260527_145141.log')}
2026-05-27 15:17:24,341 - watchfiles.main - DEBUG - 1 change detected: {(<Change.modified: 2>, '/workspace/app/backend/logs/app_20260527_145141.log')}
2026-05-27 15:17:24,692 - watchfiles.main - DEBUG - 1 change detected: {(<Change.modified: 2>, '/workspace/app/backend/logs/app_20260527_145141.log')}
2026-05-27 15:17:25,043 - watchfiles.main - DEBUG - 1 change detected: {(<Change.modified: 2>, '/workspace/app/backend/logs/app_20260527_145141.log')}
2026-05-27 15:17:25,394 - watchfiles.main - DEBUG - 1 change detected: {(<Change.modified: 2>, '/workspace/app/backend/logs/app_20260527_145141.log')}
2026-05-27 15:17:25,745 - watchfiles.main - DEBUG - 1 change detected: {(<Change.modified: 2>, '/workspace/app/backend/logs/app_20260527_145141.log')}
2026-05-27 15:17:26,096 - watchfiles.main - DEBUG - 1 change detected: {(<Change.modified: 2>, '/workspace/app/backend/logs/app_20260527_145141.log')}
2026-05-27 15:17:26,447 - watchfiles.main - DEBUG - 1 change detected: {(<Change.modified: 2>, '/workspace/app/backend/logs/app_20260527_145141.log')}
2026-05-27 15:17:26,798 - watchfiles.main - DEBUG - 1 change detected: {(<Change.modified: 2>, '/workspace/app/backend/logs/app_20260527_145141.log')}
2026-05-27 15:17:27,149 - watchfiles.main - DEBUG - 1 change detected: {(<Change.modified: 2>, '/workspace/app/backend/logs/app_20260527_145141.log')}
2026-05-27 15:17:27,500 - watchfiles.main - DEBUG - 1 change detected: {(<Change.modified: 2>, '/workspace/app/backend/logs/app_20260527_145141.log')}
2026-05-27 15:17:27,851 - watchfiles.main - DEBUG - 1 change detected: {(<Change.modified: 2>, '/workspace/app/backend/logs/app_20260527_145141.log')}
2026-05-27 15:17:28,202 - watchfiles.main - DEBUG - 1 change detected: {(<Change.modified: 2>, '/workspace/app/backend/logs/app_20260527_145141.log')}
2026-05-27 15:17:28,553 - watchfiles.main - DEBUG - 1 change detected: {(<Change.modified: 2>, '/workspace/app/backend/logs/app_20260527_145141.log')}
2026-05-27 15:17:28,904 - watchfiles.main - DEBUG - 1 change detected: {(<Change.modified: 2>, '/workspace/app/backend/logs/app_20260527_145141.log')}
2026-05-27 15:17:29,255 - watchfiles.main - DEBUG - 1 change detected: {(<Change.modified: 2>, '/workspace/app/backend/logs/app_20260527_145141.log')}
2026-05-27 15:17:29,605 - watchfiles.main - DEBUG - 1 change detected: {(<Change.modified: 2>, '/workspace/app/backend/logs/app_20260527_145141.log')}
2026-05-27 15:17:29,956 - watchfiles.main - DEBUG - 1 change detected: {(<Change.modified: 2>, '/workspace/app/backend/logs/app_20260527_145141.log')}
2026-05-27 15:17:30,307 - watchfiles.main - DEBUG - 1 change detected: {(<Change.modified: 2>, '/workspace/app/backend/logs/app_20260527_145141.log')}
2026-05-27 15:17:30,659 - watchfiles.main - DEBUG - 1 change detected: {(<Change.modified: 2>, '/workspace/app/backend/logs/app_20260527_145141.log')}
2026-05-27 15:17:31,009 - watchfiles.main - DEBUG - 1 change detected: {(<Change.modified: 2>, '/workspace/app/backend/logs/app_20260527_145141.log')}
2026-05-27 15:17:31,360 - watchfiles.main - DEBUG - 1 change detected: {(<Change.modified: 2>, '/workspace/app/backend/logs/app_20260527_145141.log')}
2026-05-27 15:17:31,711 - watchfiles.main - DEBUG - 1 change detected: {(<Change.modified: 2>, '/workspace/app/backend/logs/app_20260527_145141.log')}
2026-05-27 15:17:32,062 - watchfiles.main - DEBUG - 1 change detected: {(<Change.modified: 2>, '/workspace/app/backend/logs/app_20260527_145141.log')}
2026-05-27 15:17:32,413 - watchfiles.main - DEBUG - 1 change detected: {(<Change.modified: 2>, '/workspace/app/backend/logs/app_20260527_145141.log')}
2026-05-27 15:17:32,764 - watchfiles.main - DEBUG - 1 change detected: {(<Change.modified: 2>, '/workspace/app/backend/logs/app_20260527_145141.log')}
2026-05-27 15:17:33,115 - watchfiles.main - DEBUG - 1 change detected: {(<Change.modified: 2>, '/workspace/app/backend/logs/app_20260527_145141.log')}
2026-05-27 15:17:33,466 - watchfiles.main - DEBUG - 1 change detected: {(<Change.modified: 2>, '/workspace/app/backend/logs/app_20260527_145141.log')}
2026-05-27 15:17:33,817 - watchfiles.main - DEBUG - 1 change detected: {(<Change.modified: 2>, '/workspace/app/backend/logs/app_20260527_145141.log')}
2026-05-27 15:17:34,168 - watchfiles.main - DEBUG - 1 change detected: {(<Change.modified: 2>, '/workspace/app/backend/logs/app_20260527_145141.log')}
2026-05-27 15:17:34,519 - watchfiles.main - DEBUG - 1 change detected: {(<Change.modified: 2>, '/workspace/app/backend/logs/app_20260527_145141.log')}
2026-05-27 15:17:34,870 - watchfiles.main - DEBUG - 1 change detected: {(<Change.modified: 2>, '/workspace/app/backend/logs/app_20260527_145141.log')}
2026-05-27 15:17:35,220 - watchfiles.main - DEBUG - 1 change detected: {(<Change.modified: 2>, '/workspace/app/backend/logs/app_20260527_145141.log')}
2026-05-27 15:17:35,575 - watchfiles.main - DEBUG - 1 change detected: {(<Change.modified: 2>, '/workspace/app/backend/logs/app_20260527_145141.log')}
2026-05-27 15:17:35,926 - watchfiles.main - DEBUG - 1 change detected: {(<Change.modified: 2>, '/workspace/app/backend/logs/app_20260527_145141.log')}
2026-05-27 15:17:36,277 - watchfiles.main - DEBUG - 1 change detected: {(<Change.modified: 2>, '/workspace/app/backend/logs/app_20260527_145141.log')}
2026-05-27 15:17:36,628 - watchfiles.main - DEBUG - 1 change detected: {(<Change.modified: 2>, '/workspace/app/backend/logs/app_20260527_145141.log')}
2026-05-27 15:17:36,979 - watchfiles.main - DEBUG - 1 change detected: {(<Change.modified: 2>, '/workspace/app/backend/logs/app_20260527_145141.log')}
2026-05-27 15:17:37,330 - watchfiles.main - DEBUG - 1 change detected: {(<Change.modified: 2>, '/workspace/app/backend/logs/app_20260527_145141.log')}
2026-05-27 15:17:37,681 - watchfiles.main - DEBUG - 1 change detected: {(<Change.modified: 2>, '/workspace/app/backend/logs/app_20260527_145141.log')}
2026-05-27 15:17:38,032 - watchfiles.main - DEBUG - 1 change detected: {(<Change.modified: 2>, '/workspace/app/backend/logs/app_20260527_145141.log')}
2026-05-27 15:17:38,383 - watchfiles.main - DEBUG - 1 change detected: {(<Change.modified: 2>, '/workspace/app/backend/logs/app_20260527_145141.log')}
2026-05-27 15:17:38,734 - watchfiles.main - DEBUG - 1 change detected: {(<Change.modified: 2>, '/workspace/app/backend/logs/app_20260527_145141.log')}
2026-05-27 15:17:39,085 - watchfiles.main - DEBUG - 1 change detected: {(<Change.modified: 2>, '/workspace/app/backend/logs/app_20260527_145141.log')}
2026-05-27 15:17:39,436 - watchfiles.main - DEBUG - 1 change detected: {(<Change.modified: 2>, '/workspace/app/backend/logs/app_20260527_145141.log')}
2026-05-27 15:17:39,786 - watchfiles.main - DEBUG - 1 change detected: {(<Change.modified: 2>, '/workspace/app/backend/logs/app_20260527_145141.log')}
2026-05-27 15:17:40,137 - watchfiles.main - DEBUG - 1 change detected: {(<Change.modified: 2>, '/workspace/app/backend/logs/app_20260527_145141.log')}
2026-05-27 15:17:40,488 - watchfiles.main - DEBUG - 1 change detected: {(<Change.modified: 2>, '/workspace/app/backend/logs/app_20260527_145141.log')}
2026-05-27 15:17:40,840 - watchfiles.main - DEBUG - 1 change detected: {(<Change.modified: 2>, '/workspace/app/backend/logs/app_20260527_145141.log')}
2026-05-27 15:17:41,191 - watchfiles.main - DEBUG - 1 change detected: {(<Change.modified: 2>, '/workspace/app/backend/logs/app_20260527_145141.log')}
2026-05-27 15:17:41,542 - watchfiles.main - DEBUG - 1 change detected: {(<Change.modified: 2>, '/workspace/app/backend/logs/app_20260527_145141.log')}
2026-05-27 15:17:41,893 - watchfiles.main - DEBUG - 1 change detected: {(<Change.modified: 2>, '/workspace/app/backend/logs/app_20260527_145141.log')}
2026-05-27 15:17:42,244 - watchfiles.main - DEBUG - 1 change detected: {(<Change.modified: 2>, '/workspace/app/backend/logs/app_20260527_145141.log')}
2026-05-27 15:17:42,595 - watchfiles.main - DEBUG - 1 change detected: {(<Change.modified: 2>, '/workspace/app/backend/logs/app_20260527_145141.log')}
2026-05-27 15:17:42,945 - watchfiles.main - DEBUG - 1 change detected: {(<Change.modified: 2>, '/workspace/app/backend/logs/app_20260527_145141.log')}
2026-05-27 15:17:43,296 - watchfiles.main - DEBUG - 2 changes detected: {(<Change.modified: 2>, '/workspace/app/backend/logs/app_20260527_145141.log'), (<Change.modified: 2>, '/workspace/app/backend/logs/app_20260527_145143.log')}
2026-05-27 15:17:43,648 - watchfiles.main - DEBUG - 2 changes detected: {(<Change.modified: 2>, '/workspace/app/backend/logs/app_20260527_145141.log'), (<Change.modified: 2>, '/workspace/app/backend/logs/app_20260527_145143.log')}
2026-05-27 15:17:43,999 - watchfiles.main - DEBUG - 1 change detected: {(<Change.modified: 2>, '/workspace/app/backend/logs/app_20260527_145141.log')}
2026-05-27 15:17:44,350 - watchfiles.main - DEBUG - 1 change detected: {(<Change.modified: 2>, '/workspace/app/backend/logs/app_20260527_145141.log')}
2026-05-27 15:17:44,700 - watchfiles.main - DEBUG - 1 change detected: {(<Change.modified: 2>, '/workspace/app/backend/logs/app_20260527_145141.log')}
2026-05-27 15:17:45,051 - watchfiles.main - DEBUG - 1 change detected: {(<Change.modified: 2>, '/workspace/app/backend/logs/app_20260527_145141.log')}
2026-05-27 15:17:45,402 - watchfiles.main - DEBUG - 1 change detected: {(<Change.modified: 2>, '/workspace/app/backend/logs/app_20260527_145141.log')}
2026-05-27 15:17:45,753 - watchfiles.main - DEBUG - 1 change detected: {(<Change.modified: 2>, '/workspace/app/backend/logs/app_20260527_145141.log')}
2026-05-27 15:17:46,104 - watchfiles.main - DEBUG - 1 change detected: {(<Change.modified: 2>, '/workspace/app/backend/logs/app_20260527_145141.log')}
2026-05-27 15:17:46,455 - watchfiles.main - DEBUG - 1 change detected: {(<Change.modified: 2>, '/workspace/app/backend/logs/app_20260527_145141.log')}
2026-05-27 15:17:46,806 - watchfiles.main - DEBUG - 1 change detected: {(<Change.modified: 2>, '/workspace/app/backend/logs/app_20260527_145141.log')}
2026-05-27 15:17:47,157 - watchfiles.main - DEBUG - 1 change detected: {(<Change.modified: 2>, '/workspace/app/backend/logs/app_20260527_145141.log')}
2026-05-27 15:17:47,508 - watchfiles.main - DEBUG - 1 change detected: {(<Change.modified: 2>, '/workspace/app/backend/logs/app_20260527_145141.log')}
2026-05-27 15:17:47,859 - watchfiles.main - DEBUG - 1 change detected: {(<Change.modified: 2>, '/workspace/app/backend/logs/app_20260527_145141.log')}
2026-05-27 15:17:48,210 - watchfiles.main - DEBUG - 1 change detected: {(<Change.modified: 2>, '/workspace/app/backend/logs/app_20260527_145141.log')}
2026-05-27 15:17:48,561 - watchfiles.main - DEBUG - 1 change detected: {(<Change.modified: 2>, '/workspace/app/backend/logs/app_20260527_145141.log')}
2026-05-27 15:17:48,912 - watchfiles.main - DEBUG - 1 change detected: {(<Change.modified: 2>, '/workspace/app/backend/logs/app_20260527_145141.log')}
2026-05-27 15:17:49,263 - watchfiles.main - DEBUG - 1 change detected: {(<Change.modified: 2>, '/workspace/app/backend/logs/app_20260527_145141.log')}
2026-05-27 15:17:49,614 - watchfiles.main - DEBUG - 1 change detected: {(<Change.modified: 2>, '/workspace/app/backend/logs/app_20260527_145141.log')}
2026-05-27 15:17:49,965 - watchfiles.main - DEBUG - 1 change detected: {(<Change.modified: 2>, '/workspace/app/backend/logs/app_20260527_145141.log')}
2026-05-27 15:17:50,315 - watchfiles.main - DEBUG - 1 change detected: {(<Change.modified: 2>, '/workspace/app/backend/logs/app_20260527_145141.log')}
2026-05-27 15:17:50,666 - watchfiles.main - DEBUG - 1 change detected: {(<Change.modified: 2>, '/workspace/app/backend/logs/app_20260527_145141.log')}
2026-05-27 15:17:51,017 - watchfiles.main - DEBUG - 1 change detected: {(<Change.modified: 2>, '/workspace/app/backend/logs/app_20260527_145141.log')}
2026-05-27 15:17:51,368 - watchfiles.main - DEBUG - 1 change detected: {(<Change.modified: 2>, '/workspace/app/backend/logs/app_20260527_145141.log')}
2026-05-27 15:17:51,719 - watchfiles.main - DEBUG - 1 change detected: {(<Change.modified: 2>, '/workspace/app/backend/logs/app_20260527_145141.log')}
2026-05-27 15:17:52,070 - watchfiles.main - DEBUG - 1 change detected: {(<Change.modified: 2>, '/workspace/app/backend/logs/app_20260527_145141.log')}
2026-05-27 15:17:52,422 - watchfiles.main - DEBUG - 1 change detected: {(<Change.modified: 2>, '/workspace/app/backend/logs/app_20260527_145141.log')}
2026-05-27 15:17:52,773 - watchfiles.main - DEBUG - 1 change detected: {(<Change.modified: 2>, '/workspace/app/backend/logs/app_20260527_145141.log')}
2026-05-27 15:17:53,123 - watchfiles.main - DEBUG - 1 change detected: {(<Change.modified: 2>, '/workspace/app/backend/logs/app_20260527_145141.log')}
2026-05-27 15:17:53,474 - watchfiles.main - DEBUG - 1 change detected: {(<Change.modified: 2>, '/workspace/app/backend/logs/app_20260527_145141.log')}
2026-05-27 15:17:53,825 - watchfiles.main - DEBUG - 1 change detected: {(<Change.modified: 2>, '/workspace/app/backend/logs/app_20260527_145141.log')}
2026-05-27 15:17:54,176 - watchfiles.main - DEBUG - 1 change detected: {(<Change.modified: 2>, '/workspace/app/backend/logs/app_20260527_145141.log')}
2026-05-27 15:17:54,527 - watchfiles.main - DEBUG - 1 change detected: {(<Change.modified: 2>, '/workspace/app/backend/logs/app_20260527_145141.log')}
2026-05-27 15:17:54,879 - watchfiles.main - DEBUG - 1 change detected: {(<Change.modified: 2>, '/workspace/app/backend/logs/app_20260527_145141.log')}
2026-05-27 15:17:55,230 - watchfiles.main - DEBUG - 1 change detected: {(<Change.modified: 2>, '/workspace/app/backend/logs/app_20260527_145141.log')}
2026-05-27 15:17:55,581 - watchfiles.main - DEBUG - 1 change detected: {(<Change.modified: 2>, '/workspace/app/backend/logs/app_20260527_145141.log')}
2026-05-27 15:17:55,932 - watchfiles.main - DEBUG - 1 change detected: {(<Change.modified: 2>, '/workspace/app/backend/logs/app_20260527_145141.log')}
2026-05-27 15:17:56,283 - watchfiles.main - DEBUG - 1 change detected: {(<Change.modified: 2>, '/workspace/app/backend/logs/app_20260527_145141.log')}
2026-05-27 15:17:56,634 - watchfiles.main - DEBUG - 1 change detected: {(<Change.modified: 2>, '/workspace/app/backend/logs/app_20260527_145141.log')}
2026-05-27 15:17:56,985 - watchfiles.main - DEBUG - 1 change detected: {(<Change.modified: 2>, '/workspace/app/backend/logs/app_20260527_145141.log')}
2026-05-27 15:17:57,336 - watchfiles.main - DEBUG - 1 change detected: {(<Change.modified: 2>, '/workspace/app/backend/logs/app_20260527_145141.log')}
2026-05-27 15:17:57,687 - watchfiles.main - DEBUG - 1 change detected: {(<Change.modified: 2>, '/workspace/app/backend/logs/app_20260527_145141.log')}
2026-05-27 15:17:58,037 - watchfiles.main - DEBUG - 1 change detected: {(<Change.modified: 2>, '/workspace/app/backend/logs/app_20260527_145141.log')}
2026-05-27 15:17:58,388 - watchfiles.main - DEBUG - 1 change detected: {(<Change.modified: 2>, '/workspace/app/backend/logs/app_20260527_145141.log')}
2026-05-27 15:17:58,739 - watchfiles.main - DEBUG - 1 change detected: {(<Change.modified: 2>, '/workspace/app/backend/logs/app_20260527_145141.log')}
2026-05-27 15:17:59,090 - watchfiles.main - DEBUG - 1 change detected: {(<Change.modified: 2>, '/workspace/app/backend/logs/app_20260527_145141.log')}
2026-05-27 15:17:59,441 - watchfiles.main - DEBUG - 1 change detected: {(<Change.modified: 2>, '/workspace/app/backend/logs/app_20260527_145141.log')}
2026-05-27 15:17:59,792 - watchfiles.main - DEBUG - 1 change detected: {(<Change.modified: 2>, '/workspace/app/backend/logs/app_20260527_145141.log')}
2026-05-27 15:18:00,143 - watchfiles.main - DEBUG - 1 change detected: {(<Change.modified: 2>, '/workspace/app/backend/logs/app_20260527_145141.log')}
2026-05-27 15:18:00,494 - watchfiles.main - DEBUG - 1 change detected: {(<Change.modified: 2>, '/workspace/app/backend/logs/app_20260527_145141.log')}
2026-05-27 15:18:00,845 - watchfiles.main - DEBUG - 1 change detected: {(<Change.modified: 2>, '/workspace/app/backend/logs/app_20260527_145141.log')}
2026-05-27 15:18:01,196 - watchfiles.main - DEBUG - 1 change detected: {(<Change.modified: 2>, '/workspace/app/backend/logs/app_20260527_145141.log')}
2026-05-27 15:18:01,547 - watchfiles.main - DEBUG - 1 change detected: {(<Change.modified: 2>, '/workspace/app/backend/logs/app_20260527_145141.log')}
2026-05-27 15:18:01,898 - watchfiles.main - DEBUG - 1 change detected: {(<Change.modified: 2>, '/workspace/app/backend/logs/app_20260527_145141.log')}
2026-05-27 15:18:02,249 - watchfiles.main - DEBUG - 1 change detected: {(<Change.modified: 2>, '/workspace/app/backend/logs/app_20260527_145141.log')}
2026-05-27 15:18:02,600 - watchfiles.main - DEBUG - 1 change detected: {(<Change.modified: 2>, '/workspace/app/backend/logs/app_20260527_145141.log')}
2026-05-27 15:18:02,951 - watchfiles.main - DEBUG - 1 change detected: {(<Change.modified: 2>, '/workspace/app/backend/logs/app_20260527_145141.log')}
2026-05-27 15:18:03,302 - watchfiles.main - DEBUG - 1 change detected: {(<Change.modified: 2>, '/workspace/app/backend/logs/app_20260527_145141.log')}
2026-05-27 15:18:03,652 - watchfiles.main - DEBUG - 1 change detected: {(<Change.modified: 2>, '/workspace/app/backend/logs/app_20260527_145141.log')}
2026-05-27 15:18:04,003 - watchfiles.main - DEBUG - 1 change detected: {(<Change.modified: 2>, '/workspace/app/backend/logs/app_20260527_145141.log')}
2026-05-27 15:18:04,354 - watchfiles.main - DEBUG - 1 change detected: {(<Change.modified: 2>, '/workspace/app/backend/logs/app_20260527_145141.log')}
2026-05-27 15:18:04,705 - watchfiles.main - DEBUG - 1 change detected: {(<Change.modified: 2>, '/workspace/app/backend/logs/app_20260527_145141.log')}
2026-05-27 15:18:05,056 - watchfiles.main - DEBUG - 1 change detected: {(<Change.modified: 2>, '/workspace/app/backend/logs/app_20260527_145141.log')}
2026-05-27 15:18:05,407 - watchfiles.main - DEBUG - 1 change detected: {(<Change.modified: 2>, '/workspace/app/backend/logs/app_20260527_145141.log')}
2026-05-27 15:18:05,758 - watchfiles.main - DEBUG - 1 change detected: {(<Change.modified: 2>, '/workspace/app/backend/logs/app_20260527_145141.log')}
2026-05-27 15:18:06,109 - watchfiles.main - DEBUG - 1 change detected: {(<Change.modified: 2>, '/workspace/app/backend/logs/app_20260527_145141.log')}
2026-05-27 15:18:06,460 - watchfiles.main - DEBUG - 1 change detected: {(<Change.modified: 2>, '/workspace/app/backend/logs/app_20260527_145141.log')}
2026-05-27 15:18:06,811 - watchfiles.main - DEBUG - 1 change detected: {(<Change.modified: 2>, '/workspace/app/backend/logs/app_20260527_145141.log')}
2026-05-27 15:18:07,162 - watchfiles.main - DEBUG - 1 change detected: {(<Change.modified: 2>, '/workspace/app/backend/logs/app_20260527_145141.log')}
2026-05-27 15:18:07,513 - watchfiles.main - DEBUG - 1 change detected: {(<Change.modified: 2>, '/workspace/app/backend/logs/app_20260527_145141.log')}
2026-05-27 15:18:07,864 - watchfiles.main - DEBUG - 1 change detected: {(<Change.modified: 2>, '/workspace/app/backend/logs/app_20260527_145141.log')}
2026-05-27 15:18:08,215 - watchfiles.main - DEBUG - 1 change detected: {(<Change.modified: 2>, '/workspace/app/backend/logs/app_20260527_145141.log')}
2026-05-27 15:18:08,566 - watchfiles.main - DEBUG - 1 change detected: {(<Change.modified: 2>, '/workspace/app/backend/logs/app_20260527_145141.log')}
2026-05-27 15:18:08,917 - watchfiles.main - DEBUG - 1 change detected: {(<Change.modified: 2>, '/workspace/app/backend/logs/app_20260527_145141.log')}
2026-05-27 15:18:09,268 - watchfiles.main - DEBUG - 1 change detected: {(<Change.modified: 2>, '/workspace/app/backend/logs/app_20260527_145141.log')}
2026-05-27 15:18:09,619 - watchfiles.main - DEBUG - 1 change detected: {(<Change.modified: 2>, '/workspace/app/backend/logs/app_20260527_145141.log')}
2026-05-27 15:18:09,970 - watchfiles.main - DEBUG - 1 change detected: {(<Change.modified: 2>, '/workspace/app/backend/logs/app_20260527_145141.log')}
2026-05-27 15:18:10,321 - watchfiles.main - DEBUG - 1 change detected: {(<Change.modified: 2>, '/workspace/app/backend/logs/app_20260527_145141.log')}
2026-05-27 15:18:10,672 - watchfiles.main - DEBUG - 1 change detected: {(<Change.modified: 2>, '/workspace/app/backend/logs/app_20260527_145141.log')}
2026-05-27 15:18:11,023 - watchfiles.main - DEBUG - 1 change detected: {(<Change.modified: 2>, '/workspace/app/backend/logs/app_20260527_145141.log')}
2026-05-27 15:18:11,373 - watchfiles.main - DEBUG - 1 change detected: {(<Change.modified: 2>, '/workspace/app/backend/logs/app_20260527_145141.log')}
2026-05-27 15:18:11,724 - watchfiles.main - DEBUG - 1 change detected: {(<Change.modified: 2>, '/workspace/app/backend/logs/app_20260527_145141.log')}
2026-05-27 15:18:12,075 - watchfiles.main - DEBUG - 1 change detected: {(<Change.modified: 2>, '/workspace/app/backend/logs/app_20260527_145141.log')}
2026-05-27 15:18:12,426 - watchfiles.main - DEBUG - 1 change detected: {(<Change.modified: 2>, '/workspace/app/backend/logs/app_20260527_145141.log')}
2026-05-27 15:18:12,777 - watchfiles.main - DEBUG - 1 change detected: {(<Change.modified: 2>, '/workspace/app/backend/logs/app_20260527_145141.log')}
2026-05-27 15:18:13,128 - watchfiles.main - DEBUG - 2 changes detected: {(<Change.modified: 2>, '/workspace/app/backend/logs/app_20260527_145141.log'), (<Change.modified: 2>, '/workspace/app/backend/logs/app_20260527_145143.log')}
2026-05-27 15:18:13,479 - watchfiles.main - DEBUG - 2 changes detected: {(<Change.modified: 2>, '/workspace/app/backend/logs/app_20260527_145141.log'), (<Change.modified: 2>, '/workspace/app/backend/logs/app_20260527_145143.log')}
2026-05-27 15:18:13,830 - watchfiles.main - DEBUG - 1 change detected: {(<Change.modified: 2>, '/workspace/app/backend/logs/app_20260527_145141.log')}
2026-05-27 15:18:14,181 - watchfiles.main - DEBUG - 1 change detected: {(<Change.modified: 2>, '/workspace/app/backend/logs/app_20260527_145141.log')}
2026-05-27 15:18:14,532 - watchfiles.main - DEBUG - 1 change detected: {(<Change.modified: 2>, '/workspace/app/backend/logs/app_20260527_145141.log')}
2026-05-27 15:18:14,883 - watchfiles.main - DEBUG - 1 change detected: {(<Change.modified: 2>, '/workspace/app/backend/logs/app_20260527_145141.log')}
2026-05-27 15:18:15,234 - watchfiles.main - DEBUG - 1 change detected: {(<Change.modified: 2>, '/workspace/app/backend/logs/app_20260527_145141.log')}
2026-05-27 15:18:15,585 - watchfiles.main - DEBUG - 1 change detected: {(<Change.modified: 2>, '/workspace/app/backend/logs/app_20260527_145141.log')}
2026-05-27 15:18:15,936 - watchfiles.main - DEBUG - 1 change detected: {(<Change.modified: 2>, '/workspace/app/backend/logs/app_20260527_145141.log')}
2026-05-27 15:18:16,286 - watchfiles.main - DEBUG - 1 change detected: {(<Change.modified: 2>, '/workspace/app/backend/logs/app_20260527_145141.log')}
2026-05-27 15:18:16,637 - watchfiles.main - DEBUG - 1 change detected: {(<Change.modified: 2>, '/workspace/app/backend/logs/app_20260527_145141.log')}
2026-05-27 15:18:16,989 - watchfiles.main - DEBUG - 1 change detected: {(<Change.modified: 2>, '/workspace/app/backend/logs/app_20260527_145141.log')}
2026-05-27 15:18:17,340 - watchfiles.main - DEBUG - 1 change detected: {(<Change.modified: 2>, '/workspace/app/backend/logs/app_20260527_145141.log')}
2026-05-27 15:18:17,691 - watchfiles.main - DEBUG - 1 change detected: {(<Change.modified: 2>, '/workspace/app/backend/logs/app_20260527_145141.log')}
2026-05-27 15:18:18,042 - watchfiles.main - DEBUG - 1 change detected: {(<Change.modified: 2>, '/workspace/app/backend/logs/app_20260527_145141.log')}
2026-05-27 15:18:18,393 - watchfiles.main - DEBUG - 1 change detected: {(<Change.modified: 2>, '/workspace/app/backend/logs/app_20260527_145141.log')}
2026-05-27 15:18:18,744 - watchfiles.main - DEBUG - 1 change detected: {(<Change.modified: 2>, '/workspace/app/backend/logs/app_20260527_145141.log')}
2026-05-27 15:18:19,094 - watchfiles.main - DEBUG - 1 change detected: {(<Change.modified: 2>, '/workspace/app/backend/logs/app_20260527_145141.log')}
2026-05-27 15:18:19,445 - watchfiles.main - DEBUG - 1 change detected: {(<Change.modified: 2>, '/workspace/app/backend/logs/app_20260527_145141.log')}
2026-05-27 15:18:19,796 - watchfiles.main - DEBUG - 1 change detected: {(<Change.modified: 2>, '/workspace/app/backend/logs/app_20260527_145141.log')}
2026-05-27 15:18:20,147 - watchfiles.main - DEBUG - 1 change detected: {(<Change.modified: 2>, '/workspace/app/backend/logs/app_20260527_145141.log')}
2026-05-27 15:18:20,498 - watchfiles.main - DEBUG - 1 change detected: {(<Change.modified: 2>, '/workspace/app/backend/logs/app_20260527_145141.log')}
2026-05-27 15:18:20,850 - watchfiles.main - DEBUG - 1 change detected: {(<Change.modified: 2>, '/workspace/app/backend/logs/app_20260527_145141.log')}
2026-05-27 15:18:21,201 - watchfiles.main - DEBUG - 1 change detected: {(<Change.modified: 2>, '/workspace/app/backend/logs/app_20260527_145141.log')}
2026-05-27 15:18:21,552 - watchfiles.main - DEBUG - 1 change detected: {(<Change.modified: 2>, '/workspace/app/backend/logs/app_20260527_145141.log')}
2026-05-27 15:18:21,903 - watchfiles.main - DEBUG - 1 change detected: {(<Change.modified: 2>, '/workspace/app/backend/logs/app_20260527_145141.log')}
2026-05-27 15:18:22,254 - watchfiles.main - DEBUG - 1 change detected: {(<Change.modified: 2>, '/workspace/app/backend/logs/app_20260527_145141.log')}
2026-05-27 15:18:22,605 - watchfiles.main - DEBUG - 1 change detected: {(<Change.modified: 2>, '/workspace/app/backend/logs/app_20260527_145141.log')}
2026-05-27 15:18:22,956 - watchfiles.main - DEBUG - 1 change detected: {(<Change.modified: 2>, '/workspace/app/backend/logs/app_20260527_145141.log')}
2026-05-27 15:18:23,307 - watchfiles.main - DEBUG - 1 change detected: {(<Change.modified: 2>, '/workspace/app/backend/logs/app_20260527_145141.log')}
2026-05-27 15:18:23,658 - watchfiles.main - DEBUG - 1 change detected: {(<Change.modified: 2>, '/workspace/app/backend/logs/app_20260527_145141.log')}
2026-05-27 15:18:24,009 - watchfiles.main - DEBUG - 1 change detected: {(<Change.modified: 2>, '/workspace/app/backend/logs/app_20260527_145141.log')}
2026-05-27 15:18:24,360 - watchfiles.main - DEBUG - 1 change detected: {(<Change.modified: 2>, '/workspace/app/backend/logs/app_20260527_145141.log')}
2026-05-27 15:18:24,711 - watchfiles.main - DEBUG - 1 change detected: {(<Change.modified: 2>, '/workspace/app/backend/logs/app_20260527_145141.log')}
2026-05-27 15:18:25,062 - watchfiles.main - DEBUG - 1 change detected: {(<Change.modified: 2>, '/workspace/app/backend/logs/app_20260527_145141.log')}
2026-05-27 15:18:25,413 - watchfiles.main - DEBUG - 1 change detected: {(<Change.modified: 2>, '/workspace/app/backend/logs/app_20260527_145141.log')}
2026-05-27 15:18:25,764 - watchfiles.main - DEBUG - 1 change detected: {(<Change.modified: 2>, '/workspace/app/backend/logs/app_20260527_145141.log')}
2026-05-27 15:18:26,115 - watchfiles.main - DEBUG - 1 change detected: {(<Change.modified: 2>, '/workspace/app/backend/logs/app_20260527_145141.log')}
2026-05-27 15:18:26,466 - watchfiles.main - DEBUG - 1 change detected: {(<Change.modified: 2>, '/workspace/app/backend/logs/app_20260527_145141.log')}
2026-05-27 15:18:26,817 - watchfiles.main - DEBUG - 1 change detected: {(<Change.modified: 2>, '/workspace/app/backend/logs/app_20260527_145141.log')}
2026-05-27 15:18:27,168 - watchfiles.main - DEBUG - 1 change detected: {(<Change.modified: 2>, '/workspace/app/backend/logs/app_20260527_145141.log')}
2026-05-27 15:18:27,519 - watchfiles.main - DEBUG - 1 change detected: {(<Change.modified: 2>, '/workspace/app/backend/logs/app_20260527_145141.log')}
2026-05-27 15:18:27,870 - watchfiles.main - DEBUG - 1 change detected: {(<Change.modified: 2>, '/workspace/app/backend/logs/app_20260527_145141.log')}
2026-05-27 15:18:28,221 - watchfiles.main - DEBUG - 1 change detected: {(<Change.modified: 2>, '/workspace/app/backend/logs/app_20260527_145141.log')}
2026-05-27 15:18:28,572 - watchfiles.main - DEBUG - 1 change detected: {(<Change.modified: 2>, '/workspace/app/backend/logs/app_20260527_145141.log')}
2026-05-27 15:18:28,923 - watchfiles.main - DEBUG - 1 change detected: {(<Change.modified: 2>, '/workspace/app/backend/logs/app_20260527_145141.log')}
2026-05-27 15:18:29,273 - watchfiles.main - DEBUG - 1 change detected: {(<Change.modified: 2>, '/workspace/app/backend/logs/app_20260527_145141.log')}
2026-05-27 15:18:29,624 - watchfiles.main - DEBUG - 1 change detected: {(<Change.modified: 2>, '/workspace/app/backend/logs/app_20260527_145141.log')}
2026-05-27 15:18:29,975 - watchfiles.main - DEBUG - 1 change detected: {(<Change.modified: 2>, '/workspace/app/backend/logs/app_20260527_145141.log')}
2026-05-27 15:18:30,326 - watchfiles.main - DEBUG - 1 change detected: {(<Change.modified: 2>, '/workspace/app/backend/logs/app_20260527_145141.log')}
2026-05-27 15:18:30,677 - watchfiles.main - DEBUG - 1 change detected: {(<Change.modified: 2>, '/workspace/app/backend/logs/app_20260527_145141.log')}
2026-05-27 15:18:31,028 - watchfiles.main - DEBUG - 1 change detected: {(<Change.modified: 2>, '/workspace/app/backend/logs/app_20260527_145141.log')}
2026-05-27 15:18:31,379 - watchfiles.main - DEBUG - 1 change detected: {(<Change.modified: 2>, '/workspace/app/backend/logs/app_20260527_145141.log')}
2026-05-27 15:18:31,730 - watchfiles.main - DEBUG - 1 change detected: {(<Change.modified: 2>, '/workspace/app/backend/logs/app_20260527_145141.log')}
2026-05-27 15:18:32,081 - watchfiles.main - DEBUG - 1 change detected: {(<Change.modified: 2>, '/workspace/app/backend/logs/app_20260527_145141.log')}
2026-05-27 15:18:32,432 - watchfiles.main - DEBUG - 1 change detected: {(<Change.modified: 2>, '/workspace/app/backend/logs/app_20260527_145141.log')}
2026-05-27 15:18:32,784 - watchfiles.main - DEBUG - 1 change detected: {(<Change.modified: 2>, '/workspace/app/backend/logs/app_20260527_145141.log')}
2026-05-27 15:18:33,135 - watchfiles.main - DEBUG - 1 change detected: {(<Change.modified: 2>, '/workspace/app/backend/logs/app_20260527_145141.log')}
2026-05-27 15:18:33,486 - watchfiles.main - DEBUG - 1 change detected: {(<Change.modified: 2>, '/workspace/app/backend/logs/app_20260527_145141.log')}
2026-05-27 15:18:33,837 - watchfiles.main - DEBUG - 1 change detected: {(<Change.modified: 2>, '/workspace/app/backend/logs/app_20260527_145141.log')}
2026-05-27 15:18:34,188 - watchfiles.main - DEBUG - 1 change detected: {(<Change.modified: 2>, '/workspace/app/backend/logs/app_20260527_145141.log')}
2026-05-27 15:18:34,539 - watchfiles.main - DEBUG - 1 change detected: {(<Change.modified: 2>, '/workspace/app/backend/logs/app_20260527_145141.log')}
2026-05-27 15:18:34,890 - watchfiles.main - DEBUG - 1 change detected: {(<Change.modified: 2>, '/workspace/app/backend/logs/app_20260527_145141.log')}
2026-05-27 15:18:35,241 - watchfiles.main - DEBUG - 1 change detected: {(<Change.modified: 2>, '/workspace/app/backend/logs/app_20260527_145141.log')}
2026-05-27 15:18:35,592 - watchfiles.main - DEBUG - 1 change detected: {(<Change.modified: 2>, '/workspace/app/backend/logs/app_20260527_145141.log')}
2026-05-27 15:18:35,943 - watchfiles.main - DEBUG - 1 change detected: {(<Change.modified: 2>, '/workspace/app/backend/logs/app_20260527_145141.log')}
2026-05-27 15:18:36,294 - watchfiles.main - DEBUG - 1 change detected: {(<Change.modified: 2>, '/workspace/app/backend/logs/app_20260527_145141.log')}
2026-05-27 15:18:36,645 - watchfiles.main - DEBUG - 1 change detected: {(<Change.modified: 2>, '/workspace/app/backend/logs/app_20260527_145141.log')}
2026-05-27 15:18:36,996 - watchfiles.main - DEBUG - 1 change detected: {(<Change.modified: 2>, '/workspace/app/backend/logs/app_20260527_145141.log')}
2026-05-27 15:18:37,347 - watchfiles.main - DEBUG - 1 change detected: {(<Change.modified: 2>, '/workspace/app/backend/logs/app_20260527_145141.log')}
2026-05-27 15:18:37,698 - watchfiles.main - DEBUG - 1 change detected: {(<Change.modified: 2>, '/workspace/app/backend/logs/app_20260527_145141.log')}
2026-05-27 15:18:38,049 - watchfiles.main - DEBUG - 1 change detected: {(<Change.modified: 2>, '/workspace/app/backend/logs/app_20260527_145141.log')}
2026-05-27 15:18:38,400 - watchfiles.main - DEBUG - 1 change detected: {(<Change.modified: 2>, '/workspace/app/backend/logs/app_20260527_145141.log')}
2026-05-27 15:18:38,751 - watchfiles.main - DEBUG - 1 change detected: {(<Change.modified: 2>, '/workspace/app/backend/logs/app_20260527_145141.log')}
2026-05-27 15:18:39,102 - watchfiles.main - DEBUG - 1 change detected: {(<Change.modified: 2>, '/workspace/app/backend/logs/app_20260527_145141.log')}
2026-05-27 15:18:39,454 - watchfiles.main - DEBUG - 1 change detected: {(<Change.modified: 2>, '/workspace/app/backend/logs/app_20260527_145141.log')}
2026-05-27 15:18:39,805 - watchfiles.main - DEBUG - 1 change detected: {(<Change.modified: 2>, '/workspace/app/backend/logs/app_20260527_145141.log')}
2026-05-27 15:18:40,156 - watchfiles.main - DEBUG - 1 change detected: {(<Change.modified: 2>, '/workspace/app/backend/logs/app_20260527_145141.log')}
2026-05-27 15:18:40,507 - watchfiles.main - DEBUG - 1 change detected: {(<Change.modified: 2>, '/workspace/app/backend/logs/app_20260527_145141.log')}
2026-05-27 15:18:40,858 - watchfiles.main - DEBUG - 1 change detected: {(<Change.modified: 2>, '/workspace/app/backend/logs/app_20260527_145141.log')}
2026-05-27 15:18:41,209 - watchfiles.main - DEBUG - 1 change detected: {(<Change.modified: 2>, '/workspace/app/backend/logs/app_20260527_145141.log')}
2026-05-27 15:18:41,560 - watchfiles.main - DEBUG - 1 change detected: {(<Change.modified: 2>, '/workspace/app/backend/logs/app_20260527_145141.log')}
2026-05-27 15:18:41,911 - watchfiles.main - DEBUG - 1 change detected: {(<Change.modified: 2>, '/workspace/app/backend/logs/app_20260527_145141.log')}
2026-05-27 15:18:42,262 - watchfiles.main - DEBUG - 1 change detected: {(<Change.modified: 2>, '/workspace/app/backend/logs/app_20260527_145141.log')}
2026-05-27 15:18:42,613 - watchfiles.main - DEBUG - 1 change detected: {(<Change.modified: 2>, '/workspace/app/backend/logs/app_20260527_145141.log')}
2026-05-27 15:18:43,014 - watchfiles.main - DEBUG - 2 changes detected: {(<Change.modified: 2>, '/workspace/app/backend/logs/app_20260527_145141.log'), (<Change.modified: 2>, '/workspace/app/backend/logs/app_20260527_145143.log')}
2026-05-27 15:18:43,415 - watchfiles.main - DEBUG - 2 changes detected: {(<Change.modified: 2>, '/workspace/app/backend/logs/app_20260527_145141.log'), (<Change.modified: 2>, '/workspace/app/backend/logs/app_20260527_145143.log')}
2026-05-27 15:18:43,766 - watchfiles.main - DEBUG - 1 change detected: {(<Change.modified: 2>, '/workspace/app/backend/logs/app_20260527_145141.log')}
2026-05-27 15:18:44,117 - watchfiles.main - DEBUG - 1 change detected: {(<Change.modified: 2>, '/workspace/app/backend/logs/app_20260527_145141.log')}
2026-05-27 15:18:44,468 - watchfiles.main - DEBUG - 1 change detected: {(<Change.modified: 2>, '/workspace/app/backend/logs/app_20260527_145141.log')}
2026-05-27 15:18:44,819 - watchfiles.main - DEBUG - 1 change detected: {(<Change.modified: 2>, '/workspace/app/backend/logs/app_20260527_145141.log')}
2026-05-27 15:18:45,170 - watchfiles.main - DEBUG - 1 change detected: {(<Change.modified: 2>, '/workspace/app/backend/logs/app_20260527_145141.log')}
2026-05-27 15:18:45,521 - watchfiles.main - DEBUG - 1 change detected: {(<Change.modified: 2>, '/workspace/app/backend/logs/app_20260527_145141.log')}
2026-05-27 15:18:45,872 - watchfiles.main - DEBUG - 1 change detected: {(<Change.modified: 2>, '/workspace/app/backend/logs/app_20260527_145141.log')}
2026-05-27 15:18:46,223 - watchfiles.main - DEBUG - 1 change detected: {(<Change.modified: 2>, '/workspace/app/backend/logs/app_20260527_145141.log')}
2026-05-27 15:18:46,574 - watchfiles.main - DEBUG - 1 change detected: {(<Change.modified: 2>, '/workspace/app/backend/logs/app_20260527_145141.log')}
2026-05-27 15:18:46,925 - watchfiles.main - DEBUG - 1 change detected: {(<Change.modified: 2>, '/workspace/app/backend/logs/app_20260527_145141.log')}
2026-05-27 15:18:47,276 - watchfiles.main - DEBUG - 1 change detected: {(<Change.modified: 2>, '/workspace/app/backend/logs/app_20260527_145141.log')}
2026-05-27 15:18:47,627 - watchfiles.main - DEBUG - 1 change detected: {(<Change.modified: 2>, '/workspace/app/backend/logs/app_20260527_145141.log')}
2026-05-27 15:18:47,978 - watchfiles.main - DEBUG - 1 change detected: {(<Change.modified: 2>, '/workspace/app/backend/logs/app_20260527_145141.log')}
2026-05-27 15:18:48,329 - watchfiles.main - DEBUG - 1 change detected: {(<Change.modified: 2>, '/workspace/app/backend/logs/app_20260527_145141.log')}
2026-05-27 15:18:48,680 - watchfiles.main - DEBUG - 1 change detected: {(<Change.modified: 2>, '/workspace/app/backend/logs/app_20260527_145141.log')}
2026-05-27 15:18:49,031 - watchfiles.main - DEBUG - 1 change detected: {(<Change.modified: 2>, '/workspace/app/backend/logs/app_20260527_145141.log')}
2026-05-27 15:18:49,382 - watchfiles.main - DEBUG - 1 change detected: {(<Change.modified: 2>, '/workspace/app/backend/logs/app_20260527_145141.log')}
2026-05-27 15:18:49,733 - watchfiles.main - DEBUG - 1 change detected: {(<Change.modified: 2>, '/workspace/app/backend/logs/app_20260527_145141.log')}
2026-05-27 15:18:50,084 - watchfiles.main - DEBUG - 1 change detected: {(<Change.modified: 2>, '/workspace/app/backend/logs/app_20260527_145141.log')}
2026-05-27 15:18:50,435 - watchfiles.main - DEBUG - 1 change detected: {(<Change.modified: 2>, '/workspace/app/backend/logs/app_20260527_145141.log')}
2026-05-27 15:18:50,786 - watchfiles.main - DEBUG - 1 change detected: {(<Change.modified: 2>, '/workspace/app/backend/logs/app_20260527_145141.log')}
2026-05-27 15:18:51,137 - watchfiles.main - DEBUG - 1 change detected: {(<Change.modified: 2>, '/workspace/app/backend/logs/app_20260527_145141.log')}
2026-05-27 15:18:51,488 - watchfiles.main - DEBUG - 1 change detected: {(<Change.modified: 2>, '/workspace/app/backend/logs/app_20260527_145141.log')}
2026-05-27 15:18:51,838 - watchfiles.main - DEBUG - 1 change detected: {(<Change.modified: 2>, '/workspace/app/backend/logs/app_20260527_145141.log')}
2026-05-27 15:18:52,189 - watchfiles.main - DEBUG - 1 change detected: {(<Change.modified: 2>, '/workspace/app/backend/logs/app_20260527_145141.log')}
2026-05-27 15:18:52,540 - watchfiles.main - DEBUG - 1 change detected: {(<Change.modified: 2>, '/workspace/app/backend/logs/app_20260527_145141.log')}
2026-05-27 15:18:52,891 - watchfiles.main - DEBUG - 1 change detected: {(<Change.modified: 2>, '/workspace/app/backend/logs/app_20260527_145141.log')}
2026-05-27 15:18:53,242 - watchfiles.main - DEBUG - 1 change detected: {(<Change.modified: 2>, '/workspace/app/backend/logs/app_20260527_145141.log')}
2026-05-27 15:18:53,593 - watchfiles.main - DEBUG - 1 change detected: {(<Change.modified: 2>, '/workspace/app/backend/logs/app_20260527_145141.log')}
2026-05-27 15:18:53,944 - watchfiles.main - DEBUG - 1 change detected: {(<Change.modified: 2>, '/workspace/app/backend/logs/app_20260527_145141.log')}
2026-05-27 15:18:54,295 - watchfiles.main - DEBUG - 1 change detected: {(<Change.modified: 2>, '/workspace/app/backend/logs/app_20260527_145141.log')}
2026-05-27 15:18:54,646 - watchfiles.main - DEBUG - 1 change detected: {(<Change.modified: 2>, '/workspace/app/backend/logs/app_20260527_145141.log')}
2026-05-27 15:18:54,997 - watchfiles.main - DEBUG - 1 change detected: {(<Change.modified: 2>, '/workspace/app/backend/logs/app_20260527_145141.log')}
2026-05-27 15:18:55,348 - watchfiles.main - DEBUG - 1 change detected: {(<Change.modified: 2>, '/workspace/app/backend/logs/app_20260527_145141.log')}
2026-05-27 15:18:55,699 - watchfiles.main - DEBUG - 1 change detected: {(<Change.modified: 2>, '/workspace/app/backend/logs/app_20260527_145141.log')}
2026-05-27 15:18:56,049 - watchfiles.main - DEBUG - 1 change detected: {(<Change.modified: 2>, '/workspace/app/backend/logs/app_20260527_145141.log')}
2026-05-27 15:18:56,400 - watchfiles.main - DEBUG - 1 change detected: {(<Change.modified: 2>, '/workspace/app/backend/logs/app_20260527_145141.log')}
2026-05-27 15:18:56,751 - watchfiles.main - DEBUG - 1 change detected: {(<Change.modified: 2>, '/workspace/app/backend/logs/app_20260527_145141.log')}
2026-05-27 15:18:57,102 - watchfiles.main - DEBUG - 1 change detected: {(<Change.modified: 2>, '/workspace/app/backend/logs/app_20260527_145141.log')}
2026-05-27 15:18:57,453 - watchfiles.main - DEBUG - 1 change detected: {(<Change.modified: 2>, '/workspace/app/backend/logs/app_20260527_145141.log')}
2026-05-27 15:18:57,804 - watchfiles.main - DEBUG - 1 change detected: {(<Change.modified: 2>, '/workspace/app/backend/logs/app_20260527_145141.log')}
2026-05-27 15:18:58,155 - watchfiles.main - DEBUG - 1 change detected: {(<Change.modified: 2>, '/workspace/app/backend/logs/app_20260527_145141.log')}
2026-05-27 15:18:58,506 - watchfiles.main - DEBUG - 1 change detected: {(<Change.modified: 2>, '/workspace/app/backend/logs/app_20260527_145141.log')}
2026-05-27 15:18:58,857 - watchfiles.main - DEBUG - 1 change detected: {(<Change.modified: 2>, '/workspace/app/backend/logs/app_20260527_145141.log')}
2026-05-27 15:18:59,207 - watchfiles.main - DEBUG - 1 change detected: {(<Change.modified: 2>, '/workspace/app/backend/logs/app_20260527_145141.log')}
2026-05-27 15:18:59,560 - watchfiles.main - DEBUG - 1 change detected: {(<Change.modified: 2>, '/workspace/app/backend/logs/app_20260527_145141.log')}
2026-05-27 15:18:59,911 - watchfiles.main - DEBUG - 1 change detected: {(<Change.modified: 2>, '/workspace/app/backend/logs/app_20260527_145141.log')}
2026-05-27 15:19:00,262 - watchfiles.main - DEBUG - 1 change detected: {(<Change.modified: 2>, '/workspace/app/backend/logs/app_20260527_145141.log')}
2026-05-27 15:19:00,613 - watchfiles.main - DEBUG - 1 change detected: {(<Change.modified: 2>, '/workspace/app/backend/logs/app_20260527_145141.log')}
2026-05-27 15:19:00,964 - watchfiles.main - DEBUG - 1 change detected: {(<Change.modified: 2>, '/workspace/app/backend/logs/app_20260527_145141.log')}
2026-05-27 15:19:01,315 - watchfiles.main - DEBUG - 1 change detected: {(<Change.modified: 2>, '/workspace/app/backend/logs/app_20260527_145141.log')}
2026-05-27 15:19:01,666 - watchfiles.main - DEBUG - 1 change detected: {(<Change.modified: 2>, '/workspace/app/backend/logs/app_20260527_145141.log')}
2026-05-27 15:19:02,017 - watchfiles.main - DEBUG - 1 change detected: {(<Change.modified: 2>, '/workspace/app/backend/logs/app_20260527_145141.log')}
2026-05-27 15:19:02,368 - watchfiles.main - DEBUG - 1 change detected: {(<Change.modified: 2>, '/workspace/app/backend/logs/app_20260527_145141.log')}
2026-05-27 15:19:02,719 - watchfiles.main - DEBUG - 1 change detected: {(<Change.modified: 2>, '/workspace/app/backend/logs/app_20260527_145141.log')}
2026-05-27 15:19:03,070 - watchfiles.main - DEBUG - 1 change detected: {(<Change.modified: 2>, '/workspace/app/backend/logs/app_20260527_145141.log')}
2026-05-27 15:19:03,421 - watchfiles.main - DEBUG - 1 change detected: {(<Change.modified: 2>, '/workspace/app/backend/logs/app_20260527_145141.log')}
2026-05-27 15:19:03,771 - watchfiles.main - DEBUG - 1 change detected: {(<Change.modified: 2>, '/workspace/app/backend/logs/app_20260527_145141.log')}
2026-05-27 15:19:04,122 - watchfiles.main - DEBUG - 1 change detected: {(<Change.modified: 2>, '/workspace/app/backend/logs/app_20260527_145141.log')}
2026-05-27 15:19:04,473 - watchfiles.main - DEBUG - 1 change detected: {(<Change.modified: 2>, '/workspace/app/backend/logs/app_20260527_145141.log')}
2026-05-27 15:19:04,824 - watchfiles.main - DEBUG - 1 change detected: {(<Change.modified: 2>, '/workspace/app/backend/logs/app_20260527_145141.log')}
2026-05-27 15:19:05,175 - watchfiles.main - DEBUG - 1 change detected: {(<Change.modified: 2>, '/workspace/app/backend/logs/app_20260527_145141.log')}
2026-05-27 15:19:05,526 - watchfiles.main - DEBUG - 1 change detected: {(<Change.modified: 2>, '/workspace/app/backend/logs/app_20260527_145141.log')}
2026-05-27 15:19:05,877 - watchfiles.main - DEBUG - 1 change detected: {(<Change.modified: 2>, '/workspace/app/backend/logs/app_20260527_145141.log')}
2026-05-27 15:19:06,228 - watchfiles.main - DEBUG - 1 change detected: {(<Change.modified: 2>, '/workspace/app/backend/logs/app_20260527_145141.log')}
2026-05-27 15:19:06,579 - watchfiles.main - DEBUG - 1 change detected: {(<Change.modified: 2>, '/workspace/app/backend/logs/app_20260527_145141.log')}
2026-05-27 15:19:06,930 - watchfiles.main - DEBUG - 1 change detected: {(<Change.modified: 2>, '/workspace/app/backend/logs/app_20260527_145141.log')}
2026-05-27 15:19:07,281 - watchfiles.main - DEBUG - 1 change detected: {(<Change.modified: 2>, '/workspace/app/backend/logs/app_20260527_145141.log')}
2026-05-27 15:19:07,632 - watchfiles.main - DEBUG - 1 change detected: {(<Change.modified: 2>, '/workspace/app/backend/logs/app_20260527_145141.log')}
2026-05-27 15:19:07,983 - watchfiles.main - DEBUG - 1 change detected: {(<Change.modified: 2>, '/workspace/app/backend/logs/app_20260527_145141.log')}
2026-05-27 15:19:08,334 - watchfiles.main - DEBUG - 1 change detected: {(<Change.modified: 2>, '/workspace/app/backend/logs/app_20260527_145141.log')}
2026-05-27 15:19:08,685 - watchfiles.main - DEBUG - 1 change detected: {(<Change.modified: 2>, '/workspace/app/backend/logs/app_20260527_145141.log')}
2026-05-27 15:19:09,036 - watchfiles.main - DEBUG - 1 change detected: {(<Change.modified: 2>, '/workspace/app/backend/logs/app_20260527_145141.log')}
2026-05-27 15:19:09,387 - watchfiles.main - DEBUG - 1 change detected: {(<Change.modified: 2>, '/workspace/app/backend/logs/app_20260527_145141.log')}
2026-05-27 15:19:09,738 - watchfiles.main - DEBUG - 1 change detected: {(<Change.modified: 2>, '/workspace/app/backend/logs/app_20260527_145141.log')}
2026-05-27 15:19:10,089 - watchfiles.main - DEBUG - 1 change detected: {(<Change.modified: 2>, '/workspace/app/backend/logs/app_20260527_145141.log')}
2026-05-27 15:19:10,440 - watchfiles.main - DEBUG - 1 change detected: {(<Change.modified: 2>, '/workspace/app/backend/logs/app_20260527_145141.log')}
2026-05-27 15:19:10,791 - watchfiles.main - DEBUG - 1 change detected: {(<Change.modified: 2>, '/workspace/app/backend/logs/app_20260527_145141.log')}
2026-05-27 15:19:11,142 - watchfiles.main - DEBUG - 1 change detected: {(<Change.modified: 2>, '/workspace/app/backend/logs/app_20260527_145141.log')}
2026-05-27 15:19:11,493 - watchfiles.main - DEBUG - 1 change detected: {(<Change.modified: 2>, '/workspace/app/backend/logs/app_20260527_145141.log')}
2026-05-27 15:19:11,843 - watchfiles.main - DEBUG - 1 change detected: {(<Change.modified: 2>, '/workspace/app/backend/logs/app_20260527_145141.log')}
2026-05-27 15:19:12,194 - watchfiles.main - DEBUG - 1 change detected: {(<Change.modified: 2>, '/workspace/app/backend/logs/app_20260527_145141.log')}
2026-05-27 15:19:12,545 - watchfiles.main - DEBUG - 1 change detected: {(<Change.modified: 2>, '/workspace/app/backend/logs/app_20260527_145141.log')}
2026-05-27 15:19:12,897 - watchfiles.main - DEBUG - 1 change detected: {(<Change.modified: 2>, '/workspace/app/backend/logs/app_20260527_145141.log')}
2026-05-27 15:19:13,247 - watchfiles.main - DEBUG - 2 changes detected: {(<Change.modified: 2>, '/workspace/app/backend/logs/app_20260527_145141.log'), (<Change.modified: 2>, '/workspace/app/backend/logs/app_20260527_145143.log')}
2026-05-27 15:19:13,598 - watchfiles.main - DEBUG - 2 changes detected: {(<Change.modified: 2>, '/workspace/app/backend/logs/app_20260527_145141.log'), (<Change.modified: 2>, '/workspace/app/backend/logs/app_20260527_145143.log')}
2026-05-27 15:19:13,950 - watchfiles.main - DEBUG - 1 change detected: {(<Change.modified: 2>, '/workspace/app/backend/logs/app_20260527_145141.log')}
2026-05-27 15:19:14,301 - watchfiles.main - DEBUG - 1 change detected: {(<Change.modified: 2>, '/workspace/app/backend/logs/app_20260527_145141.log')}
2026-05-27 15:19:14,652 - watchfiles.main - DEBUG - 1 change detected: {(<Change.modified: 2>, '/workspace/app/backend/logs/app_20260527_145141.log')}
2026-05-27 15:19:15,003 - watchfiles.main - DEBUG - 1 change detected: {(<Change.modified: 2>, '/workspace/app/backend/logs/app_20260527_145141.log')}
2026-05-27 15:19:15,354 - watchfiles.main - DEBUG - 1 change detected: {(<Change.modified: 2>, '/workspace/app/backend/logs/app_20260527_145141.log')}
2026-05-27 15:19:15,705 - watchfiles.main - DEBUG - 1 change detected: {(<Change.modified: 2>, '/workspace/app/backend/logs/app_20260527_145141.log')}
2026-05-27 15:19:16,055 - watchfiles.main - DEBUG - 1 change detected: {(<Change.modified: 2>, '/workspace/app/backend/logs/app_20260527_145141.log')}
2026-05-27 15:19:16,406 - watchfiles.main - DEBUG - 1 change detected: {(<Change.modified: 2>, '/workspace/app/backend/logs/app_20260527_145141.log')}
2026-05-27 15:19:16,757 - watchfiles.main - DEBUG - 1 change detected: {(<Change.modified: 2>, '/workspace/app/backend/logs/app_20260527_145141.log')}
2026-05-27 15:19:17,108 - watchfiles.main - DEBUG - 1 change detected: {(<Change.modified: 2>, '/workspace/app/backend/logs/app_20260527_145141.log')}
2026-05-27 15:19:17,459 - watchfiles.main - DEBUG - 1 change detected: {(<Change.modified: 2>, '/workspace/app/backend/logs/app_20260527_145141.log')}
2026-05-27 15:19:17,810 - watchfiles.main - DEBUG - 1 change detected: {(<Change.modified: 2>, '/workspace/app/backend/logs/app_20260527_145141.log')}
2026-05-27 15:19:18,161 - watchfiles.main - DEBUG - 1 change detected: {(<Change.modified: 2>, '/workspace/app/backend/logs/app_20260527_145141.log')}
2026-05-27 15:19:18,512 - watchfiles.main - DEBUG - 1 change detected: {(<Change.modified: 2>, '/workspace/app/backend/logs/app_20260527_145141.log')}
2026-05-27 15:19:18,867 - watchfiles.main - DEBUG - 1 change detected: {(<Change.modified: 2>, '/workspace/app/backend/logs/app_20260527_145141.log')}
2026-05-27 15:19:19,218 - watchfiles.main - DEBUG - 1 change detected: {(<Change.modified: 2>, '/workspace/app/backend/logs/app_20260527_145141.log')}
2026-05-27 15:19:19,569 - watchfiles.main - DEBUG - 1 change detected: {(<Change.modified: 2>, '/workspace/app/backend/logs/app_20260527_145141.log')}
2026-05-27 15:19:19,920 - watchfiles.main - DEBUG - 1 change detected: {(<Change.modified: 2>, '/workspace/app/backend/logs/app_20260527_145141.log')}
2026-05-27 15:19:20,271 - watchfiles.main - DEBUG - 1 change detected: {(<Change.modified: 2>, '/workspace/app/backend/logs/app_20260527_145141.log')}
2026-05-27 15:19:20,621 - watchfiles.main - DEBUG - 1 change detected: {(<Change.modified: 2>, '/workspace/app/backend/logs/app_20260527_145141.log')}
2026-05-27 15:19:20,973 - watchfiles.main - DEBUG - 1 change detected: {(<Change.modified: 2>, '/workspace/app/backend/logs/app_20260527_145141.log')}
2026-05-27 15:19:21,324 - watchfiles.main - DEBUG - 1 change detected: {(<Change.modified: 2>, '/workspace/app/backend/logs/app_20260527_145141.log')}
2026-05-27 15:19:21,674 - watchfiles.main - DEBUG - 1 change detected: {(<Change.modified: 2>, '/workspace/app/backend/logs/app_20260527_145141.log')}
2026-05-27 15:19:22,025 - watchfiles.main - DEBUG - 1 change detected: {(<Change.modified: 2>, '/workspace/app/backend/logs/app_20260527_145141.log')}
2026-05-27 15:19:22,377 - watchfiles.main - DEBUG - 1 change detected: {(<Change.modified: 2>, '/workspace/app/backend/logs/app_20260527_145141.log')}
2026-05-27 15:19:22,728 - watchfiles.main - DEBUG - 1 change detected: {(<Change.modified: 2>, '/workspace/app/backend/logs/app_20260527_145141.log')}
2026-05-27 15:19:23,079 - watchfiles.main - DEBUG - 1 change detected: {(<Change.modified: 2>, '/workspace/app/backend/logs/app_20260527_145141.log')}
2026-05-27 15:19:23,430 - watchfiles.main - DEBUG - 1 change detected: {(<Change.modified: 2>, '/workspace/app/backend/logs/app_20260527_145141.log')}
2026-05-27 15:19:23,781 - watchfiles.main - DEBUG - 1 change detected: {(<Change.modified: 2>, '/workspace/app/backend/logs/app_20260527_145141.log')}
2026-05-27 15:19:24,132 - watchfiles.main - DEBUG - 1 change detected: {(<Change.modified: 2>, '/workspace/app/backend/logs/app_20260527_145141.log')}
2026-05-27 15:19:24,483 - watchfiles.main - DEBUG - 1 change detected: {(<Change.modified: 2>, '/workspace/app/backend/logs/app_20260527_145141.log')}
2026-05-27 15:19:24,833 - watchfiles.main - DEBUG - 1 change detected: {(<Change.modified: 2>, '/workspace/app/backend/logs/app_20260527_145141.log')}
2026-05-27 15:19:25,184 - watchfiles.main - DEBUG - 1 change detected: {(<Change.modified: 2>, '/workspace/app/backend/logs/app_20260527_145141.log')}
2026-05-27 15:19:25,535 - watchfiles.main - DEBUG - 1 change detected: {(<Change.modified: 2>, '/workspace/app/backend/logs/app_20260527_145141.log')}
2026-05-27 15:19:25,886 - watchfiles.main - DEBUG - 1 change detected: {(<Change.modified: 2>, '/workspace/app/backend/logs/app_20260527_145141.log')}
2026-05-27 15:19:26,237 - watchfiles.main - DEBUG - 1 change detected: {(<Change.modified: 2>, '/workspace/app/backend/logs/app_20260527_145141.log')}
2026-05-27 15:19:26,588 - watchfiles.main - DEBUG - 1 change detected: {(<Change.modified: 2>, '/workspace/app/backend/logs/app_20260527_145141.log')}
2026-05-27 15:19:26,939 - watchfiles.main - DEBUG - 1 change detected: {(<Change.modified: 2>, '/workspace/app/backend/logs/app_20260527_145141.log')}
2026-05-27 15:19:27,290 - watchfiles.main - DEBUG - 1 change detected: {(<Change.modified: 2>, '/workspace/app/backend/logs/app_20260527_145141.log')}
2026-05-27 15:19:27,641 - watchfiles.main - DEBUG - 1 change detected: {(<Change.modified: 2>, '/workspace/app/backend/logs/app_20260527_145141.log')}
2026-05-27 15:19:27,992 - watchfiles.main - DEBUG - 1 change detected: {(<Change.modified: 2>, '/workspace/app/backend/logs/app_20260527_145141.log')}
2026-05-27 15:19:28,343 - watchfiles.main - DEBUG - 1 change detected: {(<Change.modified: 2>, '/workspace/app/backend/logs/app_20260527_145141.log')}
2026-05-27 15:19:28,694 - watchfiles.main - DEBUG - 1 change detected: {(<Change.modified: 2>, '/workspace/app/backend/logs/app_20260527_145141.log')}
2026-05-27 15:19:29,045 - watchfiles.main - DEBUG - 1 change detected: {(<Change.modified: 2>, '/workspace/app/backend/logs/app_20260527_145141.log')}
2026-05-27 15:19:29,397 - watchfiles.main - DEBUG - 1 change detected: {(<Change.modified: 2>, '/workspace/app/backend/logs/app_20260527_145141.log')}
2026-05-27 15:19:29,748 - watchfiles.main - DEBUG - 1 change detected: {(<Change.modified: 2>, '/workspace/app/backend/logs/app_20260527_145141.log')}
2026-05-27 15:19:30,099 - watchfiles.main - DEBUG - 1 change detected: {(<Change.modified: 2>, '/workspace/app/backend/logs/app_20260527_145141.log')}
2026-05-27 15:19:30,450 - watchfiles.main - DEBUG - 1 change detected: {(<Change.modified: 2>, '/workspace/app/backend/logs/app_20260527_145141.log')}
2026-05-27 15:19:30,801 - watchfiles.main - DEBUG - 1 change detected: {(<Change.modified: 2>, '/workspace/app/backend/logs/app_20260527_145141.log')}
2026-05-27 15:19:31,151 - watchfiles.main - DEBUG - 1 change detected: {(<Change.modified: 2>, '/workspace/app/backend/logs/app_20260527_145141.log')}
2026-05-27 15:19:31,502 - watchfiles.main - DEBUG - 1 change detected: {(<Change.modified: 2>, '/workspace/app/backend/logs/app_20260527_145141.log')}
2026-05-27 15:19:31,853 - watchfiles.main - DEBUG - 1 change detected: {(<Change.modified: 2>, '/workspace/app/backend/logs/app_20260527_145141.log')}
2026-05-27 15:19:32,204 - watchfiles.main - DEBUG - 1 change detected: {(<Change.modified: 2>, '/workspace/app/backend/logs/app_20260527_145141.log')}
2026-05-27 15:19:32,555 - watchfiles.main - DEBUG - 1 change detected: {(<Change.modified: 2>, '/workspace/app/backend/logs/app_20260527_145141.log')}
2026-05-27 15:19:32,906 - watchfiles.main - DEBUG - 1 change detected: {(<Change.modified: 2>, '/workspace/app/backend/logs/app_20260527_145141.log')}
2026-05-27 15:19:33,257 - watchfiles.main - DEBUG - 1 change detected: {(<Change.modified: 2>, '/workspace/app/backend/logs/app_20260527_145141.log')}
2026-05-27 15:19:33,608 - watchfiles.main - DEBUG - 1 change detected: {(<Change.modified: 2>, '/workspace/app/backend/logs/app_20260527_145141.log')}
2026-05-27 15:19:33,959 - watchfiles.main - DEBUG - 1 change detected: {(<Change.modified: 2>, '/workspace/app/backend/logs/app_20260527_145141.log')}
2026-05-27 15:19:34,310 - watchfiles.main - DEBUG - 1 change detected: {(<Change.modified: 2>, '/workspace/app/backend/logs/app_20260527_145141.log')}
2026-05-27 15:19:34,661 - watchfiles.main - DEBUG - 1 change detected: {(<Change.modified: 2>, '/workspace/app/backend/logs/app_20260527_145141.log')}
2026-05-27 15:19:35,012 - watchfiles.main - DEBUG - 1 change detected: {(<Change.modified: 2>, '/workspace/app/backend/logs/app_20260527_145141.log')}
2026-05-27 15:19:35,363 - watchfiles.main - DEBUG - 1 change detected: {(<Change.modified: 2>, '/workspace/app/backend/logs/app_20260527_145141.log')}
2026-05-27 15:19:35,714 - watchfiles.main - DEBUG - 1 change detected: {(<Change.modified: 2>, '/workspace/app/backend/logs/app_20260527_145141.log')}
2026-05-27 15:19:36,065 - watchfiles.main - DEBUG - 1 change detected: {(<Change.modified: 2>, '/workspace/app/backend/logs/app_20260527_145141.log')}
2026-05-27 15:19:36,416 - watchfiles.main - DEBUG - 1 change detected: {(<Change.modified: 2>, '/workspace/app/backend/logs/app_20260527_145141.log')}
2026-05-27 15:19:36,767 - watchfiles.main - DEBUG - 1 change detected: {(<Change.modified: 2>, '/workspace/app/backend/logs/app_20260527_145141.log')}
2026-05-27 15:19:37,118 - watchfiles.main - DEBUG - 1 change detected: {(<Change.modified: 2>, '/workspace/app/backend/logs/app_20260527_145141.log')}
2026-05-27 15:19:37,469 - watchfiles.main - DEBUG - 1 change detected: {(<Change.modified: 2>, '/workspace/app/backend/logs/app_20260527_145141.log')}
2026-05-27 15:19:37,820 - watchfiles.main - DEBUG - 1 change detected: {(<Change.modified: 2>, '/workspace/app/backend/logs/app_20260527_145141.log')}
2026-05-27 15:19:38,171 - watchfiles.main - DEBUG - 1 change detected: {(<Change.modified: 2>, '/workspace/app/backend/logs/app_20260527_145141.log')}
2026-05-27 15:19:38,522 - watchfiles.main - DEBUG - 1 change detected: {(<Change.modified: 2>, '/workspace/app/backend/logs/app_20260527_145141.log')}
2026-05-27 15:19:38,873 - watchfiles.main - DEBUG - 1 change detected: {(<Change.modified: 2>, '/workspace/app/backend/logs/app_20260527_145141.log')}
2026-05-27 15:19:39,224 - watchfiles.main - DEBUG - 1 change detected: {(<Change.modified: 2>, '/workspace/app/backend/logs/app_20260527_145141.log')}
2026-05-27 15:19:39,575 - watchfiles.main - DEBUG - 1 change detected: {(<Change.modified: 2>, '/workspace/app/backend/logs/app_20260527_145141.log')}
2026-05-27 15:19:39,926 - watchfiles.main - DEBUG - 1 change detected: {(<Change.modified: 2>, '/workspace/app/backend/logs/app_20260527_145141.log')}
2026-05-27 15:19:40,277 - watchfiles.main - DEBUG - 1 change detected: {(<Change.modified: 2>, '/workspace/app/backend/logs/app_20260527_145141.log')}
2026-05-27 15:19:40,628 - watchfiles.main - DEBUG - 1 change detected: {(<Change.modified: 2>, '/workspace/app/backend/logs/app_20260527_145141.log')}
2026-05-27 15:19:40,979 - watchfiles.main - DEBUG - 1 change detected: {(<Change.modified: 2>, '/workspace/app/backend/logs/app_20260527_145141.log')}
2026-05-27 15:19:41,330 - watchfiles.main - DEBUG - 1 change detected: {(<Change.modified: 2>, '/workspace/app/backend/logs/app_20260527_145141.log')}
2026-05-27 15:19:41,680 - watchfiles.main - DEBUG - 1 change detected: {(<Change.modified: 2>, '/workspace/app/backend/logs/app_20260527_145141.log')}
2026-05-27 15:19:42,031 - watchfiles.main - DEBUG - 1 change detected: {(<Change.modified: 2>, '/workspace/app/backend/logs/app_20260527_145141.log')}
2026-05-27 15:19:42,382 - watchfiles.main - DEBUG - 1 change detected: {(<Change.modified: 2>, '/workspace/app/backend/logs/app_20260527_145141.log')}
2026-05-27 15:19:42,733 - watchfiles.main - DEBUG - 1 change detected: {(<Change.modified: 2>, '/workspace/app/backend/logs/app_20260527_145141.log')}
2026-05-27 15:19:43,084 - watchfiles.main - DEBUG - 1 change detected: {(<Change.modified: 2>, '/workspace/app/backend/logs/app_20260527_145141.log')}
2026-05-27 15:19:43,435 - watchfiles.main - DEBUG - 1 change detected: {(<Change.modified: 2>, '/workspace/app/backend/logs/app_20260527_145141.log')}
2026-05-27 15:19:43,786 - watchfiles.main - DEBUG - 2 changes detected: {(<Change.modified: 2>, '/workspace/app/backend/logs/app_20260527_145141.log'), (<Change.modified: 2>, '/workspace/app/backend/logs/app_20260527_145143.log')}
2026-05-27 15:19:44,137 - watchfiles.main - DEBUG - 2 changes detected: {(<Change.modified: 2>, '/workspace/app/backend/logs/app_20260527_145141.log'), (<Change.modified: 2>, '/workspace/app/backend/logs/app_20260527_145143.log')}
2026-05-27 15:19:44,488 - watchfiles.main - DEBUG - 1 change detected: {(<Change.modified: 2>, '/workspace/app/backend/logs/app_20260527_145141.log')}
2026-05-27 15:19:44,839 - watchfiles.main - DEBUG - 1 change detected: {(<Change.modified: 2>, '/workspace/app/backend/logs/app_20260527_145141.log')}
2026-05-27 15:19:45,190 - watchfiles.main - DEBUG - 1 change detected: {(<Change.modified: 2>, '/workspace/app/backend/logs/app_20260527_145141.log')}
2026-05-27 15:19:45,542 - watchfiles.main - DEBUG - 1 change detected: {(<Change.modified: 2>, '/workspace/app/backend/logs/app_20260527_145141.log')}
2026-05-27 15:19:45,892 - watchfiles.main - DEBUG - 1 change detected: {(<Change.modified: 2>, '/workspace/app/backend/logs/app_20260527_145141.log')}
2026-05-27 15:19:46,243 - watchfiles.main - DEBUG - 1 change detected: {(<Change.modified: 2>, '/workspace/app/backend/logs/app_20260527_145141.log')}
2026-05-27 15:19:46,594 - watchfiles.main - DEBUG - 1 change detected: {(<Change.modified: 2>, '/workspace/app/backend/logs/app_20260527_145141.log')}
2026-05-27 15:19:46,946 - watchfiles.main - DEBUG - 1 change detected: {(<Change.modified: 2>, '/workspace/app/backend/logs/app_20260527_145141.log')}
2026-05-27 15:19:47,296 - watchfiles.main - DEBUG - 1 change detected: {(<Change.modified: 2>, '/workspace/app/backend/logs/app_20260527_145141.log')}
2026-05-27 15:19:47,648 - watchfiles.main - DEBUG - 1 change detected: {(<Change.modified: 2>, '/workspace/app/backend/logs/app_20260527_145141.log')}
2026-05-27 15:19:47,999 - watchfiles.main - DEBUG - 1 change detected: {(<Change.modified: 2>, '/workspace/app/backend/logs/app_20260527_145141.log')}
2026-05-27 15:19:48,350 - watchfiles.main - DEBUG - 1 change detected: {(<Change.modified: 2>, '/workspace/app/backend/logs/app_20260527_145141.log')}
2026-05-27 15:19:48,702 - watchfiles.main - DEBUG - 1 change detected: {(<Change.modified: 2>, '/workspace/app/backend/logs/app_20260527_145141.log')}
2026-05-27 15:19:49,052 - watchfiles.main - DEBUG - 1 change detected: {(<Change.modified: 2>, '/workspace/app/backend/logs/app_20260527_145141.log')}
2026-05-27 15:19:49,403 - watchfiles.main - DEBUG - 1 change detected: {(<Change.modified: 2>, '/workspace/app/backend/logs/app_20260527_145141.log')}
2026-05-27 15:19:49,754 - watchfiles.main - DEBUG - 1 change detected: {(<Change.modified: 2>, '/workspace/app/backend/logs/app_20260527_145141.log')}
2026-05-27 15:19:50,105 - watchfiles.main - DEBUG - 1 change detected: {(<Change.modified: 2>, '/workspace/app/backend/logs/app_20260527_145141.log')}
2026-05-27 15:19:50,456 - watchfiles.main - DEBUG - 1 change detected: {(<Change.modified: 2>, '/workspace/app/backend/logs/app_20260527_145141.log')}
2026-05-27 15:19:50,807 - watchfiles.main - DEBUG - 1 change detected: {(<Change.modified: 2>, '/workspace/app/backend/logs/app_20260527_145141.log')}
2026-05-27 15:19:51,158 - watchfiles.main - DEBUG - 1 change detected: {(<Change.modified: 2>, '/workspace/app/backend/logs/app_20260527_145141.log')}
2026-05-27 15:19:51,509 - watchfiles.main - DEBUG - 1 change detected: {(<Change.modified: 2>, '/workspace/app/backend/logs/app_20260527_145141.log')}
2026-05-27 15:19:51,860 - watchfiles.main - DEBUG - 1 change detected: {(<Change.modified: 2>, '/workspace/app/backend/logs/app_20260527_145141.log')}
2026-05-27 15:19:52,211 - watchfiles.main - DEBUG - 1 change detected: {(<Change.modified: 2>, '/workspace/app/backend/logs/app_20260527_145141.log')}
2026-05-27 15:19:52,562 - watchfiles.main - DEBUG - 1 change detected: {(<Change.modified: 2>, '/workspace/app/backend/logs/app_20260527_145141.log')}
2026-05-27 15:19:52,913 - watchfiles.main - DEBUG - 1 change detected: {(<Change.modified: 2>, '/workspace/app/backend/logs/app_20260527_145141.log')}
2026-05-27 15:19:53,264 - watchfiles.main - DEBUG - 1 change detected: {(<Change.modified: 2>, '/workspace/app/backend/logs/app_20260527_145141.log')}
2026-05-27 15:19:53,615 - watchfiles.main - DEBUG - 1 change detected: {(<Change.modified: 2>, '/workspace/app/backend/logs/app_20260527_145141.log')}
2026-05-27 15:19:53,966 - watchfiles.main - DEBUG - 1 change detected: {(<Change.modified: 2>, '/workspace/app/backend/logs/app_20260527_145141.log')}
2026-05-27 15:19:54,317 - watchfiles.main - DEBUG - 1 change detected: {(<Change.modified: 2>, '/workspace/app/backend/logs/app_20260527_145141.log')}
2026-05-27 15:19:54,667 - watchfiles.main - DEBUG - 1 change detected: {(<Change.modified: 2>, '/workspace/app/backend/logs/app_20260527_145141.log')}
2026-05-27 15:19:55,018 - watchfiles.main - DEBUG - 1 change detected: {(<Change.modified: 2>, '/workspace/app/backend/logs/app_20260527_145141.log')}
2026-05-27 15:19:55,369 - watchfiles.main - DEBUG - 1 change detected: {(<Change.modified: 2>, '/workspace/app/backend/logs/app_20260527_145141.log')}
2026-05-27 15:19:55,720 - watchfiles.main - DEBUG - 1 change detected: {(<Change.modified: 2>, '/workspace/app/backend/logs/app_20260527_145141.log')}
2026-05-27 15:19:56,071 - watchfiles.main - DEBUG - 1 change detected: {(<Change.modified: 2>, '/workspace/app/backend/logs/app_20260527_145141.log')}
2026-05-27 15:19:56,422 - watchfiles.main - DEBUG - 1 change detected: {(<Change.modified: 2>, '/workspace/app/backend/logs/app_20260527_145141.log')}
2026-05-27 15:19:56,773 - watchfiles.main - DEBUG - 1 change detected: {(<Change.modified: 2>, '/workspace/app/backend/logs/app_20260527_145141.log')}
2026-05-27 15:19:57,124 - watchfiles.main - DEBUG - 1 change detected: {(<Change.modified: 2>, '/workspace/app/backend/logs/app_20260527_145141.log')}
2026-05-27 15:19:57,475 - watchfiles.main - DEBUG - 1 change detected: {(<Change.modified: 2>, '/workspace/app/backend/logs/app_20260527_145141.log')}
2026-05-27 15:19:57,826 - watchfiles.main - DEBUG - 1 change detected: {(<Change.modified: 2>, '/workspace/app/backend/logs/app_20260527_145141.log')}
2026-05-27 15:19:58,177 - watchfiles.main - DEBUG - 1 change detected: {(<Change.modified: 2>, '/workspace/app/backend/logs/app_20260527_145141.log')}
2026-05-27 15:19:58,527 - watchfiles.main - DEBUG - 1 change detected: {(<Change.modified: 2>, '/workspace/app/backend/logs/app_20260527_145141.log')}
2026-05-27 15:19:58,878 - watchfiles.main - DEBUG - 1 change detected: {(<Change.modified: 2>, '/workspace/app/backend/logs/app_20260527_145141.log')}
2026-05-27 15:19:59,229 - watchfiles.main - DEBUG - 1 change detected: {(<Change.modified: 2>, '/workspace/app/backend/logs/app_20260527_145141.log')}
2026-05-27 15:19:59,580 - watchfiles.main - DEBUG - 1 change detected: {(<Change.modified: 2>, '/workspace/app/backend/logs/app_20260527_145141.log')}
2026-05-27 15:19:59,931 - watchfiles.main - DEBUG - 1 change detected: {(<Change.modified: 2>, '/workspace/app/backend/logs/app_20260527_145141.log')}
2026-05-27 15:20:00,282 - watchfiles.main - DEBUG - 1 change detected: {(<Change.modified: 2>, '/workspace/app/backend/logs/app_20260527_145141.log')}
2026-05-27 15:20:00,633 - watchfiles.main - DEBUG - 1 change detected: {(<Change.modified: 2>, '/workspace/app/backend/logs/app_20260527_145141.log')}
2026-05-27 15:20:00,984 - watchfiles.main - DEBUG - 1 change detected: {(<Change.modified: 2>, '/workspace/app/backend/logs/app_20260527_145141.log')}
2026-05-27 15:20:01,335 - watchfiles.main - DEBUG - 1 change detected: {(<Change.modified: 2>, '/workspace/app/backend/logs/app_20260527_145141.log')}
2026-05-27 15:20:01,686 - watchfiles.main - DEBUG - 1 change detected: {(<Change.modified: 2>, '/workspace/app/backend/logs/app_20260527_145141.log')}
2026-05-27 15:20:02,037 - watchfiles.main - DEBUG - 1 change detected: {(<Change.modified: 2>, '/workspace/app/backend/logs/app_20260527_145141.log')}
2026-05-27 15:20:02,388 - watchfiles.main - DEBUG - 1 change detected: {(<Change.modified: 2>, '/workspace/app/backend/logs/app_20260527_145141.log')}
2026-05-27 15:20:02,739 - watchfiles.main - DEBUG - 1 change detected: {(<Change.modified: 2>, '/workspace/app/backend/logs/app_20260527_145141.log')}
2026-05-27 15:20:03,090 - watchfiles.main - DEBUG - 1 change detected: {(<Change.modified: 2>, '/workspace/app/backend/logs/app_20260527_145141.log')}
2026-05-27 15:20:03,441 - watchfiles.main - DEBUG - 1 change detected: {(<Change.modified: 2>, '/workspace/app/backend/logs/app_20260527_145141.log')}
2026-05-27 15:20:03,792 - watchfiles.main - DEBUG - 1 change detected: {(<Change.modified: 2>, '/workspace/app/backend/logs/app_20260527_145141.log')}
2026-05-27 15:20:04,143 - watchfiles.main - DEBUG - 1 change detected: {(<Change.modified: 2>, '/workspace/app/backend/logs/app_20260527_145141.log')}
2026-05-27 15:20:04,494 - watchfiles.main - DEBUG - 1 change detected: {(<Change.modified: 2>, '/workspace/app/backend/logs/app_20260527_145141.log')}
2026-05-27 15:20:04,845 - watchfiles.main - DEBUG - 1 change detected: {(<Change.modified: 2>, '/workspace/app/backend/logs/app_20260527_145141.log')}
2026-05-27 15:20:05,196 - watchfiles.main - DEBUG - 1 change detected: {(<Change.modified: 2>, '/workspace/app/backend/logs/app_20260527_145141.log')}
2026-05-27 15:20:05,547 - watchfiles.main - DEBUG - 1 change detected: {(<Change.modified: 2>, '/workspace/app/backend/logs/app_20260527_145141.log')}
2026-05-27 15:20:05,898 - watchfiles.main - DEBUG - 1 change detected: {(<Change.modified: 2>, '/workspace/app/backend/logs/app_20260527_145141.log')}
2026-05-27 15:20:06,249 - watchfiles.main - DEBUG - 1 change detected: {(<Change.modified: 2>, '/workspace/app/backend/logs/app_20260527_145141.log')}
2026-05-27 15:20:06,600 - watchfiles.main - DEBUG - 1 change detected: {(<Change.modified: 2>, '/workspace/app/backend/logs/app_20260527_145141.log')}
2026-05-27 15:20:06,951 - watchfiles.main - DEBUG - 1 change detected: {(<Change.modified: 2>, '/workspace/app/backend/logs/app_20260527_145141.log')}
2026-05-27 15:20:07,302 - watchfiles.main - DEBUG - 1 change detected: {(<Change.modified: 2>, '/workspace/app/backend/logs/app_20260527_145141.log')}
2026-05-27 15:20:07,653 - watchfiles.main - DEBUG - 1 change detected: {(<Change.modified: 2>, '/workspace/app/backend/logs/app_20260527_145141.log')}
2026-05-27 15:20:08,004 - watchfiles.main - DEBUG - 1 change detected: {(<Change.modified: 2>, '/workspace/app/backend/logs/app_20260527_145141.log')}
2026-05-27 15:20:08,354 - watchfiles.main - DEBUG - 1 change detected: {(<Change.modified: 2>, '/workspace/app/backend/logs/app_20260527_145141.log')}
2026-05-27 15:20:08,705 - watchfiles.main - DEBUG - 1 change detected: {(<Change.modified: 2>, '/workspace/app/backend/logs/app_20260527_145141.log')}
2026-05-27 15:20:09,056 - watchfiles.main - DEBUG - 1 change detected: {(<Change.modified: 2>, '/workspace/app/backend/logs/app_20260527_145141.log')}
2026-05-27 15:20:09,407 - watchfiles.main - DEBUG - 1 change detected: {(<Change.modified: 2>, '/workspace/app/backend/logs/app_20260527_145141.log')}
2026-05-27 15:20:09,758 - watchfiles.main - DEBUG - 1 change detected: {(<Change.modified: 2>, '/workspace/app/backend/logs/app_20260527_145141.log')}
2026-05-27 15:20:10,109 - watchfiles.main - DEBUG - 1 change detected: {(<Change.modified: 2>, '/workspace/app/backend/logs/app_20260527_145141.log')}
2026-05-27 15:20:10,460 - watchfiles.main - DEBUG - 1 change detected: {(<Change.modified: 2>, '/workspace/app/backend/logs/app_20260527_145141.log')}
2026-05-27 15:20:10,811 - watchfiles.main - DEBUG - 1 change detected: {(<Change.modified: 2>, '/workspace/app/backend/logs/app_20260527_145141.log')}
2026-05-27 15:20:11,162 - watchfiles.main - DEBUG - 1 change detected: {(<Change.modified: 2>, '/workspace/app/backend/logs/app_20260527_145141.log')}
2026-05-27 15:20:11,513 - watchfiles.main - DEBUG - 1 change detected: {(<Change.modified: 2>, '/workspace/app/backend/logs/app_20260527_145141.log')}
2026-05-27 15:20:11,864 - watchfiles.main - DEBUG - 1 change detected: {(<Change.modified: 2>, '/workspace/app/backend/logs/app_20260527_145141.log')}
2026-05-27 15:20:12,215 - watchfiles.main - DEBUG - 1 change detected: {(<Change.modified: 2>, '/workspace/app/backend/logs/app_20260527_145141.log')}
2026-05-27 15:20:12,566 - watchfiles.main - DEBUG - 1 change detected: {(<Change.modified: 2>, '/workspace/app/backend/logs/app_20260527_145141.log')}
2026-05-27 15:20:12,917 - watchfiles.main - DEBUG - 1 change detected: {(<Change.modified: 2>, '/workspace/app/backend/logs/app_20260527_145141.log')}
2026-05-27 15:20:13,268 - watchfiles.main - DEBUG - 1 change detected: {(<Change.modified: 2>, '/workspace/app/backend/logs/app_20260527_145141.log')}
2026-05-27 15:20:13,619 - watchfiles.main - DEBUG - 1 change detected: {(<Change.modified: 2>, '/workspace/app/backend/logs/app_20260527_145141.log')}
2026-05-27 15:20:13,970 - watchfiles.main - DEBUG - 1 change detected: {(<Change.modified: 2>, '/workspace/app/backend/logs/app_20260527_145141.log')}
2026-05-27 15:20:14,321 - watchfiles.main - DEBUG - 1 change detected: {(<Change.modified: 2>, '/workspace/app/backend/logs/app_20260527_145141.log')}
2026-05-27 15:20:14,672 - watchfiles.main - DEBUG - 1 change detected: {(<Change.modified: 2>, '/workspace/app/backend/logs/app_20260527_145141.log')}
2026-05-27 15:20:15,023 - watchfiles.main - DEBUG - 1 change detected: {(<Change.modified: 2>, '/workspace/app/backend/logs/app_20260527_145141.log')}
2026-05-27 15:20:15,374 - watchfiles.main - DEBUG - 1 change detected: {(<Change.modified: 2>, '/workspace/app/backend/logs/app_20260527_145141.log')}
2026-05-27 15:20:15,725 - watchfiles.main - DEBUG - 1 change detected: {(<Change.modified: 2>, '/workspace/app/backend/logs/app_20260527_145141.log')}
2026-05-27 15:20:16,076 - watchfiles.main - DEBUG - 1 change detected: {(<Change.modified: 2>, '/workspace/app/backend/logs/app_20260527_145141.log')}
2026-05-27 15:20:16,427 - watchfiles.main - DEBUG - 1 change detected: {(<Change.modified: 2>, '/workspace/app/backend/logs/app_20260527_145141.log')}
2026-05-27 15:20:16,778 - watchfiles.main - DEBUG - 1 change detected: {(<Change.modified: 2>, '/workspace/app/backend/logs/app_20260527_145141.log')}
2026-05-27 15:20:17,129 - watchfiles.main - DEBUG - 1 change detected: {(<Change.modified: 2>, '/workspace/app/backend/logs/app_20260527_145141.log')}
2026-05-27 15:20:17,480 - watchfiles.main - DEBUG - 1 change detected: {(<Change.modified: 2>, '/workspace/app/backend/logs/app_20260527_145141.log')}
2026-05-27 15:20:17,830 - watchfiles.main - DEBUG - 1 change detected: {(<Change.modified: 2>, '/workspace/app/backend/logs/app_20260527_145141.log')}
2026-05-27 15:20:18,182 - watchfiles.main - DEBUG - 1 change detected: {(<Change.modified: 2>, '/workspace/app/backend/logs/app_20260527_145141.log')}
2026-05-27 15:20:18,532 - watchfiles.main - DEBUG - 1 change detected: {(<Change.modified: 2>, '/workspace/app/backend/logs/app_20260527_145141.log')}
2026-05-27 15:20:18,883 - watchfiles.main - DEBUG - 1 change detected: {(<Change.modified: 2>, '/workspace/app/backend/logs/app_20260527_145141.log')}
2026-05-27 15:20:19,234 - watchfiles.main - DEBUG - 1 change detected: {(<Change.modified: 2>, '/workspace/app/backend/logs/app_20260527_145141.log')}
2026-05-27 15:20:19,585 - watchfiles.main - DEBUG - 1 change detected: {(<Change.modified: 2>, '/workspace/app/backend/logs/app_20260527_145141.log')}
2026-05-27 15:20:19,936 - watchfiles.main - DEBUG - 1 change detected: {(<Change.modified: 2>, '/workspace/app/backend/logs/app_20260527_145141.log')}
2026-05-27 15:20:20,287 - watchfiles.main - DEBUG - 1 change detected: {(<Change.modified: 2>, '/workspace/app/backend/logs/app_20260527_145141.log')}
2026-05-27 15:20:20,638 - watchfiles.main - DEBUG - 1 change detected: {(<Change.modified: 2>, '/workspace/app/backend/logs/app_20260527_145141.log')}
2026-05-27 15:20:20,990 - watchfiles.main - DEBUG - 1 change detected: {(<Change.modified: 2>, '/workspace/app/backend/logs/app_20260527_145141.log')}
2026-05-27 15:20:21,341 - watchfiles.main - DEBUG - 1 change detected: {(<Change.modified: 2>, '/workspace/app/backend/logs/app_20260527_145141.log')}
2026-05-27 15:20:21,691 - watchfiles.main - DEBUG - 1 change detected: {(<Change.modified: 2>, '/workspace/app/backend/logs/app_20260527_145141.log')}
2026-05-27 15:20:22,042 - watchfiles.main - DEBUG - 1 change detected: {(<Change.modified: 2>, '/workspace/app/backend/logs/app_20260527_145141.log')}
2026-05-27 15:20:22,393 - watchfiles.main - DEBUG - 1 change detected: {(<Change.modified: 2>, '/workspace/app/backend/logs/app_20260527_145141.log')}
2026-05-27 15:20:22,744 - watchfiles.main - DEBUG - 1 change detected: {(<Change.modified: 2>, '/workspace/app/backend/logs/app_20260527_145141.log')}
2026-05-27 15:20:23,095 - watchfiles.main - DEBUG - 1 change detected: {(<Change.modified: 2>, '/workspace/app/backend/logs/app_20260527_145141.log')}
2026-05-27 15:20:23,446 - watchfiles.main - DEBUG - 1 change detected: {(<Change.modified: 2>, '/workspace/app/backend/logs/app_20260527_145141.log')}
2026-05-27 15:20:23,797 - watchfiles.main - DEBUG - 1 change detected: {(<Change.modified: 2>, '/workspace/app/backend/logs/app_20260527_145141.log')}
2026-05-27 15:20:24,148 - watchfiles.main - DEBUG - 1 change detected: {(<Change.modified: 2>, '/workspace/app/backend/logs/app_20260527_145141.log')}
2026-05-27 15:20:24,499 - watchfiles.main - DEBUG - 1 change detected: {(<Change.modified: 2>, '/workspace/app/backend/logs/app_20260527_145141.log')}
2026-05-27 15:20:24,850 - watchfiles.main - DEBUG - 1 change detected: {(<Change.modified: 2>, '/workspace/app/backend/logs/app_20260527_145141.log')}
2026-05-27 15:20:25,201 - watchfiles.main - DEBUG - 1 change detected: {(<Change.modified: 2>, '/workspace/app/backend/logs/app_20260527_145141.log')}
2026-05-27 15:20:25,552 - watchfiles.main - DEBUG - 1 change detected: {(<Change.modified: 2>, '/workspace/app/backend/logs/app_20260527_145141.log')}
2026-05-27 15:20:25,903 - watchfiles.main - DEBUG - 1 change detected: {(<Change.modified: 2>, '/workspace/app/backend/logs/app_20260527_145141.log')}
2026-05-27 15:20:26,254 - watchfiles.main - DEBUG - 1 change detected: {(<Change.modified: 2>, '/workspace/app/backend/logs/app_20260527_145141.log')}
2026-05-27 15:20:26,605 - watchfiles.main - DEBUG - 1 change detected: {(<Change.modified: 2>, '/workspace/app/backend/logs/app_20260527_145141.log')}
2026-05-27 15:20:26,955 - watchfiles.main - DEBUG - 1 change detected: {(<Change.modified: 2>, '/workspace/app/backend/logs/app_20260527_145141.log')}
2026-05-27 15:20:27,306 - watchfiles.main - DEBUG - 1 change detected: {(<Change.modified: 2>, '/workspace/app/backend/logs/app_20260527_145141.log')}
2026-05-27 15:20:27,657 - watchfiles.main - DEBUG - 1 change detected: {(<Change.modified: 2>, '/workspace/app/backend/logs/app_20260527_145141.log')}
2026-05-27 15:20:28,009 - watchfiles.main - DEBUG - 1 change detected: {(<Change.modified: 2>, '/workspace/app/backend/logs/app_20260527_145141.log')}
2026-05-27 15:20:28,360 - watchfiles.main - DEBUG - 1 change detected: {(<Change.modified: 2>, '/workspace/app/backend/logs/app_20260527_145141.log')}
2026-05-27 15:20:28,711 - watchfiles.main - DEBUG - 1 change detected: {(<Change.modified: 2>, '/workspace/app/backend/logs/app_20260527_145141.log')}
2026-05-27 15:20:29,062 - watchfiles.main - DEBUG - 1 change detected: {(<Change.modified: 2>, '/workspace/app/backend/logs/app_20260527_145141.log')}
2026-05-27 15:20:29,413 - watchfiles.main - DEBUG - 1 change detected: {(<Change.modified: 2>, '/workspace/app/backend/logs/app_20260527_145141.log')}
2026-05-27 15:20:29,763 - watchfiles.main - DEBUG - 1 change detected: {(<Change.modified: 2>, '/workspace/app/backend/logs/app_20260527_145141.log')}
2026-05-27 15:20:30,114 - watchfiles.main - DEBUG - 1 change detected: {(<Change.modified: 2>, '/workspace/app/backend/logs/app_20260527_145141.log')}
2026-05-27 15:20:30,465 - watchfiles.main - DEBUG - 1 change detected: {(<Change.modified: 2>, '/workspace/app/backend/logs/app_20260527_145141.log')}
2026-05-27 15:20:30,816 - watchfiles.main - DEBUG - 1 change detected: {(<Change.modified: 2>, '/workspace/app/backend/logs/app_20260527_145141.log')}
2026-05-27 15:20:31,167 - watchfiles.main - DEBUG - 1 change detected: {(<Change.modified: 2>, '/workspace/app/backend/logs/app_20260527_145141.log')}
2026-05-27 15:20:31,518 - watchfiles.main - DEBUG - 1 change detected: {(<Change.modified: 2>, '/workspace/app/backend/logs/app_20260527_145141.log')}
2026-05-27 15:20:31,868 - watchfiles.main - DEBUG - 1 change detected: {(<Change.modified: 2>, '/workspace/app/backend/logs/app_20260527_145141.log')}
2026-05-27 15:20:32,219 - watchfiles.main - DEBUG - 1 change detected: {(<Change.modified: 2>, '/workspace/app/backend/logs/app_20260527_145141.log')}
2026-05-27 15:20:32,570 - watchfiles.main - DEBUG - 1 change detected: {(<Change.modified: 2>, '/workspace/app/backend/logs/app_20260527_145141.log')}
2026-05-27 15:20:32,921 - watchfiles.main - DEBUG - 1 change detected: {(<Change.modified: 2>, '/workspace/app/backend/logs/app_20260527_145141.log')}
2026-05-27 15:20:33,272 - watchfiles.main - DEBUG - 1 change detected: {(<Change.modified: 2>, '/workspace/app/backend/logs/app_20260527_145141.log')}
2026-05-27 15:20:33,623 - watchfiles.main - DEBUG - 1 change detected: {(<Change.modified: 2>, '/workspace/app/backend/logs/app_20260527_145141.log')}
2026-05-27 15:20:33,974 - watchfiles.main - DEBUG - 1 change detected: {(<Change.modified: 2>, '/workspace/app/backend/logs/app_20260527_145141.log')}
2026-05-27 15:20:34,325 - watchfiles.main - DEBUG - 1 change detected: {(<Change.modified: 2>, '/workspace/app/backend/logs/app_20260527_145141.log')}
2026-05-27 15:20:34,676 - watchfiles.main - DEBUG - 1 change detected: {(<Change.modified: 2>, '/workspace/app/backend/logs/app_20260527_145141.log')}
2026-05-27 15:20:35,027 - watchfiles.main - DEBUG - 1 change detected: {(<Change.modified: 2>, '/workspace/app/backend/logs/app_20260527_145141.log')}
2026-05-27 15:20:35,378 - watchfiles.main - DEBUG - 1 change detected: {(<Change.modified: 2>, '/workspace/app/backend/logs/app_20260527_145141.log')}
2026-05-27 15:20:35,729 - watchfiles.main - DEBUG - 1 change detected: {(<Change.modified: 2>, '/workspace/app/backend/logs/app_20260527_145141.log')}
2026-05-27 15:20:36,080 - watchfiles.main - DEBUG - 1 change detected: {(<Change.modified: 2>, '/workspace/app/backend/logs/app_20260527_145141.log')}
2026-05-27 15:20:36,431 - watchfiles.main - DEBUG - 1 change detected: {(<Change.modified: 2>, '/workspace/app/backend/logs/app_20260527_145141.log')}
2026-05-27 15:20:36,782 - watchfiles.main - DEBUG - 1 change detected: {(<Change.modified: 2>, '/workspace/app/backend/logs/app_20260527_145141.log')}
2026-05-27 15:20:37,133 - watchfiles.main - DEBUG - 1 change detected: {(<Change.modified: 2>, '/workspace/app/backend/logs/app_20260527_145141.log')}
2026-05-27 15:20:37,484 - watchfiles.main - DEBUG - 1 change detected: {(<Change.modified: 2>, '/workspace/app/backend/logs/app_20260527_145141.log')}
2026-05-27 15:20:37,835 - watchfiles.main - DEBUG - 1 change detected: {(<Change.modified: 2>, '/workspace/app/backend/logs/app_20260527_145141.log')}
2026-05-27 15:20:38,185 - watchfiles.main - DEBUG - 1 change detected: {(<Change.modified: 2>, '/workspace/app/backend/logs/app_20260527_145141.log')}
2026-05-27 15:20:38,536 - watchfiles.main - DEBUG - 1 change detected: {(<Change.modified: 2>, '/workspace/app/backend/logs/app_20260527_145141.log')}
2026-05-27 15:20:38,887 - watchfiles.main - DEBUG - 1 change detected: {(<Change.modified: 2>, '/workspace/app/backend/logs/app_20260527_145141.log')}
2026-05-27 15:20:39,238 - watchfiles.main - DEBUG - 1 change detected: {(<Change.modified: 2>, '/workspace/app/backend/logs/app_20260527_145141.log')}
2026-05-27 15:20:39,589 - watchfiles.main - DEBUG - 1 change detected: {(<Change.modified: 2>, '/workspace/app/backend/logs/app_20260527_145141.log')}
2026-05-27 15:20:39,940 - watchfiles.main - DEBUG - 1 change detected: {(<Change.modified: 2>, '/workspace/app/backend/logs/app_20260527_145141.log')}
2026-05-27 15:20:40,291 - watchfiles.main - DEBUG - 1 change detected: {(<Change.modified: 2>, '/workspace/app/backend/logs/app_20260527_145141.log')}
2026-05-27 15:20:40,642 - watchfiles.main - DEBUG - 1 change detected: {(<Change.modified: 2>, '/workspace/app/backend/logs/app_20260527_145141.log')}
2026-05-27 15:20:40,993 - watchfiles.main - DEBUG - 1 change detected: {(<Change.modified: 2>, '/workspace/app/backend/logs/app_20260527_145141.log')}
2026-05-27 15:20:41,344 - watchfiles.main - DEBUG - 1 change detected: {(<Change.modified: 2>, '/workspace/app/backend/logs/app_20260527_145141.log')}
2026-05-27 15:20:41,695 - watchfiles.main - DEBUG - 1 change detected: {(<Change.modified: 2>, '/workspace/app/backend/logs/app_20260527_145141.log')}
2026-05-27 15:20:42,046 - watchfiles.main - DEBUG - 1 change detected: {(<Change.modified: 2>, '/workspace/app/backend/logs/app_20260527_145141.log')}
2026-05-27 15:20:42,397 - watchfiles.main - DEBUG - 2 changes detected: {(<Change.modified: 2>, '/workspace/app/backend/logs/app_20260527_145141.log'), (<Change.modified: 2>, '/workspace/app/backend/logs/app_20260527_145143.log')}
2026-05-27 15:20:42,748 - watchfiles.main - DEBUG - 2 changes detected: {(<Change.modified: 2>, '/workspace/app/backend/logs/app_20260527_145141.log'), (<Change.modified: 2>, '/workspace/app/backend/logs/app_20260527_145143.log')}
2026-05-27 15:20:43,099 - watchfiles.main - DEBUG - 1 change detected: {(<Change.modified: 2>, '/workspace/app/backend/logs/app_20260527_145141.log')}
2026-05-27 15:20:43,450 - watchfiles.main - DEBUG - 1 change detected: {(<Change.modified: 2>, '/workspace/app/backend/logs/app_20260527_145141.log')}
2026-05-27 15:20:43,801 - watchfiles.main - DEBUG - 1 change detected: {(<Change.modified: 2>, '/workspace/app/backend/logs/app_20260527_145141.log')}
2026-05-27 15:20:44,151 - watchfiles.main - DEBUG - 1 change detected: {(<Change.modified: 2>, '/workspace/app/backend/logs/app_20260527_145141.log')}
2026-05-27 15:20:44,502 - watchfiles.main - DEBUG - 1 change detected: {(<Change.modified: 2>, '/workspace/app/backend/logs/app_20260527_145141.log')}
2026-05-27 15:20:44,853 - watchfiles.main - DEBUG - 1 change detected: {(<Change.modified: 2>, '/workspace/app/backend/logs/app_20260527_145141.log')}
2026-05-27 15:20:45,204 - watchfiles.main - DEBUG - 1 change detected: {(<Change.modified: 2>, '/workspace/app/backend/logs/app_20260527_145141.log')}
2026-05-27 15:20:45,555 - watchfiles.main - DEBUG - 1 change detected: {(<Change.modified: 2>, '/workspace/app/backend/logs/app_20260527_145141.log')}
2026-05-27 15:20:45,906 - watchfiles.main - DEBUG - 1 change detected: {(<Change.modified: 2>, '/workspace/app/backend/logs/app_20260527_145141.log')}
2026-05-27 15:20:46,257 - watchfiles.main - DEBUG - 1 change detected: {(<Change.modified: 2>, '/workspace/app/backend/logs/app_20260527_145141.log')}
2026-05-27 15:20:46,609 - watchfiles.main - DEBUG - 1 change detected: {(<Change.modified: 2>, '/workspace/app/backend/logs/app_20260527_145141.log')}
2026-05-27 15:20:46,959 - watchfiles.main - DEBUG - 1 change detected: {(<Change.modified: 2>, '/workspace/app/backend/logs/app_20260527_145141.log')}
2026-05-27 15:20:47,310 - watchfiles.main - DEBUG - 1 change detected: {(<Change.modified: 2>, '/workspace/app/backend/logs/app_20260527_145141.log')}
2026-05-27 15:20:47,662 - watchfiles.main - DEBUG - 1 change detected: {(<Change.modified: 2>, '/workspace/app/backend/logs/app_20260527_145141.log')}
2026-05-27 15:20:48,012 - watchfiles.main - DEBUG - 1 change detected: {(<Change.modified: 2>, '/workspace/app/backend/logs/app_20260527_145141.log')}
2026-05-27 15:20:48,363 - watchfiles.main - DEBUG - 1 change detected: {(<Change.modified: 2>, '/workspace/app/backend/logs/app_20260527_145141.log')}
2026-05-27 15:20:48,715 - watchfiles.main - DEBUG - 1 change detected: {(<Change.modified: 2>, '/workspace/app/backend/logs/app_20260527_145141.log')}
2026-05-27 15:20:49,066 - watchfiles.main - DEBUG - 1 change detected: {(<Change.modified: 2>, '/workspace/app/backend/logs/app_20260527_145141.log')}
2026-05-27 15:20:49,417 - watchfiles.main - DEBUG - 1 change detected: {(<Change.modified: 2>, '/workspace/app/backend/logs/app_20260527_145141.log')}
2026-05-27 15:20:49,768 - watchfiles.main - DEBUG - 1 change detected: {(<Change.modified: 2>, '/workspace/app/backend/logs/app_20260527_145141.log')}
2026-05-27 15:20:50,119 - watchfiles.main - DEBUG - 1 change detected: {(<Change.modified: 2>, '/workspace/app/backend/logs/app_20260527_145141.log')}
2026-05-27 15:20:50,470 - watchfiles.main - DEBUG - 1 change detected: {(<Change.modified: 2>, '/workspace/app/backend/logs/app_20260527_145141.log')}
2026-05-27 15:20:50,821 - watchfiles.main - DEBUG - 1 change detected: {(<Change.modified: 2>, '/workspace/app/backend/logs/app_20260527_145141.log')}
2026-05-27 15:20:51,172 - watchfiles.main - DEBUG - 1 change detected: {(<Change.modified: 2>, '/workspace/app/backend/logs/app_20260527_145141.log')}
2026-05-27 15:20:51,523 - watchfiles.main - DEBUG - 1 change detected: {(<Change.modified: 2>, '/workspace/app/backend/logs/app_20260527_145141.log')}
2026-05-27 15:20:51,874 - watchfiles.main - DEBUG - 1 change detected: {(<Change.modified: 2>, '/workspace/app/backend/logs/app_20260527_145141.log')}
2026-05-27 15:20:52,225 - watchfiles.main - DEBUG - 1 change detected: {(<Change.modified: 2>, '/workspace/app/backend/logs/app_20260527_145141.log')}
2026-05-27 15:20:52,576 - watchfiles.main - DEBUG - 1 change detected: {(<Change.modified: 2>, '/workspace/app/backend/logs/app_20260527_145141.log')}
2026-05-27 15:20:52,927 - watchfiles.main - DEBUG - 1 change detected: {(<Change.modified: 2>, '/workspace/app/backend/logs/app_20260527_145141.log')}
2026-05-27 15:20:53,278 - watchfiles.main - DEBUG - 1 change detected: {(<Change.modified: 2>, '/workspace/app/backend/logs/app_20260527_145141.log')}
2026-05-27 15:20:53,629 - watchfiles.main - DEBUG - 1 change detected: {(<Change.modified: 2>, '/workspace/app/backend/logs/app_20260527_145141.log')}
2026-05-27 15:20:53,980 - watchfiles.main - DEBUG - 1 change detected: {(<Change.modified: 2>, '/workspace/app/backend/logs/app_20260527_145141.log')}
2026-05-27 15:20:54,331 - watchfiles.main - DEBUG - 1 change detected: {(<Change.modified: 2>, '/workspace/app/backend/logs/app_20260527_145141.log')}
2026-05-27 15:20:54,682 - watchfiles.main - DEBUG - 1 change detected: {(<Change.modified: 2>, '/workspace/app/backend/logs/app_20260527_145141.log')}
2026-05-27 15:20:55,033 - watchfiles.main - DEBUG - 1 change detected: {(<Change.modified: 2>, '/workspace/app/backend/logs/app_20260527_145141.log')}
2026-05-27 15:20:55,384 - watchfiles.main - DEBUG - 1 change detected: {(<Change.modified: 2>, '/workspace/app/backend/logs/app_20260527_145141.log')}
2026-05-27 15:20:55,735 - watchfiles.main - DEBUG - 1 change detected: {(<Change.modified: 2>, '/workspace/app/backend/logs/app_20260527_145141.log')}
2026-05-27 15:20:56,086 - watchfiles.main - DEBUG - 1 change detected: {(<Change.modified: 2>, '/workspace/app/backend/logs/app_20260527_145141.log')}
2026-05-27 15:20:56,437 - watchfiles.main - DEBUG - 1 change detected: {(<Change.modified: 2>, '/workspace/app/backend/logs/app_20260527_145141.log')}
2026-05-27 15:20:56,788 - watchfiles.main - DEBUG - 1 change detected: {(<Change.modified: 2>, '/workspace/app/backend/logs/app_20260527_145141.log')}
2026-05-27 15:20:57,138 - watchfiles.main - DEBUG - 1 change detected: {(<Change.modified: 2>, '/workspace/app/backend/logs/app_20260527_145141.log')}
2026-05-27 15:20:57,489 - watchfiles.main - DEBUG - 1 change detected: {(<Change.modified: 2>, '/workspace/app/backend/logs/app_20260527_145141.log')}
2026-05-27 15:20:57,840 - watchfiles.main - DEBUG - 1 change detected: {(<Change.modified: 2>, '/workspace/app/backend/logs/app_20260527_145141.log')}
2026-05-27 15:20:58,191 - watchfiles.main - DEBUG - 1 change detected: {(<Change.modified: 2>, '/workspace/app/backend/logs/app_20260527_145141.log')}
2026-05-27 15:20:58,542 - watchfiles.main - DEBUG - 1 change detected: {(<Change.modified: 2>, '/workspace/app/backend/logs/app_20260527_145141.log')}
2026-05-27 15:20:58,893 - watchfiles.main - DEBUG - 1 change detected: {(<Change.modified: 2>, '/workspace/app/backend/logs/app_20260527_145141.log')}
2026-05-27 15:20:59,245 - watchfiles.main - DEBUG - 1 change detected: {(<Change.modified: 2>, '/workspace/app/backend/logs/app_20260527_145141.log')}
2026-05-27 15:20:59,595 - watchfiles.main - DEBUG - 1 change detected: {(<Change.modified: 2>, '/workspace/app/backend/logs/app_20260527_145141.log')}
2026-05-27 15:20:59,946 - watchfiles.main - DEBUG - 1 change detected: {(<Change.modified: 2>, '/workspace/app/backend/logs/app_20260527_145141.log')}
2026-05-27 15:21:00,297 - watchfiles.main - DEBUG - 1 change detected: {(<Change.modified: 2>, '/workspace/app/backend/logs/app_20260527_145141.log')}
2026-05-27 15:21:00,648 - watchfiles.main - DEBUG - 1 change detected: {(<Change.modified: 2>, '/workspace/app/backend/logs/app_20260527_145141.log')}
2026-05-27 15:21:00,999 - watchfiles.main - DEBUG - 1 change detected: {(<Change.modified: 2>, '/workspace/app/backend/logs/app_20260527_145141.log')}
2026-05-27 15:21:01,350 - watchfiles.main - DEBUG - 1 change detected: {(<Change.modified: 2>, '/workspace/app/backend/logs/app_20260527_145141.log')}
2026-05-27 15:21:01,701 - watchfiles.main - DEBUG - 1 change detected: {(<Change.modified: 2>, '/workspace/app/backend/logs/app_20260527_145141.log')}
2026-05-27 15:21:02,052 - watchfiles.main - DEBUG - 1 change detected: {(<Change.modified: 2>, '/workspace/app/backend/logs/app_20260527_145141.log')}
2026-05-27 15:21:02,403 - watchfiles.main - DEBUG - 1 change detected: {(<Change.modified: 2>, '/workspace/app/backend/logs/app_20260527_145141.log')}
2026-05-27 15:21:02,754 - watchfiles.main - DEBUG - 1 change detected: {(<Change.modified: 2>, '/workspace/app/backend/logs/app_20260527_145141.log')}
2026-05-27 15:21:03,105 - watchfiles.main - DEBUG - 1 change detected: {(<Change.modified: 2>, '/workspace/app/backend/logs/app_20260527_145141.log')}
2026-05-27 15:21:03,456 - watchfiles.main - DEBUG - 1 change detected: {(<Change.modified: 2>, '/workspace/app/backend/logs/app_20260527_145141.log')}
2026-05-27 15:21:03,807 - watchfiles.main - DEBUG - 1 change detected: {(<Change.modified: 2>, '/workspace/app/backend/logs/app_20260527_145141.log')}
2026-05-27 15:21:04,160 - watchfiles.main - DEBUG - 1 change detected: {(<Change.modified: 2>, '/workspace/app/backend/logs/app_20260527_145141.log')}
2026-05-27 15:21:04,511 - watchfiles.main - DEBUG - 1 change detected: {(<Change.modified: 2>, '/workspace/app/backend/logs/app_20260527_145141.log')}
2026-05-27 15:21:04,862 - watchfiles.main - DEBUG - 1 change detected: {(<Change.modified: 2>, '/workspace/app/backend/logs/app_20260527_145141.log')}
2026-05-27 15:21:05,213 - watchfiles.main - DEBUG - 1 change detected: {(<Change.modified: 2>, '/workspace/app/backend/logs/app_20260527_145141.log')}
2026-05-27 15:21:05,564 - watchfiles.main - DEBUG - 1 change detected: {(<Change.modified: 2>, '/workspace/app/backend/logs/app_20260527_145141.log')}
2026-05-27 15:21:05,915 - watchfiles.main - DEBUG - 1 change detected: {(<Change.modified: 2>, '/workspace/app/backend/logs/app_20260527_145141.log')}
2026-05-27 15:21:06,266 - watchfiles.main - DEBUG - 1 change detected: {(<Change.modified: 2>, '/workspace/app/backend/logs/app_20260527_145141.log')}
2026-05-27 15:21:06,617 - watchfiles.main - DEBUG - 1 change detected: {(<Change.modified: 2>, '/workspace/app/backend/logs/app_20260527_145141.log')}
2026-05-27 15:21:06,968 - watchfiles.main - DEBUG - 1 change detected: {(<Change.modified: 2>, '/workspace/app/backend/logs/app_20260527_145141.log')}
2026-05-27 15:21:07,319 - watchfiles.main - DEBUG - 1 change detected: {(<Change.modified: 2>, '/workspace/app/backend/logs/app_20260527_145141.log')}
2026-05-27 15:21:07,670 - watchfiles.main - DEBUG - 1 change detected: {(<Change.modified: 2>, '/workspace/app/backend/logs/app_20260527_145141.log')}
2026-05-27 15:21:08,020 - watchfiles.main - DEBUG - 1 change detected: {(<Change.modified: 2>, '/workspace/app/backend/logs/app_20260527_145141.log')}
2026-05-27 15:21:08,371 - watchfiles.main - DEBUG - 1 change detected: {(<Change.modified: 2>, '/workspace/app/backend/logs/app_20260527_145141.log')}
2026-05-27 15:21:08,722 - watchfiles.main - DEBUG - 1 change detected: {(<Change.modified: 2>, '/workspace/app/backend/logs/app_20260527_145141.log')}
2026-05-27 15:21:09,073 - watchfiles.main - DEBUG - 1 change detected: {(<Change.modified: 2>, '/workspace/app/backend/logs/app_20260527_145141.log')}
2026-05-27 15:21:09,424 - watchfiles.main - DEBUG - 1 change detected: {(<Change.modified: 2>, '/workspace/app/backend/logs/app_20260527_145141.log')}
2026-05-27 15:21:09,775 - watchfiles.main - DEBUG - 1 change detected: {(<Change.modified: 2>, '/workspace/app/backend/logs/app_20260527_145141.log')}
2026-05-27 15:21:10,126 - watchfiles.main - DEBUG - 1 change detected: {(<Change.modified: 2>, '/workspace/app/backend/logs/app_20260527_145141.log')}
2026-05-27 15:21:10,477 - watchfiles.main - DEBUG - 1 change detected: {(<Change.modified: 2>, '/workspace/app/backend/logs/app_20260527_145141.log')}
2026-05-27 15:21:10,828 - watchfiles.main - DEBUG - 1 change detected: {(<Change.modified: 2>, '/workspace/app/backend/logs/app_20260527_145141.log')}
2026-05-27 15:21:11,179 - watchfiles.main - DEBUG - 1 change detected: {(<Change.modified: 2>, '/workspace/app/backend/logs/app_20260527_145141.log')}
2026-05-27 15:21:11,530 - watchfiles.main - DEBUG - 1 change detected: {(<Change.modified: 2>, '/workspace/app/backend/logs/app_20260527_145141.log')}
2026-05-27 15:21:11,881 - watchfiles.main - DEBUG - 1 change detected: {(<Change.modified: 2>, '/workspace/app/backend/logs/app_20260527_145141.log')}
2026-05-27 15:21:12,232 - watchfiles.main - DEBUG - 1 change detected: {(<Change.modified: 2>, '/workspace/app/backend/logs/app_20260527_145141.log')}
2026-05-27 15:21:12,583 - watchfiles.main - DEBUG - 1 change detected: {(<Change.modified: 2>, '/workspace/app/backend/logs/app_20260527_145141.log')}
2026-05-27 15:21:12,984 - watchfiles.main - DEBUG - 2 changes detected: {(<Change.modified: 2>, '/workspace/app/backend/logs/app_20260527_145141.log'), (<Change.modified: 2>, '/workspace/app/backend/logs/app_20260527_145143.log')}
2026-05-27 15:21:13,335 - watchfiles.main - DEBUG - 1 change detected: {(<Change.modified: 2>, '/workspace/app/backend/logs/app_20260527_145141.log')}
2026-05-27 15:21:13,686 - watchfiles.main - DEBUG - 2 changes detected: {(<Change.modified: 2>, '/workspace/app/backend/logs/app_20260527_145141.log'), (<Change.modified: 2>, '/workspace/app/backend/logs/app_20260527_145143.log')}
2026-05-27 15:21:14,037 - watchfiles.main - DEBUG - 1 change detected: {(<Change.modified: 2>, '/workspace/app/backend/logs/app_20260527_145141.log')}
2026-05-27 15:21:14,388 - watchfiles.main - DEBUG - 1 change detected: {(<Change.modified: 2>, '/workspace/app/backend/logs/app_20260527_145141.log')}
2026-05-27 15:21:14,739 - watchfiles.main - DEBUG - 1 change detected: {(<Change.modified: 2>, '/workspace/app/backend/logs/app_20260527_145141.log')}
2026-05-27 15:21:15,090 - watchfiles.main - DEBUG - 1 change detected: {(<Change.modified: 2>, '/workspace/app/backend/logs/app_20260527_145141.log')}
2026-05-27 15:21:15,442 - watchfiles.main - DEBUG - 1 change detected: {(<Change.modified: 2>, '/workspace/app/backend/logs/app_20260527_145141.log')}
2026-05-27 15:21:15,793 - watchfiles.main - DEBUG - 1 change detected: {(<Change.modified: 2>, '/workspace/app/backend/logs/app_20260527_145141.log')}
2026-05-27 15:21:16,144 - watchfiles.main - DEBUG - 1 change detected: {(<Change.modified: 2>, '/workspace/app/backend/logs/app_20260527_145141.log')}
2026-05-27 15:21:16,495 - watchfiles.main - DEBUG - 1 change detected: {(<Change.modified: 2>, '/workspace/app/backend/logs/app_20260527_145141.log')}
2026-05-27 15:21:16,846 - watchfiles.main - DEBUG - 1 change detected: {(<Change.modified: 2>, '/workspace/app/backend/logs/app_20260527_145141.log')}
2026-05-27 15:21:17,198 - watchfiles.main - DEBUG - 1 change detected: {(<Change.modified: 2>, '/workspace/app/backend/logs/app_20260527_145141.log')}
2026-05-27 15:21:17,549 - watchfiles.main - DEBUG - 1 change detected: {(<Change.modified: 2>, '/workspace/app/backend/logs/app_20260527_145141.log')}
2026-05-27 15:21:17,900 - watchfiles.main - DEBUG - 1 change detected: {(<Change.modified: 2>, '/workspace/app/backend/logs/app_20260527_145141.log')}
2026-05-27 15:21:18,251 - watchfiles.main - DEBUG - 1 change detected: {(<Change.modified: 2>, '/workspace/app/backend/logs/app_20260527_145141.log')}
2026-05-27 15:21:18,602 - watchfiles.main - DEBUG - 1 change detected: {(<Change.modified: 2>, '/workspace/app/backend/logs/app_20260527_145141.log')}
2026-05-27 15:21:18,953 - watchfiles.main - DEBUG - 1 change detected: {(<Change.modified: 2>, '/workspace/app/backend/logs/app_20260527_145141.log')}
2026-05-27 15:21:19,304 - watchfiles.main - DEBUG - 1 change detected: {(<Change.modified: 2>, '/workspace/app/backend/logs/app_20260527_145141.log')}
2026-05-27 15:21:19,654 - watchfiles.main - DEBUG - 1 change detected: {(<Change.modified: 2>, '/workspace/app/backend/logs/app_20260527_145141.log')}
2026-05-27 15:21:20,006 - watchfiles.main - DEBUG - 1 change detected: {(<Change.modified: 2>, '/workspace/app/backend/logs/app_20260527_145141.log')}
2026-05-27 15:21:20,357 - watchfiles.main - DEBUG - 1 change detected: {(<Change.modified: 2>, '/workspace/app/backend/logs/app_20260527_145141.log')}
2026-05-27 15:21:20,708 - watchfiles.main - DEBUG - 1 change detected: {(<Change.modified: 2>, '/workspace/app/backend/logs/app_20260527_145141.log')}
2026-05-27 15:21:21,059 - watchfiles.main - DEBUG - 1 change detected: {(<Change.modified: 2>, '/workspace/app/backend/logs/app_20260527_145141.log')}
2026-05-27 15:21:21,409 - watchfiles.main - DEBUG - 1 change detected: {(<Change.modified: 2>, '/workspace/app/backend/logs/app_20260527_145141.log')}
2026-05-27 15:21:21,760 - watchfiles.main - DEBUG - 1 change detected: {(<Change.modified: 2>, '/workspace/app/backend/logs/app_20260527_145141.log')}
2026-05-27 15:21:22,112 - watchfiles.main - DEBUG - 1 change detected: {(<Change.modified: 2>, '/workspace/app/backend/logs/app_20260527_145141.log')}
2026-05-27 15:21:22,463 - watchfiles.main - DEBUG - 1 change detected: {(<Change.modified: 2>, '/workspace/app/backend/logs/app_20260527_145141.log')}
2026-05-27 15:21:22,814 - watchfiles.main - DEBUG - 1 change detected: {(<Change.modified: 2>, '/workspace/app/backend/logs/app_20260527_145141.log')}
2026-05-27 15:21:23,165 - watchfiles.main - DEBUG - 1 change detected: {(<Change.modified: 2>, '/workspace/app/backend/logs/app_20260527_145141.log')}
2026-05-27 15:21:23,516 - watchfiles.main - DEBUG - 1 change detected: {(<Change.modified: 2>, '/workspace/app/backend/logs/app_20260527_145141.log')}
2026-05-27 15:21:23,867 - watchfiles.main - DEBUG - 1 change detected: {(<Change.modified: 2>, '/workspace/app/backend/logs/app_20260527_145141.log')}
2026-05-27 15:21:24,218 - watchfiles.main - DEBUG - 1 change detected: {(<Change.modified: 2>, '/workspace/app/backend/logs/app_20260527_145141.log')}
2026-05-27 15:21:24,569 - watchfiles.main - DEBUG - 1 change detected: {(<Change.modified: 2>, '/workspace/app/backend/logs/app_20260527_145141.log')}
2026-05-27 15:21:24,920 - watchfiles.main - DEBUG - 1 change detected: {(<Change.modified: 2>, '/workspace/app/backend/logs/app_20260527_145141.log')}
2026-05-27 15:21:25,271 - watchfiles.main - DEBUG - 1 change detected: {(<Change.modified: 2>, '/workspace/app/backend/logs/app_20260527_145141.log')}
2026-05-27 15:21:25,622 - watchfiles.main - DEBUG - 1 change detected: {(<Change.modified: 2>, '/workspace/app/backend/logs/app_20260527_145141.log')}
2026-05-27 15:21:25,973 - watchfiles.main - DEBUG - 1 change detected: {(<Change.modified: 2>, '/workspace/app/backend/logs/app_20260527_145141.log')}
2026-05-27 15:21:26,324 - watchfiles.main - DEBUG - 1 change detected: {(<Change.modified: 2>, '/workspace/app/backend/logs/app_20260527_145141.log')}
2026-05-27 15:21:26,675 - watchfiles.main - DEBUG - 1 change detected: {(<Change.modified: 2>, '/workspace/app/backend/logs/app_20260527_145141.log')}
2026-05-27 15:21:27,026 - watchfiles.main - DEBUG - 1 change detected: {(<Change.modified: 2>, '/workspace/app/backend/logs/app_20260527_145141.log')}
2026-05-27 15:21:27,377 - watchfiles.main - DEBUG - 1 change detected: {(<Change.modified: 2>, '/workspace/app/backend/logs/app_20260527_145141.log')}
2026-05-27 15:21:27,728 - watchfiles.main - DEBUG - 1 change detected: {(<Change.modified: 2>, '/workspace/app/backend/logs/app_20260527_145141.log')}
2026-05-27 15:21:28,079 - watchfiles.main - DEBUG - 1 change detected: {(<Change.modified: 2>, '/workspace/app/backend/logs/app_20260527_145141.log')}
2026-05-27 15:21:28,430 - watchfiles.main - DEBUG - 1 change detected: {(<Change.modified: 2>, '/workspace/app/backend/logs/app_20260527_145141.log')}
2026-05-27 15:21:28,781 - watchfiles.main - DEBUG - 1 change detected: {(<Change.modified: 2>, '/workspace/app/backend/logs/app_20260527_145141.log')}
2026-05-27 15:21:29,132 - watchfiles.main - DEBUG - 1 change detected: {(<Change.modified: 2>, '/workspace/app/backend/logs/app_20260527_145141.log')}
2026-05-27 15:21:29,483 - watchfiles.main - DEBUG - 1 change detected: {(<Change.modified: 2>, '/workspace/app/backend/logs/app_20260527_145141.log')}
2026-05-27 15:21:29,839 - watchfiles.main - DEBUG - 1 change detected: {(<Change.modified: 2>, '/workspace/app/backend/logs/app_20260527_145141.log')}
2026-05-27 15:21:30,190 - watchfiles.main - DEBUG - 1 change detected: {(<Change.modified: 2>, '/workspace/app/backend/logs/app_20260527_145141.log')}
2026-05-27 15:21:30,541 - watchfiles.main - DEBUG - 1 change detected: {(<Change.modified: 2>, '/workspace/app/backend/logs/app_20260527_145141.log')}
2026-05-27 15:21:30,892 - watchfiles.main - DEBUG - 1 change detected: {(<Change.modified: 2>, '/workspace/app/backend/logs/app_20260527_145141.log')}
2026-05-27 15:21:31,243 - watchfiles.main - DEBUG - 1 change detected: {(<Change.modified: 2>, '/workspace/app/backend/logs/app_20260527_145141.log')}
2026-05-27 15:21:31,594 - watchfiles.main - DEBUG - 1 change detected: {(<Change.modified: 2>, '/workspace/app/backend/logs/app_20260527_145141.log')}
2026-05-27 15:21:31,945 - watchfiles.main - DEBUG - 1 change detected: {(<Change.modified: 2>, '/workspace/app/backend/logs/app_20260527_145141.log')}
2026-05-27 15:21:32,296 - watchfiles.main - DEBUG - 1 change detected: {(<Change.modified: 2>, '/workspace/app/backend/logs/app_20260527_145141.log')}
2026-05-27 15:21:32,647 - watchfiles.main - DEBUG - 1 change detected: {(<Change.modified: 2>, '/workspace/app/backend/logs/app_20260527_145141.log')}
2026-05-27 15:21:32,998 - watchfiles.main - DEBUG - 1 change detected: {(<Change.modified: 2>, '/workspace/app/backend/logs/app_20260527_145141.log')}
2026-05-27 15:21:33,349 - watchfiles.main - DEBUG - 1 change detected: {(<Change.modified: 2>, '/workspace/app/backend/logs/app_20260527_145141.log')}
2026-05-27 15:21:33,700 - watchfiles.main - DEBUG - 1 change detected: {(<Change.modified: 2>, '/workspace/app/backend/logs/app_20260527_145141.log')}
2026-05-27 15:21:34,051 - watchfiles.main - DEBUG - 1 change detected: {(<Change.modified: 2>, '/workspace/app/backend/logs/app_20260527_145141.log')}
2026-05-27 15:21:34,402 - watchfiles.main - DEBUG - 1 change detected: {(<Change.modified: 2>, '/workspace/app/backend/logs/app_20260527_145141.log')}
2026-05-27 15:21:34,753 - watchfiles.main - DEBUG - 1 change detected: {(<Change.modified: 2>, '/workspace/app/backend/logs/app_20260527_145141.log')}
2026-05-27 15:21:35,104 - watchfiles.main - DEBUG - 1 change detected: {(<Change.modified: 2>, '/workspace/app/backend/logs/app_20260527_145141.log')}
2026-05-27 15:21:35,455 - watchfiles.main - DEBUG - 1 change detected: {(<Change.modified: 2>, '/workspace/app/backend/logs/app_20260527_145141.log')}
2026-05-27 15:21:35,806 - watchfiles.main - DEBUG - 1 change detected: {(<Change.modified: 2>, '/workspace/app/backend/logs/app_20260527_145141.log')}
2026-05-27 15:21:36,157 - watchfiles.main - DEBUG - 1 change detected: {(<Change.modified: 2>, '/workspace/app/backend/logs/app_20260527_145141.log')}
2026-05-27 15:21:36,508 - watchfiles.main - DEBUG - 1 change detected: {(<Change.modified: 2>, '/workspace/app/backend/logs/app_20260527_145141.log')}
2026-05-27 15:21:36,859 - watchfiles.main - DEBUG - 1 change detected: {(<Change.modified: 2>, '/workspace/app/backend/logs/app_20260527_145141.log')}
2026-05-27 15:21:37,210 - watchfiles.main - DEBUG - 1 change detected: {(<Change.modified: 2>, '/workspace/app/backend/logs/app_20260527_145141.log')}
2026-05-27 15:21:37,562 - watchfiles.main - DEBUG - 1 change detected: {(<Change.modified: 2>, '/workspace/app/backend/logs/app_20260527_145141.log')}
2026-05-27 15:21:37,913 - watchfiles.main - DEBUG - 1 change detected: {(<Change.modified: 2>, '/workspace/app/backend/logs/app_20260527_145141.log')}
2026-05-27 15:21:38,264 - watchfiles.main - DEBUG - 1 change detected: {(<Change.modified: 2>, '/workspace/app/backend/logs/app_20260527_145141.log')}
2026-05-27 15:21:38,615 - watchfiles.main - DEBUG - 1 change detected: {(<Change.modified: 2>, '/workspace/app/backend/logs/app_20260527_145141.log')}
2026-05-27 15:21:38,966 - watchfiles.main - DEBUG - 1 change detected: {(<Change.modified: 2>, '/workspace/app/backend/logs/app_20260527_145141.log')}
2026-05-27 15:21:39,317 - watchfiles.main - DEBUG - 1 change detected: {(<Change.modified: 2>, '/workspace/app/backend/logs/app_20260527_145141.log')}
2026-05-27 15:21:39,668 - watchfiles.main - DEBUG - 1 change detected: {(<Change.modified: 2>, '/workspace/app/backend/logs/app_20260527_145141.log')}
2026-05-27 15:21:40,019 - watchfiles.main - DEBUG - 1 change detected: {(<Change.modified: 2>, '/workspace/app/backend/logs/app_20260527_145141.log')}
2026-05-27 15:21:40,370 - watchfiles.main - DEBUG - 1 change detected: {(<Change.modified: 2>, '/workspace/app/backend/logs/app_20260527_145141.log')}
2026-05-27 15:21:40,721 - watchfiles.main - DEBUG - 1 change detected: {(<Change.modified: 2>, '/workspace/app/backend/logs/app_20260527_145141.log')}
2026-05-27 15:21:41,072 - watchfiles.main - DEBUG - 1 change detected: {(<Change.modified: 2>, '/workspace/app/backend/logs/app_20260527_145141.log')}
2026-05-27 15:21:41,423 - watchfiles.main - DEBUG - 1 change detected: {(<Change.modified: 2>, '/workspace/app/backend/logs/app_20260527_145141.log')}
2026-05-27 15:21:41,775 - watchfiles.main - DEBUG - 1 change detected: {(<Change.modified: 2>, '/workspace/app/backend/logs/app_20260527_145141.log')}
2026-05-27 15:21:42,126 - watchfiles.main - DEBUG - 1 change detected: {(<Change.modified: 2>, '/workspace/app/backend/logs/app_20260527_145141.log')}
2026-05-27 15:21:42,478 - watchfiles.main - DEBUG - 1 change detected: {(<Change.modified: 2>, '/workspace/app/backend/logs/app_20260527_145141.log')}
2026-05-27 15:21:42,829 - watchfiles.main - DEBUG - 1 change detected: {(<Change.modified: 2>, '/workspace/app/backend/logs/app_20260527_145141.log')}
2026-05-27 15:21:43,180 - watchfiles.main - DEBUG - 1 change detected: {(<Change.modified: 2>, '/workspace/app/backend/logs/app_20260527_145141.log')}
2026-05-27 15:21:43,532 - watchfiles.main - DEBUG - 2 changes detected: {(<Change.modified: 2>, '/workspace/app/backend/logs/app_20260527_145141.log'), (<Change.modified: 2>, '/workspace/app/backend/logs/app_20260527_145143.log')}
2026-05-27 15:21:43,882 - watchfiles.main - DEBUG - 2 changes detected: {(<Change.modified: 2>, '/workspace/app/backend/logs/app_20260527_145141.log'), (<Change.modified: 2>, '/workspace/app/backend/logs/app_20260527_145143.log')}
2026-05-27 15:21:44,233 - watchfiles.main - DEBUG - 1 change detected: {(<Change.modified: 2>, '/workspace/app/backend/logs/app_20260527_145141.log')}
2026-05-27 15:21:44,584 - watchfiles.main - DEBUG - 1 change detected: {(<Change.modified: 2>, '/workspace/app/backend/logs/app_20260527_145141.log')}
2026-05-27 15:21:44,935 - watchfiles.main - DEBUG - 1 change detected: {(<Change.modified: 2>, '/workspace/app/backend/logs/app_20260527_145141.log')}
2026-05-27 15:21:45,286 - watchfiles.main - DEBUG - 1 change detected: {(<Change.modified: 2>, '/workspace/app/backend/logs/app_20260527_145141.log')}
2026-05-27 15:21:45,638 - watchfiles.main - DEBUG - 1 change detected: {(<Change.modified: 2>, '/workspace/app/backend/logs/app_20260527_145141.log')}
2026-05-27 15:21:45,989 - watchfiles.main - DEBUG - 1 change detected: {(<Change.modified: 2>, '/workspace/app/backend/logs/app_20260527_145141.log')}
2026-05-27 15:21:46,340 - watchfiles.main - DEBUG - 1 change detected: {(<Change.modified: 2>, '/workspace/app/backend/logs/app_20260527_145141.log')}
2026-05-27 15:21:46,691 - watchfiles.main - DEBUG - 1 change detected: {(<Change.modified: 2>, '/workspace/app/backend/logs/app_20260527_145141.log')}
2026-05-27 15:21:47,042 - watchfiles.main - DEBUG - 1 change detected: {(<Change.modified: 2>, '/workspace/app/backend/logs/app_20260527_145141.log')}
2026-05-27 15:21:47,393 - watchfiles.main - DEBUG - 1 change detected: {(<Change.modified: 2>, '/workspace/app/backend/logs/app_20260527_145141.log')}
2026-05-27 15:21:47,744 - watchfiles.main - DEBUG - 1 change detected: {(<Change.modified: 2>, '/workspace/app/backend/logs/app_20260527_145141.log')}
2026-05-27 15:21:48,095 - watchfiles.main - DEBUG - 1 change detected: {(<Change.modified: 2>, '/workspace/app/backend/logs/app_20260527_145141.log')}
2026-05-27 15:21:48,446 - watchfiles.main - DEBUG - 1 change detected: {(<Change.modified: 2>, '/workspace/app/backend/logs/app_20260527_145141.log')}
2026-05-27 15:21:48,797 - watchfiles.main - DEBUG - 1 change detected: {(<Change.modified: 2>, '/workspace/app/backend/logs/app_20260527_145141.log')}
2026-05-27 15:21:49,148 - watchfiles.main - DEBUG - 1 change detected: {(<Change.modified: 2>, '/workspace/app/backend/logs/app_20260527_145141.log')}
2026-05-27 15:21:49,499 - watchfiles.main - DEBUG - 1 change detected: {(<Change.modified: 2>, '/workspace/app/backend/logs/app_20260527_145141.log')}
2026-05-27 15:21:49,850 - watchfiles.main - DEBUG - 1 change detected: {(<Change.modified: 2>, '/workspace/app/backend/logs/app_20260527_145141.log')}
2026-05-27 15:21:50,201 - watchfiles.main - DEBUG - 1 change detected: {(<Change.modified: 2>, '/workspace/app/backend/logs/app_20260527_145141.log')}
2026-05-27 15:21:50,552 - watchfiles.main - DEBUG - 1 change detected: {(<Change.modified: 2>, '/workspace/app/backend/logs/app_20260527_145141.log')}
2026-05-27 15:21:50,903 - watchfiles.main - DEBUG - 1 change detected: {(<Change.modified: 2>, '/workspace/app/backend/logs/app_20260527_145141.log')}
2026-05-27 15:21:51,254 - watchfiles.main - DEBUG - 1 change detected: {(<Change.modified: 2>, '/workspace/app/backend/logs/app_20260527_145141.log')}
2026-05-27 15:21:51,605 - watchfiles.main - DEBUG - 1 change detected: {(<Change.modified: 2>, '/workspace/app/backend/logs/app_20260527_145141.log')}
2026-05-27 15:21:51,956 - watchfiles.main - DEBUG - 1 change detected: {(<Change.modified: 2>, '/workspace/app/backend/logs/app_20260527_145141.log')}
2026-05-27 15:21:52,307 - watchfiles.main - DEBUG - 1 change detected: {(<Change.modified: 2>, '/workspace/app/backend/logs/app_20260527_145141.log')}
2026-05-27 15:21:52,658 - watchfiles.main - DEBUG - 1 change detected: {(<Change.modified: 2>, '/workspace/app/backend/logs/app_20260527_145141.log')}
2026-05-27 15:21:53,009 - watchfiles.main - DEBUG - 1 change detected: {(<Change.modified: 2>, '/workspace/app/backend/logs/app_20260527_145141.log')}
2026-05-27 15:21:53,360 - watchfiles.main - DEBUG - 1 change detected: {(<Change.modified: 2>, '/workspace/app/backend/logs/app_20260527_145141.log')}
2026-05-27 15:21:53,711 - watchfiles.main - DEBUG - 1 change detected: {(<Change.modified: 2>, '/workspace/app/backend/logs/app_20260527_145141.log')}
2026-05-27 15:21:54,061 - watchfiles.main - DEBUG - 1 change detected: {(<Change.modified: 2>, '/workspace/app/backend/logs/app_20260527_145141.log')}
2026-05-27 15:21:54,415 - watchfiles.main - DEBUG - 1 change detected: {(<Change.modified: 2>, '/workspace/app/backend/logs/app_20260527_145141.log')}
2026-05-27 15:21:54,766 - watchfiles.main - DEBUG - 1 change detected: {(<Change.modified: 2>, '/workspace/app/backend/logs/app_20260527_145141.log')}
2026-05-27 15:21:55,116 - watchfiles.main - DEBUG - 1 change detected: {(<Change.modified: 2>, '/workspace/app/backend/logs/app_20260527_145141.log')}
2026-05-27 15:21:55,468 - watchfiles.main - DEBUG - 1 change detected: {(<Change.modified: 2>, '/workspace/app/backend/logs/app_20260527_145141.log')}
2026-05-27 15:21:55,819 - watchfiles.main - DEBUG - 1 change detected: {(<Change.modified: 2>, '/workspace/app/backend/logs/app_20260527_145141.log')}
2026-05-27 15:21:56,170 - watchfiles.main - DEBUG - 1 change detected: {(<Change.modified: 2>, '/workspace/app/backend/logs/app_20260527_145141.log')}
2026-05-27 15:21:56,520 - watchfiles.main - DEBUG - 1 change detected: {(<Change.modified: 2>, '/workspace/app/backend/logs/app_20260527_145141.log')}
2026-05-27 15:21:56,872 - watchfiles.main - DEBUG - 1 change detected: {(<Change.modified: 2>, '/workspace/app/backend/logs/app_20260527_145141.log')}
2026-05-27 15:21:57,223 - watchfiles.main - DEBUG - 1 change detected: {(<Change.modified: 2>, '/workspace/app/backend/logs/app_20260527_145141.log')}
2026-05-27 15:21:57,574 - watchfiles.main - DEBUG - 1 change detected: {(<Change.modified: 2>, '/workspace/app/backend/logs/app_20260527_145141.log')}
2026-05-27 15:21:57,926 - watchfiles.main - DEBUG - 1 change detected: {(<Change.modified: 2>, '/workspace/app/backend/logs/app_20260527_145141.log')}
2026-05-27 15:21:58,277 - watchfiles.main - DEBUG - 1 change detected: {(<Change.modified: 2>, '/workspace/app/backend/logs/app_20260527_145141.log')}
2026-05-27 15:21:58,628 - watchfiles.main - DEBUG - 1 change detected: {(<Change.modified: 2>, '/workspace/app/backend/logs/app_20260527_145141.log')}
2026-05-27 15:21:58,979 - watchfiles.main - DEBUG - 1 change detected: {(<Change.modified: 2>, '/workspace/app/backend/logs/app_20260527_145141.log')}
2026-05-27 15:21:59,330 - watchfiles.main - DEBUG - 1 change detected: {(<Change.modified: 2>, '/workspace/app/backend/logs/app_20260527_145141.log')}
2026-05-27 15:21:59,680 - watchfiles.main - DEBUG - 1 change detected: {(<Change.modified: 2>, '/workspace/app/backend/logs/app_20260527_145141.log')}
2026-05-27 15:22:00,031 - watchfiles.main - DEBUG - 1 change detected: {(<Change.modified: 2>, '/workspace/app/backend/logs/app_20260527_145141.log')}
2026-05-27 15:22:00,382 - watchfiles.main - DEBUG - 1 change detected: {(<Change.modified: 2>, '/workspace/app/backend/logs/app_20260527_145141.log')}
2026-05-27 15:22:00,733 - watchfiles.main - DEBUG - 1 change detected: {(<Change.modified: 2>, '/workspace/app/backend/logs/app_20260527_145141.log')}
2026-05-27 15:22:01,084 - watchfiles.main - DEBUG - 1 change detected: {(<Change.modified: 2>, '/workspace/app/backend/logs/app_20260527_145141.log')}
2026-05-27 15:22:01,435 - watchfiles.main - DEBUG - 1 change detected: {(<Change.modified: 2>, '/workspace/app/backend/logs/app_20260527_145141.log')}
2026-05-27 15:22:01,786 - watchfiles.main - DEBUG - 1 change detected: {(<Change.modified: 2>, '/workspace/app/backend/logs/app_20260527_145141.log')}
2026-05-27 15:22:02,137 - watchfiles.main - DEBUG - 1 change detected: {(<Change.modified: 2>, '/workspace/app/backend/logs/app_20260527_145141.log')}
2026-05-27 15:22:02,489 - watchfiles.main - DEBUG - 1 change detected: {(<Change.modified: 2>, '/workspace/app/backend/logs/app_20260527_145141.log')}
2026-05-27 15:22:02,840 - watchfiles.main - DEBUG - 1 change detected: {(<Change.modified: 2>, '/workspace/app/backend/logs/app_20260527_145141.log')}
2026-05-27 15:22:03,191 - watchfiles.main - DEBUG - 1 change detected: {(<Change.modified: 2>, '/workspace/app/backend/logs/app_20260527_145141.log')}
2026-05-27 15:22:03,542 - watchfiles.main - DEBUG - 1 change detected: {(<Change.modified: 2>, '/workspace/app/backend/logs/app_20260527_145141.log')}
2026-05-27 15:22:03,893 - watchfiles.main - DEBUG - 1 change detected: {(<Change.modified: 2>, '/workspace/app/backend/logs/app_20260527_145141.log')}
2026-05-27 15:22:04,244 - watchfiles.main - DEBUG - 1 change detected: {(<Change.modified: 2>, '/workspace/app/backend/logs/app_20260527_145141.log')}
2026-05-27 15:22:04,595 - watchfiles.main - DEBUG - 1 change detected: {(<Change.modified: 2>, '/workspace/app/backend/logs/app_20260527_145141.log')}
2026-05-27 15:22:04,946 - watchfiles.main - DEBUG - 1 change detected: {(<Change.modified: 2>, '/workspace/app/backend/logs/app_20260527_145141.log')}
2026-05-27 15:22:05,297 - watchfiles.main - DEBUG - 1 change detected: {(<Change.modified: 2>, '/workspace/app/backend/logs/app_20260527_145141.log')}
2026-05-27 15:22:05,648 - watchfiles.main - DEBUG - 1 change detected: {(<Change.modified: 2>, '/workspace/app/backend/logs/app_20260527_145141.log')}
2026-05-27 15:22:05,999 - watchfiles.main - DEBUG - 1 change detected: {(<Change.modified: 2>, '/workspace/app/backend/logs/app_20260527_145141.log')}
2026-05-27 15:22:06,350 - watchfiles.main - DEBUG - 1 change detected: {(<Change.modified: 2>, '/workspace/app/backend/logs/app_20260527_145141.log')}
2026-05-27 15:22:06,701 - watchfiles.main - DEBUG - 1 change detected: {(<Change.modified: 2>, '/workspace/app/backend/logs/app_20260527_145141.log')}
2026-05-27 15:22:07,052 - watchfiles.main - DEBUG - 1 change detected: {(<Change.modified: 2>, '/workspace/app/backend/logs/app_20260527_145141.log')}
2026-05-27 15:22:07,403 - watchfiles.main - DEBUG - 1 change detected: {(<Change.modified: 2>, '/workspace/app/backend/logs/app_20260527_145141.log')}
2026-05-27 15:22:07,754 - watchfiles.main - DEBUG - 1 change detected: {(<Change.modified: 2>, '/workspace/app/backend/logs/app_20260527_145141.log')}
2026-05-27 15:22:08,105 - watchfiles.main - DEBUG - 1 change detected: {(<Change.modified: 2>, '/workspace/app/backend/logs/app_20260527_145141.log')}
2026-05-27 15:22:08,456 - watchfiles.main - DEBUG - 1 change detected: {(<Change.modified: 2>, '/workspace/app/backend/logs/app_20260527_145141.log')}
2026-05-27 15:22:08,807 - watchfiles.main - DEBUG - 1 change detected: {(<Change.modified: 2>, '/workspace/app/backend/logs/app_20260527_145141.log')}
2026-05-27 15:22:09,157 - watchfiles.main - DEBUG - 1 change detected: {(<Change.modified: 2>, '/workspace/app/backend/logs/app_20260527_145141.log')}
2026-05-27 15:22:09,508 - watchfiles.main - DEBUG - 1 change detected: {(<Change.modified: 2>, '/workspace/app/backend/logs/app_20260527_145141.log')}
2026-05-27 15:22:09,859 - watchfiles.main - DEBUG - 1 change detected: {(<Change.modified: 2>, '/workspace/app/backend/logs/app_20260527_145141.log')}
2026-05-27 15:22:10,210 - watchfiles.main - DEBUG - 1 change detected: {(<Change.modified: 2>, '/workspace/app/backend/logs/app_20260527_145141.log')}
2026-05-27 15:22:10,561 - watchfiles.main - DEBUG - 1 change detected: {(<Change.modified: 2>, '/workspace/app/backend/logs/app_20260527_145141.log')}
2026-05-27 15:22:10,913 - watchfiles.main - DEBUG - 1 change detected: {(<Change.modified: 2>, '/workspace/app/backend/logs/app_20260527_145141.log')}
2026-05-27 15:22:11,264 - watchfiles.main - DEBUG - 1 change detected: {(<Change.modified: 2>, '/workspace/app/backend/logs/app_20260527_145141.log')}
2026-05-27 15:22:11,615 - watchfiles.main - DEBUG - 1 change detected: {(<Change.modified: 2>, '/workspace/app/backend/logs/app_20260527_145141.log')}
2026-05-27 15:22:11,966 - watchfiles.main - DEBUG - 1 change detected: {(<Change.modified: 2>, '/workspace/app/backend/logs/app_20260527_145141.log')}
2026-05-27 15:22:12,317 - watchfiles.main - DEBUG - 1 change detected: {(<Change.modified: 2>, '/workspace/app/backend/logs/app_20260527_145141.log')}
2026-05-27 15:22:12,667 - watchfiles.main - DEBUG - 1 change detected: {(<Change.modified: 2>, '/workspace/app/backend/logs/app_20260527_145141.log')}
2026-05-27 15:22:13,018 - watchfiles.main - DEBUG - 1 change detected: {(<Change.modified: 2>, '/workspace/app/backend/logs/app_20260527_145141.log')}
2026-05-27 15:22:13,369 - watchfiles.main - DEBUG - 2 changes detected: {(<Change.modified: 2>, '/workspace/app/backend/logs/app_20260527_145141.log'), (<Change.modified: 2>, '/workspace/app/backend/logs/app_20260527_145143.log')}
2026-05-27 15:22:13,720 - watchfiles.main - DEBUG - 2 changes detected: {(<Change.modified: 2>, '/workspace/app/backend/logs/app_20260527_145141.log'), (<Change.modified: 2>, '/workspace/app/backend/logs/app_20260527_145143.log')}
2026-05-27 15:22:14,071 - watchfiles.main - DEBUG - 1 change detected: {(<Change.modified: 2>, '/workspace/app/backend/logs/app_20260527_145141.log')}
2026-05-27 15:22:14,422 - watchfiles.main - DEBUG - 1 change detected: {(<Change.modified: 2>, '/workspace/app/backend/logs/app_20260527_145141.log')}
2026-05-27 15:22:14,773 - watchfiles.main - DEBUG - 1 change detected: {(<Change.modified: 2>, '/workspace/app/backend/logs/app_20260527_145141.log')}
2026-05-27 15:22:15,124 - watchfiles.main - DEBUG - 1 change detected: {(<Change.modified: 2>, '/workspace/app/backend/logs/app_20260527_145141.log')}
2026-05-27 15:22:15,475 - watchfiles.main - DEBUG - 1 change detected: {(<Change.modified: 2>, '/workspace/app/backend/logs/app_20260527_145141.log')}
2026-05-27 15:22:15,826 - watchfiles.main - DEBUG - 1 change detected: {(<Change.modified: 2>, '/workspace/app/backend/logs/app_20260527_145141.log')}
2026-05-27 15:22:16,177 - watchfiles.main - DEBUG - 1 change detected: {(<Change.modified: 2>, '/workspace/app/backend/logs/app_20260527_145141.log')}
2026-05-27 15:22:16,528 - watchfiles.main - DEBUG - 1 change detected: {(<Change.modified: 2>, '/workspace/app/backend/logs/app_20260527_145141.log')}
2026-05-27 15:22:16,879 - watchfiles.main - DEBUG - 1 change detected: {(<Change.modified: 2>, '/workspace/app/backend/logs/app_20260527_145141.log')}
2026-05-27 15:22:17,230 - watchfiles.main - DEBUG - 1 change detected: {(<Change.modified: 2>, '/workspace/app/backend/logs/app_20260527_145141.log')}
2026-05-27 15:22:17,583 - watchfiles.main - DEBUG - 1 change detected: {(<Change.modified: 2>, '/workspace/app/backend/logs/app_20260527_145141.log')}
2026-05-27 15:22:17,934 - watchfiles.main - DEBUG - 1 change detected: {(<Change.modified: 2>, '/workspace/app/backend/logs/app_20260527_145141.log')}
2026-05-27 15:22:18,285 - watchfiles.main - DEBUG - 1 change detected: {(<Change.modified: 2>, '/workspace/app/backend/logs/app_20260527_145141.log')}
2026-05-27 15:22:18,636 - watchfiles.main - DEBUG - 1 change detected: {(<Change.modified: 2>, '/workspace/app/backend/logs/app_20260527_145141.log')}
2026-05-27 15:22:18,987 - watchfiles.main - DEBUG - 1 change detected: {(<Change.modified: 2>, '/workspace/app/backend/logs/app_20260527_145141.log')}
2026-05-27 15:22:19,342 - watchfiles.main - DEBUG - 1 change detected: {(<Change.modified: 2>, '/workspace/app/backend/logs/app_20260527_145141.log')}
2026-05-27 15:22:19,693 - watchfiles.main - DEBUG - 1 change detected: {(<Change.modified: 2>, '/workspace/app/backend/logs/app_20260527_145141.log')}
2026-05-27 15:22:20,044 - watchfiles.main - DEBUG - 1 change detected: {(<Change.modified: 2>, '/workspace/app/backend/logs/app_20260527_145141.log')}
2026-05-27 15:22:20,395 - watchfiles.main - DEBUG - 1 change detected: {(<Change.modified: 2>, '/workspace/app/backend/logs/app_20260527_145141.log')}
2026-05-27 15:22:20,746 - watchfiles.main - DEBUG - 1 change detected: {(<Change.modified: 2>, '/workspace/app/backend/logs/app_20260527_145141.log')}
2026-05-27 15:22:21,097 - watchfiles.main - DEBUG - 1 change detected: {(<Change.modified: 2>, '/workspace/app/backend/logs/app_20260527_145141.log')}
2026-05-27 15:22:21,448 - watchfiles.main - DEBUG - 1 change detected: {(<Change.modified: 2>, '/workspace/app/backend/logs/app_20260527_145141.log')}
2026-05-27 15:22:21,799 - watchfiles.main - DEBUG - 1 change detected: {(<Change.modified: 2>, '/workspace/app/backend/logs/app_20260527_145141.log')}
2026-05-27 15:22:22,150 - watchfiles.main - DEBUG - 1 change detected: {(<Change.modified: 2>, '/workspace/app/backend/logs/app_20260527_145141.log')}
2026-05-27 15:22:22,501 - watchfiles.main - DEBUG - 1 change detected: {(<Change.modified: 2>, '/workspace/app/backend/logs/app_20260527_145141.log')}
2026-05-27 15:22:22,852 - watchfiles.main - DEBUG - 1 change detected: {(<Change.modified: 2>, '/workspace/app/backend/logs/app_20260527_145141.log')}
2026-05-27 15:22:23,203 - watchfiles.main - DEBUG - 1 change detected: {(<Change.modified: 2>, '/workspace/app/backend/logs/app_20260527_145141.log')}
2026-05-27 15:22:23,554 - watchfiles.main - DEBUG - 1 change detected: {(<Change.modified: 2>, '/workspace/app/backend/logs/app_20260527_145141.log')}
2026-05-27 15:22:23,905 - watchfiles.main - DEBUG - 1 change detected: {(<Change.modified: 2>, '/workspace/app/backend/logs/app_20260527_145141.log')}
2026-05-27 15:22:24,256 - watchfiles.main - DEBUG - 1 change detected: {(<Change.modified: 2>, '/workspace/app/backend/logs/app_20260527_145141.log')}
2026-05-27 15:22:24,607 - watchfiles.main - DEBUG - 1 change detected: {(<Change.modified: 2>, '/workspace/app/backend/logs/app_20260527_145141.log')}
2026-05-27 15:22:24,958 - watchfiles.main - DEBUG - 1 change detected: {(<Change.modified: 2>, '/workspace/app/backend/logs/app_20260527_145141.log')}
2026-05-27 15:22:25,309 - watchfiles.main - DEBUG - 1 change detected: {(<Change.modified: 2>, '/workspace/app/backend/logs/app_20260527_145141.log')}
2026-05-27 15:22:25,660 - watchfiles.main - DEBUG - 1 change detected: {(<Change.modified: 2>, '/workspace/app/backend/logs/app_20260527_145141.log')}
2026-05-27 15:22:26,011 - watchfiles.main - DEBUG - 1 change detected: {(<Change.modified: 2>, '/workspace/app/backend/logs/app_20260527_145141.log')}
2026-05-27 15:22:26,362 - watchfiles.main - DEBUG - 1 change detected: {(<Change.modified: 2>, '/workspace/app/backend/logs/app_20260527_145141.log')}
2026-05-27 15:22:26,713 - watchfiles.main - DEBUG - 1 change detected: {(<Change.modified: 2>, '/workspace/app/backend/logs/app_20260527_145141.log')}
2026-05-27 15:22:27,064 - watchfiles.main - DEBUG - 1 change detected: {(<Change.modified: 2>, '/workspace/app/backend/logs/app_20260527_145141.log')}
2026-05-27 15:22:27,416 - watchfiles.main - DEBUG - 1 change detected: {(<Change.modified: 2>, '/workspace/app/backend/logs/app_20260527_145141.log')}
2026-05-27 15:22:27,767 - watchfiles.main - DEBUG - 1 change detected: {(<Change.modified: 2>, '/workspace/app/backend/logs/app_20260527_145141.log')}
2026-05-27 15:22:28,118 - watchfiles.main - DEBUG - 1 change detected: {(<Change.modified: 2>, '/workspace/app/backend/logs/app_20260527_145141.log')}
2026-05-27 15:22:28,468 - watchfiles.main - DEBUG - 1 change detected: {(<Change.modified: 2>, '/workspace/app/backend/logs/app_20260527_145141.log')}
2026-05-27 15:22:28,820 - watchfiles.main - DEBUG - 1 change detected: {(<Change.modified: 2>, '/workspace/app/backend/logs/app_20260527_145141.log')}
2026-05-27 15:22:29,170 - watchfiles.main - DEBUG - 1 change detected: {(<Change.modified: 2>, '/workspace/app/backend/logs/app_20260527_145141.log')}
2026-05-27 15:22:29,521 - watchfiles.main - DEBUG - 1 change detected: {(<Change.modified: 2>, '/workspace/app/backend/logs/app_20260527_145141.log')}
2026-05-27 15:22:29,873 - watchfiles.main - DEBUG - 1 change detected: {(<Change.modified: 2>, '/workspace/app/backend/logs/app_20260527_145141.log')}
2026-05-27 15:22:30,223 - watchfiles.main - DEBUG - 1 change detected: {(<Change.modified: 2>, '/workspace/app/backend/logs/app_20260527_145141.log')}
2026-05-27 15:22:30,575 - watchfiles.main - DEBUG - 1 change detected: {(<Change.modified: 2>, '/workspace/app/backend/logs/app_20260527_145141.log')}
2026-05-27 15:22:30,926 - watchfiles.main - DEBUG - 1 change detected: {(<Change.modified: 2>, '/workspace/app/backend/logs/app_20260527_145141.log')}
2026-05-27 15:22:31,276 - watchfiles.main - DEBUG - 1 change detected: {(<Change.modified: 2>, '/workspace/app/backend/logs/app_20260527_145141.log')}
2026-05-27 15:22:31,628 - watchfiles.main - DEBUG - 1 change detected: {(<Change.modified: 2>, '/workspace/app/backend/logs/app_20260527_145141.log')}
2026-05-27 15:22:31,978 - watchfiles.main - DEBUG - 1 change detected: {(<Change.modified: 2>, '/workspace/app/backend/logs/app_20260527_145141.log')}
2026-05-27 15:22:32,329 - watchfiles.main - DEBUG - 1 change detected: {(<Change.modified: 2>, '/workspace/app/backend/logs/app_20260527_145141.log')}
2026-05-27 15:22:32,680 - watchfiles.main - DEBUG - 1 change detected: {(<Change.modified: 2>, '/workspace/app/backend/logs/app_20260527_145141.log')}
2026-05-27 15:22:33,031 - watchfiles.main - DEBUG - 1 change detected: {(<Change.modified: 2>, '/workspace/app/backend/logs/app_20260527_145141.log')}
2026-05-27 15:22:33,382 - watchfiles.main - DEBUG - 1 change detected: {(<Change.modified: 2>, '/workspace/app/backend/logs/app_20260527_145141.log')}
2026-05-27 15:22:33,733 - watchfiles.main - DEBUG - 1 change detected: {(<Change.modified: 2>, '/workspace/app/backend/logs/app_20260527_145141.log')}
2026-05-27 15:22:34,084 - watchfiles.main - DEBUG - 1 change detected: {(<Change.modified: 2>, '/workspace/app/backend/logs/app_20260527_145141.log')}
2026-05-27 15:22:34,435 - watchfiles.main - DEBUG - 1 change detected: {(<Change.modified: 2>, '/workspace/app/backend/logs/app_20260527_145141.log')}
2026-05-27 15:22:34,786 - watchfiles.main - DEBUG - 1 change detected: {(<Change.modified: 2>, '/workspace/app/backend/logs/app_20260527_145141.log')}
2026-05-27 15:22:35,137 - watchfiles.main - DEBUG - 1 change detected: {(<Change.modified: 2>, '/workspace/app/backend/logs/app_20260527_145141.log')}
2026-05-27 15:22:35,489 - watchfiles.main - DEBUG - 1 change detected: {(<Change.modified: 2>, '/workspace/app/backend/logs/app_20260527_145141.log')}
2026-05-27 15:22:35,840 - watchfiles.main - DEBUG - 1 change detected: {(<Change.modified: 2>, '/workspace/app/backend/logs/app_20260527_145141.log')}
2026-05-27 15:22:36,191 - watchfiles.main - DEBUG - 1 change detected: {(<Change.modified: 2>, '/workspace/app/backend/logs/app_20260527_145141.log')}
2026-05-27 15:22:36,542 - watchfiles.main - DEBUG - 1 change detected: {(<Change.modified: 2>, '/workspace/app/backend/logs/app_20260527_145141.log')}
2026-05-27 15:22:36,893 - watchfiles.main - DEBUG - 1 change detected: {(<Change.modified: 2>, '/workspace/app/backend/logs/app_20260527_145141.log')}
2026-05-27 15:22:37,244 - watchfiles.main - DEBUG - 1 change detected: {(<Change.modified: 2>, '/workspace/app/backend/logs/app_20260527_145141.log')}
2026-05-27 15:22:37,616 - watchfiles.main - DEBUG - 1 change detected: {(<Change.modified: 2>, '/workspace/app/backend/logs/app_20260527_145141.log')}
2026-05-27 15:22:37,967 - watchfiles.main - DEBUG - 1 change detected: {(<Change.modified: 2>, '/workspace/app/backend/logs/app_20260527_145141.log')}
2026-05-27 15:22:38,318 - watchfiles.main - DEBUG - 1 change detected: {(<Change.modified: 2>, '/workspace/app/backend/logs/app_20260527_145141.log')}
2026-05-27 15:22:38,669 - watchfiles.main - DEBUG - 1 change detected: {(<Change.modified: 2>, '/workspace/app/backend/logs/app_20260527_145141.log')}
2026-05-27 15:22:39,021 - watchfiles.main - DEBUG - 1 change detected: {(<Change.modified: 2>, '/workspace/app/backend/logs/app_20260527_145141.log')}
2026-05-27 15:22:39,371 - watchfiles.main - DEBUG - 1 change detected: {(<Change.modified: 2>, '/workspace/app/backend/logs/app_20260527_145141.log')}
2026-05-27 15:22:39,722 - watchfiles.main - DEBUG - 1 change detected: {(<Change.modified: 2>, '/workspace/app/backend/logs/app_20260527_145141.log')}
2026-05-27 15:22:40,074 - watchfiles.main - DEBUG - 1 change detected: {(<Change.modified: 2>, '/workspace/app/backend/logs/app_20260527_145141.log')}
2026-05-27 15:22:40,424 - watchfiles.main - DEBUG - 1 change detected: {(<Change.modified: 2>, '/workspace/app/backend/logs/app_20260527_145141.log')}
2026-05-27 15:22:40,776 - watchfiles.main - DEBUG - 1 change detected: {(<Change.modified: 2>, '/workspace/app/backend/logs/app_20260527_145141.log')}
2026-05-27 15:22:41,127 - watchfiles.main - DEBUG - 1 change detected: {(<Change.modified: 2>, '/workspace/app/backend/logs/app_20260527_145141.log')}
2026-05-27 15:22:41,478 - watchfiles.main - DEBUG - 1 change detected: {(<Change.modified: 2>, '/workspace/app/backend/logs/app_20260527_145141.log')}
2026-05-27 15:22:41,829 - watchfiles.main - DEBUG - 1 change detected: {(<Change.modified: 2>, '/workspace/app/backend/logs/app_20260527_145141.log')}
2026-05-27 15:22:42,180 - watchfiles.main - DEBUG - 1 change detected: {(<Change.modified: 2>, '/workspace/app/backend/logs/app_20260527_145141.log')}
2026-05-27 15:22:42,530 - watchfiles.main - DEBUG - 1 change detected: {(<Change.modified: 2>, '/workspace/app/backend/logs/app_20260527_145141.log')}
2026-05-27 15:22:42,881 - watchfiles.main - DEBUG - 1 change detected: {(<Change.modified: 2>, '/workspace/app/backend/logs/app_20260527_145141.log')}
2026-05-27 15:22:43,232 - watchfiles.main - DEBUG - 1 change detected: {(<Change.modified: 2>, '/workspace/app/backend/logs/app_20260527_145141.log')}
2026-05-27 15:22:43,583 - watchfiles.main - DEBUG - 1 change detected: {(<Change.modified: 2>, '/workspace/app/backend/logs/app_20260527_145141.log')}
2026-05-27 15:22:43,934 - watchfiles.main - DEBUG - 1 change detected: {(<Change.modified: 2>, '/workspace/app/backend/logs/app_20260527_145141.log')}
2026-05-27 15:22:44,285 - watchfiles.main - DEBUG - 1 change detected: {(<Change.modified: 2>, '/workspace/app/backend/logs/app_20260527_145141.log')}
2026-05-27 15:22:44,636 - watchfiles.main - DEBUG - 1 change detected: {(<Change.modified: 2>, '/workspace/app/backend/logs/app_20260527_145141.log')}
2026-05-27 15:22:44,987 - watchfiles.main - DEBUG - 1 change detected: {(<Change.modified: 2>, '/workspace/app/backend/logs/app_20260527_145141.log')}
2026-05-27 15:22:45,338 - watchfiles.main - DEBUG - 1 change detected: {(<Change.modified: 2>, '/workspace/app/backend/logs/app_20260527_145141.log')}
2026-05-27 15:22:45,689 - watchfiles.main - DEBUG - 1 change detected: {(<Change.modified: 2>, '/workspace/app/backend/logs/app_20260527_145141.log')}
2026-05-27 15:22:46,041 - watchfiles.main - DEBUG - 1 change detected: {(<Change.modified: 2>, '/workspace/app/backend/logs/app_20260527_145141.log')}
2026-05-27 15:22:46,392 - watchfiles.main - DEBUG - 1 change detected: {(<Change.modified: 2>, '/workspace/app/backend/logs/app_20260527_145141.log')}
2026-05-27 15:22:46,742 - watchfiles.main - DEBUG - 1 change detected: {(<Change.modified: 2>, '/workspace/app/backend/logs/app_20260527_145141.log')}
2026-05-27 15:22:47,093 - watchfiles.main - DEBUG - 1 change detected: {(<Change.modified: 2>, '/workspace/app/backend/logs/app_20260527_145141.log')}
2026-05-27 15:22:47,444 - watchfiles.main - DEBUG - 1 change detected: {(<Change.modified: 2>, '/workspace/app/backend/logs/app_20260527_145141.log')}
2026-05-27 15:22:47,795 - watchfiles.main - DEBUG - 1 change detected: {(<Change.modified: 2>, '/workspace/app/backend/logs/app_20260527_145141.log')}
2026-05-27 15:22:48,146 - watchfiles.main - DEBUG - 1 change detected: {(<Change.modified: 2>, '/workspace/app/backend/logs/app_20260527_145141.log')}
2026-05-27 15:22:48,497 - watchfiles.main - DEBUG - 1 change detected: {(<Change.modified: 2>, '/workspace/app/backend/logs/app_20260527_145141.log')}
2026-05-27 15:22:48,848 - watchfiles.main - DEBUG - 1 change detected: {(<Change.modified: 2>, '/workspace/app/backend/logs/app_20260527_145141.log')}
2026-05-27 15:22:49,199 - watchfiles.main - DEBUG - 1 change detected: {(<Change.modified: 2>, '/workspace/app/backend/logs/app_20260527_145141.log')}
2026-05-27 15:22:49,550 - watchfiles.main - DEBUG - 1 change detected: {(<Change.modified: 2>, '/workspace/app/backend/logs/app_20260527_145141.log')}
2026-05-27 15:22:49,901 - watchfiles.main - DEBUG - 1 change detected: {(<Change.modified: 2>, '/workspace/app/backend/logs/app_20260527_145141.log')}
2026-05-27 15:22:50,252 - watchfiles.main - DEBUG - 1 change detected: {(<Change.modified: 2>, '/workspace/app/backend/logs/app_20260527_145141.log')}
2026-05-27 15:22:50,603 - watchfiles.main - DEBUG - 1 change detected: {(<Change.modified: 2>, '/workspace/app/backend/logs/app_20260527_145141.log')}
2026-05-27 15:22:50,954 - watchfiles.main - DEBUG - 1 change detected: {(<Change.modified: 2>, '/workspace/app/backend/logs/app_20260527_145141.log')}
2026-05-27 15:22:51,305 - watchfiles.main - DEBUG - 1 change detected: {(<Change.modified: 2>, '/workspace/app/backend/logs/app_20260527_145141.log')}
2026-05-27 15:22:51,656 - watchfiles.main - DEBUG - 1 change detected: {(<Change.modified: 2>, '/workspace/app/backend/logs/app_20260527_145141.log')}
2026-05-27 15:22:52,007 - watchfiles.main - DEBUG - 1 change detected: {(<Change.modified: 2>, '/workspace/app/backend/logs/app_20260527_145141.log')}
2026-05-27 15:22:52,358 - watchfiles.main - DEBUG - 1 change detected: {(<Change.modified: 2>, '/workspace/app/backend/logs/app_20260527_145141.log')}
2026-05-27 15:22:52,709 - watchfiles.main - DEBUG - 1 change detected: {(<Change.modified: 2>, '/workspace/app/backend/logs/app_20260527_145141.log')}
2026-05-27 15:22:53,060 - watchfiles.main - DEBUG - 1 change detected: {(<Change.modified: 2>, '/workspace/app/backend/logs/app_20260527_145141.log')}
2026-05-27 15:22:53,411 - watchfiles.main - DEBUG - 1 change detected: {(<Change.modified: 2>, '/workspace/app/backend/logs/app_20260527_145141.log')}
2026-05-27 15:22:53,762 - watchfiles.main - DEBUG - 1 change detected: {(<Change.modified: 2>, '/workspace/app/backend/logs/app_20260527_145141.log')}
2026-05-27 15:22:54,113 - watchfiles.main - DEBUG - 1 change detected: {(<Change.modified: 2>, '/workspace/app/backend/logs/app_20260527_145141.log')}
2026-05-27 15:22:54,464 - watchfiles.main - DEBUG - 1 change detected: {(<Change.modified: 2>, '/workspace/app/backend/logs/app_20260527_145141.log')}
2026-05-27 15:22:54,816 - watchfiles.main - DEBUG - 1 change detected: {(<Change.modified: 2>, '/workspace/app/backend/logs/app_20260527_145141.log')}
2026-05-27 15:22:55,167 - watchfiles.main - DEBUG - 1 change detected: {(<Change.modified: 2>, '/workspace/app/backend/logs/app_20260527_145141.log')}
2026-05-27 15:22:55,518 - watchfiles.main - DEBUG - 1 change detected: {(<Change.modified: 2>, '/workspace/app/backend/logs/app_20260527_145141.log')}
2026-05-27 15:22:55,868 - watchfiles.main - DEBUG - 1 change detected: {(<Change.modified: 2>, '/workspace/app/backend/logs/app_20260527_145141.log')}
2026-05-27 15:22:56,219 - watchfiles.main - DEBUG - 1 change detected: {(<Change.modified: 2>, '/workspace/app/backend/logs/app_20260527_145141.log')}
2026-05-27 15:22:56,570 - watchfiles.main - DEBUG - 1 change detected: {(<Change.modified: 2>, '/workspace/app/backend/logs/app_20260527_145141.log')}
2026-05-27 15:22:56,921 - watchfiles.main - DEBUG - 1 change detected: {(<Change.modified: 2>, '/workspace/app/backend/logs/app_20260527_145141.log')}
2026-05-27 15:22:57,272 - watchfiles.main - DEBUG - 1 change detected: {(<Change.modified: 2>, '/workspace/app/backend/logs/app_20260527_145141.log')}
2026-05-27 15:22:57,623 - watchfiles.main - DEBUG - 1 change detected: {(<Change.modified: 2>, '/workspace/app/backend/logs/app_20260527_145141.log')}
2026-05-27 15:22:57,974 - watchfiles.main - DEBUG - 1 change detected: {(<Change.modified: 2>, '/workspace/app/backend/logs/app_20260527_145141.log')}
2026-05-27 15:22:58,325 - watchfiles.main - DEBUG - 1 change detected: {(<Change.modified: 2>, '/workspace/app/backend/logs/app_20260527_145141.log')}
2026-05-27 15:22:58,676 - watchfiles.main - DEBUG - 1 change detected: {(<Change.modified: 2>, '/workspace/app/backend/logs/app_20260527_145141.log')}
2026-05-27 15:22:59,027 - watchfiles.main - DEBUG - 1 change detected: {(<Change.modified: 2>, '/workspace/app/backend/logs/app_20260527_145141.log')}
2026-05-27 15:22:59,378 - watchfiles.main - DEBUG - 1 change detected: {(<Change.modified: 2>, '/workspace/app/backend/logs/app_20260527_145141.log')}
2026-05-27 15:22:59,728 - watchfiles.main - DEBUG - 1 change detected: {(<Change.modified: 2>, '/workspace/app/backend/logs/app_20260527_145141.log')}
2026-05-27 15:23:00,080 - watchfiles.main - DEBUG - 1 change detected: {(<Change.modified: 2>, '/workspace/app/backend/logs/app_20260527_145141.log')}
2026-05-27 15:23:00,431 - watchfiles.main - DEBUG - 1 change detected: {(<Change.modified: 2>, '/workspace/app/backend/logs/app_20260527_145141.log')}
2026-05-27 15:23:00,781 - watchfiles.main - DEBUG - 1 change detected: {(<Change.modified: 2>, '/workspace/app/backend/logs/app_20260527_145141.log')}
2026-05-27 15:23:01,132 - watchfiles.main - DEBUG - 1 change detected: {(<Change.modified: 2>, '/workspace/app/backend/logs/app_20260527_145141.log')}
2026-05-27 15:23:01,483 - watchfiles.main - DEBUG - 1 change detected: {(<Change.modified: 2>, '/workspace/app/backend/logs/app_20260527_145141.log')}
2026-05-27 15:23:01,834 - watchfiles.main - DEBUG - 1 change detected: {(<Change.modified: 2>, '/workspace/app/backend/logs/app_20260527_145141.log')}
2026-05-27 15:23:02,185 - watchfiles.main - DEBUG - 1 change detected: {(<Change.modified: 2>, '/workspace/app/backend/logs/app_20260527_145141.log')}
2026-05-27 15:23:02,536 - watchfiles.main - DEBUG - 1 change detected: {(<Change.modified: 2>, '/workspace/app/backend/logs/app_20260527_145141.log')}
2026-05-27 15:23:02,887 - watchfiles.main - DEBUG - 1 change detected: {(<Change.modified: 2>, '/workspace/app/backend/logs/app_20260527_145141.log')}
2026-05-27 15:23:03,238 - watchfiles.main - DEBUG - 1 change detected: {(<Change.modified: 2>, '/workspace/app/backend/logs/app_20260527_145141.log')}
2026-05-27 15:23:03,589 - watchfiles.main - DEBUG - 1 change detected: {(<Change.modified: 2>, '/workspace/app/backend/logs/app_20260527_145141.log')}
2026-05-27 15:23:03,940 - watchfiles.main - DEBUG - 1 change detected: {(<Change.modified: 2>, '/workspace/app/backend/logs/app_20260527_145141.log')}
2026-05-27 15:23:04,291 - watchfiles.main - DEBUG - 1 change detected: {(<Change.modified: 2>, '/workspace/app/backend/logs/app_20260527_145141.log')}
2026-05-27 15:23:04,642 - watchfiles.main - DEBUG - 1 change detected: {(<Change.modified: 2>, '/workspace/app/backend/logs/app_20260527_145141.log')}
2026-05-27 15:23:04,993 - watchfiles.main - DEBUG - 1 change detected: {(<Change.modified: 2>, '/workspace/app/backend/logs/app_20260527_145141.log')}
2026-05-27 15:23:05,344 - watchfiles.main - DEBUG - 1 change detected: {(<Change.modified: 2>, '/workspace/app/backend/logs/app_20260527_145141.log')}
2026-05-27 15:23:05,695 - watchfiles.main - DEBUG - 1 change detected: {(<Change.modified: 2>, '/workspace/app/backend/logs/app_20260527_145141.log')}
2026-05-27 15:23:06,046 - watchfiles.main - DEBUG - 1 change detected: {(<Change.modified: 2>, '/workspace/app/backend/logs/app_20260527_145141.log')}
2026-05-27 15:23:06,396 - watchfiles.main - DEBUG - 1 change detected: {(<Change.modified: 2>, '/workspace/app/backend/logs/app_20260527_145141.log')}
2026-05-27 15:23:06,747 - watchfiles.main - DEBUG - 1 change detected: {(<Change.modified: 2>, '/workspace/app/backend/logs/app_20260527_145141.log')}
2026-05-27 15:23:07,098 - watchfiles.main - DEBUG - 1 change detected: {(<Change.modified: 2>, '/workspace/app/backend/logs/app_20260527_145141.log')}
2026-05-27 15:23:07,449 - watchfiles.main - DEBUG - 1 change detected: {(<Change.modified: 2>, '/workspace/app/backend/logs/app_20260527_145141.log')}
2026-05-27 15:23:07,800 - watchfiles.main - DEBUG - 1 change detected: {(<Change.modified: 2>, '/workspace/app/backend/logs/app_20260527_145141.log')}
2026-05-27 15:23:08,151 - watchfiles.main - DEBUG - 1 change detected: {(<Change.modified: 2>, '/workspace/app/backend/logs/app_20260527_145141.log')}
2026-05-27 15:23:08,502 - watchfiles.main - DEBUG - 1 change detected: {(<Change.modified: 2>, '/workspace/app/backend/logs/app_20260527_145141.log')}
2026-05-27 15:23:08,853 - watchfiles.main - DEBUG - 1 change detected: {(<Change.modified: 2>, '/workspace/app/backend/logs/app_20260527_145141.log')}
2026-05-27 15:23:09,204 - watchfiles.main - DEBUG - 1 change detected: {(<Change.modified: 2>, '/workspace/app/backend/logs/app_20260527_145141.log')}
2026-05-27 15:23:09,555 - watchfiles.main - DEBUG - 1 change detected: {(<Change.modified: 2>, '/workspace/app/backend/logs/app_20260527_145141.log')}
2026-05-27 15:23:09,906 - watchfiles.main - DEBUG - 1 change detected: {(<Change.modified: 2>, '/workspace/app/backend/logs/app_20260527_145141.log')}
2026-05-27 15:23:10,258 - watchfiles.main - DEBUG - 1 change detected: {(<Change.modified: 2>, '/workspace/app/backend/logs/app_20260527_145141.log')}
2026-05-27 15:23:10,609 - watchfiles.main - DEBUG - 1 change detected: {(<Change.modified: 2>, '/workspace/app/backend/logs/app_20260527_145141.log')}
2026-05-27 15:23:10,959 - watchfiles.main - DEBUG - 1 change detected: {(<Change.modified: 2>, '/workspace/app/backend/logs/app_20260527_145141.log')}
2026-05-27 15:23:11,310 - watchfiles.main - DEBUG - 1 change detected: {(<Change.modified: 2>, '/workspace/app/backend/logs/app_20260527_145141.log')}
2026-05-27 15:23:11,661 - watchfiles.main - DEBUG - 1 change detected: {(<Change.modified: 2>, '/workspace/app/backend/logs/app_20260527_145141.log')}
2026-05-27 15:23:12,012 - watchfiles.main - DEBUG - 1 change detected: {(<Change.modified: 2>, '/workspace/app/backend/logs/app_20260527_145141.log')}
2026-05-27 15:23:12,363 - watchfiles.main - DEBUG - 1 change detected: {(<Change.modified: 2>, '/workspace/app/backend/logs/app_20260527_145141.log')}
2026-05-27 15:23:12,714 - watchfiles.main - DEBUG - 1 change detected: {(<Change.modified: 2>, '/workspace/app/backend/logs/app_20260527_145141.log')}
2026-05-27 15:23:13,065 - watchfiles.main - DEBUG - 1 change detected: {(<Change.modified: 2>, '/workspace/app/backend/logs/app_20260527_145141.log')}
2026-05-27 15:23:13,416 - watchfiles.main - DEBUG - 1 change detected: {(<Change.modified: 2>, '/workspace/app/backend/logs/app_20260527_145141.log')}
2026-05-27 15:23:13,767 - watchfiles.main - DEBUG - 1 change detected: {(<Change.modified: 2>, '/workspace/app/backend/logs/app_20260527_145141.log')}
2026-05-27 15:23:14,118 - watchfiles.main - DEBUG - 1 change detected: {(<Change.modified: 2>, '/workspace/app/backend/logs/app_20260527_145141.log')}
2026-05-27 15:23:14,469 - watchfiles.main - DEBUG - 1 change detected: {(<Change.modified: 2>, '/workspace/app/backend/logs/app_20260527_145141.log')}
2026-05-27 15:23:14,820 - watchfiles.main - DEBUG - 1 change detected: {(<Change.modified: 2>, '/workspace/app/backend/logs/app_20260527_145141.log')}
2026-05-27 15:23:15,171 - watchfiles.main - DEBUG - 1 change detected: {(<Change.modified: 2>, '/workspace/app/backend/logs/app_20260527_145141.log')}
2026-05-27 15:23:15,523 - watchfiles.main - DEBUG - 1 change detected: {(<Change.modified: 2>, '/workspace/app/backend/logs/app_20260527_145141.log')}
2026-05-27 15:23:15,874 - watchfiles.main - DEBUG - 1 change detected: {(<Change.modified: 2>, '/workspace/app/backend/logs/app_20260527_145141.log')}
2026-05-27 15:23:16,225 - watchfiles.main - DEBUG - 1 change detected: {(<Change.modified: 2>, '/workspace/app/backend/logs/app_20260527_145141.log')}
2026-05-27 15:23:16,576 - watchfiles.main - DEBUG - 1 change detected: {(<Change.modified: 2>, '/workspace/app/backend/logs/app_20260527_145141.log')}
2026-05-27 15:23:16,927 - watchfiles.main - DEBUG - 1 change detected: {(<Change.modified: 2>, '/workspace/app/backend/logs/app_20260527_145141.log')}
2026-05-27 15:23:17,277 - watchfiles.main - DEBUG - 1 change detected: {(<Change.modified: 2>, '/workspace/app/backend/logs/app_20260527_145141.log')}
2026-05-27 15:23:17,628 - watchfiles.main - DEBUG - 1 change detected: {(<Change.modified: 2>, '/workspace/app/backend/logs/app_20260527_145141.log')}
2026-05-27 15:23:17,979 - watchfiles.main - DEBUG - 1 change detected: {(<Change.modified: 2>, '/workspace/app/backend/logs/app_20260527_145141.log')}
2026-05-27 15:23:18,330 - watchfiles.main - DEBUG - 1 change detected: {(<Change.modified: 2>, '/workspace/app/backend/logs/app_20260527_145141.log')}
2026-05-27 15:23:18,681 - watchfiles.main - DEBUG - 1 change detected: {(<Change.modified: 2>, '/workspace/app/backend/logs/app_20260527_145141.log')}
2026-05-27 15:23:19,032 - watchfiles.main - DEBUG - 1 change detected: {(<Change.modified: 2>, '/workspace/app/backend/logs/app_20260527_145141.log')}
2026-05-27 15:23:19,383 - watchfiles.main - DEBUG - 1 change detected: {(<Change.modified: 2>, '/workspace/app/backend/logs/app_20260527_145141.log')}
2026-05-27 15:23:19,734 - watchfiles.main - DEBUG - 1 change detected: {(<Change.modified: 2>, '/workspace/app/backend/logs/app_20260527_145141.log')}
2026-05-27 15:23:20,085 - watchfiles.main - DEBUG - 1 change detected: {(<Change.modified: 2>, '/workspace/app/backend/logs/app_20260527_145141.log')}
2026-05-27 15:23:20,436 - watchfiles.main - DEBUG - 1 change detected: {(<Change.modified: 2>, '/workspace/app/backend/logs/app_20260527_145141.log')}
2026-05-27 15:23:20,787 - watchfiles.main - DEBUG - 1 change detected: {(<Change.modified: 2>, '/workspace/app/backend/logs/app_20260527_145141.log')}
2026-05-27 15:23:21,138 - watchfiles.main - DEBUG - 1 change detected: {(<Change.modified: 2>, '/workspace/app/backend/logs/app_20260527_145141.log')}
2026-05-27 15:23:21,489 - watchfiles.main - DEBUG - 1 change detected: {(<Change.modified: 2>, '/workspace/app/backend/logs/app_20260527_145141.log')}
2026-05-27 15:23:21,842 - watchfiles.main - DEBUG - 1 change detected: {(<Change.modified: 2>, '/workspace/app/backend/logs/app_20260527_145141.log')}
2026-05-27 15:23:22,193 - watchfiles.main - DEBUG - 1 change detected: {(<Change.modified: 2>, '/workspace/app/backend/logs/app_20260527_145141.log')}
2026-05-27 15:23:22,544 - watchfiles.main - DEBUG - 1 change detected: {(<Change.modified: 2>, '/workspace/app/backend/logs/app_20260527_145141.log')}
2026-05-27 15:23:22,895 - watchfiles.main - DEBUG - 1 change detected: {(<Change.modified: 2>, '/workspace/app/backend/logs/app_20260527_145141.log')}
2026-05-27 15:23:23,246 - watchfiles.main - DEBUG - 1 change detected: {(<Change.modified: 2>, '/workspace/app/backend/logs/app_20260527_145141.log')}
2026-05-27 15:23:23,596 - watchfiles.main - DEBUG - 1 change detected: {(<Change.modified: 2>, '/workspace/app/backend/logs/app_20260527_145141.log')}
2026-05-27 15:23:23,947 - watchfiles.main - DEBUG - 1 change detected: {(<Change.modified: 2>, '/workspace/app/backend/logs/app_20260527_145141.log')}
2026-05-27 15:23:24,298 - watchfiles.main - DEBUG - 1 change detected: {(<Change.modified: 2>, '/workspace/app/backend/logs/app_20260527_145141.log')}
2026-05-27 15:23:24,649 - watchfiles.main - DEBUG - 1 change detected: {(<Change.modified: 2>, '/workspace/app/backend/logs/app_20260527_145141.log')}
2026-05-27 15:23:25,000 - watchfiles.main - DEBUG - 1 change detected: {(<Change.modified: 2>, '/workspace/app/backend/logs/app_20260527_145141.log')}
2026-05-27 15:23:25,351 - watchfiles.main - DEBUG - 1 change detected: {(<Change.modified: 2>, '/workspace/app/backend/logs/app_20260527_145141.log')}
2026-05-27 15:23:25,702 - watchfiles.main - DEBUG - 1 change detected: {(<Change.modified: 2>, '/workspace/app/backend/logs/app_20260527_145141.log')}
2026-05-27 15:23:26,053 - watchfiles.main - DEBUG - 1 change detected: {(<Change.modified: 2>, '/workspace/app/backend/logs/app_20260527_145141.log')}
2026-05-27 15:23:26,404 - watchfiles.main - DEBUG - 1 change detected: {(<Change.modified: 2>, '/workspace/app/backend/logs/app_20260527_145141.log')}
2026-05-27 15:23:26,755 - watchfiles.main - DEBUG - 1 change detected: {(<Change.modified: 2>, '/workspace/app/backend/logs/app_20260527_145141.log')}
2026-05-27 15:23:27,106 - watchfiles.main - DEBUG - 1 change detected: {(<Change.modified: 2>, '/workspace/app/backend/logs/app_20260527_145141.log')}
2026-05-27 15:23:27,457 - watchfiles.main - DEBUG - 1 change detected: {(<Change.modified: 2>, '/workspace/app/backend/logs/app_20260527_145141.log')}
2026-05-27 15:23:27,808 - watchfiles.main - DEBUG - 1 change detected: {(<Change.modified: 2>, '/workspace/app/backend/logs/app_20260527_145141.log')}
2026-05-27 15:23:28,159 - watchfiles.main - DEBUG - 1 change detected: {(<Change.modified: 2>, '/workspace/app/backend/logs/app_20260527_145141.log')}
2026-05-27 15:23:28,510 - watchfiles.main - DEBUG - 1 change detected: {(<Change.modified: 2>, '/workspace/app/backend/logs/app_20260527_145141.log')}
2026-05-27 15:23:28,861 - watchfiles.main - DEBUG - 1 change detected: {(<Change.modified: 2>, '/workspace/app/backend/logs/app_20260527_145141.log')}
2026-05-27 15:23:29,212 - watchfiles.main - DEBUG - 1 change detected: {(<Change.modified: 2>, '/workspace/app/backend/logs/app_20260527_145141.log')}
2026-05-27 15:23:29,563 - watchfiles.main - DEBUG - 1 change detected: {(<Change.modified: 2>, '/workspace/app/backend/logs/app_20260527_145141.log')}
2026-05-27 15:23:29,914 - watchfiles.main - DEBUG - 1 change detected: {(<Change.modified: 2>, '/workspace/app/backend/logs/app_20260527_145141.log')}
2026-05-27 15:23:30,265 - watchfiles.main - DEBUG - 1 change detected: {(<Change.modified: 2>, '/workspace/app/backend/logs/app_20260527_145141.log')}
2026-05-27 15:23:30,616 - watchfiles.main - DEBUG - 1 change detected: {(<Change.modified: 2>, '/workspace/app/backend/logs/app_20260527_145141.log')}
2026-05-27 15:23:30,967 - watchfiles.main - DEBUG - 1 change detected: {(<Change.modified: 2>, '/workspace/app/backend/logs/app_20260527_145141.log')}
2026-05-27 15:23:31,318 - watchfiles.main - DEBUG - 1 change detected: {(<Change.modified: 2>, '/workspace/app/backend/logs/app_20260527_145141.log')}
2026-05-27 15:23:31,668 - watchfiles.main - DEBUG - 1 change detected: {(<Change.modified: 2>, '/workspace/app/backend/logs/app_20260527_145141.log')}
2026-05-27 15:23:32,019 - watchfiles.main - DEBUG - 1 change detected: {(<Change.modified: 2>, '/workspace/app/backend/logs/app_20260527_145141.log')}
2026-05-27 15:23:32,370 - watchfiles.main - DEBUG - 1 change detected: {(<Change.modified: 2>, '/workspace/app/backend/logs/app_20260527_145141.log')}
2026-05-27 15:23:32,721 - watchfiles.main - DEBUG - 1 change detected: {(<Change.modified: 2>, '/workspace/app/backend/logs/app_20260527_145141.log')}
2026-05-27 15:23:33,072 - watchfiles.main - DEBUG - 1 change detected: {(<Change.modified: 2>, '/workspace/app/backend/logs/app_20260527_145141.log')}
2026-05-27 15:23:33,423 - watchfiles.main - DEBUG - 1 change detected: {(<Change.modified: 2>, '/workspace/app/backend/logs/app_20260527_145141.log')}
2026-05-27 15:23:33,774 - watchfiles.main - DEBUG - 1 change detected: {(<Change.modified: 2>, '/workspace/app/backend/logs/app_20260527_145141.log')}
2026-05-27 15:23:34,125 - watchfiles.main - DEBUG - 1 change detected: {(<Change.modified: 2>, '/workspace/app/backend/logs/app_20260527_145141.log')}
2026-05-27 15:23:34,476 - watchfiles.main - DEBUG - 1 change detected: {(<Change.modified: 2>, '/workspace/app/backend/logs/app_20260527_145141.log')}
2026-05-27 15:23:34,827 - watchfiles.main - DEBUG - 1 change detected: {(<Change.modified: 2>, '/workspace/app/backend/logs/app_20260527_145141.log')}
2026-05-27 15:23:35,178 - watchfiles.main - DEBUG - 1 change detected: {(<Change.modified: 2>, '/workspace/app/backend/logs/app_20260527_145141.log')}
2026-05-27 15:23:35,530 - watchfiles.main - DEBUG - 1 change detected: {(<Change.modified: 2>, '/workspace/app/backend/logs/app_20260527_145141.log')}
2026-05-27 15:23:35,881 - watchfiles.main - DEBUG - 1 change detected: {(<Change.modified: 2>, '/workspace/app/backend/logs/app_20260527_145141.log')}
2026-05-27 15:23:36,232 - watchfiles.main - DEBUG - 1 change detected: {(<Change.modified: 2>, '/workspace/app/backend/logs/app_20260527_145141.log')}
2026-05-27 15:23:36,583 - watchfiles.main - DEBUG - 1 change detected: {(<Change.modified: 2>, '/workspace/app/backend/logs/app_20260527_145141.log')}
2026-05-27 15:23:36,934 - watchfiles.main - DEBUG - 1 change detected: {(<Change.modified: 2>, '/workspace/app/backend/logs/app_20260527_145141.log')}
2026-05-27 15:23:37,285 - watchfiles.main - DEBUG - 1 change detected: {(<Change.modified: 2>, '/workspace/app/backend/logs/app_20260527_145141.log')}
2026-05-27 15:23:37,636 - watchfiles.main - DEBUG - 1 change detected: {(<Change.modified: 2>, '/workspace/app/backend/logs/app_20260527_145141.log')}
2026-05-27 15:23:37,987 - watchfiles.main - DEBUG - 1 change detected: {(<Change.modified: 2>, '/workspace/app/backend/logs/app_20260527_145141.log')}
2026-05-27 15:23:38,338 - watchfiles.main - DEBUG - 1 change detected: {(<Change.modified: 2>, '/workspace/app/backend/logs/app_20260527_145141.log')}
2026-05-27 15:23:38,689 - watchfiles.main - DEBUG - 1 change detected: {(<Change.modified: 2>, '/workspace/app/backend/logs/app_20260527_145141.log')}
2026-05-27 15:23:39,040 - watchfiles.main - DEBUG - 1 change detected: {(<Change.modified: 2>, '/workspace/app/backend/logs/app_20260527_145141.log')}
2026-05-27 15:23:39,391 - watchfiles.main - DEBUG - 2 changes detected: {(<Change.modified: 2>, '/workspace/app/backend/logs/app_20260527_145141.log'), (<Change.modified: 2>, '/workspace/app/backend/logs/app_20260527_145143.log')}
2026-05-27 15:23:39,742 - watchfiles.main - DEBUG - 2 changes detected: {(<Change.modified: 2>, '/workspace/app/backend/logs/app_20260527_145141.log'), (<Change.modified: 2>, '/workspace/app/backend/logs/app_20260527_145143.log')}
2026-05-27 15:23:40,093 - watchfiles.main - DEBUG - 1 change detected: {(<Change.modified: 2>, '/workspace/app/backend/logs/app_20260527_145141.log')}
2026-05-27 15:23:40,444 - watchfiles.main - DEBUG - 1 change detected: {(<Change.modified: 2>, '/workspace/app/backend/logs/app_20260527_145141.log')}
2026-05-27 15:23:40,795 - watchfiles.main - DEBUG - 1 change detected: {(<Change.modified: 2>, '/workspace/app/backend/logs/app_20260527_145141.log')}
2026-05-27 15:23:41,145 - watchfiles.main - DEBUG - 1 change detected: {(<Change.modified: 2>, '/workspace/app/backend/logs/app_20260527_145141.log')}
2026-05-27 15:23:41,497 - watchfiles.main - DEBUG - 1 change detected: {(<Change.modified: 2>, '/workspace/app/backend/logs/app_20260527_145141.log')}
2026-05-27 15:23:41,848 - watchfiles.main - DEBUG - 1 change detected: {(<Change.modified: 2>, '/workspace/app/backend/logs/app_20260527_145141.log')}
2026-05-27 15:23:42,198 - watchfiles.main - DEBUG - 1 change detected: {(<Change.modified: 2>, '/workspace/app/backend/logs/app_20260527_145141.log')}
2026-05-27 15:23:42,549 - watchfiles.main - DEBUG - 1 change detected: {(<Change.modified: 2>, '/workspace/app/backend/logs/app_20260527_145141.log')}
2026-05-27 15:23:42,900 - watchfiles.main - DEBUG - 1 change detected: {(<Change.modified: 2>, '/workspace/app/backend/logs/app_20260527_145141.log')}
2026-05-27 15:23:43,251 - watchfiles.main - DEBUG - 2 changes detected: {(<Change.modified: 2>, '/workspace/app/backend/logs/app_20260527_145141.log'), (<Change.modified: 2>, '/workspace/app/backend/logs/app_20260527_145143.log')}
2026-05-27 15:23:43,602 - watchfiles.main - DEBUG - 2 changes detected: {(<Change.modified: 2>, '/workspace/app/backend/logs/app_20260527_145141.log'), (<Change.modified: 2>, '/workspace/app/backend/logs/app_20260527_145143.log')}
2026-05-27 15:23:43,953 - watchfiles.main - DEBUG - 1 change detected: {(<Change.modified: 2>, '/workspace/app/backend/logs/app_20260527_145141.log')}
2026-05-27 15:23:44,304 - watchfiles.main - DEBUG - 1 change detected: {(<Change.modified: 2>, '/workspace/app/backend/logs/app_20260527_145141.log')}
2026-05-27 15:23:44,655 - watchfiles.main - DEBUG - 1 change detected: {(<Change.modified: 2>, '/workspace/app/backend/logs/app_20260527_145141.log')}
2026-05-27 15:23:45,006 - watchfiles.main - DEBUG - 1 change detected: {(<Change.modified: 2>, '/workspace/app/backend/logs/app_20260527_145141.log')}
2026-05-27 15:23:45,357 - watchfiles.main - DEBUG - 1 change detected: {(<Change.modified: 2>, '/workspace/app/backend/logs/app_20260527_145141.log')}
2026-05-27 15:23:45,708 - watchfiles.main - DEBUG - 1 change detected: {(<Change.modified: 2>, '/workspace/app/backend/logs/app_20260527_145141.log')}
2026-05-27 15:23:46,059 - watchfiles.main - DEBUG - 1 change detected: {(<Change.modified: 2>, '/workspace/app/backend/logs/app_20260527_145141.log')}
2026-05-27 15:23:46,410 - watchfiles.main - DEBUG - 1 change detected: {(<Change.modified: 2>, '/workspace/app/backend/logs/app_20260527_145141.log')}
2026-05-27 15:23:46,761 - watchfiles.main - DEBUG - 1 change detected: {(<Change.modified: 2>, '/workspace/app/backend/logs/app_20260527_145141.log')}
2026-05-27 15:23:47,112 - watchfiles.main - DEBUG - 1 change detected: {(<Change.modified: 2>, '/workspace/app/backend/logs/app_20260527_145141.log')}
2026-05-27 15:23:47,463 - watchfiles.main - DEBUG - 1 change detected: {(<Change.modified: 2>, '/workspace/app/backend/logs/app_20260527_145141.log')}
2026-05-27 15:23:47,814 - watchfiles.main - DEBUG - 1 change detected: {(<Change.modified: 2>, '/workspace/app/backend/logs/app_20260527_145141.log')}
2026-05-27 15:23:48,165 - watchfiles.main - DEBUG - 1 change detected: {(<Change.modified: 2>, '/workspace/app/backend/logs/app_20260527_145141.log')}
2026-05-27 15:23:48,516 - watchfiles.main - DEBUG - 1 change detected: {(<Change.modified: 2>, '/workspace/app/backend/logs/app_20260527_145141.log')}
2026-05-27 15:23:48,867 - watchfiles.main - DEBUG - 1 change detected: {(<Change.modified: 2>, '/workspace/app/backend/logs/app_20260527_145141.log')}
2026-05-27 15:23:49,218 - watchfiles.main - DEBUG - 1 change detected: {(<Change.modified: 2>, '/workspace/app/backend/logs/app_20260527_145141.log')}
2026-05-27 15:23:49,569 - watchfiles.main - DEBUG - 1 change detected: {(<Change.modified: 2>, '/workspace/app/backend/logs/app_20260527_145141.log')}
2026-05-27 15:23:49,919 - watchfiles.main - DEBUG - 1 change detected: {(<Change.modified: 2>, '/workspace/app/backend/logs/app_20260527_145141.log')}
2026-05-27 15:23:50,270 - watchfiles.main - DEBUG - 1 change detected: {(<Change.modified: 2>, '/workspace/app/backend/logs/app_20260527_145141.log')}
2026-05-27 15:23:50,622 - watchfiles.main - DEBUG - 1 change detected: {(<Change.modified: 2>, '/workspace/app/backend/logs/app_20260527_145141.log')}
2026-05-27 15:23:50,973 - watchfiles.main - DEBUG - 1 change detected: {(<Change.modified: 2>, '/workspace/app/backend/logs/app_20260527_145141.log')}
2026-05-27 15:23:51,324 - watchfiles.main - DEBUG - 1 change detected: {(<Change.modified: 2>, '/workspace/app/backend/logs/app_20260527_145141.log')}
2026-05-27 15:23:51,675 - watchfiles.main - DEBUG - 1 change detected: {(<Change.modified: 2>, '/workspace/app/backend/logs/app_20260527_145141.log')}
2026-05-27 15:23:52,026 - watchfiles.main - DEBUG - 1 change detected: {(<Change.modified: 2>, '/workspace/app/backend/logs/app_20260527_145141.log')}
2026-05-27 15:23:52,377 - watchfiles.main - DEBUG - 1 change detected: {(<Change.modified: 2>, '/workspace/app/backend/logs/app_20260527_145141.log')}
2026-05-27 15:23:52,728 - watchfiles.main - DEBUG - 1 change detected: {(<Change.modified: 2>, '/workspace/app/backend/logs/app_20260527_145141.log')}
2026-05-27 15:23:53,079 - watchfiles.main - DEBUG - 1 change detected: {(<Change.modified: 2>, '/workspace/app/backend/logs/app_20260527_145141.log')}
2026-05-27 15:23:53,430 - watchfiles.main - DEBUG - 1 change detected: {(<Change.modified: 2>, '/workspace/app/backend/logs/app_20260527_145141.log')}
2026-05-27 15:23:53,781 - watchfiles.main - DEBUG - 1 change detected: {(<Change.modified: 2>, '/workspace/app/backend/logs/app_20260527_145141.log')}
2026-05-27 15:23:54,132 - watchfiles.main - DEBUG - 1 change detected: {(<Change.modified: 2>, '/workspace/app/backend/logs/app_20260527_145141.log')}
2026-05-27 15:23:54,483 - watchfiles.main - DEBUG - 1 change detected: {(<Change.modified: 2>, '/workspace/app/backend/logs/app_20260527_145141.log')}
2026-05-27 15:23:54,834 - watchfiles.main - DEBUG - 1 change detected: {(<Change.modified: 2>, '/workspace/app/backend/logs/app_20260527_145141.log')}
2026-05-27 15:23:55,185 - watchfiles.main - DEBUG - 1 change detected: {(<Change.modified: 2>, '/workspace/app/backend/logs/app_20260527_145141.log')}
2026-05-27 15:23:55,536 - watchfiles.main - DEBUG - 1 change detected: {(<Change.modified: 2>, '/workspace/app/backend/logs/app_20260527_145141.log')}
2026-05-27 15:23:55,887 - watchfiles.main - DEBUG - 1 change detected: {(<Change.modified: 2>, '/workspace/app/backend/logs/app_20260527_145141.log')}
2026-05-27 15:23:56,238 - watchfiles.main - DEBUG - 1 change detected: {(<Change.modified: 2>, '/workspace/app/backend/logs/app_20260527_145141.log')}
2026-05-27 15:23:56,589 - watchfiles.main - DEBUG - 1 change detected: {(<Change.modified: 2>, '/workspace/app/backend/logs/app_20260527_145141.log')}
2026-05-27 15:23:56,940 - watchfiles.main - DEBUG - 1 change detected: {(<Change.modified: 2>, '/workspace/app/backend/logs/app_20260527_145141.log')}
2026-05-27 15:23:57,291 - watchfiles.main - DEBUG - 1 change detected: {(<Change.modified: 2>, '/workspace/app/backend/logs/app_20260527_145141.log')}
2026-05-27 15:23:57,642 - watchfiles.main - DEBUG - 1 change detected: {(<Change.modified: 2>, '/workspace/app/backend/logs/app_20260527_145141.log')}
2026-05-27 15:23:57,993 - watchfiles.main - DEBUG - 1 change detected: {(<Change.modified: 2>, '/workspace/app/backend/logs/app_20260527_145141.log')}
2026-05-27 15:23:58,344 - watchfiles.main - DEBUG - 1 change detected: {(<Change.modified: 2>, '/workspace/app/backend/logs/app_20260527_145141.log')}
2026-05-27 15:23:58,695 - watchfiles.main - DEBUG - 1 change detected: {(<Change.modified: 2>, '/workspace/app/backend/logs/app_20260527_145141.log')}
2026-05-27 15:23:59,046 - watchfiles.main - DEBUG - 1 change detected: {(<Change.modified: 2>, '/workspace/app/backend/logs/app_20260527_145141.log')}
2026-05-27 15:23:59,397 - watchfiles.main - DEBUG - 1 change detected: {(<Change.modified: 2>, '/workspace/app/backend/logs/app_20260527_145141.log')}
2026-05-27 15:23:59,748 - watchfiles.main - DEBUG - 1 change detected: {(<Change.modified: 2>, '/workspace/app/backend/logs/app_20260527_145141.log')}
2026-05-27 15:24:00,099 - watchfiles.main - DEBUG - 1 change detected: {(<Change.modified: 2>, '/workspace/app/backend/logs/app_20260527_145141.log')}
2026-05-27 15:24:00,450 - watchfiles.main - DEBUG - 1 change detected: {(<Change.modified: 2>, '/workspace/app/backend/logs/app_20260527_145141.log')}
2026-05-27 15:24:00,801 - watchfiles.main - DEBUG - 1 change detected: {(<Change.modified: 2>, '/workspace/app/backend/logs/app_20260527_145141.log')}
2026-05-27 15:24:01,152 - watchfiles.main - DEBUG - 1 change detected: {(<Change.modified: 2>, '/workspace/app/backend/logs/app_20260527_145141.log')}
2026-05-27 15:24:01,503 - watchfiles.main - DEBUG - 1 change detected: {(<Change.modified: 2>, '/workspace/app/backend/logs/app_20260527_145141.log')}
2026-05-27 15:24:01,854 - watchfiles.main - DEBUG - 1 change detected: {(<Change.modified: 2>, '/workspace/app/backend/logs/app_20260527_145141.log')}
2026-05-27 15:24:02,205 - watchfiles.main - DEBUG - 1 change detected: {(<Change.modified: 2>, '/workspace/app/backend/logs/app_20260527_145141.log')}
2026-05-27 15:24:02,556 - watchfiles.main - DEBUG - 1 change detected: {(<Change.modified: 2>, '/workspace/app/backend/logs/app_20260527_145141.log')}
2026-05-27 15:24:02,907 - watchfiles.main - DEBUG - 1 change detected: {(<Change.modified: 2>, '/workspace/app/backend/logs/app_20260527_145141.log')}
2026-05-27 15:24:03,258 - watchfiles.main - DEBUG - 1 change detected: {(<Change.modified: 2>, '/workspace/app/backend/logs/app_20260527_145141.log')}
2026-05-27 15:24:03,609 - watchfiles.main - DEBUG - 1 change detected: {(<Change.modified: 2>, '/workspace/app/backend/logs/app_20260527_145141.log')}
2026-05-27 15:24:03,960 - watchfiles.main - DEBUG - 1 change detected: {(<Change.modified: 2>, '/workspace/app/backend/logs/app_20260527_145141.log')}
2026-05-27 15:24:04,311 - watchfiles.main - DEBUG - 1 change detected: {(<Change.modified: 2>, '/workspace/app/backend/logs/app_20260527_145141.log')}
2026-05-27 15:24:04,663 - watchfiles.main - DEBUG - 1 change detected: {(<Change.modified: 2>, '/workspace/app/backend/logs/app_20260527_145141.log')}
2026-05-27 15:24:05,013 - watchfiles.main - DEBUG - 1 change detected: {(<Change.modified: 2>, '/workspace/app/backend/logs/app_20260527_145141.log')}
2026-05-27 15:24:05,364 - watchfiles.main - DEBUG - 1 change detected: {(<Change.modified: 2>, '/workspace/app/backend/logs/app_20260527_145141.log')}
2026-05-27 15:24:05,715 - watchfiles.main - DEBUG - 1 change detected: {(<Change.modified: 2>, '/workspace/app/backend/logs/app_20260527_145141.log')}
2026-05-27 15:24:06,066 - watchfiles.main - DEBUG - 1 change detected: {(<Change.modified: 2>, '/workspace/app/backend/logs/app_20260527_145141.log')}
2026-05-27 15:24:06,417 - watchfiles.main - DEBUG - 1 change detected: {(<Change.modified: 2>, '/workspace/app/backend/logs/app_20260527_145141.log')}
2026-05-27 15:24:06,768 - watchfiles.main - DEBUG - 1 change detected: {(<Change.modified: 2>, '/workspace/app/backend/logs/app_20260527_145141.log')}
2026-05-27 15:24:07,119 - watchfiles.main - DEBUG - 1 change detected: {(<Change.modified: 2>, '/workspace/app/backend/logs/app_20260527_145141.log')}
2026-05-27 15:24:07,470 - watchfiles.main - DEBUG - 1 change detected: {(<Change.modified: 2>, '/workspace/app/backend/logs/app_20260527_145141.log')}
2026-05-27 15:24:07,821 - watchfiles.main - DEBUG - 1 change detected: {(<Change.modified: 2>, '/workspace/app/backend/logs/app_20260527_145141.log')}
2026-05-27 15:24:08,172 - watchfiles.main - DEBUG - 1 change detected: {(<Change.modified: 2>, '/workspace/app/backend/logs/app_20260527_145141.log')}
2026-05-27 15:24:08,523 - watchfiles.main - DEBUG - 1 change detected: {(<Change.modified: 2>, '/workspace/app/backend/logs/app_20260527_145141.log')}
2026-05-27 15:24:08,874 - watchfiles.main - DEBUG - 1 change detected: {(<Change.modified: 2>, '/workspace/app/backend/logs/app_20260527_145141.log')}
2026-05-27 15:24:09,225 - watchfiles.main - DEBUG - 1 change detected: {(<Change.modified: 2>, '/workspace/app/backend/logs/app_20260527_145141.log')}
2026-05-27 15:24:09,576 - watchfiles.main - DEBUG - 1 change detected: {(<Change.modified: 2>, '/workspace/app/backend/logs/app_20260527_145141.log')}
2026-05-27 15:24:09,927 - watchfiles.main - DEBUG - 1 change detected: {(<Change.modified: 2>, '/workspace/app/backend/logs/app_20260527_145141.log')}
2026-05-27 15:24:10,279 - watchfiles.main - DEBUG - 1 change detected: {(<Change.modified: 2>, '/workspace/app/backend/logs/app_20260527_145141.log')}
2026-05-27 15:24:10,629 - watchfiles.main - DEBUG - 1 change detected: {(<Change.modified: 2>, '/workspace/app/backend/logs/app_20260527_145141.log')}
2026-05-27 15:24:10,980 - watchfiles.main - DEBUG - 1 change detected: {(<Change.modified: 2>, '/workspace/app/backend/logs/app_20260527_145141.log')}
2026-05-27 15:24:11,331 - watchfiles.main - DEBUG - 1 change detected: {(<Change.modified: 2>, '/workspace/app/backend/logs/app_20260527_145141.log')}
2026-05-27 15:24:11,682 - watchfiles.main - DEBUG - 1 change detected: {(<Change.modified: 2>, '/workspace/app/backend/logs/app_20260527_145141.log')}
2026-05-27 15:24:12,033 - watchfiles.main - DEBUG - 1 change detected: {(<Change.modified: 2>, '/workspace/app/backend/logs/app_20260527_145141.log')}
2026-05-27 15:24:12,384 - watchfiles.main - DEBUG - 1 change detected: {(<Change.modified: 2>, '/workspace/app/backend/logs/app_20260527_145141.log')}
2026-05-27 15:24:12,735 - watchfiles.main - DEBUG - 1 change detected: {(<Change.modified: 2>, '/workspace/app/backend/logs/app_20260527_145141.log')}
2026-05-27 15:24:13,086 - watchfiles.main - DEBUG - 2 changes detected: {(<Change.modified: 2>, '/workspace/app/backend/logs/app_20260527_145141.log'), (<Change.modified: 2>, '/workspace/app/backend/logs/app_20260527_145143.log')}
2026-05-27 15:24:13,437 - watchfiles.main - DEBUG - 2 changes detected: {(<Change.modified: 2>, '/workspace/app/backend/logs/app_20260527_145141.log'), (<Change.modified: 2>, '/workspace/app/backend/logs/app_20260527_145143.log')}
2026-05-27 15:24:13,788 - watchfiles.main - DEBUG - 1 change detected: {(<Change.modified: 2>, '/workspace/app/backend/logs/app_20260527_145141.log')}
2026-05-27 15:24:14,139 - watchfiles.main - DEBUG - 1 change detected: {(<Change.modified: 2>, '/workspace/app/backend/logs/app_20260527_145141.log')}
2026-05-27 15:24:14,490 - watchfiles.main - DEBUG - 1 change detected: {(<Change.modified: 2>, '/workspace/app/backend/logs/app_20260527_145141.log')}
2026-05-27 15:24:14,841 - watchfiles.main - DEBUG - 1 change detected: {(<Change.modified: 2>, '/workspace/app/backend/logs/app_20260527_145141.log')}
2026-05-27 15:24:15,192 - watchfiles.main - DEBUG - 1 change detected: {(<Change.modified: 2>, '/workspace/app/backend/logs/app_20260527_145141.log')}
2026-05-27 15:24:15,543 - watchfiles.main - DEBUG - 1 change detected: {(<Change.modified: 2>, '/workspace/app/backend/logs/app_20260527_145141.log')}
2026-05-27 15:24:15,894 - watchfiles.main - DEBUG - 1 change detected: {(<Change.modified: 2>, '/workspace/app/backend/logs/app_20260527_145141.log')}
2026-05-27 15:24:16,245 - watchfiles.main - DEBUG - 1 change detected: {(<Change.modified: 2>, '/workspace/app/backend/logs/app_20260527_145141.log')}
2026-05-27 15:24:16,596 - watchfiles.main - DEBUG - 1 change detected: {(<Change.modified: 2>, '/workspace/app/backend/logs/app_20260527_145141.log')}
2026-05-27 15:24:16,947 - watchfiles.main - DEBUG - 1 change detected: {(<Change.modified: 2>, '/workspace/app/backend/logs/app_20260527_145141.log')}
2026-05-27 15:24:17,298 - watchfiles.main - DEBUG - 1 change detected: {(<Change.modified: 2>, '/workspace/app/backend/logs/app_20260527_145141.log')}
2026-05-27 15:24:17,649 - watchfiles.main - DEBUG - 1 change detected: {(<Change.modified: 2>, '/workspace/app/backend/logs/app_20260527_145141.log')}
2026-05-27 15:24:18,001 - watchfiles.main - DEBUG - 1 change detected: {(<Change.modified: 2>, '/workspace/app/backend/logs/app_20260527_145141.log')}
2026-05-27 15:24:18,352 - watchfiles.main - DEBUG - 1 change detected: {(<Change.modified: 2>, '/workspace/app/backend/logs/app_20260527_145141.log')}
2026-05-27 15:24:18,703 - watchfiles.main - DEBUG - 1 change detected: {(<Change.modified: 2>, '/workspace/app/backend/logs/app_20260527_145141.log')}
2026-05-27 15:24:19,054 - watchfiles.main - DEBUG - 1 change detected: {(<Change.modified: 2>, '/workspace/app/backend/logs/app_20260527_145141.log')}
2026-05-27 15:24:19,405 - watchfiles.main - DEBUG - 1 change detected: {(<Change.modified: 2>, '/workspace/app/backend/logs/app_20260527_145141.log')}
2026-05-27 15:24:19,757 - watchfiles.main - DEBUG - 1 change detected: {(<Change.modified: 2>, '/workspace/app/backend/logs/app_20260527_145141.log')}
2026-05-27 15:24:20,108 - watchfiles.main - DEBUG - 1 change detected: {(<Change.modified: 2>, '/workspace/app/backend/logs/app_20260527_145141.log')}
2026-05-27 15:24:20,459 - watchfiles.main - DEBUG - 1 change detected: {(<Change.modified: 2>, '/workspace/app/backend/logs/app_20260527_145141.log')}
2026-05-27 15:24:20,810 - watchfiles.main - DEBUG - 1 change detected: {(<Change.modified: 2>, '/workspace/app/backend/logs/app_20260527_145141.log')}
2026-05-27 15:24:21,161 - watchfiles.main - DEBUG - 1 change detected: {(<Change.modified: 2>, '/workspace/app/backend/logs/app_20260527_145141.log')}
2026-05-27 15:24:21,512 - watchfiles.main - DEBUG - 1 change detected: {(<Change.modified: 2>, '/workspace/app/backend/logs/app_20260527_145141.log')}
2026-05-27 15:24:21,863 - watchfiles.main - DEBUG - 1 change detected: {(<Change.modified: 2>, '/workspace/app/backend/logs/app_20260527_145141.log')}
2026-05-27 15:24:22,214 - watchfiles.main - DEBUG - 1 change detected: {(<Change.modified: 2>, '/workspace/app/backend/logs/app_20260527_145141.log')}
2026-05-27 15:24:22,565 - watchfiles.main - DEBUG - 1 change detected: {(<Change.modified: 2>, '/workspace/app/backend/logs/app_20260527_145141.log')}
2026-05-27 15:24:22,916 - watchfiles.main - DEBUG - 1 change detected: {(<Change.modified: 2>, '/workspace/app/backend/logs/app_20260527_145141.log')}
2026-05-27 15:24:23,267 - watchfiles.main - DEBUG - 1 change detected: {(<Change.modified: 2>, '/workspace/app/backend/logs/app_20260527_145141.log')}
2026-05-27 15:24:23,617 - watchfiles.main - DEBUG - 1 change detected: {(<Change.modified: 2>, '/workspace/app/backend/logs/app_20260527_145141.log')}
2026-05-27 15:24:23,969 - watchfiles.main - DEBUG - 1 change detected: {(<Change.modified: 2>, '/workspace/app/backend/logs/app_20260527_145141.log')}
2026-05-27 15:24:24,320 - watchfiles.main - DEBUG - 1 change detected: {(<Change.modified: 2>, '/workspace/app/backend/logs/app_20260527_145141.log')}
2026-05-27 15:24:24,670 - watchfiles.main - DEBUG - 1 change detected: {(<Change.modified: 2>, '/workspace/app/backend/logs/app_20260527_145141.log')}
2026-05-27 15:24:25,021 - watchfiles.main - DEBUG - 1 change detected: {(<Change.modified: 2>, '/workspace/app/backend/logs/app_20260527_145141.log')}
2026-05-27 15:24:25,372 - watchfiles.main - DEBUG - 1 change detected: {(<Change.modified: 2>, '/workspace/app/backend/logs/app_20260527_145141.log')}
2026-05-27 15:24:25,723 - watchfiles.main - DEBUG - 1 change detected: {(<Change.modified: 2>, '/workspace/app/backend/logs/app_20260527_145141.log')}
2026-05-27 15:24:26,074 - watchfiles.main - DEBUG - 1 change detected: {(<Change.modified: 2>, '/workspace/app/backend/logs/app_20260527_145141.log')}
2026-05-27 15:24:26,426 - watchfiles.main - DEBUG - 1 change detected: {(<Change.modified: 2>, '/workspace/app/backend/logs/app_20260527_145141.log')}
2026-05-27 15:24:26,777 - watchfiles.main - DEBUG - 1 change detected: {(<Change.modified: 2>, '/workspace/app/backend/logs/app_20260527_145141.log')}
2026-05-27 15:24:27,127 - watchfiles.main - DEBUG - 1 change detected: {(<Change.modified: 2>, '/workspace/app/backend/logs/app_20260527_145141.log')}
2026-05-27 15:24:27,478 - watchfiles.main - DEBUG - 1 change detected: {(<Change.modified: 2>, '/workspace/app/backend/logs/app_20260527_145141.log')}
2026-05-27 15:24:27,829 - watchfiles.main - DEBUG - 1 change detected: {(<Change.modified: 2>, '/workspace/app/backend/logs/app_20260527_145141.log')}
2026-05-27 15:24:28,180 - watchfiles.main - DEBUG - 1 change detected: {(<Change.modified: 2>, '/workspace/app/backend/logs/app_20260527_145141.log')}
2026-05-27 15:24:28,531 - watchfiles.main - DEBUG - 1 change detected: {(<Change.modified: 2>, '/workspace/app/backend/logs/app_20260527_145141.log')}
2026-05-27 15:24:28,883 - watchfiles.main - DEBUG - 1 change detected: {(<Change.modified: 2>, '/workspace/app/backend/logs/app_20260527_145141.log')}
2026-05-27 15:24:29,234 - watchfiles.main - DEBUG - 1 change detected: {(<Change.modified: 2>, '/workspace/app/backend/logs/app_20260527_145141.log')}
2026-05-27 15:24:29,585 - watchfiles.main - DEBUG - 1 change detected: {(<Change.modified: 2>, '/workspace/app/backend/logs/app_20260527_145141.log')}
2026-05-27 15:24:29,936 - watchfiles.main - DEBUG - 1 change detected: {(<Change.modified: 2>, '/workspace/app/backend/logs/app_20260527_145141.log')}
2026-05-27 15:24:30,287 - watchfiles.main - DEBUG - 1 change detected: {(<Change.modified: 2>, '/workspace/app/backend/logs/app_20260527_145141.log')}
2026-05-27 15:24:30,638 - watchfiles.main - DEBUG - 1 change detected: {(<Change.modified: 2>, '/workspace/app/backend/logs/app_20260527_145141.log')}
2026-05-27 15:24:30,988 - watchfiles.main - DEBUG - 1 change detected: {(<Change.modified: 2>, '/workspace/app/backend/logs/app_20260527_145141.log')}
2026-05-27 15:24:31,340 - watchfiles.main - DEBUG - 1 change detected: {(<Change.modified: 2>, '/workspace/app/backend/logs/app_20260527_145141.log')}
2026-05-27 15:24:31,690 - watchfiles.main - DEBUG - 1 change detected: {(<Change.modified: 2>, '/workspace/app/backend/logs/app_20260527_145141.log')}
2026-05-27 15:24:32,041 - watchfiles.main - DEBUG - 1 change detected: {(<Change.modified: 2>, '/workspace/app/backend/logs/app_20260527_145141.log')}
2026-05-27 15:24:32,392 - watchfiles.main - DEBUG - 1 change detected: {(<Change.modified: 2>, '/workspace/app/backend/logs/app_20260527_145141.log')}
2026-05-27 15:24:32,743 - watchfiles.main - DEBUG - 1 change detected: {(<Change.modified: 2>, '/workspace/app/backend/logs/app_20260527_145141.log')}
2026-05-27 15:24:33,095 - watchfiles.main - DEBUG - 1 change detected: {(<Change.modified: 2>, '/workspace/app/backend/logs/app_20260527_145141.log')}
2026-05-27 15:24:33,446 - watchfiles.main - DEBUG - 1 change detected: {(<Change.modified: 2>, '/workspace/app/backend/logs/app_20260527_145141.log')}
2026-05-27 15:24:33,797 - watchfiles.main - DEBUG - 1 change detected: {(<Change.modified: 2>, '/workspace/app/backend/logs/app_20260527_145141.log')}
2026-05-27 15:24:34,149 - watchfiles.main - DEBUG - 1 change detected: {(<Change.modified: 2>, '/workspace/app/backend/logs/app_20260527_145141.log')}
2026-05-27 15:24:34,500 - watchfiles.main - DEBUG - 1 change detected: {(<Change.modified: 2>, '/workspace/app/backend/logs/app_20260527_145141.log')}
2026-05-27 15:24:34,851 - watchfiles.main - DEBUG - 1 change detected: {(<Change.modified: 2>, '/workspace/app/backend/logs/app_20260527_145141.log')}
2026-05-27 15:24:35,202 - watchfiles.main - DEBUG - 1 change detected: {(<Change.modified: 2>, '/workspace/app/backend/logs/app_20260527_145141.log')}
2026-05-27 15:24:35,553 - watchfiles.main - DEBUG - 1 change detected: {(<Change.modified: 2>, '/workspace/app/backend/logs/app_20260527_145141.log')}
2026-05-27 15:24:35,905 - watchfiles.main - DEBUG - 1 change detected: {(<Change.modified: 2>, '/workspace/app/backend/logs/app_20260527_145141.log')}
2026-05-27 15:24:36,256 - watchfiles.main - DEBUG - 1 change detected: {(<Change.modified: 2>, '/workspace/app/backend/logs/app_20260527_145141.log')}
2026-05-27 15:24:36,607 - watchfiles.main - DEBUG - 1 change detected: {(<Change.modified: 2>, '/workspace/app/backend/logs/app_20260527_145141.log')}
2026-05-27 15:24:36,958 - watchfiles.main - DEBUG - 1 change detected: {(<Change.modified: 2>, '/workspace/app/backend/logs/app_20260527_145141.log')}
2026-05-27 15:24:37,309 - watchfiles.main - DEBUG - 1 change detected: {(<Change.modified: 2>, '/workspace/app/backend/logs/app_20260527_145141.log')}
2026-05-27 15:24:37,660 - watchfiles.main - DEBUG - 1 change detected: {(<Change.modified: 2>, '/workspace/app/backend/logs/app_20260527_145141.log')}
2026-05-27 15:24:38,011 - watchfiles.main - DEBUG - 1 change detected: {(<Change.modified: 2>, '/workspace/app/backend/logs/app_20260527_145141.log')}
2026-05-27 15:24:38,363 - watchfiles.main - DEBUG - 1 change detected: {(<Change.modified: 2>, '/workspace/app/backend/logs/app_20260527_145141.log')}
2026-05-27 15:24:38,714 - watchfiles.main - DEBUG - 1 change detected: {(<Change.modified: 2>, '/workspace/app/backend/logs/app_20260527_145141.log')}
2026-05-27 15:24:39,065 - watchfiles.main - DEBUG - 1 change detected: {(<Change.modified: 2>, '/workspace/app/backend/logs/app_20260527_145141.log')}
2026-05-27 15:24:39,416 - watchfiles.main - DEBUG - 1 change detected: {(<Change.modified: 2>, '/workspace/app/backend/logs/app_20260527_145141.log')}
2026-05-27 15:24:39,767 - watchfiles.main - DEBUG - 1 change detected: {(<Change.modified: 2>, '/workspace/app/backend/logs/app_20260527_145141.log')}
2026-05-27 15:24:40,118 - watchfiles.main - DEBUG - 1 change detected: {(<Change.modified: 2>, '/workspace/app/backend/logs/app_20260527_145141.log')}
2026-05-27 15:24:40,469 - watchfiles.main - DEBUG - 1 change detected: {(<Change.modified: 2>, '/workspace/app/backend/logs/app_20260527_145141.log')}
2026-05-27 15:24:40,820 - watchfiles.main - DEBUG - 1 change detected: {(<Change.modified: 2>, '/workspace/app/backend/logs/app_20260527_145141.log')}
2026-05-27 15:24:41,171 - watchfiles.main - DEBUG - 1 change detected: {(<Change.modified: 2>, '/workspace/app/backend/logs/app_20260527_145141.log')}
2026-05-27 15:24:41,522 - watchfiles.main - DEBUG - 1 change detected: {(<Change.modified: 2>, '/workspace/app/backend/logs/app_20260527_145141.log')}
2026-05-27 15:24:41,873 - watchfiles.main - DEBUG - 1 change detected: {(<Change.modified: 2>, '/workspace/app/backend/logs/app_20260527_145141.log')}
2026-05-27 15:24:42,223 - watchfiles.main - DEBUG - 1 change detected: {(<Change.modified: 2>, '/workspace/app/backend/logs/app_20260527_145141.log')}
2026-05-27 15:24:42,574 - watchfiles.main - DEBUG - 1 change detected: {(<Change.modified: 2>, '/workspace/app/backend/logs/app_20260527_145141.log')}
2026-05-27 15:24:42,925 - watchfiles.main - DEBUG - 1 change detected: {(<Change.modified: 2>, '/workspace/app/backend/logs/app_20260527_145141.log')}
2026-05-27 15:24:43,276 - watchfiles.main - DEBUG - 1 change detected: {(<Change.modified: 2>, '/workspace/app/backend/logs/app_20260527_145141.log')}
2026-05-27 15:24:43,628 - watchfiles.main - DEBUG - 1 change detected: {(<Change.modified: 2>, '/workspace/app/backend/logs/app_20260527_145141.log')}
2026-05-27 15:24:43,979 - watchfiles.main - DEBUG - 1 change detected: {(<Change.modified: 2>, '/workspace/app/backend/logs/app_20260527_145141.log')}
2026-05-27 15:24:44,329 - watchfiles.main - DEBUG - 1 change detected: {(<Change.modified: 2>, '/workspace/app/backend/logs/app_20260527_145141.log')}
2026-05-27 15:24:44,680 - watchfiles.main - DEBUG - 1 change detected: {(<Change.modified: 2>, '/workspace/app/backend/logs/app_20260527_145141.log')}
2026-05-27 15:24:45,032 - watchfiles.main - DEBUG - 1 change detected: {(<Change.modified: 2>, '/workspace/app/backend/logs/app_20260527_145141.log')}
2026-05-27 15:24:45,383 - watchfiles.main - DEBUG - 1 change detected: {(<Change.modified: 2>, '/workspace/app/backend/logs/app_20260527_145141.log')}
2026-05-27 15:24:45,734 - watchfiles.main - DEBUG - 1 change detected: {(<Change.modified: 2>, '/workspace/app/backend/logs/app_20260527_145141.log')}
2026-05-27 15:24:46,085 - watchfiles.main - DEBUG - 1 change detected: {(<Change.modified: 2>, '/workspace/app/backend/logs/app_20260527_145141.log')}
2026-05-27 15:24:46,436 - watchfiles.main - DEBUG - 1 change detected: {(<Change.modified: 2>, '/workspace/app/backend/logs/app_20260527_145141.log')}
2026-05-27 15:24:46,787 - watchfiles.main - DEBUG - 1 change detected: {(<Change.modified: 2>, '/workspace/app/backend/logs/app_20260527_145141.log')}
2026-05-27 15:24:47,138 - watchfiles.main - DEBUG - 1 change detected: {(<Change.modified: 2>, '/workspace/app/backend/logs/app_20260527_145141.log')}
2026-05-27 15:24:47,489 - watchfiles.main - DEBUG - 1 change detected: {(<Change.modified: 2>, '/workspace/app/backend/logs/app_20260527_145141.log')}
2026-05-27 15:24:47,840 - watchfiles.main - DEBUG - 1 change detected: {(<Change.modified: 2>, '/workspace/app/backend/logs/app_20260527_145141.log')}
2026-05-27 15:24:48,191 - watchfiles.main - DEBUG - 1 change detected: {(<Change.modified: 2>, '/workspace/app/backend/logs/app_20260527_145141.log')}
2026-05-27 15:24:48,542 - watchfiles.main - DEBUG - 1 change detected: {(<Change.modified: 2>, '/workspace/app/backend/logs/app_20260527_145141.log')}
2026-05-27 15:24:48,893 - watchfiles.main - DEBUG - 1 change detected: {(<Change.modified: 2>, '/workspace/app/backend/logs/app_20260527_145141.log')}
2026-05-27 15:24:49,244 - watchfiles.main - DEBUG - 1 change detected: {(<Change.modified: 2>, '/workspace/app/backend/logs/app_20260527_145141.log')}
2026-05-27 15:24:49,595 - watchfiles.main - DEBUG - 1 change detected: {(<Change.modified: 2>, '/workspace/app/backend/logs/app_20260527_145141.log')}
2026-05-27 15:24:49,946 - watchfiles.main - DEBUG - 1 change detected: {(<Change.modified: 2>, '/workspace/app/backend/logs/app_20260527_145141.log')}
2026-05-27 15:24:50,296 - watchfiles.main - DEBUG - 1 change detected: {(<Change.modified: 2>, '/workspace/app/backend/logs/app_20260527_145141.log')}
2026-05-27 15:24:50,647 - watchfiles.main - DEBUG - 1 change detected: {(<Change.modified: 2>, '/workspace/app/backend/logs/app_20260527_145141.log')}
2026-05-27 15:24:50,999 - watchfiles.main - DEBUG - 2 changes detected: {(<Change.modified: 2>, '/workspace/app/backend/logs/app_20260527_145141.log'), (<Change.modified: 2>, '/workspace/app/backend/logs/app_20260527_145143.log')}
2026-05-27 15:24:51,349 - watchfiles.main - DEBUG - 2 changes detected: {(<Change.modified: 2>, '/workspace/app/backend/logs/app_20260527_145141.log'), (<Change.modified: 2>, '/workspace/app/backend/logs/app_20260527_145143.log')}
2026-05-27 15:24:51,701 - watchfiles.main - DEBUG - 1 change detected: {(<Change.modified: 2>, '/workspace/app/backend/logs/app_20260527_145141.log')}
2026-05-27 15:24:52,052 - watchfiles.main - DEBUG - 1 change detected: {(<Change.modified: 2>, '/workspace/app/backend/logs/app_20260527_145141.log')}
2026-05-27 15:24:52,403 - watchfiles.main - DEBUG - 1 change detected: {(<Change.modified: 2>, '/workspace/app/backend/logs/app_20260527_145141.log')}
2026-05-27 15:24:52,754 - watchfiles.main - DEBUG - 1 change detected: {(<Change.modified: 2>, '/workspace/app/backend/logs/app_20260527_145141.log')}
2026-05-27 15:24:53,105 - watchfiles.main - DEBUG - 1 change detected: {(<Change.modified: 2>, '/workspace/app/backend/logs/app_20260527_145141.log')}
2026-05-27 15:24:53,456 - watchfiles.main - DEBUG - 1 change detected: {(<Change.modified: 2>, '/workspace/app/backend/logs/app_20260527_145141.log')}
2026-05-27 15:24:53,807 - watchfiles.main - DEBUG - 1 change detected: {(<Change.modified: 2>, '/workspace/app/backend/logs/app_20260527_145141.log')}
2026-05-27 15:24:54,158 - watchfiles.main - DEBUG - 1 change detected: {(<Change.modified: 2>, '/workspace/app/backend/logs/app_20260527_145141.log')}
2026-05-27 15:24:54,509 - watchfiles.main - DEBUG - 1 change detected: {(<Change.modified: 2>, '/workspace/app/backend/logs/app_20260527_145141.log')}
2026-05-27 15:24:54,860 - watchfiles.main - DEBUG - 1 change detected: {(<Change.modified: 2>, '/workspace/app/backend/logs/app_20260527_145141.log')}
2026-05-27 15:24:55,211 - watchfiles.main - DEBUG - 1 change detected: {(<Change.modified: 2>, '/workspace/app/backend/logs/app_20260527_145141.log')}
2026-05-27 15:24:55,562 - watchfiles.main - DEBUG - 2 changes detected: {(<Change.modified: 2>, '/workspace/app/backend/logs/app_20260527_145141.log'), (<Change.modified: 2>, '/workspace/app/backend/logs/app_20260527_145143.log')}
2026-05-27 15:24:55,913 - watchfiles.main - DEBUG - 2 changes detected: {(<Change.modified: 2>, '/workspace/app/backend/logs/app_20260527_145141.log'), (<Change.modified: 2>, '/workspace/app/backend/logs/app_20260527_145143.log')}
2026-05-27 15:24:56,264 - watchfiles.main - DEBUG - 2 changes detected: {(<Change.modified: 2>, '/workspace/app/backend/logs/app_20260527_145141.log'), (<Change.modified: 2>, '/workspace/app/backend/logs/app_20260527_145143.log')}
2026-05-27 15:24:56,615 - watchfiles.main - DEBUG - 1 change detected: {(<Change.modified: 2>, '/workspace/app/backend/logs/app_20260527_145141.log')}
2026-05-27 15:24:56,966 - watchfiles.main - DEBUG - 1 change detected: {(<Change.modified: 2>, '/workspace/app/backend/logs/app_20260527_145141.log')}
2026-05-27 15:24:57,317 - watchfiles.main - DEBUG - 1 change detected: {(<Change.modified: 2>, '/workspace/app/backend/logs/app_20260527_145141.log')}
2026-05-27 15:24:57,667 - watchfiles.main - DEBUG - 1 change detected: {(<Change.modified: 2>, '/workspace/app/backend/logs/app_20260527_145141.log')}
2026-05-27 15:24:58,018 - watchfiles.main - DEBUG - 1 change detected: {(<Change.modified: 2>, '/workspace/app/backend/logs/app_20260527_145141.log')}
2026-05-27 15:24:58,369 - watchfiles.main - DEBUG - 1 change detected: {(<Change.modified: 2>, '/workspace/app/backend/logs/app_20260527_145141.log')}
2026-05-27 15:24:58,720 - watchfiles.main - DEBUG - 1 change detected: {(<Change.modified: 2>, '/workspace/app/backend/logs/app_20260527_145141.log')}
2026-05-27 15:24:59,071 - watchfiles.main - DEBUG - 1 change detected: {(<Change.modified: 2>, '/workspace/app/backend/logs/app_20260527_145141.log')}
2026-05-27 15:24:59,422 - watchfiles.main - DEBUG - 1 change detected: {(<Change.modified: 2>, '/workspace/app/backend/logs/app_20260527_145141.log')}
2026-05-27 15:24:59,773 - watchfiles.main - DEBUG - 1 change detected: {(<Change.modified: 2>, '/workspace/app/backend/logs/app_20260527_145141.log')}
2026-05-27 15:25:00,124 - watchfiles.main - DEBUG - 1 change detected: {(<Change.modified: 2>, '/workspace/app/backend/logs/app_20260527_145141.log')}
2026-05-27 15:25:00,475 - watchfiles.main - DEBUG - 1 change detected: {(<Change.modified: 2>, '/workspace/app/backend/logs/app_20260527_145141.log')}
2026-05-27 15:25:00,826 - watchfiles.main - DEBUG - 1 change detected: {(<Change.modified: 2>, '/workspace/app/backend/logs/app_20260527_145141.log')}
2026-05-27 15:25:01,177 - watchfiles.main - DEBUG - 1 change detected: {(<Change.modified: 2>, '/workspace/app/backend/logs/app_20260527_145141.log')}
2026-05-27 15:25:01,528 - watchfiles.main - DEBUG - 1 change detected: {(<Change.modified: 2>, '/workspace/app/backend/logs/app_20260527_145141.log')}
2026-05-27 15:25:01,879 - watchfiles.main - DEBUG - 1 change detected: {(<Change.modified: 2>, '/workspace/app/backend/logs/app_20260527_145141.log')}
2026-05-27 15:25:02,230 - watchfiles.main - DEBUG - 1 change detected: {(<Change.modified: 2>, '/workspace/app/backend/logs/app_20260527_145141.log')}
2026-05-27 15:25:02,581 - watchfiles.main - DEBUG - 1 change detected: {(<Change.modified: 2>, '/workspace/app/backend/logs/app_20260527_145141.log')}
2026-05-27 15:25:02,931 - watchfiles.main - DEBUG - 1 change detected: {(<Change.modified: 2>, '/workspace/app/backend/logs/app_20260527_145141.log')}
2026-05-27 15:25:03,282 - watchfiles.main - DEBUG - 2 changes detected: {(<Change.modified: 2>, '/workspace/app/backend/logs/app_20260527_145141.log'), (<Change.modified: 2>, '/workspace/app/backend/logs/app_20260527_145143.log')}
2026-05-27 15:25:03,633 - watchfiles.main - DEBUG - 2 changes detected: {(<Change.modified: 2>, '/workspace/app/backend/logs/app_20260527_145141.log'), (<Change.modified: 2>, '/workspace/app/backend/logs/app_20260527_145143.log')}
2026-05-27 15:25:03,984 - watchfiles.main - DEBUG - 1 change detected: {(<Change.modified: 2>, '/workspace/app/backend/logs/app_20260527_145141.log')}
2026-05-27 15:25:04,335 - watchfiles.main - DEBUG - 1 change detected: {(<Change.modified: 2>, '/workspace/app/backend/logs/app_20260527_145141.log')}
2026-05-27 15:25:04,686 - watchfiles.main - DEBUG - 1 change detected: {(<Change.modified: 2>, '/workspace/app/backend/logs/app_20260527_145141.log')}
2026-05-27 15:25:05,037 - watchfiles.main - DEBUG - 1 change detected: {(<Change.modified: 2>, '/workspace/app/backend/logs/app_20260527_145141.log')}
2026-05-27 15:25:05,388 - watchfiles.main - DEBUG - 1 change detected: {(<Change.modified: 2>, '/workspace/app/backend/logs/app_20260527_145141.log')}
2026-05-27 15:25:05,739 - watchfiles.main - DEBUG - 2 changes detected: {(<Change.modified: 2>, '/workspace/app/backend/logs/app_20260527_145141.log'), (<Change.modified: 2>, '/workspace/app/backend/logs/app_20260527_145143.log')}
2026-05-27 15:25:06,090 - watchfiles.main - DEBUG - 2 changes detected: {(<Change.modified: 2>, '/workspace/app/backend/logs/app_20260527_145141.log'), (<Change.modified: 2>, '/workspace/app/backend/logs/app_20260527_145143.log')}
2026-05-27 15:25:06,441 - watchfiles.main - DEBUG - 1 change detected: {(<Change.modified: 2>, '/workspace/app/backend/logs/app_20260527_145141.log')}
2026-05-27 15:25:06,792 - watchfiles.main - DEBUG - 1 change detected: {(<Change.modified: 2>, '/workspace/app/backend/logs/app_20260527_145141.log')}
2026-05-27 15:25:07,143 - watchfiles.main - DEBUG - 1 change detected: {(<Change.modified: 2>, '/workspace/app/backend/logs/app_20260527_145141.log')}
2026-05-27 15:25:07,495 - watchfiles.main - DEBUG - 1 change detected: {(<Change.modified: 2>, '/workspace/app/backend/logs/app_20260527_145141.log')}
2026-05-27 15:25:07,846 - watchfiles.main - DEBUG - 1 change detected: {(<Change.modified: 2>, '/workspace/app/backend/logs/app_20260527_145141.log')}
2026-05-27 15:25:08,197 - watchfiles.main - DEBUG - 1 change detected: {(<Change.modified: 2>, '/workspace/app/backend/logs/app_20260527_145141.log')}
2026-05-27 15:25:08,548 - watchfiles.main - DEBUG - 1 change detected: {(<Change.modified: 2>, '/workspace/app/backend/logs/app_20260527_145141.log')}
2026-05-27 15:25:08,899 - watchfiles.main - DEBUG - 1 change detected: {(<Change.modified: 2>, '/workspace/app/backend/logs/app_20260527_145141.log')}
2026-05-27 15:25:09,250 - watchfiles.main - DEBUG - 1 change detected: {(<Change.modified: 2>, '/workspace/app/backend/logs/app_20260527_145141.log')}
2026-05-27 15:25:09,601 - watchfiles.main - DEBUG - 1 change detected: {(<Change.modified: 2>, '/workspace/app/backend/logs/app_20260527_145141.log')}
2026-05-27 15:25:09,952 - watchfiles.main - DEBUG - 1 change detected: {(<Change.modified: 2>, '/workspace/app/backend/logs/app_20260527_145141.log')}
2026-05-27 15:25:10,303 - watchfiles.main - DEBUG - 1 change detected: {(<Change.modified: 2>, '/workspace/app/backend/logs/app_20260527_145141.log')}
2026-05-27 15:25:10,654 - watchfiles.main - DEBUG - 1 change detected: {(<Change.modified: 2>, '/workspace/app/backend/logs/app_20260527_145141.log')}
2026-05-27 15:25:11,004 - watchfiles.main - DEBUG - 1 change detected: {(<Change.modified: 2>, '/workspace/app/backend/logs/app_20260527_145141.log')}
2026-05-27 15:25:11,355 - watchfiles.main - DEBUG - 1 change detected: {(<Change.modified: 2>, '/workspace/app/backend/logs/app_20260527_145141.log')}
2026-05-27 15:25:11,706 - watchfiles.main - DEBUG - 1 change detected: {(<Change.modified: 2>, '/workspace/app/backend/logs/app_20260527_145141.log')}
2026-05-27 15:25:12,057 - watchfiles.main - DEBUG - 1 change detected: {(<Change.modified: 2>, '/workspace/app/backend/logs/app_20260527_145141.log')}
2026-05-27 15:25:12,408 - watchfiles.main - DEBUG - 1 change detected: {(<Change.modified: 2>, '/workspace/app/backend/logs/app_20260527_145141.log')}
2026-05-27 15:25:12,759 - watchfiles.main - DEBUG - 1 change detected: {(<Change.modified: 2>, '/workspace/app/backend/logs/app_20260527_145141.log')}
2026-05-27 15:25:13,110 - watchfiles.main - DEBUG - 1 change detected: {(<Change.modified: 2>, '/workspace/app/backend/logs/app_20260527_145141.log')}
2026-05-27 15:25:13,462 - watchfiles.main - DEBUG - 1 change detected: {(<Change.modified: 2>, '/workspace/app/backend/logs/app_20260527_145141.log')}
2026-05-27 15:25:13,813 - watchfiles.main - DEBUG - 1 change detected: {(<Change.modified: 2>, '/workspace/app/backend/logs/app_20260527_145141.log')}
2026-05-27 15:25:14,164 - watchfiles.main - DEBUG - 1 change detected: {(<Change.modified: 2>, '/workspace/app/backend/logs/app_20260527_145141.log')}
2026-05-27 15:25:14,515 - watchfiles.main - DEBUG - 1 change detected: {(<Change.modified: 2>, '/workspace/app/backend/logs/app_20260527_145141.log')}
2026-05-27 15:25:14,867 - watchfiles.main - DEBUG - 1 change detected: {(<Change.modified: 2>, '/workspace/app/backend/logs/app_20260527_145141.log')}
2026-05-27 15:25:15,218 - watchfiles.main - DEBUG - 1 change detected: {(<Change.modified: 2>, '/workspace/app/backend/logs/app_20260527_145141.log')}
2026-05-27 15:25:15,569 - watchfiles.main - DEBUG - 1 change detected: {(<Change.modified: 2>, '/workspace/app/backend/logs/app_20260527_145141.log')}
2026-05-27 15:25:15,920 - watchfiles.main - DEBUG - 1 change detected: {(<Change.modified: 2>, '/workspace/app/backend/logs/app_20260527_145141.log')}
2026-05-27 15:25:16,271 - watchfiles.main - DEBUG - 1 change detected: {(<Change.modified: 2>, '/workspace/app/backend/logs/app_20260527_145141.log')}
2026-05-27 15:25:16,622 - watchfiles.main - DEBUG - 1 change detected: {(<Change.modified: 2>, '/workspace/app/backend/logs/app_20260527_145141.log')}
2026-05-27 15:25:16,973 - watchfiles.main - DEBUG - 1 change detected: {(<Change.modified: 2>, '/workspace/app/backend/logs/app_20260527_145141.log')}
2026-05-27 15:25:17,324 - watchfiles.main - DEBUG - 1 change detected: {(<Change.modified: 2>, '/workspace/app/backend/logs/app_20260527_145141.log')}
2026-05-27 15:25:17,675 - watchfiles.main - DEBUG - 1 change detected: {(<Change.modified: 2>, '/workspace/app/backend/logs/app_20260527_145141.log')}
2026-05-27 15:25:18,026 - watchfiles.main - DEBUG - 1 change detected: {(<Change.modified: 2>, '/workspace/app/backend/logs/app_20260527_145141.log')}
2026-05-27 15:25:18,377 - watchfiles.main - DEBUG - 2 changes detected: {(<Change.modified: 2>, '/workspace/app/backend/logs/app_20260527_145141.log'), (<Change.modified: 2>, '/workspace/app/backend/logs/app_20260527_145143.log')}
2026-05-27 15:25:18,728 - watchfiles.main - DEBUG - 1 change detected: {(<Change.modified: 2>, '/workspace/app/backend/logs/app_20260527_145141.log')}
2026-05-27 15:25:19,079 - watchfiles.main - DEBUG - 2 changes detected: {(<Change.modified: 2>, '/workspace/app/backend/logs/app_20260527_145141.log'), (<Change.modified: 2>, '/workspace/app/backend/logs/app_20260527_145143.log')}
2026-05-27 15:25:19,430 - watchfiles.main - DEBUG - 2 changes detected: {(<Change.modified: 2>, '/workspace/app/backend/logs/app_20260527_145141.log'), (<Change.modified: 2>, '/workspace/app/backend/logs/app_20260527_145143.log')}
2026-05-27 15:25:19,781 - watchfiles.main - DEBUG - 2 changes detected: {(<Change.modified: 2>, '/workspace/app/backend/logs/app_20260527_145141.log'), (<Change.modified: 2>, '/workspace/app/backend/logs/app_20260527_145143.log')}
2026-05-27 15:25:20,132 - watchfiles.main - DEBUG - 2 changes detected: {(<Change.modified: 2>, '/workspace/app/backend/logs/app_20260527_145141.log'), (<Change.modified: 2>, '/workspace/app/backend/logs/app_20260527_145143.log')}
2026-05-27 15:25:20,483 - watchfiles.main - DEBUG - 2 changes detected: {(<Change.modified: 2>, '/workspace/app/backend/logs/app_20260527_145141.log'), (<Change.modified: 2>, '/workspace/app/backend/logs/app_20260527_145143.log')}
2026-05-27 15:25:20,834 - watchfiles.main - DEBUG - 1 change detected: {(<Change.modified: 2>, '/workspace/app/backend/logs/app_20260527_145141.log')}
2026-05-27 15:25:21,185 - watchfiles.main - DEBUG - 1 change detected: {(<Change.modified: 2>, '/workspace/app/backend/logs/app_20260527_145141.log')}
2026-05-27 15:25:21,536 - watchfiles.main - DEBUG - 1 change detected: {(<Change.modified: 2>, '/workspace/app/backend/logs/app_20260527_145141.log')}
2026-05-27 15:25:21,887 - watchfiles.main - DEBUG - 1 change detected: {(<Change.modified: 2>, '/workspace/app/backend/logs/app_20260527_145141.log')}
2026-05-27 15:25:22,238 - watchfiles.main - DEBUG - 1 change detected: {(<Change.modified: 2>, '/workspace/app/backend/logs/app_20260527_145141.log')}
2026-05-27 15:25:22,589 - watchfiles.main - DEBUG - 1 change detected: {(<Change.modified: 2>, '/workspace/app/backend/logs/app_20260527_145141.log')}
2026-05-27 15:25:22,940 - watchfiles.main - DEBUG - 1 change detected: {(<Change.modified: 2>, '/workspace/app/backend/logs/app_20260527_145141.log')}
2026-05-27 15:25:23,291 - watchfiles.main - DEBUG - 1 change detected: {(<Change.modified: 2>, '/workspace/app/backend/logs/app_20260527_145141.log')}
2026-05-27 15:25:23,642 - watchfiles.main - DEBUG - 1 change detected: {(<Change.modified: 2>, '/workspace/app/backend/logs/app_20260527_145141.log')}
2026-05-27 15:25:23,993 - watchfiles.main - DEBUG - 1 change detected: {(<Change.modified: 2>, '/workspace/app/backend/logs/app_20260527_145141.log')}
2026-05-27 15:25:24,344 - watchfiles.main - DEBUG - 1 change detected: {(<Change.modified: 2>, '/workspace/app/backend/logs/app_20260527_145141.log')}
2026-05-27 15:25:24,695 - watchfiles.main - DEBUG - 1 change detected: {(<Change.modified: 2>, '/workspace/app/backend/logs/app_20260527_145141.log')}
2026-05-27 15:25:25,046 - watchfiles.main - DEBUG - 1 change detected: {(<Change.modified: 2>, '/workspace/app/backend/logs/app_20260527_145141.log')}
2026-05-27 15:25:25,397 - watchfiles.main - DEBUG - 1 change detected: {(<Change.modified: 2>, '/workspace/app/backend/logs/app_20260527_145141.log')}
2026-05-27 15:25:25,748 - watchfiles.main - DEBUG - 1 change detected: {(<Change.modified: 2>, '/workspace/app/backend/logs/app_20260527_145141.log')}
2026-05-27 15:25:26,099 - watchfiles.main - DEBUG - 1 change detected: {(<Change.modified: 2>, '/workspace/app/backend/logs/app_20260527_145141.log')}
2026-05-27 15:25:26,450 - watchfiles.main - DEBUG - 1 change detected: {(<Change.modified: 2>, '/workspace/app/backend/logs/app_20260527_145141.log')}
2026-05-27 15:25:26,801 - watchfiles.main - DEBUG - 1 change detected: {(<Change.modified: 2>, '/workspace/app/backend/logs/app_20260527_145141.log')}
2026-05-27 15:25:27,152 - watchfiles.main - DEBUG - 1 change detected: {(<Change.modified: 2>, '/workspace/app/backend/logs/app_20260527_145141.log')}
2026-05-27 15:25:27,503 - watchfiles.main - DEBUG - 1 change detected: {(<Change.modified: 2>, '/workspace/app/backend/logs/app_20260527_145141.log')}
2026-05-27 15:25:27,854 - watchfiles.main - DEBUG - 1 change detected: {(<Change.modified: 2>, '/workspace/app/backend/logs/app_20260527_145141.log')}
2026-05-27 15:25:28,205 - watchfiles.main - DEBUG - 1 change detected: {(<Change.modified: 2>, '/workspace/app/backend/logs/app_20260527_145141.log')}
2026-05-27 15:25:28,556 - watchfiles.main - DEBUG - 1 change detected: {(<Change.modified: 2>, '/workspace/app/backend/logs/app_20260527_145141.log')}
2026-05-27 15:25:28,907 - watchfiles.main - DEBUG - 1 change detected: {(<Change.modified: 2>, '/workspace/app/backend/logs/app_20260527_145141.log')}
2026-05-27 15:25:29,258 - watchfiles.main - DEBUG - 1 change detected: {(<Change.modified: 2>, '/workspace/app/backend/logs/app_20260527_145141.log')}
2026-05-27 15:25:29,609 - watchfiles.main - DEBUG - 1 change detected: {(<Change.modified: 2>, '/workspace/app/backend/logs/app_20260527_145141.log')}
2026-05-27 15:25:29,960 - watchfiles.main - DEBUG - 1 change detected: {(<Change.modified: 2>, '/workspace/app/backend/logs/app_20260527_145141.log')}
2026-05-27 15:25:30,311 - watchfiles.main - DEBUG - 1 change detected: {(<Change.modified: 2>, '/workspace/app/backend/logs/app_20260527_145141.log')}
2026-05-27 15:25:30,662 - watchfiles.main - DEBUG - 1 change detected: {(<Change.modified: 2>, '/workspace/app/backend/logs/app_20260527_145141.log')}
2026-05-27 15:25:31,012 - watchfiles.main - DEBUG - 1 change detected: {(<Change.modified: 2>, '/workspace/app/backend/logs/app_20260527_145141.log')}
2026-05-27 15:25:31,363 - watchfiles.main - DEBUG - 1 change detected: {(<Change.modified: 2>, '/workspace/app/backend/logs/app_20260527_145141.log')}
2026-05-27 15:25:31,714 - watchfiles.main - DEBUG - 1 change detected: {(<Change.modified: 2>, '/workspace/app/backend/logs/app_20260527_145141.log')}
2026-05-27 15:25:32,065 - watchfiles.main - DEBUG - 1 change detected: {(<Change.modified: 2>, '/workspace/app/backend/logs/app_20260527_145141.log')}
2026-05-27 15:25:32,418 - watchfiles.main - DEBUG - 1 change detected: {(<Change.modified: 2>, '/workspace/app/backend/logs/app_20260527_145141.log')}
2026-05-27 15:25:32,769 - watchfiles.main - DEBUG - 1 change detected: {(<Change.modified: 2>, '/workspace/app/backend/logs/app_20260527_145141.log')}
2026-05-27 15:25:33,120 - watchfiles.main - DEBUG - 1 change detected: {(<Change.modified: 2>, '/workspace/app/backend/logs/app_20260527_145141.log')}
2026-05-27 15:25:33,471 - watchfiles.main - DEBUG - 1 change detected: {(<Change.modified: 2>, '/workspace/app/backend/logs/app_20260527_145141.log')}
2026-05-27 15:25:33,822 - watchfiles.main - DEBUG - 1 change detected: {(<Change.modified: 2>, '/workspace/app/backend/logs/app_20260527_145141.log')}
2026-05-27 15:25:34,173 - watchfiles.main - DEBUG - 1 change detected: {(<Change.modified: 2>, '/workspace/app/backend/logs/app_20260527_145141.log')}
2026-05-27 15:25:34,524 - watchfiles.main - DEBUG - 1 change detected: {(<Change.modified: 2>, '/workspace/app/backend/logs/app_20260527_145141.log')}
2026-05-27 15:25:34,875 - watchfiles.main - DEBUG - 1 change detected: {(<Change.modified: 2>, '/workspace/app/backend/logs/app_20260527_145141.log')}
2026-05-27 15:25:35,226 - watchfiles.main - DEBUG - 1 change detected: {(<Change.modified: 2>, '/workspace/app/backend/logs/app_20260527_145141.log')}
2026-05-27 15:25:35,577 - watchfiles.main - DEBUG - 1 change detected: {(<Change.modified: 2>, '/workspace/app/backend/logs/app_20260527_145141.log')}
2026-05-27 15:25:35,928 - watchfiles.main - DEBUG - 1 change detected: {(<Change.modified: 2>, '/workspace/app/backend/logs/app_20260527_145141.log')}
2026-05-27 15:25:36,279 - watchfiles.main - DEBUG - 1 change detected: {(<Change.modified: 2>, '/workspace/app/backend/logs/app_20260527_145141.log')}
2026-05-27 15:25:36,630 - watchfiles.main - DEBUG - 1 change detected: {(<Change.modified: 2>, '/workspace/app/backend/logs/app_20260527_145141.log')}
2026-05-27 15:25:36,981 - watchfiles.main - DEBUG - 1 change detected: {(<Change.modified: 2>, '/workspace/app/backend/logs/app_20260527_145141.log')}
2026-05-27 15:25:37,332 - watchfiles.main - DEBUG - 1 change detected: {(<Change.modified: 2>, '/workspace/app/backend/logs/app_20260527_145141.log')}
2026-05-27 15:25:37,683 - watchfiles.main - DEBUG - 1 change detected: {(<Change.modified: 2>, '/workspace/app/backend/logs/app_20260527_145141.log')}
2026-05-27 15:25:38,034 - watchfiles.main - DEBUG - 1 change detected: {(<Change.modified: 2>, '/workspace/app/backend/logs/app_20260527_145141.log')}
2026-05-27 15:25:38,385 - watchfiles.main - DEBUG - 1 change detected: {(<Change.modified: 2>, '/workspace/app/backend/logs/app_20260527_145141.log')}
2026-05-27 15:25:38,736 - watchfiles.main - DEBUG - 1 change detected: {(<Change.modified: 2>, '/workspace/app/backend/logs/app_20260527_145141.log')}
2026-05-27 15:25:39,087 - watchfiles.main - DEBUG - 1 change detected: {(<Change.modified: 2>, '/workspace/app/backend/logs/app_20260527_145141.log')}
2026-05-27 15:25:39,438 - watchfiles.main - DEBUG - 1 change detected: {(<Change.modified: 2>, '/workspace/app/backend/logs/app_20260527_145141.log')}
2026-05-27 15:25:39,789 - watchfiles.main - DEBUG - 1 change detected: {(<Change.modified: 2>, '/workspace/app/backend/logs/app_20260527_145141.log')}
2026-05-27 15:25:40,140 - watchfiles.main - DEBUG - 1 change detected: {(<Change.modified: 2>, '/workspace/app/backend/logs/app_20260527_145141.log')}
2026-05-27 15:25:40,491 - watchfiles.main - DEBUG - 1 change detected: {(<Change.modified: 2>, '/workspace/app/backend/logs/app_20260527_145141.log')}
2026-05-27 15:25:40,842 - watchfiles.main - DEBUG - 1 change detected: {(<Change.modified: 2>, '/workspace/app/backend/logs/app_20260527_145141.log')}
2026-05-27 15:25:41,193 - watchfiles.main - DEBUG - 1 change detected: {(<Change.modified: 2>, '/workspace/app/backend/logs/app_20260527_145141.log')}
2026-05-27 15:25:41,544 - watchfiles.main - DEBUG - 1 change detected: {(<Change.modified: 2>, '/workspace/app/backend/logs/app_20260527_145141.log')}
2026-05-27 15:25:41,895 - watchfiles.main - DEBUG - 1 change detected: {(<Change.modified: 2>, '/workspace/app/backend/logs/app_20260527_145141.log')}
2026-05-27 15:25:42,246 - watchfiles.main - DEBUG - 1 change detected: {(<Change.modified: 2>, '/workspace/app/backend/logs/app_20260527_145141.log')}
2026-05-27 15:25:42,597 - watchfiles.main - DEBUG - 1 change detected: {(<Change.modified: 2>, '/workspace/app/backend/logs/app_20260527_145141.log')}
2026-05-27 15:25:42,948 - watchfiles.main - DEBUG - 1 change detected: {(<Change.modified: 2>, '/workspace/app/backend/logs/app_20260527_145141.log')}
2026-05-27 15:25:43,299 - watchfiles.main - DEBUG - 1 change detected: {(<Change.modified: 2>, '/workspace/app/backend/logs/app_20260527_145141.log')}
2026-05-27 15:25:43,650 - watchfiles.main - DEBUG - 1 change detected: {(<Change.modified: 2>, '/workspace/app/backend/logs/app_20260527_145141.log')}
2026-05-27 15:25:44,001 - watchfiles.main - DEBUG - 1 change detected: {(<Change.modified: 2>, '/workspace/app/backend/logs/app_20260527_145141.log')}
2026-05-27 15:25:44,352 - watchfiles.main - DEBUG - 1 change detected: {(<Change.modified: 2>, '/workspace/app/backend/logs/app_20260527_145141.log')}
2026-05-27 15:25:44,703 - watchfiles.main - DEBUG - 1 change detected: {(<Change.modified: 2>, '/workspace/app/backend/logs/app_20260527_145141.log')}
2026-05-27 15:25:45,054 - watchfiles.main - DEBUG - 1 change detected: {(<Change.modified: 2>, '/workspace/app/backend/logs/app_20260527_145141.log')}
2026-05-27 15:25:45,405 - watchfiles.main - DEBUG - 1 change detected: {(<Change.modified: 2>, '/workspace/app/backend/logs/app_20260527_145141.log')}
2026-05-27 15:25:45,756 - watchfiles.main - DEBUG - 1 change detected: {(<Change.modified: 2>, '/workspace/app/backend/logs/app_20260527_145141.log')}
2026-05-27 15:25:46,107 - watchfiles.main - DEBUG - 1 change detected: {(<Change.modified: 2>, '/workspace/app/backend/logs/app_20260527_145141.log')}
2026-05-27 15:25:46,458 - watchfiles.main - DEBUG - 1 change detected: {(<Change.modified: 2>, '/workspace/app/backend/logs/app_20260527_145141.log')}
2026-05-27 15:25:46,808 - watchfiles.main - DEBUG - 1 change detected: {(<Change.modified: 2>, '/workspace/app/backend/logs/app_20260527_145141.log')}
2026-05-27 15:25:47,159 - watchfiles.main - DEBUG - 1 change detected: {(<Change.modified: 2>, '/workspace/app/backend/logs/app_20260527_145141.log')}
2026-05-27 15:25:47,510 - watchfiles.main - DEBUG - 1 change detected: {(<Change.modified: 2>, '/workspace/app/backend/logs/app_20260527_145141.log')}
2026-05-27 15:25:47,861 - watchfiles.main - DEBUG - 1 change detected: {(<Change.modified: 2>, '/workspace/app/backend/logs/app_20260527_145141.log')}
2026-05-27 15:25:48,212 - watchfiles.main - DEBUG - 1 change detected: {(<Change.modified: 2>, '/workspace/app/backend/logs/app_20260527_145141.log')}
2026-05-27 15:25:48,563 - watchfiles.main - DEBUG - 1 change detected: {(<Change.modified: 2>, '/workspace/app/backend/logs/app_20260527_145141.log')}
2026-05-27 15:25:48,914 - watchfiles.main - DEBUG - 1 change detected: {(<Change.modified: 2>, '/workspace/app/backend/logs/app_20260527_145141.log')}
2026-05-27 15:25:49,265 - watchfiles.main - DEBUG - 1 change detected: {(<Change.modified: 2>, '/workspace/app/backend/logs/app_20260527_145141.log')}
2026-05-27 15:25:49,616 - watchfiles.main - DEBUG - 1 change detected: {(<Change.modified: 2>, '/workspace/app/backend/logs/app_20260527_145141.log')}
2026-05-27 15:25:49,967 - watchfiles.main - DEBUG - 1 change detected: {(<Change.modified: 2>, '/workspace/app/backend/logs/app_20260527_145141.log')}
2026-05-27 15:25:50,318 - watchfiles.main - DEBUG - 1 change detected: {(<Change.modified: 2>, '/workspace/app/backend/logs/app_20260527_145141.log')}
2026-05-27 15:25:50,669 - watchfiles.main - DEBUG - 1 change detected: {(<Change.modified: 2>, '/workspace/app/backend/logs/app_20260527_145141.log')}
2026-05-27 15:25:51,021 - watchfiles.main - DEBUG - 1 change detected: {(<Change.modified: 2>, '/workspace/app/backend/logs/app_20260527_145141.log')}
2026-05-27 15:25:51,372 - watchfiles.main - DEBUG - 1 change detected: {(<Change.modified: 2>, '/workspace/app/backend/logs/app_20260527_145141.log')}
2026-05-27 15:25:51,723 - watchfiles.main - DEBUG - 1 change detected: {(<Change.modified: 2>, '/workspace/app/backend/logs/app_20260527_145141.log')}
2026-05-27 15:25:52,074 - watchfiles.main - DEBUG - 1 change detected: {(<Change.modified: 2>, '/workspace/app/backend/logs/app_20260527_145141.log')}
2026-05-27 15:25:52,425 - watchfiles.main - DEBUG - 1 change detected: {(<Change.modified: 2>, '/workspace/app/backend/logs/app_20260527_145141.log')}
2026-05-27 15:25:52,776 - watchfiles.main - DEBUG - 1 change detected: {(<Change.modified: 2>, '/workspace/app/backend/logs/app_20260527_145141.log')}
