2026-05-19 06:27:50,139 - main - INFO - === Logging system initialized ===
2026-05-19 06:27:50,140 - main - INFO - Log file: logs/app_20260519_062750.log
2026-05-19 06:27:50,140 - main - INFO - Log level: INFO
2026-05-19 06:27:50,140 - main - INFO - Timestamp: 20260519_062750
2026-05-19 06:27:50,979 - main - INFO - Included router: routers.aihub.router
2026-05-19 06:27:50,998 - main - INFO - Included router: routers.auth.router
2026-05-19 06:27:51,000 - main - INFO - Included router: routers.health.router
2026-05-19 06:27:51,081 - main - INFO - Included router: routers.reservations.router
2026-05-19 06:27:51,126 - main - INFO - Included router: routers.salons.router
2026-05-19 06:27:51,150 - main - INFO - Included router: routers.settings.router
2026-05-19 06:27:51,189 - main - INFO - Included router: routers.storage.router
2026-05-19 06:27:51,198 - main - INFO - Included router: routers.user.router
2026-05-19 06:27:52,666 - watchfiles.main - DEBUG - 1 change detected: {(<Change.added: 1>, '/workspace/app/backend/logs/app_20260519_062752.log')}
2026-05-19 06:27:53,017 - watchfiles.main - DEBUG - 1 change detected: {(<Change.modified: 2>, '/workspace/app/backend/logs/app_20260519_062750.log')}
2026-05-19 06:27:53,368 - watchfiles.main - DEBUG - 1 change detected: {(<Change.modified: 2>, '/workspace/app/backend/logs/app_20260519_062750.log')}
2026-05-19 06:27:53,769 - watchfiles.main - DEBUG - 2 changes detected: {(<Change.modified: 2>, '/workspace/app/backend/logs/app_20260519_062752.log'), (<Change.modified: 2>, '/workspace/app/backend/logs/app_20260519_062750.log')}
2026-05-19 06:27:54,120 - watchfiles.main - DEBUG - 2 changes detected: {(<Change.modified: 2>, '/workspace/app/backend/logs/app_20260519_062752.log'), (<Change.modified: 2>, '/workspace/app/backend/logs/app_20260519_062750.log')}
2026-05-19 06:27:54,471 - watchfiles.main - DEBUG - 1 change detected: {(<Change.modified: 2>, '/workspace/app/backend/logs/app_20260519_062750.log')}
2026-05-19 06:27:54,822 - watchfiles.main - DEBUG - 1 change detected: {(<Change.modified: 2>, '/workspace/app/backend/logs/app_20260519_062750.log')}
2026-05-19 06:27:55,173 - watchfiles.main - DEBUG - 1 change detected: {(<Change.modified: 2>, '/workspace/app/backend/logs/app_20260519_062750.log')}
2026-05-19 06:27:55,524 - watchfiles.main - DEBUG - 1 change detected: {(<Change.modified: 2>, '/workspace/app/backend/logs/app_20260519_062750.log')}
2026-05-19 06:27:55,876 - watchfiles.main - DEBUG - 1 change detected: {(<Change.modified: 2>, '/workspace/app/backend/logs/app_20260519_062750.log')}
2026-05-19 06:27:56,227 - watchfiles.main - DEBUG - 1 change detected: {(<Change.modified: 2>, '/workspace/app/backend/logs/app_20260519_062750.log')}
2026-05-19 06:27:56,578 - watchfiles.main - DEBUG - 1 change detected: {(<Change.modified: 2>, '/workspace/app/backend/logs/app_20260519_062750.log')}
2026-05-19 06:27:56,929 - watchfiles.main - DEBUG - 1 change detected: {(<Change.modified: 2>, '/workspace/app/backend/logs/app_20260519_062750.log')}
2026-05-19 06:27:57,280 - watchfiles.main - DEBUG - 1 change detected: {(<Change.modified: 2>, '/workspace/app/backend/logs/app_20260519_062750.log')}
2026-05-19 06:27:57,631 - watchfiles.main - DEBUG - 1 change detected: {(<Change.modified: 2>, '/workspace/app/backend/logs/app_20260519_062750.log')}
2026-05-19 06:27:57,982 - watchfiles.main - DEBUG - 1 change detected: {(<Change.modified: 2>, '/workspace/app/backend/logs/app_20260519_062750.log')}
2026-05-19 06:27:58,334 - watchfiles.main - DEBUG - 2 changes detected: {(<Change.modified: 2>, '/workspace/app/backend/logs/app_20260519_062752.log'), (<Change.modified: 2>, '/workspace/app/backend/logs/app_20260519_062750.log')}
2026-05-19 06:27:58,685 - watchfiles.main - DEBUG - 1 change detected: {(<Change.modified: 2>, '/workspace/app/backend/logs/app_20260519_062750.log')}
2026-05-19 06:27:59,036 - watchfiles.main - DEBUG - 1 change detected: {(<Change.modified: 2>, '/workspace/app/backend/logs/app_20260519_062750.log')}
2026-05-19 06:27:59,387 - watchfiles.main - DEBUG - 1 change detected: {(<Change.modified: 2>, '/workspace/app/backend/logs/app_20260519_062750.log')}
2026-05-19 06:27:59,744 - watchfiles.main - DEBUG - 1 change detected: {(<Change.modified: 2>, '/workspace/app/backend/logs/app_20260519_062750.log')}
2026-05-19 06:28:00,095 - watchfiles.main - DEBUG - 2 changes detected: {(<Change.modified: 2>, '/workspace/app/backend/logs/app_20260519_062752.log'), (<Change.modified: 2>, '/workspace/app/backend/logs/app_20260519_062750.log')}
2026-05-19 06:28:00,446 - watchfiles.main - DEBUG - 1 change detected: {(<Change.modified: 2>, '/workspace/app/backend/logs/app_20260519_062750.log')}
2026-05-19 06:28:00,797 - watchfiles.main - DEBUG - 2 changes detected: {(<Change.modified: 2>, '/workspace/app/backend/logs/app_20260519_062752.log'), (<Change.modified: 2>, '/workspace/app/backend/logs/app_20260519_062750.log')}
2026-05-19 06:28:01,148 - watchfiles.main - DEBUG - 1 change detected: {(<Change.modified: 2>, '/workspace/app/backend/logs/app_20260519_062750.log')}
2026-05-19 06:28:01,499 - watchfiles.main - DEBUG - 1 change detected: {(<Change.modified: 2>, '/workspace/app/backend/logs/app_20260519_062750.log')}
2026-05-19 06:28:01,849 - watchfiles.main - DEBUG - 1 change detected: {(<Change.modified: 2>, '/workspace/app/backend/logs/app_20260519_062750.log')}
2026-05-19 06:28:02,200 - watchfiles.main - DEBUG - 1 change detected: {(<Change.modified: 2>, '/workspace/app/backend/logs/app_20260519_062750.log')}
2026-05-19 06:28:02,551 - watchfiles.main - DEBUG - 1 change detected: {(<Change.modified: 2>, '/workspace/app/backend/logs/app_20260519_062750.log')}
2026-05-19 06:28:02,902 - watchfiles.main - DEBUG - 1 change detected: {(<Change.modified: 2>, '/workspace/app/backend/logs/app_20260519_062750.log')}
2026-05-19 06:28:03,253 - watchfiles.main - DEBUG - 1 change detected: {(<Change.modified: 2>, '/workspace/app/backend/logs/app_20260519_062750.log')}
2026-05-19 06:28:03,604 - watchfiles.main - DEBUG - 1 change detected: {(<Change.modified: 2>, '/workspace/app/backend/logs/app_20260519_062750.log')}
2026-05-19 06:28:03,955 - watchfiles.main - DEBUG - 1 change detected: {(<Change.modified: 2>, '/workspace/app/backend/logs/app_20260519_062750.log')}
2026-05-19 06:28:04,306 - watchfiles.main - DEBUG - 1 change detected: {(<Change.modified: 2>, '/workspace/app/backend/logs/app_20260519_062750.log')}
2026-05-19 06:28:04,657 - watchfiles.main - DEBUG - 1 change detected: {(<Change.modified: 2>, '/workspace/app/backend/logs/app_20260519_062750.log')}
2026-05-19 06:28:05,009 - watchfiles.main - DEBUG - 1 change detected: {(<Change.modified: 2>, '/workspace/app/backend/logs/app_20260519_062750.log')}
2026-05-19 06:28:05,360 - watchfiles.main - DEBUG - 1 change detected: {(<Change.modified: 2>, '/workspace/app/backend/logs/app_20260519_062750.log')}
2026-05-19 06:28:05,711 - watchfiles.main - DEBUG - 1 change detected: {(<Change.modified: 2>, '/workspace/app/backend/logs/app_20260519_062750.log')}
2026-05-19 06:28:06,062 - watchfiles.main - DEBUG - 1 change detected: {(<Change.modified: 2>, '/workspace/app/backend/logs/app_20260519_062750.log')}
2026-05-19 06:28:06,412 - watchfiles.main - DEBUG - 1 change detected: {(<Change.modified: 2>, '/workspace/app/backend/logs/app_20260519_062750.log')}
2026-05-19 06:28:06,764 - watchfiles.main - DEBUG - 1 change detected: {(<Change.modified: 2>, '/workspace/app/backend/logs/app_20260519_062750.log')}
2026-05-19 06:28:07,115 - watchfiles.main - DEBUG - 1 change detected: {(<Change.modified: 2>, '/workspace/app/backend/logs/app_20260519_062750.log')}
2026-05-19 06:28:07,466 - watchfiles.main - DEBUG - 1 change detected: {(<Change.modified: 2>, '/workspace/app/backend/logs/app_20260519_062750.log')}
2026-05-19 06:28:07,817 - watchfiles.main - DEBUG - 1 change detected: {(<Change.modified: 2>, '/workspace/app/backend/logs/app_20260519_062750.log')}
2026-05-19 06:28:08,168 - watchfiles.main - DEBUG - 1 change detected: {(<Change.modified: 2>, '/workspace/app/backend/logs/app_20260519_062750.log')}
2026-05-19 06:28:08,519 - watchfiles.main - DEBUG - 1 change detected: {(<Change.modified: 2>, '/workspace/app/backend/logs/app_20260519_062750.log')}
2026-05-19 06:28:08,870 - watchfiles.main - DEBUG - 1 change detected: {(<Change.modified: 2>, '/workspace/app/backend/logs/app_20260519_062750.log')}
2026-05-19 06:28:09,221 - watchfiles.main - DEBUG - 1 change detected: {(<Change.modified: 2>, '/workspace/app/backend/logs/app_20260519_062750.log')}
2026-05-19 06:28:09,572 - watchfiles.main - DEBUG - 1 change detected: {(<Change.modified: 2>, '/workspace/app/backend/logs/app_20260519_062750.log')}
2026-05-19 06:28:09,923 - watchfiles.main - DEBUG - 1 change detected: {(<Change.modified: 2>, '/workspace/app/backend/logs/app_20260519_062750.log')}
2026-05-19 06:28:10,274 - watchfiles.main - DEBUG - 1 change detected: {(<Change.modified: 2>, '/workspace/app/backend/logs/app_20260519_062750.log')}
2026-05-19 06:28:10,625 - watchfiles.main - DEBUG - 1 change detected: {(<Change.modified: 2>, '/workspace/app/backend/logs/app_20260519_062750.log')}
2026-05-19 06:28:10,976 - watchfiles.main - DEBUG - 1 change detected: {(<Change.modified: 2>, '/workspace/app/backend/logs/app_20260519_062750.log')}
2026-05-19 06:28:11,326 - watchfiles.main - DEBUG - 1 change detected: {(<Change.modified: 2>, '/workspace/app/backend/logs/app_20260519_062750.log')}
2026-05-19 06:28:11,677 - watchfiles.main - DEBUG - 1 change detected: {(<Change.modified: 2>, '/workspace/app/backend/logs/app_20260519_062750.log')}
2026-05-19 06:28:12,028 - watchfiles.main - DEBUG - 1 change detected: {(<Change.modified: 2>, '/workspace/app/backend/logs/app_20260519_062750.log')}
2026-05-19 06:28:12,379 - watchfiles.main - DEBUG - 1 change detected: {(<Change.modified: 2>, '/workspace/app/backend/logs/app_20260519_062750.log')}
2026-05-19 06:28:12,730 - watchfiles.main - DEBUG - 1 change detected: {(<Change.modified: 2>, '/workspace/app/backend/logs/app_20260519_062750.log')}
2026-05-19 06:28:13,081 - watchfiles.main - DEBUG - 1 change detected: {(<Change.modified: 2>, '/workspace/app/backend/logs/app_20260519_062750.log')}
2026-05-19 06:28:13,432 - watchfiles.main - DEBUG - 1 change detected: {(<Change.modified: 2>, '/workspace/app/backend/logs/app_20260519_062750.log')}
2026-05-19 06:28:13,783 - watchfiles.main - DEBUG - 1 change detected: {(<Change.modified: 2>, '/workspace/app/backend/logs/app_20260519_062750.log')}
2026-05-19 06:28:14,134 - watchfiles.main - DEBUG - 1 change detected: {(<Change.modified: 2>, '/workspace/app/backend/logs/app_20260519_062750.log')}
2026-05-19 06:28:14,485 - watchfiles.main - DEBUG - 1 change detected: {(<Change.modified: 2>, '/workspace/app/backend/logs/app_20260519_062750.log')}
2026-05-19 06:28:14,836 - watchfiles.main - DEBUG - 1 change detected: {(<Change.modified: 2>, '/workspace/app/backend/logs/app_20260519_062750.log')}
2026-05-19 06:28:15,187 - watchfiles.main - DEBUG - 1 change detected: {(<Change.modified: 2>, '/workspace/app/backend/logs/app_20260519_062750.log')}
2026-05-19 06:28:15,538 - watchfiles.main - DEBUG - 1 change detected: {(<Change.modified: 2>, '/workspace/app/backend/logs/app_20260519_062750.log')}
2026-05-19 06:28:15,889 - watchfiles.main - DEBUG - 1 change detected: {(<Change.modified: 2>, '/workspace/app/backend/logs/app_20260519_062750.log')}
2026-05-19 06:28:16,240 - watchfiles.main - DEBUG - 1 change detected: {(<Change.modified: 2>, '/workspace/app/backend/logs/app_20260519_062750.log')}
2026-05-19 06:28:16,591 - watchfiles.main - DEBUG - 1 change detected: {(<Change.modified: 2>, '/workspace/app/backend/logs/app_20260519_062750.log')}
2026-05-19 06:28:16,942 - watchfiles.main - DEBUG - 1 change detected: {(<Change.modified: 2>, '/workspace/app/backend/logs/app_20260519_062750.log')}
2026-05-19 06:28:17,293 - watchfiles.main - DEBUG - 1 change detected: {(<Change.modified: 2>, '/workspace/app/backend/logs/app_20260519_062750.log')}
2026-05-19 06:28:17,644 - watchfiles.main - DEBUG - 1 change detected: {(<Change.modified: 2>, '/workspace/app/backend/logs/app_20260519_062750.log')}
2026-05-19 06:28:17,995 - watchfiles.main - DEBUG - 1 change detected: {(<Change.modified: 2>, '/workspace/app/backend/logs/app_20260519_062750.log')}
2026-05-19 06:28:18,347 - watchfiles.main - DEBUG - 1 change detected: {(<Change.modified: 2>, '/workspace/app/backend/logs/app_20260519_062750.log')}
2026-05-19 06:28:18,698 - watchfiles.main - DEBUG - 1 change detected: {(<Change.modified: 2>, '/workspace/app/backend/logs/app_20260519_062750.log')}
2026-05-19 06:28:19,049 - watchfiles.main - DEBUG - 1 change detected: {(<Change.modified: 2>, '/workspace/app/backend/logs/app_20260519_062750.log')}
2026-05-19 06:28:19,400 - watchfiles.main - DEBUG - 1 change detected: {(<Change.modified: 2>, '/workspace/app/backend/logs/app_20260519_062750.log')}
2026-05-19 06:28:19,751 - watchfiles.main - DEBUG - 1 change detected: {(<Change.modified: 2>, '/workspace/app/backend/logs/app_20260519_062750.log')}
2026-05-19 06:28:20,102 - watchfiles.main - DEBUG - 1 change detected: {(<Change.modified: 2>, '/workspace/app/backend/logs/app_20260519_062750.log')}
2026-05-19 06:28:20,453 - watchfiles.main - DEBUG - 1 change detected: {(<Change.modified: 2>, '/workspace/app/backend/logs/app_20260519_062750.log')}
2026-05-19 06:28:20,804 - watchfiles.main - DEBUG - 1 change detected: {(<Change.modified: 2>, '/workspace/app/backend/logs/app_20260519_062750.log')}
2026-05-19 06:28:21,155 - watchfiles.main - DEBUG - 1 change detected: {(<Change.modified: 2>, '/workspace/app/backend/logs/app_20260519_062750.log')}
2026-05-19 06:28:21,506 - watchfiles.main - DEBUG - 1 change detected: {(<Change.modified: 2>, '/workspace/app/backend/logs/app_20260519_062750.log')}
2026-05-19 06:28:21,857 - watchfiles.main - DEBUG - 1 change detected: {(<Change.modified: 2>, '/workspace/app/backend/logs/app_20260519_062750.log')}
2026-05-19 06:28:22,209 - watchfiles.main - DEBUG - 1 change detected: {(<Change.modified: 2>, '/workspace/app/backend/logs/app_20260519_062750.log')}
2026-05-19 06:28:22,560 - watchfiles.main - DEBUG - 1 change detected: {(<Change.modified: 2>, '/workspace/app/backend/logs/app_20260519_062750.log')}
2026-05-19 06:28:22,911 - watchfiles.main - DEBUG - 1 change detected: {(<Change.modified: 2>, '/workspace/app/backend/logs/app_20260519_062750.log')}
2026-05-19 06:28:23,261 - watchfiles.main - DEBUG - 1 change detected: {(<Change.modified: 2>, '/workspace/app/backend/logs/app_20260519_062750.log')}
2026-05-19 06:28:23,612 - watchfiles.main - DEBUG - 1 change detected: {(<Change.modified: 2>, '/workspace/app/backend/logs/app_20260519_062750.log')}
2026-05-19 06:28:23,963 - watchfiles.main - DEBUG - 1 change detected: {(<Change.modified: 2>, '/workspace/app/backend/logs/app_20260519_062750.log')}
2026-05-19 06:28:24,314 - watchfiles.main - DEBUG - 1 change detected: {(<Change.modified: 2>, '/workspace/app/backend/logs/app_20260519_062750.log')}
2026-05-19 06:28:24,665 - watchfiles.main - DEBUG - 1 change detected: {(<Change.modified: 2>, '/workspace/app/backend/logs/app_20260519_062750.log')}
2026-05-19 06:28:25,016 - watchfiles.main - DEBUG - 1 change detected: {(<Change.modified: 2>, '/workspace/app/backend/logs/app_20260519_062750.log')}
2026-05-19 06:28:25,367 - watchfiles.main - DEBUG - 1 change detected: {(<Change.modified: 2>, '/workspace/app/backend/logs/app_20260519_062750.log')}
2026-05-19 06:28:25,718 - watchfiles.main - DEBUG - 1 change detected: {(<Change.modified: 2>, '/workspace/app/backend/logs/app_20260519_062750.log')}
2026-05-19 06:28:26,069 - watchfiles.main - DEBUG - 1 change detected: {(<Change.modified: 2>, '/workspace/app/backend/logs/app_20260519_062750.log')}
2026-05-19 06:28:26,420 - watchfiles.main - DEBUG - 1 change detected: {(<Change.modified: 2>, '/workspace/app/backend/logs/app_20260519_062750.log')}
2026-05-19 06:28:26,771 - watchfiles.main - DEBUG - 1 change detected: {(<Change.modified: 2>, '/workspace/app/backend/logs/app_20260519_062750.log')}
2026-05-19 06:28:27,122 - watchfiles.main - DEBUG - 1 change detected: {(<Change.modified: 2>, '/workspace/app/backend/logs/app_20260519_062750.log')}
2026-05-19 06:28:27,473 - watchfiles.main - DEBUG - 1 change detected: {(<Change.modified: 2>, '/workspace/app/backend/logs/app_20260519_062750.log')}
2026-05-19 06:28:27,824 - watchfiles.main - DEBUG - 1 change detected: {(<Change.modified: 2>, '/workspace/app/backend/logs/app_20260519_062750.log')}
2026-05-19 06:28:28,175 - watchfiles.main - DEBUG - 1 change detected: {(<Change.modified: 2>, '/workspace/app/backend/logs/app_20260519_062750.log')}
2026-05-19 06:28:28,526 - watchfiles.main - DEBUG - 1 change detected: {(<Change.modified: 2>, '/workspace/app/backend/logs/app_20260519_062750.log')}
2026-05-19 06:28:28,877 - watchfiles.main - DEBUG - 1 change detected: {(<Change.modified: 2>, '/workspace/app/backend/logs/app_20260519_062750.log')}
2026-05-19 06:28:29,228 - watchfiles.main - DEBUG - 1 change detected: {(<Change.modified: 2>, '/workspace/app/backend/logs/app_20260519_062750.log')}
2026-05-19 06:28:29,579 - watchfiles.main - DEBUG - 1 change detected: {(<Change.modified: 2>, '/workspace/app/backend/logs/app_20260519_062750.log')}
2026-05-19 06:28:29,931 - watchfiles.main - DEBUG - 1 change detected: {(<Change.modified: 2>, '/workspace/app/backend/logs/app_20260519_062750.log')}
2026-05-19 06:28:30,282 - watchfiles.main - DEBUG - 1 change detected: {(<Change.modified: 2>, '/workspace/app/backend/logs/app_20260519_062750.log')}
2026-05-19 06:28:30,633 - watchfiles.main - DEBUG - 1 change detected: {(<Change.modified: 2>, '/workspace/app/backend/logs/app_20260519_062750.log')}
2026-05-19 06:28:30,984 - watchfiles.main - DEBUG - 1 change detected: {(<Change.modified: 2>, '/workspace/app/backend/logs/app_20260519_062750.log')}
2026-05-19 06:28:31,335 - watchfiles.main - DEBUG - 1 change detected: {(<Change.modified: 2>, '/workspace/app/backend/logs/app_20260519_062750.log')}
2026-05-19 06:28:31,686 - watchfiles.main - DEBUG - 1 change detected: {(<Change.modified: 2>, '/workspace/app/backend/logs/app_20260519_062750.log')}
2026-05-19 06:28:32,037 - watchfiles.main - DEBUG - 1 change detected: {(<Change.modified: 2>, '/workspace/app/backend/logs/app_20260519_062750.log')}
2026-05-19 06:28:32,388 - watchfiles.main - DEBUG - 1 change detected: {(<Change.modified: 2>, '/workspace/app/backend/logs/app_20260519_062750.log')}
2026-05-19 06:28:32,739 - watchfiles.main - DEBUG - 1 change detected: {(<Change.modified: 2>, '/workspace/app/backend/logs/app_20260519_062750.log')}
2026-05-19 06:28:33,090 - watchfiles.main - DEBUG - 1 change detected: {(<Change.modified: 2>, '/workspace/app/backend/logs/app_20260519_062750.log')}
2026-05-19 06:28:33,441 - watchfiles.main - DEBUG - 1 change detected: {(<Change.modified: 2>, '/workspace/app/backend/logs/app_20260519_062750.log')}
2026-05-19 06:28:33,792 - watchfiles.main - DEBUG - 1 change detected: {(<Change.modified: 2>, '/workspace/app/backend/logs/app_20260519_062750.log')}
2026-05-19 06:28:34,143 - watchfiles.main - DEBUG - 1 change detected: {(<Change.modified: 2>, '/workspace/app/backend/logs/app_20260519_062750.log')}
2026-05-19 06:28:34,494 - watchfiles.main - DEBUG - 1 change detected: {(<Change.modified: 2>, '/workspace/app/backend/logs/app_20260519_062750.log')}
2026-05-19 06:28:34,845 - watchfiles.main - DEBUG - 1 change detected: {(<Change.modified: 2>, '/workspace/app/backend/logs/app_20260519_062750.log')}
2026-05-19 06:28:35,196 - watchfiles.main - DEBUG - 1 change detected: {(<Change.modified: 2>, '/workspace/app/backend/logs/app_20260519_062750.log')}
2026-05-19 06:28:35,547 - watchfiles.main - DEBUG - 1 change detected: {(<Change.modified: 2>, '/workspace/app/backend/logs/app_20260519_062750.log')}
2026-05-19 06:28:35,898 - watchfiles.main - DEBUG - 1 change detected: {(<Change.modified: 2>, '/workspace/app/backend/logs/app_20260519_062750.log')}
2026-05-19 06:28:36,249 - watchfiles.main - DEBUG - 1 change detected: {(<Change.modified: 2>, '/workspace/app/backend/logs/app_20260519_062750.log')}
2026-05-19 06:28:36,600 - watchfiles.main - DEBUG - 1 change detected: {(<Change.modified: 2>, '/workspace/app/backend/logs/app_20260519_062750.log')}
2026-05-19 06:28:36,951 - watchfiles.main - DEBUG - 1 change detected: {(<Change.modified: 2>, '/workspace/app/backend/logs/app_20260519_062750.log')}
2026-05-19 06:28:37,302 - watchfiles.main - DEBUG - 1 change detected: {(<Change.modified: 2>, '/workspace/app/backend/logs/app_20260519_062750.log')}
2026-05-19 06:28:37,653 - watchfiles.main - DEBUG - 1 change detected: {(<Change.modified: 2>, '/workspace/app/backend/logs/app_20260519_062750.log')}
2026-05-19 06:28:38,004 - watchfiles.main - DEBUG - 1 change detected: {(<Change.modified: 2>, '/workspace/app/backend/logs/app_20260519_062750.log')}
2026-05-19 06:28:38,354 - watchfiles.main - DEBUG - 1 change detected: {(<Change.modified: 2>, '/workspace/app/backend/logs/app_20260519_062750.log')}
2026-05-19 06:28:38,705 - watchfiles.main - DEBUG - 1 change detected: {(<Change.modified: 2>, '/workspace/app/backend/logs/app_20260519_062750.log')}
2026-05-19 06:28:39,056 - watchfiles.main - DEBUG - 1 change detected: {(<Change.modified: 2>, '/workspace/app/backend/logs/app_20260519_062750.log')}
2026-05-19 06:28:39,407 - watchfiles.main - DEBUG - 1 change detected: {(<Change.modified: 2>, '/workspace/app/backend/logs/app_20260519_062750.log')}
2026-05-19 06:28:39,758 - watchfiles.main - DEBUG - 1 change detected: {(<Change.modified: 2>, '/workspace/app/backend/logs/app_20260519_062750.log')}
2026-05-19 06:28:40,109 - watchfiles.main - DEBUG - 1 change detected: {(<Change.modified: 2>, '/workspace/app/backend/logs/app_20260519_062750.log')}
2026-05-19 06:28:40,460 - watchfiles.main - DEBUG - 1 change detected: {(<Change.modified: 2>, '/workspace/app/backend/logs/app_20260519_062750.log')}
2026-05-19 06:28:40,811 - watchfiles.main - DEBUG - 1 change detected: {(<Change.modified: 2>, '/workspace/app/backend/logs/app_20260519_062750.log')}
2026-05-19 06:28:41,162 - watchfiles.main - DEBUG - 1 change detected: {(<Change.modified: 2>, '/workspace/app/backend/logs/app_20260519_062750.log')}
2026-05-19 06:28:41,513 - watchfiles.main - DEBUG - 1 change detected: {(<Change.modified: 2>, '/workspace/app/backend/logs/app_20260519_062750.log')}
2026-05-19 06:28:41,865 - watchfiles.main - DEBUG - 1 change detected: {(<Change.modified: 2>, '/workspace/app/backend/logs/app_20260519_062750.log')}
2026-05-19 06:28:42,216 - watchfiles.main - DEBUG - 1 change detected: {(<Change.modified: 2>, '/workspace/app/backend/logs/app_20260519_062750.log')}
2026-05-19 06:28:42,567 - watchfiles.main - DEBUG - 1 change detected: {(<Change.modified: 2>, '/workspace/app/backend/logs/app_20260519_062750.log')}
2026-05-19 06:28:42,918 - watchfiles.main - DEBUG - 1 change detected: {(<Change.modified: 2>, '/workspace/app/backend/logs/app_20260519_062750.log')}
2026-05-19 06:28:43,269 - watchfiles.main - DEBUG - 1 change detected: {(<Change.modified: 2>, '/workspace/app/backend/logs/app_20260519_062750.log')}
2026-05-19 06:28:43,620 - watchfiles.main - DEBUG - 1 change detected: {(<Change.modified: 2>, '/workspace/app/backend/logs/app_20260519_062750.log')}
2026-05-19 06:28:43,971 - watchfiles.main - DEBUG - 1 change detected: {(<Change.modified: 2>, '/workspace/app/backend/logs/app_20260519_062750.log')}
2026-05-19 06:28:44,322 - watchfiles.main - DEBUG - 1 change detected: {(<Change.modified: 2>, '/workspace/app/backend/logs/app_20260519_062750.log')}
2026-05-19 06:28:44,674 - watchfiles.main - DEBUG - 1 change detected: {(<Change.modified: 2>, '/workspace/app/backend/logs/app_20260519_062750.log')}
2026-05-19 06:28:45,025 - watchfiles.main - DEBUG - 1 change detected: {(<Change.modified: 2>, '/workspace/app/backend/logs/app_20260519_062750.log')}
2026-05-19 06:28:45,376 - watchfiles.main - DEBUG - 1 change detected: {(<Change.modified: 2>, '/workspace/app/backend/logs/app_20260519_062750.log')}
2026-05-19 06:28:45,727 - watchfiles.main - DEBUG - 1 change detected: {(<Change.modified: 2>, '/workspace/app/backend/logs/app_20260519_062750.log')}
2026-05-19 06:28:46,078 - watchfiles.main - DEBUG - 1 change detected: {(<Change.modified: 2>, '/workspace/app/backend/logs/app_20260519_062750.log')}
2026-05-19 06:28:46,429 - watchfiles.main - DEBUG - 1 change detected: {(<Change.modified: 2>, '/workspace/app/backend/logs/app_20260519_062750.log')}
2026-05-19 06:28:46,780 - watchfiles.main - DEBUG - 1 change detected: {(<Change.modified: 2>, '/workspace/app/backend/logs/app_20260519_062750.log')}
2026-05-19 06:28:47,131 - watchfiles.main - DEBUG - 1 change detected: {(<Change.modified: 2>, '/workspace/app/backend/logs/app_20260519_062750.log')}
2026-05-19 06:28:47,482 - watchfiles.main - DEBUG - 1 change detected: {(<Change.modified: 2>, '/workspace/app/backend/logs/app_20260519_062750.log')}
2026-05-19 06:28:47,833 - watchfiles.main - DEBUG - 1 change detected: {(<Change.modified: 2>, '/workspace/app/backend/logs/app_20260519_062750.log')}
2026-05-19 06:28:48,184 - watchfiles.main - DEBUG - 1 change detected: {(<Change.modified: 2>, '/workspace/app/backend/logs/app_20260519_062750.log')}
2026-05-19 06:28:48,535 - watchfiles.main - DEBUG - 1 change detected: {(<Change.modified: 2>, '/workspace/app/backend/logs/app_20260519_062750.log')}
2026-05-19 06:28:48,886 - watchfiles.main - DEBUG - 1 change detected: {(<Change.modified: 2>, '/workspace/app/backend/logs/app_20260519_062750.log')}
2026-05-19 06:28:49,237 - watchfiles.main - DEBUG - 1 change detected: {(<Change.modified: 2>, '/workspace/app/backend/logs/app_20260519_062750.log')}
2026-05-19 06:28:49,588 - watchfiles.main - DEBUG - 1 change detected: {(<Change.modified: 2>, '/workspace/app/backend/logs/app_20260519_062750.log')}
2026-05-19 06:28:49,939 - watchfiles.main - DEBUG - 1 change detected: {(<Change.modified: 2>, '/workspace/app/backend/logs/app_20260519_062750.log')}
2026-05-19 06:28:50,290 - watchfiles.main - DEBUG - 1 change detected: {(<Change.modified: 2>, '/workspace/app/backend/logs/app_20260519_062750.log')}
2026-05-19 06:28:50,641 - watchfiles.main - DEBUG - 1 change detected: {(<Change.modified: 2>, '/workspace/app/backend/logs/app_20260519_062750.log')}
2026-05-19 06:28:50,992 - watchfiles.main - DEBUG - 1 change detected: {(<Change.modified: 2>, '/workspace/app/backend/logs/app_20260519_062750.log')}
2026-05-19 06:28:51,343 - watchfiles.main - DEBUG - 1 change detected: {(<Change.modified: 2>, '/workspace/app/backend/logs/app_20260519_062750.log')}
2026-05-19 06:28:51,693 - watchfiles.main - DEBUG - 1 change detected: {(<Change.modified: 2>, '/workspace/app/backend/logs/app_20260519_062750.log')}
2026-05-19 06:28:52,044 - watchfiles.main - DEBUG - 1 change detected: {(<Change.modified: 2>, '/workspace/app/backend/logs/app_20260519_062750.log')}
2026-05-19 06:28:52,395 - watchfiles.main - DEBUG - 1 change detected: {(<Change.modified: 2>, '/workspace/app/backend/logs/app_20260519_062750.log')}
2026-05-19 06:28:52,746 - watchfiles.main - DEBUG - 1 change detected: {(<Change.modified: 2>, '/workspace/app/backend/logs/app_20260519_062750.log')}
2026-05-19 06:28:53,097 - watchfiles.main - DEBUG - 1 change detected: {(<Change.modified: 2>, '/workspace/app/backend/logs/app_20260519_062750.log')}
2026-05-19 06:28:53,448 - watchfiles.main - DEBUG - 1 change detected: {(<Change.modified: 2>, '/workspace/app/backend/logs/app_20260519_062750.log')}
2026-05-19 06:28:53,799 - watchfiles.main - DEBUG - 1 change detected: {(<Change.modified: 2>, '/workspace/app/backend/logs/app_20260519_062750.log')}
2026-05-19 06:28:54,150 - watchfiles.main - DEBUG - 1 change detected: {(<Change.modified: 2>, '/workspace/app/backend/logs/app_20260519_062750.log')}
2026-05-19 06:28:54,501 - watchfiles.main - DEBUG - 1 change detected: {(<Change.modified: 2>, '/workspace/app/backend/logs/app_20260519_062750.log')}
2026-05-19 06:28:54,852 - watchfiles.main - DEBUG - 1 change detected: {(<Change.modified: 2>, '/workspace/app/backend/logs/app_20260519_062750.log')}
2026-05-19 06:28:55,203 - watchfiles.main - DEBUG - 1 change detected: {(<Change.modified: 2>, '/workspace/app/backend/logs/app_20260519_062750.log')}
2026-05-19 06:28:55,554 - watchfiles.main - DEBUG - 1 change detected: {(<Change.modified: 2>, '/workspace/app/backend/logs/app_20260519_062750.log')}
2026-05-19 06:28:55,906 - watchfiles.main - DEBUG - 1 change detected: {(<Change.modified: 2>, '/workspace/app/backend/logs/app_20260519_062750.log')}
2026-05-19 06:28:56,257 - watchfiles.main - DEBUG - 1 change detected: {(<Change.modified: 2>, '/workspace/app/backend/logs/app_20260519_062750.log')}
2026-05-19 06:28:56,608 - watchfiles.main - DEBUG - 1 change detected: {(<Change.modified: 2>, '/workspace/app/backend/logs/app_20260519_062750.log')}
2026-05-19 06:28:56,959 - watchfiles.main - DEBUG - 1 change detected: {(<Change.modified: 2>, '/workspace/app/backend/logs/app_20260519_062750.log')}
2026-05-19 06:28:57,310 - watchfiles.main - DEBUG - 1 change detected: {(<Change.modified: 2>, '/workspace/app/backend/logs/app_20260519_062750.log')}
2026-05-19 06:28:57,662 - watchfiles.main - DEBUG - 1 change detected: {(<Change.modified: 2>, '/workspace/app/backend/logs/app_20260519_062750.log')}
2026-05-19 06:28:58,013 - watchfiles.main - DEBUG - 1 change detected: {(<Change.modified: 2>, '/workspace/app/backend/logs/app_20260519_062750.log')}
2026-05-19 06:28:58,364 - watchfiles.main - DEBUG - 1 change detected: {(<Change.modified: 2>, '/workspace/app/backend/logs/app_20260519_062750.log')}
2026-05-19 06:28:58,715 - watchfiles.main - DEBUG - 1 change detected: {(<Change.modified: 2>, '/workspace/app/backend/logs/app_20260519_062750.log')}
2026-05-19 06:28:59,066 - watchfiles.main - DEBUG - 1 change detected: {(<Change.modified: 2>, '/workspace/app/backend/logs/app_20260519_062750.log')}
2026-05-19 06:28:59,417 - watchfiles.main - DEBUG - 1 change detected: {(<Change.modified: 2>, '/workspace/app/backend/logs/app_20260519_062750.log')}
2026-05-19 06:28:59,767 - watchfiles.main - DEBUG - 1 change detected: {(<Change.modified: 2>, '/workspace/app/backend/logs/app_20260519_062750.log')}
2026-05-19 06:29:00,119 - watchfiles.main - DEBUG - 1 change detected: {(<Change.modified: 2>, '/workspace/app/backend/logs/app_20260519_062750.log')}
2026-05-19 06:29:00,469 - watchfiles.main - DEBUG - 1 change detected: {(<Change.modified: 2>, '/workspace/app/backend/logs/app_20260519_062750.log')}
2026-05-19 06:29:00,820 - watchfiles.main - DEBUG - 1 change detected: {(<Change.modified: 2>, '/workspace/app/backend/logs/app_20260519_062750.log')}
2026-05-19 06:29:01,171 - watchfiles.main - DEBUG - 1 change detected: {(<Change.modified: 2>, '/workspace/app/backend/logs/app_20260519_062750.log')}
2026-05-19 06:29:01,522 - watchfiles.main - DEBUG - 1 change detected: {(<Change.modified: 2>, '/workspace/app/backend/logs/app_20260519_062750.log')}
2026-05-19 06:29:01,873 - watchfiles.main - DEBUG - 1 change detected: {(<Change.modified: 2>, '/workspace/app/backend/logs/app_20260519_062750.log')}
2026-05-19 06:29:02,224 - watchfiles.main - DEBUG - 1 change detected: {(<Change.modified: 2>, '/workspace/app/backend/logs/app_20260519_062750.log')}
2026-05-19 06:29:02,576 - watchfiles.main - DEBUG - 1 change detected: {(<Change.modified: 2>, '/workspace/app/backend/logs/app_20260519_062750.log')}
2026-05-19 06:29:02,927 - watchfiles.main - DEBUG - 1 change detected: {(<Change.modified: 2>, '/workspace/app/backend/logs/app_20260519_062750.log')}
2026-05-19 06:29:03,278 - watchfiles.main - DEBUG - 1 change detected: {(<Change.modified: 2>, '/workspace/app/backend/logs/app_20260519_062750.log')}
2026-05-19 06:29:03,629 - watchfiles.main - DEBUG - 1 change detected: {(<Change.modified: 2>, '/workspace/app/backend/logs/app_20260519_062750.log')}
2026-05-19 06:29:03,980 - watchfiles.main - DEBUG - 1 change detected: {(<Change.modified: 2>, '/workspace/app/backend/logs/app_20260519_062750.log')}
2026-05-19 06:29:04,332 - watchfiles.main - DEBUG - 1 change detected: {(<Change.modified: 2>, '/workspace/app/backend/logs/app_20260519_062750.log')}
2026-05-19 06:29:04,683 - watchfiles.main - DEBUG - 1 change detected: {(<Change.modified: 2>, '/workspace/app/backend/logs/app_20260519_062750.log')}
2026-05-19 06:29:05,034 - watchfiles.main - DEBUG - 1 change detected: {(<Change.modified: 2>, '/workspace/app/backend/logs/app_20260519_062750.log')}
2026-05-19 06:29:05,385 - watchfiles.main - DEBUG - 1 change detected: {(<Change.modified: 2>, '/workspace/app/backend/logs/app_20260519_062750.log')}
2026-05-19 06:29:05,736 - watchfiles.main - DEBUG - 1 change detected: {(<Change.modified: 2>, '/workspace/app/backend/logs/app_20260519_062750.log')}
2026-05-19 06:29:06,087 - watchfiles.main - DEBUG - 1 change detected: {(<Change.modified: 2>, '/workspace/app/backend/logs/app_20260519_062750.log')}
2026-05-19 06:29:06,437 - watchfiles.main - DEBUG - 1 change detected: {(<Change.modified: 2>, '/workspace/app/backend/logs/app_20260519_062750.log')}
2026-05-19 06:29:06,789 - watchfiles.main - DEBUG - 1 change detected: {(<Change.modified: 2>, '/workspace/app/backend/logs/app_20260519_062750.log')}
2026-05-19 06:29:07,140 - watchfiles.main - DEBUG - 1 change detected: {(<Change.modified: 2>, '/workspace/app/backend/logs/app_20260519_062750.log')}
2026-05-19 06:29:07,491 - watchfiles.main - DEBUG - 1 change detected: {(<Change.modified: 2>, '/workspace/app/backend/logs/app_20260519_062750.log')}
2026-05-19 06:29:07,842 - watchfiles.main - DEBUG - 1 change detected: {(<Change.modified: 2>, '/workspace/app/backend/logs/app_20260519_062750.log')}
2026-05-19 06:29:08,194 - watchfiles.main - DEBUG - 1 change detected: {(<Change.modified: 2>, '/workspace/app/backend/logs/app_20260519_062750.log')}
2026-05-19 06:29:08,545 - watchfiles.main - DEBUG - 1 change detected: {(<Change.modified: 2>, '/workspace/app/backend/logs/app_20260519_062750.log')}
2026-05-19 06:29:08,896 - watchfiles.main - DEBUG - 1 change detected: {(<Change.modified: 2>, '/workspace/app/backend/logs/app_20260519_062750.log')}
2026-05-19 06:29:09,248 - watchfiles.main - DEBUG - 1 change detected: {(<Change.modified: 2>, '/workspace/app/backend/logs/app_20260519_062750.log')}
2026-05-19 06:29:09,599 - watchfiles.main - DEBUG - 1 change detected: {(<Change.modified: 2>, '/workspace/app/backend/logs/app_20260519_062750.log')}
2026-05-19 06:29:09,950 - watchfiles.main - DEBUG - 1 change detected: {(<Change.modified: 2>, '/workspace/app/backend/logs/app_20260519_062750.log')}
2026-05-19 06:29:10,301 - watchfiles.main - DEBUG - 1 change detected: {(<Change.modified: 2>, '/workspace/app/backend/logs/app_20260519_062750.log')}
2026-05-19 06:29:10,652 - watchfiles.main - DEBUG - 1 change detected: {(<Change.modified: 2>, '/workspace/app/backend/logs/app_20260519_062750.log')}
2026-05-19 06:29:11,003 - watchfiles.main - DEBUG - 1 change detected: {(<Change.modified: 2>, '/workspace/app/backend/logs/app_20260519_062750.log')}
2026-05-19 06:29:11,354 - watchfiles.main - DEBUG - 1 change detected: {(<Change.modified: 2>, '/workspace/app/backend/logs/app_20260519_062750.log')}
2026-05-19 06:29:11,705 - watchfiles.main - DEBUG - 1 change detected: {(<Change.modified: 2>, '/workspace/app/backend/logs/app_20260519_062750.log')}
2026-05-19 06:29:12,056 - watchfiles.main - DEBUG - 1 change detected: {(<Change.modified: 2>, '/workspace/app/backend/logs/app_20260519_062750.log')}
2026-05-19 06:29:12,407 - watchfiles.main - DEBUG - 1 change detected: {(<Change.modified: 2>, '/workspace/app/backend/logs/app_20260519_062750.log')}
2026-05-19 06:29:12,758 - watchfiles.main - DEBUG - 1 change detected: {(<Change.modified: 2>, '/workspace/app/backend/logs/app_20260519_062750.log')}
2026-05-19 06:29:13,109 - watchfiles.main - DEBUG - 1 change detected: {(<Change.modified: 2>, '/workspace/app/backend/logs/app_20260519_062750.log')}
2026-05-19 06:29:13,460 - watchfiles.main - DEBUG - 1 change detected: {(<Change.modified: 2>, '/workspace/app/backend/logs/app_20260519_062750.log')}
2026-05-19 06:29:13,810 - watchfiles.main - DEBUG - 1 change detected: {(<Change.modified: 2>, '/workspace/app/backend/logs/app_20260519_062750.log')}
2026-05-19 06:29:14,161 - watchfiles.main - DEBUG - 1 change detected: {(<Change.modified: 2>, '/workspace/app/backend/logs/app_20260519_062750.log')}
2026-05-19 06:29:14,512 - watchfiles.main - DEBUG - 1 change detected: {(<Change.modified: 2>, '/workspace/app/backend/logs/app_20260519_062750.log')}
2026-05-19 06:29:14,863 - watchfiles.main - DEBUG - 1 change detected: {(<Change.modified: 2>, '/workspace/app/backend/logs/app_20260519_062750.log')}
2026-05-19 06:29:15,217 - watchfiles.main - DEBUG - 1 change detected: {(<Change.modified: 2>, '/workspace/app/backend/logs/app_20260519_062750.log')}
2026-05-19 06:29:15,568 - watchfiles.main - DEBUG - 1 change detected: {(<Change.modified: 2>, '/workspace/app/backend/logs/app_20260519_062750.log')}
2026-05-19 06:29:15,919 - watchfiles.main - DEBUG - 1 change detected: {(<Change.modified: 2>, '/workspace/app/backend/logs/app_20260519_062750.log')}
2026-05-19 06:29:16,270 - watchfiles.main - DEBUG - 1 change detected: {(<Change.modified: 2>, '/workspace/app/backend/logs/app_20260519_062750.log')}
2026-05-19 06:29:16,621 - watchfiles.main - DEBUG - 1 change detected: {(<Change.modified: 2>, '/workspace/app/backend/logs/app_20260519_062750.log')}
2026-05-19 06:29:16,972 - watchfiles.main - DEBUG - 1 change detected: {(<Change.modified: 2>, '/workspace/app/backend/logs/app_20260519_062750.log')}
2026-05-19 06:29:17,323 - watchfiles.main - DEBUG - 1 change detected: {(<Change.modified: 2>, '/workspace/app/backend/logs/app_20260519_062750.log')}
2026-05-19 06:29:17,674 - watchfiles.main - DEBUG - 1 change detected: {(<Change.modified: 2>, '/workspace/app/backend/logs/app_20260519_062750.log')}
2026-05-19 06:29:18,025 - watchfiles.main - DEBUG - 1 change detected: {(<Change.modified: 2>, '/workspace/app/backend/logs/app_20260519_062750.log')}
2026-05-19 06:29:18,376 - watchfiles.main - DEBUG - 1 change detected: {(<Change.modified: 2>, '/workspace/app/backend/logs/app_20260519_062750.log')}
2026-05-19 06:29:18,727 - watchfiles.main - DEBUG - 1 change detected: {(<Change.modified: 2>, '/workspace/app/backend/logs/app_20260519_062750.log')}
2026-05-19 06:29:19,078 - watchfiles.main - DEBUG - 1 change detected: {(<Change.modified: 2>, '/workspace/app/backend/logs/app_20260519_062750.log')}
2026-05-19 06:29:19,429 - watchfiles.main - DEBUG - 1 change detected: {(<Change.modified: 2>, '/workspace/app/backend/logs/app_20260519_062750.log')}
2026-05-19 06:29:19,780 - watchfiles.main - DEBUG - 1 change detected: {(<Change.modified: 2>, '/workspace/app/backend/logs/app_20260519_062750.log')}
2026-05-19 06:29:20,131 - watchfiles.main - DEBUG - 1 change detected: {(<Change.modified: 2>, '/workspace/app/backend/logs/app_20260519_062750.log')}
2026-05-19 06:29:20,482 - watchfiles.main - DEBUG - 1 change detected: {(<Change.modified: 2>, '/workspace/app/backend/logs/app_20260519_062750.log')}
2026-05-19 06:29:20,833 - watchfiles.main - DEBUG - 1 change detected: {(<Change.modified: 2>, '/workspace/app/backend/logs/app_20260519_062750.log')}
2026-05-19 06:29:21,184 - watchfiles.main - DEBUG - 1 change detected: {(<Change.modified: 2>, '/workspace/app/backend/logs/app_20260519_062750.log')}
2026-05-19 06:29:21,535 - watchfiles.main - DEBUG - 1 change detected: {(<Change.modified: 2>, '/workspace/app/backend/logs/app_20260519_062750.log')}
2026-05-19 06:29:21,886 - watchfiles.main - DEBUG - 1 change detected: {(<Change.modified: 2>, '/workspace/app/backend/logs/app_20260519_062750.log')}
2026-05-19 06:29:22,237 - watchfiles.main - DEBUG - 1 change detected: {(<Change.modified: 2>, '/workspace/app/backend/logs/app_20260519_062750.log')}
2026-05-19 06:29:22,588 - watchfiles.main - DEBUG - 1 change detected: {(<Change.modified: 2>, '/workspace/app/backend/logs/app_20260519_062750.log')}
2026-05-19 06:29:22,939 - watchfiles.main - DEBUG - 1 change detected: {(<Change.modified: 2>, '/workspace/app/backend/logs/app_20260519_062750.log')}
2026-05-19 06:29:23,290 - watchfiles.main - DEBUG - 1 change detected: {(<Change.modified: 2>, '/workspace/app/backend/logs/app_20260519_062750.log')}
2026-05-19 06:29:23,641 - watchfiles.main - DEBUG - 1 change detected: {(<Change.modified: 2>, '/workspace/app/backend/logs/app_20260519_062750.log')}
2026-05-19 06:29:23,992 - watchfiles.main - DEBUG - 1 change detected: {(<Change.modified: 2>, '/workspace/app/backend/logs/app_20260519_062750.log')}
2026-05-19 06:29:24,343 - watchfiles.main - DEBUG - 1 change detected: {(<Change.modified: 2>, '/workspace/app/backend/logs/app_20260519_062750.log')}
2026-05-19 06:29:24,694 - watchfiles.main - DEBUG - 1 change detected: {(<Change.modified: 2>, '/workspace/app/backend/logs/app_20260519_062750.log')}
2026-05-19 06:29:25,046 - watchfiles.main - DEBUG - 1 change detected: {(<Change.modified: 2>, '/workspace/app/backend/logs/app_20260519_062750.log')}
2026-05-19 06:29:25,396 - watchfiles.main - DEBUG - 1 change detected: {(<Change.modified: 2>, '/workspace/app/backend/logs/app_20260519_062750.log')}
2026-05-19 06:29:25,747 - watchfiles.main - DEBUG - 1 change detected: {(<Change.modified: 2>, '/workspace/app/backend/logs/app_20260519_062750.log')}
2026-05-19 06:29:26,098 - watchfiles.main - DEBUG - 1 change detected: {(<Change.modified: 2>, '/workspace/app/backend/logs/app_20260519_062750.log')}
2026-05-19 06:29:26,449 - watchfiles.main - DEBUG - 1 change detected: {(<Change.modified: 2>, '/workspace/app/backend/logs/app_20260519_062750.log')}
2026-05-19 06:29:26,800 - watchfiles.main - DEBUG - 1 change detected: {(<Change.modified: 2>, '/workspace/app/backend/logs/app_20260519_062750.log')}
2026-05-19 06:29:27,151 - watchfiles.main - DEBUG - 1 change detected: {(<Change.modified: 2>, '/workspace/app/backend/logs/app_20260519_062750.log')}
2026-05-19 06:29:27,502 - watchfiles.main - DEBUG - 1 change detected: {(<Change.modified: 2>, '/workspace/app/backend/logs/app_20260519_062750.log')}
2026-05-19 06:29:27,854 - watchfiles.main - DEBUG - 1 change detected: {(<Change.modified: 2>, '/workspace/app/backend/logs/app_20260519_062750.log')}
2026-05-19 06:29:28,205 - watchfiles.main - DEBUG - 1 change detected: {(<Change.modified: 2>, '/workspace/app/backend/logs/app_20260519_062750.log')}
2026-05-19 06:29:28,555 - watchfiles.main - DEBUG - 1 change detected: {(<Change.modified: 2>, '/workspace/app/backend/logs/app_20260519_062750.log')}
2026-05-19 06:29:28,906 - watchfiles.main - DEBUG - 1 change detected: {(<Change.modified: 2>, '/workspace/app/backend/logs/app_20260519_062750.log')}
2026-05-19 06:29:29,257 - watchfiles.main - DEBUG - 1 change detected: {(<Change.modified: 2>, '/workspace/app/backend/logs/app_20260519_062750.log')}
2026-05-19 06:29:29,608 - watchfiles.main - DEBUG - 1 change detected: {(<Change.modified: 2>, '/workspace/app/backend/logs/app_20260519_062750.log')}
2026-05-19 06:29:29,959 - watchfiles.main - DEBUG - 1 change detected: {(<Change.modified: 2>, '/workspace/app/backend/logs/app_20260519_062750.log')}
2026-05-19 06:29:30,310 - watchfiles.main - DEBUG - 1 change detected: {(<Change.modified: 2>, '/workspace/app/backend/logs/app_20260519_062750.log')}
2026-05-19 06:29:30,662 - watchfiles.main - DEBUG - 1 change detected: {(<Change.modified: 2>, '/workspace/app/backend/logs/app_20260519_062750.log')}
2026-05-19 06:29:31,013 - watchfiles.main - DEBUG - 1 change detected: {(<Change.modified: 2>, '/workspace/app/backend/logs/app_20260519_062750.log')}
2026-05-19 06:29:31,364 - watchfiles.main - DEBUG - 1 change detected: {(<Change.modified: 2>, '/workspace/app/backend/logs/app_20260519_062750.log')}
2026-05-19 06:29:31,715 - watchfiles.main - DEBUG - 1 change detected: {(<Change.modified: 2>, '/workspace/app/backend/logs/app_20260519_062750.log')}
2026-05-19 06:29:32,066 - watchfiles.main - DEBUG - 1 change detected: {(<Change.modified: 2>, '/workspace/app/backend/logs/app_20260519_062750.log')}
2026-05-19 06:29:32,417 - watchfiles.main - DEBUG - 1 change detected: {(<Change.modified: 2>, '/workspace/app/backend/logs/app_20260519_062750.log')}
2026-05-19 06:29:32,768 - watchfiles.main - DEBUG - 1 change detected: {(<Change.modified: 2>, '/workspace/app/backend/logs/app_20260519_062750.log')}
2026-05-19 06:29:33,119 - watchfiles.main - DEBUG - 1 change detected: {(<Change.modified: 2>, '/workspace/app/backend/logs/app_20260519_062750.log')}
2026-05-19 06:29:33,470 - watchfiles.main - DEBUG - 1 change detected: {(<Change.modified: 2>, '/workspace/app/backend/logs/app_20260519_062750.log')}
2026-05-19 06:29:33,821 - watchfiles.main - DEBUG - 1 change detected: {(<Change.modified: 2>, '/workspace/app/backend/logs/app_20260519_062750.log')}
2026-05-19 06:29:34,172 - watchfiles.main - DEBUG - 1 change detected: {(<Change.modified: 2>, '/workspace/app/backend/logs/app_20260519_062750.log')}
2026-05-19 06:29:34,523 - watchfiles.main - DEBUG - 1 change detected: {(<Change.modified: 2>, '/workspace/app/backend/logs/app_20260519_062750.log')}
2026-05-19 06:29:34,874 - watchfiles.main - DEBUG - 1 change detected: {(<Change.modified: 2>, '/workspace/app/backend/logs/app_20260519_062750.log')}
2026-05-19 06:29:35,225 - watchfiles.main - DEBUG - 1 change detected: {(<Change.modified: 2>, '/workspace/app/backend/logs/app_20260519_062750.log')}
2026-05-19 06:29:35,575 - watchfiles.main - DEBUG - 1 change detected: {(<Change.modified: 2>, '/workspace/app/backend/logs/app_20260519_062750.log')}
2026-05-19 06:29:35,927 - watchfiles.main - DEBUG - 1 change detected: {(<Change.modified: 2>, '/workspace/app/backend/logs/app_20260519_062750.log')}
2026-05-19 06:29:36,277 - watchfiles.main - DEBUG - 1 change detected: {(<Change.modified: 2>, '/workspace/app/backend/logs/app_20260519_062750.log')}
2026-05-19 06:29:36,628 - watchfiles.main - DEBUG - 1 change detected: {(<Change.modified: 2>, '/workspace/app/backend/logs/app_20260519_062750.log')}
2026-05-19 06:29:36,979 - watchfiles.main - DEBUG - 1 change detected: {(<Change.modified: 2>, '/workspace/app/backend/logs/app_20260519_062750.log')}
2026-05-19 06:29:37,331 - watchfiles.main - DEBUG - 1 change detected: {(<Change.modified: 2>, '/workspace/app/backend/logs/app_20260519_062750.log')}
2026-05-19 06:29:37,682 - watchfiles.main - DEBUG - 1 change detected: {(<Change.modified: 2>, '/workspace/app/backend/logs/app_20260519_062750.log')}
2026-05-19 06:29:38,033 - watchfiles.main - DEBUG - 1 change detected: {(<Change.modified: 2>, '/workspace/app/backend/logs/app_20260519_062750.log')}
2026-05-19 06:29:38,384 - watchfiles.main - DEBUG - 1 change detected: {(<Change.modified: 2>, '/workspace/app/backend/logs/app_20260519_062750.log')}
2026-05-19 06:29:38,735 - watchfiles.main - DEBUG - 1 change detected: {(<Change.modified: 2>, '/workspace/app/backend/logs/app_20260519_062750.log')}
2026-05-19 06:29:39,085 - watchfiles.main - DEBUG - 1 change detected: {(<Change.modified: 2>, '/workspace/app/backend/logs/app_20260519_062750.log')}
2026-05-19 06:29:39,437 - watchfiles.main - DEBUG - 1 change detected: {(<Change.modified: 2>, '/workspace/app/backend/logs/app_20260519_062750.log')}
2026-05-19 06:29:39,788 - watchfiles.main - DEBUG - 1 change detected: {(<Change.modified: 2>, '/workspace/app/backend/logs/app_20260519_062750.log')}
2026-05-19 06:29:40,138 - watchfiles.main - DEBUG - 1 change detected: {(<Change.modified: 2>, '/workspace/app/backend/logs/app_20260519_062750.log')}
2026-05-19 06:29:40,489 - watchfiles.main - DEBUG - 1 change detected: {(<Change.modified: 2>, '/workspace/app/backend/logs/app_20260519_062750.log')}
2026-05-19 06:29:40,840 - watchfiles.main - DEBUG - 1 change detected: {(<Change.modified: 2>, '/workspace/app/backend/logs/app_20260519_062750.log')}
2026-05-19 06:29:41,191 - watchfiles.main - DEBUG - 1 change detected: {(<Change.modified: 2>, '/workspace/app/backend/logs/app_20260519_062750.log')}
2026-05-19 06:29:41,542 - watchfiles.main - DEBUG - 1 change detected: {(<Change.modified: 2>, '/workspace/app/backend/logs/app_20260519_062750.log')}
2026-05-19 06:29:41,893 - watchfiles.main - DEBUG - 1 change detected: {(<Change.modified: 2>, '/workspace/app/backend/logs/app_20260519_062750.log')}
2026-05-19 06:29:42,244 - watchfiles.main - DEBUG - 1 change detected: {(<Change.modified: 2>, '/workspace/app/backend/logs/app_20260519_062750.log')}
2026-05-19 06:29:42,595 - watchfiles.main - DEBUG - 1 change detected: {(<Change.modified: 2>, '/workspace/app/backend/logs/app_20260519_062750.log')}
2026-05-19 06:29:42,946 - watchfiles.main - DEBUG - 1 change detected: {(<Change.modified: 2>, '/workspace/app/backend/logs/app_20260519_062750.log')}
2026-05-19 06:29:43,297 - watchfiles.main - DEBUG - 1 change detected: {(<Change.modified: 2>, '/workspace/app/backend/logs/app_20260519_062750.log')}
2026-05-19 06:29:43,648 - watchfiles.main - DEBUG - 1 change detected: {(<Change.modified: 2>, '/workspace/app/backend/logs/app_20260519_062750.log')}
2026-05-19 06:29:44,000 - watchfiles.main - DEBUG - 1 change detected: {(<Change.modified: 2>, '/workspace/app/backend/logs/app_20260519_062750.log')}
2026-05-19 06:29:44,351 - watchfiles.main - DEBUG - 1 change detected: {(<Change.modified: 2>, '/workspace/app/backend/logs/app_20260519_062750.log')}
2026-05-19 06:29:44,702 - watchfiles.main - DEBUG - 1 change detected: {(<Change.modified: 2>, '/workspace/app/backend/logs/app_20260519_062750.log')}
2026-05-19 06:29:45,053 - watchfiles.main - DEBUG - 1 change detected: {(<Change.modified: 2>, '/workspace/app/backend/logs/app_20260519_062750.log')}
2026-05-19 06:29:45,404 - watchfiles.main - DEBUG - 1 change detected: {(<Change.modified: 2>, '/workspace/app/backend/logs/app_20260519_062750.log')}
2026-05-19 06:29:45,755 - watchfiles.main - DEBUG - 1 change detected: {(<Change.modified: 2>, '/workspace/app/backend/logs/app_20260519_062750.log')}
2026-05-19 06:29:46,106 - watchfiles.main - DEBUG - 1 change detected: {(<Change.modified: 2>, '/workspace/app/backend/logs/app_20260519_062750.log')}
2026-05-19 06:29:46,457 - watchfiles.main - DEBUG - 1 change detected: {(<Change.modified: 2>, '/workspace/app/backend/logs/app_20260519_062750.log')}
2026-05-19 06:29:46,808 - watchfiles.main - DEBUG - 1 change detected: {(<Change.modified: 2>, '/workspace/app/backend/logs/app_20260519_062750.log')}
2026-05-19 06:29:47,159 - watchfiles.main - DEBUG - 1 change detected: {(<Change.modified: 2>, '/workspace/app/backend/logs/app_20260519_062750.log')}
2026-05-19 06:29:47,510 - watchfiles.main - DEBUG - 1 change detected: {(<Change.modified: 2>, '/workspace/app/backend/logs/app_20260519_062750.log')}
2026-05-19 06:29:47,861 - watchfiles.main - DEBUG - 1 change detected: {(<Change.modified: 2>, '/workspace/app/backend/logs/app_20260519_062750.log')}
2026-05-19 06:29:48,212 - watchfiles.main - DEBUG - 1 change detected: {(<Change.modified: 2>, '/workspace/app/backend/logs/app_20260519_062750.log')}
2026-05-19 06:29:48,563 - watchfiles.main - DEBUG - 1 change detected: {(<Change.modified: 2>, '/workspace/app/backend/logs/app_20260519_062750.log')}
2026-05-19 06:29:48,915 - watchfiles.main - DEBUG - 1 change detected: {(<Change.modified: 2>, '/workspace/app/backend/logs/app_20260519_062750.log')}
2026-05-19 06:29:49,265 - watchfiles.main - DEBUG - 1 change detected: {(<Change.modified: 2>, '/workspace/app/backend/logs/app_20260519_062750.log')}
2026-05-19 06:29:49,617 - watchfiles.main - DEBUG - 1 change detected: {(<Change.modified: 2>, '/workspace/app/backend/logs/app_20260519_062750.log')}
2026-05-19 06:29:49,968 - watchfiles.main - DEBUG - 1 change detected: {(<Change.modified: 2>, '/workspace/app/backend/logs/app_20260519_062750.log')}
2026-05-19 06:29:50,319 - watchfiles.main - DEBUG - 1 change detected: {(<Change.modified: 2>, '/workspace/app/backend/logs/app_20260519_062750.log')}
2026-05-19 06:29:50,670 - watchfiles.main - DEBUG - 1 change detected: {(<Change.modified: 2>, '/workspace/app/backend/logs/app_20260519_062750.log')}
2026-05-19 06:29:51,021 - watchfiles.main - DEBUG - 1 change detected: {(<Change.modified: 2>, '/workspace/app/backend/logs/app_20260519_062750.log')}
2026-05-19 06:29:51,372 - watchfiles.main - DEBUG - 1 change detected: {(<Change.modified: 2>, '/workspace/app/backend/logs/app_20260519_062750.log')}
2026-05-19 06:29:51,723 - watchfiles.main - DEBUG - 1 change detected: {(<Change.modified: 2>, '/workspace/app/backend/logs/app_20260519_062750.log')}
2026-05-19 06:29:52,073 - watchfiles.main - DEBUG - 1 change detected: {(<Change.modified: 2>, '/workspace/app/backend/logs/app_20260519_062750.log')}
2026-05-19 06:29:52,424 - watchfiles.main - DEBUG - 1 change detected: {(<Change.modified: 2>, '/workspace/app/backend/logs/app_20260519_062750.log')}
2026-05-19 06:29:52,775 - watchfiles.main - DEBUG - 1 change detected: {(<Change.modified: 2>, '/workspace/app/backend/logs/app_20260519_062750.log')}
2026-05-19 06:29:53,126 - watchfiles.main - DEBUG - 1 change detected: {(<Change.modified: 2>, '/workspace/app/backend/logs/app_20260519_062750.log')}
2026-05-19 06:29:53,478 - watchfiles.main - DEBUG - 1 change detected: {(<Change.modified: 2>, '/workspace/app/backend/logs/app_20260519_062750.log')}
2026-05-19 06:29:53,828 - watchfiles.main - DEBUG - 1 change detected: {(<Change.modified: 2>, '/workspace/app/backend/logs/app_20260519_062750.log')}
2026-05-19 06:29:54,179 - watchfiles.main - DEBUG - 1 change detected: {(<Change.modified: 2>, '/workspace/app/backend/logs/app_20260519_062750.log')}
2026-05-19 06:29:54,530 - watchfiles.main - DEBUG - 1 change detected: {(<Change.modified: 2>, '/workspace/app/backend/logs/app_20260519_062750.log')}
2026-05-19 06:29:54,881 - watchfiles.main - DEBUG - 1 change detected: {(<Change.modified: 2>, '/workspace/app/backend/logs/app_20260519_062750.log')}
2026-05-19 06:29:55,232 - watchfiles.main - DEBUG - 1 change detected: {(<Change.modified: 2>, '/workspace/app/backend/logs/app_20260519_062750.log')}
2026-05-19 06:29:55,583 - watchfiles.main - DEBUG - 1 change detected: {(<Change.modified: 2>, '/workspace/app/backend/logs/app_20260519_062750.log')}
2026-05-19 06:29:55,934 - watchfiles.main - DEBUG - 1 change detected: {(<Change.modified: 2>, '/workspace/app/backend/logs/app_20260519_062750.log')}
2026-05-19 06:29:56,285 - watchfiles.main - DEBUG - 1 change detected: {(<Change.modified: 2>, '/workspace/app/backend/logs/app_20260519_062750.log')}
2026-05-19 06:29:56,636 - watchfiles.main - DEBUG - 1 change detected: {(<Change.modified: 2>, '/workspace/app/backend/logs/app_20260519_062750.log')}
2026-05-19 06:29:56,987 - watchfiles.main - DEBUG - 1 change detected: {(<Change.modified: 2>, '/workspace/app/backend/logs/app_20260519_062750.log')}
2026-05-19 06:29:57,338 - watchfiles.main - DEBUG - 1 change detected: {(<Change.modified: 2>, '/workspace/app/backend/logs/app_20260519_062750.log')}
2026-05-19 06:29:57,689 - watchfiles.main - DEBUG - 1 change detected: {(<Change.modified: 2>, '/workspace/app/backend/logs/app_20260519_062750.log')}
2026-05-19 06:29:58,040 - watchfiles.main - DEBUG - 1 change detected: {(<Change.modified: 2>, '/workspace/app/backend/logs/app_20260519_062750.log')}
2026-05-19 06:29:58,391 - watchfiles.main - DEBUG - 1 change detected: {(<Change.modified: 2>, '/workspace/app/backend/logs/app_20260519_062750.log')}
2026-05-19 06:29:58,742 - watchfiles.main - DEBUG - 1 change detected: {(<Change.modified: 2>, '/workspace/app/backend/logs/app_20260519_062750.log')}
2026-05-19 06:29:59,093 - watchfiles.main - DEBUG - 1 change detected: {(<Change.modified: 2>, '/workspace/app/backend/logs/app_20260519_062750.log')}
2026-05-19 06:29:59,444 - watchfiles.main - DEBUG - 1 change detected: {(<Change.modified: 2>, '/workspace/app/backend/logs/app_20260519_062750.log')}
2026-05-19 06:29:59,795 - watchfiles.main - DEBUG - 1 change detected: {(<Change.modified: 2>, '/workspace/app/backend/logs/app_20260519_062750.log')}
2026-05-19 06:30:00,146 - watchfiles.main - DEBUG - 1 change detected: {(<Change.modified: 2>, '/workspace/app/backend/logs/app_20260519_062750.log')}
2026-05-19 06:30:00,498 - watchfiles.main - DEBUG - 1 change detected: {(<Change.modified: 2>, '/workspace/app/backend/logs/app_20260519_062750.log')}
2026-05-19 06:30:00,849 - watchfiles.main - DEBUG - 1 change detected: {(<Change.modified: 2>, '/workspace/app/backend/logs/app_20260519_062750.log')}
2026-05-19 06:30:01,200 - watchfiles.main - DEBUG - 1 change detected: {(<Change.modified: 2>, '/workspace/app/backend/logs/app_20260519_062750.log')}
2026-05-19 06:30:01,551 - watchfiles.main - DEBUG - 1 change detected: {(<Change.modified: 2>, '/workspace/app/backend/logs/app_20260519_062750.log')}
2026-05-19 06:30:01,902 - watchfiles.main - DEBUG - 1 change detected: {(<Change.modified: 2>, '/workspace/app/backend/logs/app_20260519_062750.log')}
2026-05-19 06:30:02,253 - watchfiles.main - DEBUG - 1 change detected: {(<Change.modified: 2>, '/workspace/app/backend/logs/app_20260519_062750.log')}
2026-05-19 06:30:02,604 - watchfiles.main - DEBUG - 1 change detected: {(<Change.modified: 2>, '/workspace/app/backend/logs/app_20260519_062750.log')}
2026-05-19 06:30:02,955 - watchfiles.main - DEBUG - 1 change detected: {(<Change.modified: 2>, '/workspace/app/backend/logs/app_20260519_062750.log')}
2026-05-19 06:30:03,307 - watchfiles.main - DEBUG - 1 change detected: {(<Change.modified: 2>, '/workspace/app/backend/logs/app_20260519_062750.log')}
2026-05-19 06:30:03,658 - watchfiles.main - DEBUG - 1 change detected: {(<Change.modified: 2>, '/workspace/app/backend/logs/app_20260519_062750.log')}
2026-05-19 06:30:04,009 - watchfiles.main - DEBUG - 1 change detected: {(<Change.modified: 2>, '/workspace/app/backend/logs/app_20260519_062750.log')}
2026-05-19 06:30:04,359 - watchfiles.main - DEBUG - 1 change detected: {(<Change.modified: 2>, '/workspace/app/backend/logs/app_20260519_062750.log')}
2026-05-19 06:30:04,711 - watchfiles.main - DEBUG - 1 change detected: {(<Change.modified: 2>, '/workspace/app/backend/logs/app_20260519_062750.log')}
2026-05-19 06:30:05,062 - watchfiles.main - DEBUG - 1 change detected: {(<Change.modified: 2>, '/workspace/app/backend/logs/app_20260519_062750.log')}
2026-05-19 06:30:05,413 - watchfiles.main - DEBUG - 1 change detected: {(<Change.modified: 2>, '/workspace/app/backend/logs/app_20260519_062750.log')}
2026-05-19 06:30:05,764 - watchfiles.main - DEBUG - 1 change detected: {(<Change.modified: 2>, '/workspace/app/backend/logs/app_20260519_062750.log')}
2026-05-19 06:30:06,115 - watchfiles.main - DEBUG - 1 change detected: {(<Change.modified: 2>, '/workspace/app/backend/logs/app_20260519_062750.log')}
2026-05-19 06:30:06,466 - watchfiles.main - DEBUG - 1 change detected: {(<Change.modified: 2>, '/workspace/app/backend/logs/app_20260519_062750.log')}
2026-05-19 06:30:06,817 - watchfiles.main - DEBUG - 1 change detected: {(<Change.modified: 2>, '/workspace/app/backend/logs/app_20260519_062750.log')}
2026-05-19 06:30:07,168 - watchfiles.main - DEBUG - 1 change detected: {(<Change.modified: 2>, '/workspace/app/backend/logs/app_20260519_062750.log')}
2026-05-19 06:30:07,521 - watchfiles.main - DEBUG - 1 change detected: {(<Change.modified: 2>, '/workspace/app/backend/logs/app_20260519_062750.log')}
2026-05-19 06:30:07,872 - watchfiles.main - DEBUG - 1 change detected: {(<Change.modified: 2>, '/workspace/app/backend/logs/app_20260519_062750.log')}
2026-05-19 06:30:08,223 - watchfiles.main - DEBUG - 1 change detected: {(<Change.modified: 2>, '/workspace/app/backend/logs/app_20260519_062750.log')}
2026-05-19 06:30:08,574 - watchfiles.main - DEBUG - 1 change detected: {(<Change.modified: 2>, '/workspace/app/backend/logs/app_20260519_062750.log')}
2026-05-19 06:30:08,925 - watchfiles.main - DEBUG - 1 change detected: {(<Change.modified: 2>, '/workspace/app/backend/logs/app_20260519_062750.log')}
2026-05-19 06:30:09,275 - watchfiles.main - DEBUG - 1 change detected: {(<Change.modified: 2>, '/workspace/app/backend/logs/app_20260519_062750.log')}
2026-05-19 06:30:09,626 - watchfiles.main - DEBUG - 1 change detected: {(<Change.modified: 2>, '/workspace/app/backend/logs/app_20260519_062750.log')}
2026-05-19 06:30:09,977 - watchfiles.main - DEBUG - 1 change detected: {(<Change.modified: 2>, '/workspace/app/backend/logs/app_20260519_062750.log')}
2026-05-19 06:30:10,328 - watchfiles.main - DEBUG - 1 change detected: {(<Change.modified: 2>, '/workspace/app/backend/logs/app_20260519_062750.log')}
2026-05-19 06:30:10,679 - watchfiles.main - DEBUG - 1 change detected: {(<Change.modified: 2>, '/workspace/app/backend/logs/app_20260519_062750.log')}
2026-05-19 06:30:11,030 - watchfiles.main - DEBUG - 1 change detected: {(<Change.modified: 2>, '/workspace/app/backend/logs/app_20260519_062750.log')}
2026-05-19 06:30:11,381 - watchfiles.main - DEBUG - 1 change detected: {(<Change.modified: 2>, '/workspace/app/backend/logs/app_20260519_062750.log')}
2026-05-19 06:30:11,732 - watchfiles.main - DEBUG - 1 change detected: {(<Change.modified: 2>, '/workspace/app/backend/logs/app_20260519_062750.log')}
2026-05-19 06:30:12,083 - watchfiles.main - DEBUG - 1 change detected: {(<Change.modified: 2>, '/workspace/app/backend/logs/app_20260519_062750.log')}
2026-05-19 06:30:12,434 - watchfiles.main - DEBUG - 1 change detected: {(<Change.modified: 2>, '/workspace/app/backend/logs/app_20260519_062750.log')}
2026-05-19 06:30:12,785 - watchfiles.main - DEBUG - 1 change detected: {(<Change.modified: 2>, '/workspace/app/backend/logs/app_20260519_062750.log')}
2026-05-19 06:30:13,136 - watchfiles.main - DEBUG - 1 change detected: {(<Change.modified: 2>, '/workspace/app/backend/logs/app_20260519_062750.log')}
2026-05-19 06:30:13,487 - watchfiles.main - DEBUG - 1 change detected: {(<Change.modified: 2>, '/workspace/app/backend/logs/app_20260519_062750.log')}
2026-05-19 06:30:13,838 - watchfiles.main - DEBUG - 1 change detected: {(<Change.modified: 2>, '/workspace/app/backend/logs/app_20260519_062750.log')}
2026-05-19 06:30:14,189 - watchfiles.main - DEBUG - 1 change detected: {(<Change.modified: 2>, '/workspace/app/backend/logs/app_20260519_062750.log')}
2026-05-19 06:30:14,540 - watchfiles.main - DEBUG - 1 change detected: {(<Change.modified: 2>, '/workspace/app/backend/logs/app_20260519_062750.log')}
2026-05-19 06:30:14,891 - watchfiles.main - DEBUG - 1 change detected: {(<Change.modified: 2>, '/workspace/app/backend/logs/app_20260519_062750.log')}
2026-05-19 06:30:15,242 - watchfiles.main - DEBUG - 1 change detected: {(<Change.modified: 2>, '/workspace/app/backend/logs/app_20260519_062750.log')}
2026-05-19 06:30:15,593 - watchfiles.main - DEBUG - 1 change detected: {(<Change.modified: 2>, '/workspace/app/backend/logs/app_20260519_062750.log')}
2026-05-19 06:30:15,944 - watchfiles.main - DEBUG - 1 change detected: {(<Change.modified: 2>, '/workspace/app/backend/logs/app_20260519_062750.log')}
2026-05-19 06:30:16,295 - watchfiles.main - DEBUG - 1 change detected: {(<Change.modified: 2>, '/workspace/app/backend/logs/app_20260519_062750.log')}
2026-05-19 06:30:16,646 - watchfiles.main - DEBUG - 1 change detected: {(<Change.modified: 2>, '/workspace/app/backend/logs/app_20260519_062750.log')}
2026-05-19 06:30:16,997 - watchfiles.main - DEBUG - 1 change detected: {(<Change.modified: 2>, '/workspace/app/backend/logs/app_20260519_062750.log')}
2026-05-19 06:30:17,348 - watchfiles.main - DEBUG - 1 change detected: {(<Change.modified: 2>, '/workspace/app/backend/logs/app_20260519_062750.log')}
2026-05-19 06:30:17,699 - watchfiles.main - DEBUG - 1 change detected: {(<Change.modified: 2>, '/workspace/app/backend/logs/app_20260519_062750.log')}
2026-05-19 06:30:18,050 - watchfiles.main - DEBUG - 1 change detected: {(<Change.modified: 2>, '/workspace/app/backend/logs/app_20260519_062750.log')}
2026-05-19 06:30:18,401 - watchfiles.main - DEBUG - 1 change detected: {(<Change.modified: 2>, '/workspace/app/backend/logs/app_20260519_062750.log')}
2026-05-19 06:30:18,752 - watchfiles.main - DEBUG - 1 change detected: {(<Change.modified: 2>, '/workspace/app/backend/logs/app_20260519_062750.log')}
2026-05-19 06:30:19,103 - watchfiles.main - DEBUG - 1 change detected: {(<Change.modified: 2>, '/workspace/app/backend/logs/app_20260519_062750.log')}
2026-05-19 06:30:19,454 - watchfiles.main - DEBUG - 1 change detected: {(<Change.modified: 2>, '/workspace/app/backend/logs/app_20260519_062750.log')}
2026-05-19 06:30:19,805 - watchfiles.main - DEBUG - 1 change detected: {(<Change.modified: 2>, '/workspace/app/backend/logs/app_20260519_062750.log')}
2026-05-19 06:30:20,156 - watchfiles.main - DEBUG - 1 change detected: {(<Change.modified: 2>, '/workspace/app/backend/logs/app_20260519_062750.log')}
2026-05-19 06:30:20,507 - watchfiles.main - DEBUG - 1 change detected: {(<Change.modified: 2>, '/workspace/app/backend/logs/app_20260519_062750.log')}
2026-05-19 06:30:20,857 - watchfiles.main - DEBUG - 1 change detected: {(<Change.modified: 2>, '/workspace/app/backend/logs/app_20260519_062750.log')}
2026-05-19 06:30:21,208 - watchfiles.main - DEBUG - 1 change detected: {(<Change.modified: 2>, '/workspace/app/backend/logs/app_20260519_062750.log')}
2026-05-19 06:30:21,559 - watchfiles.main - DEBUG - 1 change detected: {(<Change.modified: 2>, '/workspace/app/backend/logs/app_20260519_062750.log')}
2026-05-19 06:30:21,910 - watchfiles.main - DEBUG - 1 change detected: {(<Change.modified: 2>, '/workspace/app/backend/logs/app_20260519_062750.log')}
2026-05-19 06:30:22,262 - watchfiles.main - DEBUG - 1 change detected: {(<Change.modified: 2>, '/workspace/app/backend/logs/app_20260519_062750.log')}
2026-05-19 06:30:22,613 - watchfiles.main - DEBUG - 1 change detected: {(<Change.modified: 2>, '/workspace/app/backend/logs/app_20260519_062750.log')}
2026-05-19 06:30:22,963 - watchfiles.main - DEBUG - 1 change detected: {(<Change.modified: 2>, '/workspace/app/backend/logs/app_20260519_062750.log')}
2026-05-19 06:30:23,314 - watchfiles.main - DEBUG - 1 change detected: {(<Change.modified: 2>, '/workspace/app/backend/logs/app_20260519_062750.log')}
2026-05-19 06:30:23,665 - watchfiles.main - DEBUG - 1 change detected: {(<Change.modified: 2>, '/workspace/app/backend/logs/app_20260519_062750.log')}
2026-05-19 06:30:24,016 - watchfiles.main - DEBUG - 1 change detected: {(<Change.modified: 2>, '/workspace/app/backend/logs/app_20260519_062750.log')}
2026-05-19 06:30:24,367 - watchfiles.main - DEBUG - 1 change detected: {(<Change.modified: 2>, '/workspace/app/backend/logs/app_20260519_062750.log')}
2026-05-19 06:30:24,718 - watchfiles.main - DEBUG - 1 change detected: {(<Change.modified: 2>, '/workspace/app/backend/logs/app_20260519_062750.log')}
2026-05-19 06:30:25,069 - watchfiles.main - DEBUG - 1 change detected: {(<Change.modified: 2>, '/workspace/app/backend/logs/app_20260519_062750.log')}
2026-05-19 06:30:25,420 - watchfiles.main - DEBUG - 1 change detected: {(<Change.modified: 2>, '/workspace/app/backend/logs/app_20260519_062750.log')}
2026-05-19 06:30:25,771 - watchfiles.main - DEBUG - 1 change detected: {(<Change.modified: 2>, '/workspace/app/backend/logs/app_20260519_062750.log')}
2026-05-19 06:30:26,122 - watchfiles.main - DEBUG - 1 change detected: {(<Change.modified: 2>, '/workspace/app/backend/logs/app_20260519_062750.log')}
2026-05-19 06:30:26,473 - watchfiles.main - DEBUG - 1 change detected: {(<Change.modified: 2>, '/workspace/app/backend/logs/app_20260519_062750.log')}
2026-05-19 06:30:26,824 - watchfiles.main - DEBUG - 1 change detected: {(<Change.modified: 2>, '/workspace/app/backend/logs/app_20260519_062750.log')}
2026-05-19 06:30:27,176 - watchfiles.main - DEBUG - 1 change detected: {(<Change.modified: 2>, '/workspace/app/backend/logs/app_20260519_062750.log')}
2026-05-19 06:30:27,527 - watchfiles.main - DEBUG - 1 change detected: {(<Change.modified: 2>, '/workspace/app/backend/logs/app_20260519_062750.log')}
2026-05-19 06:30:27,878 - watchfiles.main - DEBUG - 1 change detected: {(<Change.modified: 2>, '/workspace/app/backend/logs/app_20260519_062750.log')}
2026-05-19 06:30:28,229 - watchfiles.main - DEBUG - 1 change detected: {(<Change.modified: 2>, '/workspace/app/backend/logs/app_20260519_062750.log')}
2026-05-19 06:30:28,580 - watchfiles.main - DEBUG - 1 change detected: {(<Change.modified: 2>, '/workspace/app/backend/logs/app_20260519_062750.log')}
2026-05-19 06:30:28,932 - watchfiles.main - DEBUG - 1 change detected: {(<Change.modified: 2>, '/workspace/app/backend/logs/app_20260519_062750.log')}
2026-05-19 06:30:29,283 - watchfiles.main - DEBUG - 1 change detected: {(<Change.modified: 2>, '/workspace/app/backend/logs/app_20260519_062750.log')}
2026-05-19 06:30:29,634 - watchfiles.main - DEBUG - 1 change detected: {(<Change.modified: 2>, '/workspace/app/backend/logs/app_20260519_062750.log')}
2026-05-19 06:30:29,985 - watchfiles.main - DEBUG - 1 change detected: {(<Change.modified: 2>, '/workspace/app/backend/logs/app_20260519_062750.log')}
2026-05-19 06:30:30,336 - watchfiles.main - DEBUG - 1 change detected: {(<Change.modified: 2>, '/workspace/app/backend/logs/app_20260519_062750.log')}
2026-05-19 06:30:30,687 - watchfiles.main - DEBUG - 1 change detected: {(<Change.modified: 2>, '/workspace/app/backend/logs/app_20260519_062750.log')}
2026-05-19 06:30:31,038 - watchfiles.main - DEBUG - 1 change detected: {(<Change.modified: 2>, '/workspace/app/backend/logs/app_20260519_062750.log')}
2026-05-19 06:30:31,389 - watchfiles.main - DEBUG - 1 change detected: {(<Change.modified: 2>, '/workspace/app/backend/logs/app_20260519_062750.log')}
2026-05-19 06:30:31,740 - watchfiles.main - DEBUG - 1 change detected: {(<Change.modified: 2>, '/workspace/app/backend/logs/app_20260519_062750.log')}
2026-05-19 06:30:32,091 - watchfiles.main - DEBUG - 1 change detected: {(<Change.modified: 2>, '/workspace/app/backend/logs/app_20260519_062750.log')}
2026-05-19 06:30:32,442 - watchfiles.main - DEBUG - 1 change detected: {(<Change.modified: 2>, '/workspace/app/backend/logs/app_20260519_062750.log')}
2026-05-19 06:30:32,793 - watchfiles.main - DEBUG - 1 change detected: {(<Change.modified: 2>, '/workspace/app/backend/logs/app_20260519_062750.log')}
2026-05-19 06:30:33,144 - watchfiles.main - DEBUG - 1 change detected: {(<Change.modified: 2>, '/workspace/app/backend/logs/app_20260519_062750.log')}
2026-05-19 06:30:33,495 - watchfiles.main - DEBUG - 1 change detected: {(<Change.modified: 2>, '/workspace/app/backend/logs/app_20260519_062750.log')}
2026-05-19 06:30:33,846 - watchfiles.main - DEBUG - 1 change detected: {(<Change.modified: 2>, '/workspace/app/backend/logs/app_20260519_062750.log')}
2026-05-19 06:30:34,197 - watchfiles.main - DEBUG - 1 change detected: {(<Change.modified: 2>, '/workspace/app/backend/logs/app_20260519_062750.log')}
2026-05-19 06:30:34,548 - watchfiles.main - DEBUG - 1 change detected: {(<Change.modified: 2>, '/workspace/app/backend/logs/app_20260519_062750.log')}
2026-05-19 06:30:34,899 - watchfiles.main - DEBUG - 1 change detected: {(<Change.modified: 2>, '/workspace/app/backend/logs/app_20260519_062750.log')}
2026-05-19 06:30:35,250 - watchfiles.main - DEBUG - 1 change detected: {(<Change.modified: 2>, '/workspace/app/backend/logs/app_20260519_062750.log')}
2026-05-19 06:30:35,601 - watchfiles.main - DEBUG - 1 change detected: {(<Change.modified: 2>, '/workspace/app/backend/logs/app_20260519_062750.log')}
2026-05-19 06:30:35,952 - watchfiles.main - DEBUG - 1 change detected: {(<Change.modified: 2>, '/workspace/app/backend/logs/app_20260519_062750.log')}
2026-05-19 06:30:36,303 - watchfiles.main - DEBUG - 1 change detected: {(<Change.modified: 2>, '/workspace/app/backend/logs/app_20260519_062750.log')}
2026-05-19 06:30:36,654 - watchfiles.main - DEBUG - 1 change detected: {(<Change.modified: 2>, '/workspace/app/backend/logs/app_20260519_062750.log')}
2026-05-19 06:30:37,005 - watchfiles.main - DEBUG - 1 change detected: {(<Change.modified: 2>, '/workspace/app/backend/logs/app_20260519_062750.log')}
2026-05-19 06:30:37,356 - watchfiles.main - DEBUG - 1 change detected: {(<Change.modified: 2>, '/workspace/app/backend/logs/app_20260519_062750.log')}
2026-05-19 06:30:37,707 - watchfiles.main - DEBUG - 1 change detected: {(<Change.modified: 2>, '/workspace/app/backend/logs/app_20260519_062750.log')}
2026-05-19 06:30:38,058 - watchfiles.main - DEBUG - 1 change detected: {(<Change.modified: 2>, '/workspace/app/backend/logs/app_20260519_062750.log')}
2026-05-19 06:30:38,409 - watchfiles.main - DEBUG - 1 change detected: {(<Change.modified: 2>, '/workspace/app/backend/logs/app_20260519_062750.log')}
2026-05-19 06:30:38,760 - watchfiles.main - DEBUG - 1 change detected: {(<Change.modified: 2>, '/workspace/app/backend/logs/app_20260519_062750.log')}
2026-05-19 06:30:39,111 - watchfiles.main - DEBUG - 1 change detected: {(<Change.modified: 2>, '/workspace/app/backend/logs/app_20260519_062750.log')}
2026-05-19 06:30:39,462 - watchfiles.main - DEBUG - 1 change detected: {(<Change.modified: 2>, '/workspace/app/backend/logs/app_20260519_062750.log')}
2026-05-19 06:30:39,813 - watchfiles.main - DEBUG - 1 change detected: {(<Change.modified: 2>, '/workspace/app/backend/logs/app_20260519_062750.log')}
2026-05-19 06:30:40,164 - watchfiles.main - DEBUG - 1 change detected: {(<Change.modified: 2>, '/workspace/app/backend/logs/app_20260519_062750.log')}
2026-05-19 06:30:40,515 - watchfiles.main - DEBUG - 1 change detected: {(<Change.modified: 2>, '/workspace/app/backend/logs/app_20260519_062750.log')}
2026-05-19 06:30:40,866 - watchfiles.main - DEBUG - 1 change detected: {(<Change.modified: 2>, '/workspace/app/backend/logs/app_20260519_062750.log')}
2026-05-19 06:30:41,217 - watchfiles.main - DEBUG - 1 change detected: {(<Change.modified: 2>, '/workspace/app/backend/logs/app_20260519_062750.log')}
2026-05-19 06:30:41,568 - watchfiles.main - DEBUG - 1 change detected: {(<Change.modified: 2>, '/workspace/app/backend/logs/app_20260519_062750.log')}
2026-05-19 06:30:41,919 - watchfiles.main - DEBUG - 1 change detected: {(<Change.modified: 2>, '/workspace/app/backend/logs/app_20260519_062750.log')}
2026-05-19 06:30:42,270 - watchfiles.main - DEBUG - 1 change detected: {(<Change.modified: 2>, '/workspace/app/backend/logs/app_20260519_062750.log')}
2026-05-19 06:30:42,621 - watchfiles.main - DEBUG - 1 change detected: {(<Change.modified: 2>, '/workspace/app/backend/logs/app_20260519_062750.log')}
2026-05-19 06:30:42,972 - watchfiles.main - DEBUG - 1 change detected: {(<Change.modified: 2>, '/workspace/app/backend/logs/app_20260519_062750.log')}
2026-05-19 06:30:43,323 - watchfiles.main - DEBUG - 1 change detected: {(<Change.modified: 2>, '/workspace/app/backend/logs/app_20260519_062750.log')}
2026-05-19 06:30:43,675 - watchfiles.main - DEBUG - 1 change detected: {(<Change.modified: 2>, '/workspace/app/backend/logs/app_20260519_062750.log')}
2026-05-19 06:30:44,026 - watchfiles.main - DEBUG - 1 change detected: {(<Change.modified: 2>, '/workspace/app/backend/logs/app_20260519_062750.log')}
2026-05-19 06:30:44,377 - watchfiles.main - DEBUG - 1 change detected: {(<Change.modified: 2>, '/workspace/app/backend/logs/app_20260519_062750.log')}
2026-05-19 06:30:44,728 - watchfiles.main - DEBUG - 1 change detected: {(<Change.modified: 2>, '/workspace/app/backend/logs/app_20260519_062750.log')}
2026-05-19 06:30:45,078 - watchfiles.main - DEBUG - 1 change detected: {(<Change.modified: 2>, '/workspace/app/backend/logs/app_20260519_062750.log')}
2026-05-19 06:30:45,429 - watchfiles.main - DEBUG - 1 change detected: {(<Change.modified: 2>, '/workspace/app/backend/logs/app_20260519_062750.log')}
2026-05-19 06:30:45,780 - watchfiles.main - DEBUG - 1 change detected: {(<Change.modified: 2>, '/workspace/app/backend/logs/app_20260519_062750.log')}
2026-05-19 06:30:46,131 - watchfiles.main - DEBUG - 1 change detected: {(<Change.modified: 2>, '/workspace/app/backend/logs/app_20260519_062750.log')}
2026-05-19 06:30:46,482 - watchfiles.main - DEBUG - 1 change detected: {(<Change.modified: 2>, '/workspace/app/backend/logs/app_20260519_062750.log')}
2026-05-19 06:30:46,834 - watchfiles.main - DEBUG - 1 change detected: {(<Change.modified: 2>, '/workspace/app/backend/logs/app_20260519_062750.log')}
2026-05-19 06:30:47,185 - watchfiles.main - DEBUG - 1 change detected: {(<Change.modified: 2>, '/workspace/app/backend/logs/app_20260519_062750.log')}
2026-05-19 06:30:47,536 - watchfiles.main - DEBUG - 1 change detected: {(<Change.modified: 2>, '/workspace/app/backend/logs/app_20260519_062750.log')}
2026-05-19 06:30:47,887 - watchfiles.main - DEBUG - 1 change detected: {(<Change.modified: 2>, '/workspace/app/backend/logs/app_20260519_062750.log')}
2026-05-19 06:30:48,238 - watchfiles.main - DEBUG - 1 change detected: {(<Change.modified: 2>, '/workspace/app/backend/logs/app_20260519_062750.log')}
2026-05-19 06:30:48,589 - watchfiles.main - DEBUG - 1 change detected: {(<Change.modified: 2>, '/workspace/app/backend/logs/app_20260519_062750.log')}
2026-05-19 06:30:48,940 - watchfiles.main - DEBUG - 1 change detected: {(<Change.modified: 2>, '/workspace/app/backend/logs/app_20260519_062750.log')}
2026-05-19 06:30:49,291 - watchfiles.main - DEBUG - 1 change detected: {(<Change.modified: 2>, '/workspace/app/backend/logs/app_20260519_062750.log')}
2026-05-19 06:30:49,642 - watchfiles.main - DEBUG - 1 change detected: {(<Change.modified: 2>, '/workspace/app/backend/logs/app_20260519_062750.log')}
2026-05-19 06:30:49,993 - watchfiles.main - DEBUG - 1 change detected: {(<Change.modified: 2>, '/workspace/app/backend/logs/app_20260519_062750.log')}
2026-05-19 06:30:50,345 - watchfiles.main - DEBUG - 1 change detected: {(<Change.modified: 2>, '/workspace/app/backend/logs/app_20260519_062750.log')}
2026-05-19 06:30:50,696 - watchfiles.main - DEBUG - 1 change detected: {(<Change.modified: 2>, '/workspace/app/backend/logs/app_20260519_062750.log')}
2026-05-19 06:30:51,047 - watchfiles.main - DEBUG - 1 change detected: {(<Change.modified: 2>, '/workspace/app/backend/logs/app_20260519_062750.log')}
2026-05-19 06:30:51,398 - watchfiles.main - DEBUG - 1 change detected: {(<Change.modified: 2>, '/workspace/app/backend/logs/app_20260519_062750.log')}
2026-05-19 06:30:51,749 - watchfiles.main - DEBUG - 1 change detected: {(<Change.modified: 2>, '/workspace/app/backend/logs/app_20260519_062750.log')}
2026-05-19 06:30:52,100 - watchfiles.main - DEBUG - 1 change detected: {(<Change.modified: 2>, '/workspace/app/backend/logs/app_20260519_062750.log')}
2026-05-19 06:30:52,451 - watchfiles.main - DEBUG - 1 change detected: {(<Change.modified: 2>, '/workspace/app/backend/logs/app_20260519_062750.log')}
2026-05-19 06:30:52,802 - watchfiles.main - DEBUG - 1 change detected: {(<Change.modified: 2>, '/workspace/app/backend/logs/app_20260519_062750.log')}
2026-05-19 06:30:53,153 - watchfiles.main - DEBUG - 1 change detected: {(<Change.modified: 2>, '/workspace/app/backend/logs/app_20260519_062750.log')}
2026-05-19 06:30:53,504 - watchfiles.main - DEBUG - 1 change detected: {(<Change.modified: 2>, '/workspace/app/backend/logs/app_20260519_062750.log')}
2026-05-19 06:30:53,855 - watchfiles.main - DEBUG - 1 change detected: {(<Change.modified: 2>, '/workspace/app/backend/logs/app_20260519_062750.log')}
2026-05-19 06:30:54,206 - watchfiles.main - DEBUG - 1 change detected: {(<Change.modified: 2>, '/workspace/app/backend/logs/app_20260519_062750.log')}
2026-05-19 06:30:54,557 - watchfiles.main - DEBUG - 1 change detected: {(<Change.modified: 2>, '/workspace/app/backend/logs/app_20260519_062750.log')}
2026-05-19 06:30:54,908 - watchfiles.main - DEBUG - 1 change detected: {(<Change.modified: 2>, '/workspace/app/backend/logs/app_20260519_062750.log')}
2026-05-19 06:30:55,259 - watchfiles.main - DEBUG - 1 change detected: {(<Change.modified: 2>, '/workspace/app/backend/logs/app_20260519_062750.log')}
2026-05-19 06:30:55,610 - watchfiles.main - DEBUG - 1 change detected: {(<Change.modified: 2>, '/workspace/app/backend/logs/app_20260519_062750.log')}
2026-05-19 06:30:55,961 - watchfiles.main - DEBUG - 1 change detected: {(<Change.modified: 2>, '/workspace/app/backend/logs/app_20260519_062750.log')}
2026-05-19 06:30:56,312 - watchfiles.main - DEBUG - 1 change detected: {(<Change.modified: 2>, '/workspace/app/backend/logs/app_20260519_062750.log')}
2026-05-19 06:30:56,663 - watchfiles.main - DEBUG - 1 change detected: {(<Change.modified: 2>, '/workspace/app/backend/logs/app_20260519_062750.log')}
2026-05-19 06:30:57,013 - watchfiles.main - DEBUG - 1 change detected: {(<Change.modified: 2>, '/workspace/app/backend/logs/app_20260519_062750.log')}
2026-05-19 06:30:57,364 - watchfiles.main - DEBUG - 1 change detected: {(<Change.modified: 2>, '/workspace/app/backend/logs/app_20260519_062750.log')}
2026-05-19 06:30:57,715 - watchfiles.main - DEBUG - 1 change detected: {(<Change.modified: 2>, '/workspace/app/backend/logs/app_20260519_062750.log')}
2026-05-19 06:30:58,066 - watchfiles.main - DEBUG - 1 change detected: {(<Change.modified: 2>, '/workspace/app/backend/logs/app_20260519_062750.log')}
2026-05-19 06:30:58,417 - watchfiles.main - DEBUG - 1 change detected: {(<Change.modified: 2>, '/workspace/app/backend/logs/app_20260519_062750.log')}
2026-05-19 06:30:58,768 - watchfiles.main - DEBUG - 1 change detected: {(<Change.modified: 2>, '/workspace/app/backend/logs/app_20260519_062750.log')}
2026-05-19 06:30:59,120 - watchfiles.main - DEBUG - 1 change detected: {(<Change.modified: 2>, '/workspace/app/backend/logs/app_20260519_062750.log')}
2026-05-19 06:30:59,471 - watchfiles.main - DEBUG - 1 change detected: {(<Change.modified: 2>, '/workspace/app/backend/logs/app_20260519_062750.log')}
2026-05-19 06:30:59,821 - watchfiles.main - DEBUG - 1 change detected: {(<Change.modified: 2>, '/workspace/app/backend/logs/app_20260519_062750.log')}
2026-05-19 06:31:00,173 - watchfiles.main - DEBUG - 1 change detected: {(<Change.modified: 2>, '/workspace/app/backend/logs/app_20260519_062750.log')}
2026-05-19 06:31:00,524 - watchfiles.main - DEBUG - 1 change detected: {(<Change.modified: 2>, '/workspace/app/backend/logs/app_20260519_062750.log')}
2026-05-19 06:31:00,875 - watchfiles.main - DEBUG - 1 change detected: {(<Change.modified: 2>, '/workspace/app/backend/logs/app_20260519_062750.log')}
2026-05-19 06:31:01,226 - watchfiles.main - DEBUG - 1 change detected: {(<Change.modified: 2>, '/workspace/app/backend/logs/app_20260519_062750.log')}
2026-05-19 06:31:01,577 - watchfiles.main - DEBUG - 1 change detected: {(<Change.modified: 2>, '/workspace/app/backend/logs/app_20260519_062750.log')}
2026-05-19 06:31:01,928 - watchfiles.main - DEBUG - 1 change detected: {(<Change.modified: 2>, '/workspace/app/backend/logs/app_20260519_062750.log')}
2026-05-19 06:31:02,279 - watchfiles.main - DEBUG - 1 change detected: {(<Change.modified: 2>, '/workspace/app/backend/logs/app_20260519_062750.log')}
2026-05-19 06:31:02,630 - watchfiles.main - DEBUG - 1 change detected: {(<Change.modified: 2>, '/workspace/app/backend/logs/app_20260519_062750.log')}
2026-05-19 06:31:02,981 - watchfiles.main - DEBUG - 1 change detected: {(<Change.modified: 2>, '/workspace/app/backend/logs/app_20260519_062750.log')}
2026-05-19 06:31:03,332 - watchfiles.main - DEBUG - 1 change detected: {(<Change.modified: 2>, '/workspace/app/backend/logs/app_20260519_062750.log')}
2026-05-19 06:31:03,683 - watchfiles.main - DEBUG - 1 change detected: {(<Change.modified: 2>, '/workspace/app/backend/logs/app_20260519_062750.log')}
2026-05-19 06:31:04,034 - watchfiles.main - DEBUG - 1 change detected: {(<Change.modified: 2>, '/workspace/app/backend/logs/app_20260519_062750.log')}
2026-05-19 06:31:04,385 - watchfiles.main - DEBUG - 1 change detected: {(<Change.modified: 2>, '/workspace/app/backend/logs/app_20260519_062750.log')}
2026-05-19 06:31:04,736 - watchfiles.main - DEBUG - 1 change detected: {(<Change.modified: 2>, '/workspace/app/backend/logs/app_20260519_062750.log')}
2026-05-19 06:31:05,088 - watchfiles.main - DEBUG - 1 change detected: {(<Change.modified: 2>, '/workspace/app/backend/logs/app_20260519_062750.log')}
2026-05-19 06:31:05,439 - watchfiles.main - DEBUG - 1 change detected: {(<Change.modified: 2>, '/workspace/app/backend/logs/app_20260519_062750.log')}
2026-05-19 06:31:05,790 - watchfiles.main - DEBUG - 1 change detected: {(<Change.modified: 2>, '/workspace/app/backend/logs/app_20260519_062750.log')}
2026-05-19 06:31:06,141 - watchfiles.main - DEBUG - 1 change detected: {(<Change.modified: 2>, '/workspace/app/backend/logs/app_20260519_062750.log')}
2026-05-19 06:31:06,492 - watchfiles.main - DEBUG - 1 change detected: {(<Change.modified: 2>, '/workspace/app/backend/logs/app_20260519_062750.log')}
2026-05-19 06:31:06,843 - watchfiles.main - DEBUG - 1 change detected: {(<Change.modified: 2>, '/workspace/app/backend/logs/app_20260519_062750.log')}
2026-05-19 06:31:07,194 - watchfiles.main - DEBUG - 1 change detected: {(<Change.modified: 2>, '/workspace/app/backend/logs/app_20260519_062750.log')}
2026-05-19 06:31:07,545 - watchfiles.main - DEBUG - 1 change detected: {(<Change.modified: 2>, '/workspace/app/backend/logs/app_20260519_062750.log')}
2026-05-19 06:31:07,897 - watchfiles.main - DEBUG - 1 change detected: {(<Change.modified: 2>, '/workspace/app/backend/logs/app_20260519_062750.log')}
2026-05-19 06:31:08,248 - watchfiles.main - DEBUG - 1 change detected: {(<Change.modified: 2>, '/workspace/app/backend/logs/app_20260519_062750.log')}
2026-05-19 06:31:08,599 - watchfiles.main - DEBUG - 1 change detected: {(<Change.modified: 2>, '/workspace/app/backend/logs/app_20260519_062750.log')}
2026-05-19 06:31:08,950 - watchfiles.main - DEBUG - 1 change detected: {(<Change.modified: 2>, '/workspace/app/backend/logs/app_20260519_062750.log')}
2026-05-19 06:31:09,301 - watchfiles.main - DEBUG - 1 change detected: {(<Change.modified: 2>, '/workspace/app/backend/logs/app_20260519_062750.log')}
2026-05-19 06:31:09,652 - watchfiles.main - DEBUG - 1 change detected: {(<Change.modified: 2>, '/workspace/app/backend/logs/app_20260519_062750.log')}
2026-05-19 06:31:10,003 - watchfiles.main - DEBUG - 1 change detected: {(<Change.modified: 2>, '/workspace/app/backend/logs/app_20260519_062750.log')}
2026-05-19 06:31:10,354 - watchfiles.main - DEBUG - 1 change detected: {(<Change.modified: 2>, '/workspace/app/backend/logs/app_20260519_062750.log')}
2026-05-19 06:31:10,705 - watchfiles.main - DEBUG - 1 change detected: {(<Change.modified: 2>, '/workspace/app/backend/logs/app_20260519_062750.log')}
2026-05-19 06:31:11,055 - watchfiles.main - DEBUG - 1 change detected: {(<Change.modified: 2>, '/workspace/app/backend/logs/app_20260519_062750.log')}
2026-05-19 06:31:11,406 - watchfiles.main - DEBUG - 1 change detected: {(<Change.modified: 2>, '/workspace/app/backend/logs/app_20260519_062750.log')}
2026-05-19 06:31:11,757 - watchfiles.main - DEBUG - 1 change detected: {(<Change.modified: 2>, '/workspace/app/backend/logs/app_20260519_062750.log')}
2026-05-19 06:31:12,108 - watchfiles.main - DEBUG - 1 change detected: {(<Change.modified: 2>, '/workspace/app/backend/logs/app_20260519_062750.log')}
2026-05-19 06:31:12,459 - watchfiles.main - DEBUG - 1 change detected: {(<Change.modified: 2>, '/workspace/app/backend/logs/app_20260519_062750.log')}
2026-05-19 06:31:12,810 - watchfiles.main - DEBUG - 1 change detected: {(<Change.modified: 2>, '/workspace/app/backend/logs/app_20260519_062750.log')}
2026-05-19 06:31:13,161 - watchfiles.main - DEBUG - 1 change detected: {(<Change.modified: 2>, '/workspace/app/backend/logs/app_20260519_062750.log')}
2026-05-19 06:31:13,512 - watchfiles.main - DEBUG - 1 change detected: {(<Change.modified: 2>, '/workspace/app/backend/logs/app_20260519_062750.log')}
2026-05-19 06:31:13,863 - watchfiles.main - DEBUG - 1 change detected: {(<Change.modified: 2>, '/workspace/app/backend/logs/app_20260519_062750.log')}
2026-05-19 06:31:14,214 - watchfiles.main - DEBUG - 1 change detected: {(<Change.modified: 2>, '/workspace/app/backend/logs/app_20260519_062750.log')}
2026-05-19 06:31:14,565 - watchfiles.main - DEBUG - 1 change detected: {(<Change.modified: 2>, '/workspace/app/backend/logs/app_20260519_062750.log')}
2026-05-19 06:31:14,916 - watchfiles.main - DEBUG - 1 change detected: {(<Change.modified: 2>, '/workspace/app/backend/logs/app_20260519_062750.log')}
2026-05-19 06:31:15,267 - watchfiles.main - DEBUG - 1 change detected: {(<Change.modified: 2>, '/workspace/app/backend/logs/app_20260519_062750.log')}
2026-05-19 06:31:15,618 - watchfiles.main - DEBUG - 1 change detected: {(<Change.modified: 2>, '/workspace/app/backend/logs/app_20260519_062750.log')}
2026-05-19 06:31:15,969 - watchfiles.main - DEBUG - 1 change detected: {(<Change.modified: 2>, '/workspace/app/backend/logs/app_20260519_062750.log')}
2026-05-19 06:31:16,320 - watchfiles.main - DEBUG - 1 change detected: {(<Change.modified: 2>, '/workspace/app/backend/logs/app_20260519_062750.log')}
2026-05-19 06:31:16,671 - watchfiles.main - DEBUG - 1 change detected: {(<Change.modified: 2>, '/workspace/app/backend/logs/app_20260519_062750.log')}
2026-05-19 06:31:17,023 - watchfiles.main - DEBUG - 1 change detected: {(<Change.modified: 2>, '/workspace/app/backend/logs/app_20260519_062750.log')}
2026-05-19 06:31:17,375 - watchfiles.main - DEBUG - 1 change detected: {(<Change.modified: 2>, '/workspace/app/backend/logs/app_20260519_062750.log')}
2026-05-19 06:31:17,726 - watchfiles.main - DEBUG - 1 change detected: {(<Change.modified: 2>, '/workspace/app/backend/logs/app_20260519_062750.log')}
2026-05-19 06:31:18,077 - watchfiles.main - DEBUG - 1 change detected: {(<Change.modified: 2>, '/workspace/app/backend/logs/app_20260519_062750.log')}
2026-05-19 06:31:18,428 - watchfiles.main - DEBUG - 1 change detected: {(<Change.modified: 2>, '/workspace/app/backend/logs/app_20260519_062750.log')}
2026-05-19 06:31:18,779 - watchfiles.main - DEBUG - 1 change detected: {(<Change.modified: 2>, '/workspace/app/backend/logs/app_20260519_062750.log')}
2026-05-19 06:31:19,130 - watchfiles.main - DEBUG - 1 change detected: {(<Change.modified: 2>, '/workspace/app/backend/logs/app_20260519_062750.log')}
2026-05-19 06:31:19,481 - watchfiles.main - DEBUG - 1 change detected: {(<Change.modified: 2>, '/workspace/app/backend/logs/app_20260519_062750.log')}
2026-05-19 06:31:19,832 - watchfiles.main - DEBUG - 1 change detected: {(<Change.modified: 2>, '/workspace/app/backend/logs/app_20260519_062750.log')}
2026-05-19 06:31:20,183 - watchfiles.main - DEBUG - 1 change detected: {(<Change.modified: 2>, '/workspace/app/backend/logs/app_20260519_062750.log')}
2026-05-19 06:31:20,534 - watchfiles.main - DEBUG - 1 change detected: {(<Change.modified: 2>, '/workspace/app/backend/logs/app_20260519_062750.log')}
2026-05-19 06:31:20,885 - watchfiles.main - DEBUG - 1 change detected: {(<Change.modified: 2>, '/workspace/app/backend/logs/app_20260519_062750.log')}
2026-05-19 06:31:21,236 - watchfiles.main - DEBUG - 1 change detected: {(<Change.modified: 2>, '/workspace/app/backend/logs/app_20260519_062750.log')}
2026-05-19 06:31:21,587 - watchfiles.main - DEBUG - 1 change detected: {(<Change.modified: 2>, '/workspace/app/backend/logs/app_20260519_062750.log')}
2026-05-19 06:31:21,938 - watchfiles.main - DEBUG - 1 change detected: {(<Change.modified: 2>, '/workspace/app/backend/logs/app_20260519_062750.log')}
2026-05-19 06:31:22,289 - watchfiles.main - DEBUG - 1 change detected: {(<Change.modified: 2>, '/workspace/app/backend/logs/app_20260519_062750.log')}
2026-05-19 06:31:22,640 - watchfiles.main - DEBUG - 1 change detected: {(<Change.modified: 2>, '/workspace/app/backend/logs/app_20260519_062750.log')}
2026-05-19 06:31:22,991 - watchfiles.main - DEBUG - 1 change detected: {(<Change.modified: 2>, '/workspace/app/backend/logs/app_20260519_062750.log')}
2026-05-19 06:31:23,342 - watchfiles.main - DEBUG - 1 change detected: {(<Change.modified: 2>, '/workspace/app/backend/logs/app_20260519_062750.log')}
2026-05-19 06:31:23,693 - watchfiles.main - DEBUG - 1 change detected: {(<Change.modified: 2>, '/workspace/app/backend/logs/app_20260519_062750.log')}
2026-05-19 06:31:24,044 - watchfiles.main - DEBUG - 1 change detected: {(<Change.modified: 2>, '/workspace/app/backend/logs/app_20260519_062750.log')}
2026-05-19 06:31:24,395 - watchfiles.main - DEBUG - 1 change detected: {(<Change.modified: 2>, '/workspace/app/backend/logs/app_20260519_062750.log')}
2026-05-19 06:31:24,746 - watchfiles.main - DEBUG - 1 change detected: {(<Change.modified: 2>, '/workspace/app/backend/logs/app_20260519_062750.log')}
2026-05-19 06:31:25,097 - watchfiles.main - DEBUG - 1 change detected: {(<Change.modified: 2>, '/workspace/app/backend/logs/app_20260519_062750.log')}
2026-05-19 06:31:25,447 - watchfiles.main - DEBUG - 1 change detected: {(<Change.modified: 2>, '/workspace/app/backend/logs/app_20260519_062750.log')}
2026-05-19 06:31:25,798 - watchfiles.main - DEBUG - 1 change detected: {(<Change.modified: 2>, '/workspace/app/backend/logs/app_20260519_062750.log')}
2026-05-19 06:31:26,149 - watchfiles.main - DEBUG - 1 change detected: {(<Change.modified: 2>, '/workspace/app/backend/logs/app_20260519_062750.log')}
2026-05-19 06:31:26,500 - watchfiles.main - DEBUG - 1 change detected: {(<Change.modified: 2>, '/workspace/app/backend/logs/app_20260519_062750.log')}
2026-05-19 06:31:26,851 - watchfiles.main - DEBUG - 1 change detected: {(<Change.modified: 2>, '/workspace/app/backend/logs/app_20260519_062750.log')}
2026-05-19 06:31:27,202 - watchfiles.main - DEBUG - 1 change detected: {(<Change.modified: 2>, '/workspace/app/backend/logs/app_20260519_062750.log')}
2026-05-19 06:31:27,554 - watchfiles.main - DEBUG - 1 change detected: {(<Change.modified: 2>, '/workspace/app/backend/logs/app_20260519_062750.log')}
2026-05-19 06:31:27,904 - watchfiles.main - DEBUG - 1 change detected: {(<Change.modified: 2>, '/workspace/app/backend/logs/app_20260519_062750.log')}
2026-05-19 06:31:28,255 - watchfiles.main - DEBUG - 1 change detected: {(<Change.modified: 2>, '/workspace/app/backend/logs/app_20260519_062750.log')}
2026-05-19 06:31:28,607 - watchfiles.main - DEBUG - 1 change detected: {(<Change.modified: 2>, '/workspace/app/backend/logs/app_20260519_062750.log')}
2026-05-19 06:31:28,958 - watchfiles.main - DEBUG - 1 change detected: {(<Change.modified: 2>, '/workspace/app/backend/logs/app_20260519_062750.log')}
2026-05-19 06:31:29,309 - watchfiles.main - DEBUG - 1 change detected: {(<Change.modified: 2>, '/workspace/app/backend/logs/app_20260519_062750.log')}
2026-05-19 06:31:29,660 - watchfiles.main - DEBUG - 1 change detected: {(<Change.modified: 2>, '/workspace/app/backend/logs/app_20260519_062750.log')}
2026-05-19 06:31:30,011 - watchfiles.main - DEBUG - 1 change detected: {(<Change.modified: 2>, '/workspace/app/backend/logs/app_20260519_062750.log')}
2026-05-19 06:31:30,362 - watchfiles.main - DEBUG - 1 change detected: {(<Change.modified: 2>, '/workspace/app/backend/logs/app_20260519_062750.log')}
2026-05-19 06:31:30,713 - watchfiles.main - DEBUG - 1 change detected: {(<Change.modified: 2>, '/workspace/app/backend/logs/app_20260519_062750.log')}
2026-05-19 06:31:31,064 - watchfiles.main - DEBUG - 1 change detected: {(<Change.modified: 2>, '/workspace/app/backend/logs/app_20260519_062750.log')}
2026-05-19 06:31:31,415 - watchfiles.main - DEBUG - 1 change detected: {(<Change.modified: 2>, '/workspace/app/backend/logs/app_20260519_062750.log')}
2026-05-19 06:31:31,766 - watchfiles.main - DEBUG - 1 change detected: {(<Change.modified: 2>, '/workspace/app/backend/logs/app_20260519_062750.log')}
2026-05-19 06:31:32,117 - watchfiles.main - DEBUG - 1 change detected: {(<Change.modified: 2>, '/workspace/app/backend/logs/app_20260519_062750.log')}
2026-05-19 06:31:32,468 - watchfiles.main - DEBUG - 1 change detected: {(<Change.modified: 2>, '/workspace/app/backend/logs/app_20260519_062750.log')}
2026-05-19 06:31:32,819 - watchfiles.main - DEBUG - 1 change detected: {(<Change.modified: 2>, '/workspace/app/backend/logs/app_20260519_062750.log')}
2026-05-19 06:31:33,170 - watchfiles.main - DEBUG - 1 change detected: {(<Change.modified: 2>, '/workspace/app/backend/logs/app_20260519_062750.log')}
2026-05-19 06:31:33,521 - watchfiles.main - DEBUG - 1 change detected: {(<Change.modified: 2>, '/workspace/app/backend/logs/app_20260519_062750.log')}
2026-05-19 06:31:33,872 - watchfiles.main - DEBUG - 1 change detected: {(<Change.modified: 2>, '/workspace/app/backend/logs/app_20260519_062750.log')}
2026-05-19 06:31:34,223 - watchfiles.main - DEBUG - 1 change detected: {(<Change.modified: 2>, '/workspace/app/backend/logs/app_20260519_062750.log')}
2026-05-19 06:31:34,574 - watchfiles.main - DEBUG - 1 change detected: {(<Change.modified: 2>, '/workspace/app/backend/logs/app_20260519_062750.log')}
2026-05-19 06:31:34,925 - watchfiles.main - DEBUG - 1 change detected: {(<Change.modified: 2>, '/workspace/app/backend/logs/app_20260519_062750.log')}
2026-05-19 06:31:35,276 - watchfiles.main - DEBUG - 1 change detected: {(<Change.modified: 2>, '/workspace/app/backend/logs/app_20260519_062750.log')}
2026-05-19 06:31:35,627 - watchfiles.main - DEBUG - 1 change detected: {(<Change.modified: 2>, '/workspace/app/backend/logs/app_20260519_062750.log')}
2026-05-19 06:31:35,978 - watchfiles.main - DEBUG - 1 change detected: {(<Change.modified: 2>, '/workspace/app/backend/logs/app_20260519_062750.log')}
2026-05-19 06:31:36,329 - watchfiles.main - DEBUG - 1 change detected: {(<Change.modified: 2>, '/workspace/app/backend/logs/app_20260519_062750.log')}
2026-05-19 06:31:36,680 - watchfiles.main - DEBUG - 1 change detected: {(<Change.modified: 2>, '/workspace/app/backend/logs/app_20260519_062750.log')}
2026-05-19 06:31:37,031 - watchfiles.main - DEBUG - 1 change detected: {(<Change.modified: 2>, '/workspace/app/backend/logs/app_20260519_062750.log')}
2026-05-19 06:31:37,382 - watchfiles.main - DEBUG - 1 change detected: {(<Change.modified: 2>, '/workspace/app/backend/logs/app_20260519_062750.log')}
2026-05-19 06:31:37,733 - watchfiles.main - DEBUG - 1 change detected: {(<Change.modified: 2>, '/workspace/app/backend/logs/app_20260519_062750.log')}
2026-05-19 06:31:38,085 - watchfiles.main - DEBUG - 1 change detected: {(<Change.modified: 2>, '/workspace/app/backend/logs/app_20260519_062750.log')}
2026-05-19 06:31:38,436 - watchfiles.main - DEBUG - 1 change detected: {(<Change.modified: 2>, '/workspace/app/backend/logs/app_20260519_062750.log')}
2026-05-19 06:31:38,787 - watchfiles.main - DEBUG - 1 change detected: {(<Change.modified: 2>, '/workspace/app/backend/logs/app_20260519_062750.log')}
2026-05-19 06:31:39,138 - watchfiles.main - DEBUG - 1 change detected: {(<Change.modified: 2>, '/workspace/app/backend/logs/app_20260519_062750.log')}
2026-05-19 06:31:39,489 - watchfiles.main - DEBUG - 1 change detected: {(<Change.modified: 2>, '/workspace/app/backend/logs/app_20260519_062750.log')}
2026-05-19 06:31:39,840 - watchfiles.main - DEBUG - 1 change detected: {(<Change.modified: 2>, '/workspace/app/backend/logs/app_20260519_062750.log')}
2026-05-19 06:31:40,191 - watchfiles.main - DEBUG - 1 change detected: {(<Change.modified: 2>, '/workspace/app/backend/logs/app_20260519_062750.log')}
2026-05-19 06:31:40,542 - watchfiles.main - DEBUG - 1 change detected: {(<Change.modified: 2>, '/workspace/app/backend/logs/app_20260519_062750.log')}
2026-05-19 06:31:40,892 - watchfiles.main - DEBUG - 1 change detected: {(<Change.modified: 2>, '/workspace/app/backend/logs/app_20260519_062750.log')}
2026-05-19 06:31:41,244 - watchfiles.main - DEBUG - 1 change detected: {(<Change.modified: 2>, '/workspace/app/backend/logs/app_20260519_062750.log')}
2026-05-19 06:31:41,595 - watchfiles.main - DEBUG - 1 change detected: {(<Change.modified: 2>, '/workspace/app/backend/logs/app_20260519_062750.log')}
2026-05-19 06:31:41,946 - watchfiles.main - DEBUG - 1 change detected: {(<Change.modified: 2>, '/workspace/app/backend/logs/app_20260519_062750.log')}
2026-05-19 06:31:42,297 - watchfiles.main - DEBUG - 1 change detected: {(<Change.modified: 2>, '/workspace/app/backend/logs/app_20260519_062750.log')}
2026-05-19 06:31:42,648 - watchfiles.main - DEBUG - 1 change detected: {(<Change.modified: 2>, '/workspace/app/backend/logs/app_20260519_062750.log')}
2026-05-19 06:31:42,999 - watchfiles.main - DEBUG - 1 change detected: {(<Change.modified: 2>, '/workspace/app/backend/logs/app_20260519_062750.log')}
2026-05-19 06:31:43,350 - watchfiles.main - DEBUG - 1 change detected: {(<Change.modified: 2>, '/workspace/app/backend/logs/app_20260519_062750.log')}
2026-05-19 06:31:43,701 - watchfiles.main - DEBUG - 1 change detected: {(<Change.modified: 2>, '/workspace/app/backend/logs/app_20260519_062750.log')}
2026-05-19 06:31:44,052 - watchfiles.main - DEBUG - 1 change detected: {(<Change.modified: 2>, '/workspace/app/backend/logs/app_20260519_062750.log')}
2026-05-19 06:31:44,403 - watchfiles.main - DEBUG - 1 change detected: {(<Change.modified: 2>, '/workspace/app/backend/logs/app_20260519_062750.log')}
2026-05-19 06:31:44,754 - watchfiles.main - DEBUG - 1 change detected: {(<Change.modified: 2>, '/workspace/app/backend/logs/app_20260519_062750.log')}
2026-05-19 06:31:45,105 - watchfiles.main - DEBUG - 1 change detected: {(<Change.modified: 2>, '/workspace/app/backend/logs/app_20260519_062750.log')}
2026-05-19 06:31:45,456 - watchfiles.main - DEBUG - 1 change detected: {(<Change.modified: 2>, '/workspace/app/backend/logs/app_20260519_062750.log')}
2026-05-19 06:31:45,808 - watchfiles.main - DEBUG - 1 change detected: {(<Change.modified: 2>, '/workspace/app/backend/logs/app_20260519_062750.log')}
2026-05-19 06:31:46,162 - watchfiles.main - DEBUG - 1 change detected: {(<Change.modified: 2>, '/workspace/app/backend/logs/app_20260519_062750.log')}
2026-05-19 06:31:46,513 - watchfiles.main - DEBUG - 1 change detected: {(<Change.modified: 2>, '/workspace/app/backend/logs/app_20260519_062750.log')}
2026-05-19 06:31:46,864 - watchfiles.main - DEBUG - 1 change detected: {(<Change.modified: 2>, '/workspace/app/backend/logs/app_20260519_062750.log')}
2026-05-19 06:31:47,215 - watchfiles.main - DEBUG - 1 change detected: {(<Change.modified: 2>, '/workspace/app/backend/logs/app_20260519_062750.log')}
2026-05-19 06:31:47,566 - watchfiles.main - DEBUG - 1 change detected: {(<Change.modified: 2>, '/workspace/app/backend/logs/app_20260519_062750.log')}
2026-05-19 06:31:47,918 - watchfiles.main - DEBUG - 1 change detected: {(<Change.modified: 2>, '/workspace/app/backend/logs/app_20260519_062750.log')}
2026-05-19 06:31:48,269 - watchfiles.main - DEBUG - 1 change detected: {(<Change.modified: 2>, '/workspace/app/backend/logs/app_20260519_062750.log')}
2026-05-19 06:31:48,621 - watchfiles.main - DEBUG - 1 change detected: {(<Change.modified: 2>, '/workspace/app/backend/logs/app_20260519_062750.log')}
2026-05-19 06:31:48,972 - watchfiles.main - DEBUG - 1 change detected: {(<Change.modified: 2>, '/workspace/app/backend/logs/app_20260519_062750.log')}
2026-05-19 06:31:49,323 - watchfiles.main - DEBUG - 1 change detected: {(<Change.modified: 2>, '/workspace/app/backend/logs/app_20260519_062750.log')}
2026-05-19 06:31:49,674 - watchfiles.main - DEBUG - 1 change detected: {(<Change.modified: 2>, '/workspace/app/backend/logs/app_20260519_062750.log')}
2026-05-19 06:31:50,025 - watchfiles.main - DEBUG - 1 change detected: {(<Change.modified: 2>, '/workspace/app/backend/logs/app_20260519_062750.log')}
2026-05-19 06:31:50,376 - watchfiles.main - DEBUG - 1 change detected: {(<Change.modified: 2>, '/workspace/app/backend/logs/app_20260519_062750.log')}
2026-05-19 06:31:50,727 - watchfiles.main - DEBUG - 1 change detected: {(<Change.modified: 2>, '/workspace/app/backend/logs/app_20260519_062750.log')}
2026-05-19 06:31:51,079 - watchfiles.main - DEBUG - 1 change detected: {(<Change.modified: 2>, '/workspace/app/backend/logs/app_20260519_062750.log')}
2026-05-19 06:31:51,430 - watchfiles.main - DEBUG - 1 change detected: {(<Change.modified: 2>, '/workspace/app/backend/logs/app_20260519_062750.log')}
2026-05-19 06:31:51,781 - watchfiles.main - DEBUG - 1 change detected: {(<Change.modified: 2>, '/workspace/app/backend/logs/app_20260519_062750.log')}
2026-05-19 06:31:52,132 - watchfiles.main - DEBUG - 1 change detected: {(<Change.modified: 2>, '/workspace/app/backend/logs/app_20260519_062750.log')}
2026-05-19 06:31:52,483 - watchfiles.main - DEBUG - 1 change detected: {(<Change.modified: 2>, '/workspace/app/backend/logs/app_20260519_062750.log')}
2026-05-19 06:31:52,834 - watchfiles.main - DEBUG - 1 change detected: {(<Change.modified: 2>, '/workspace/app/backend/logs/app_20260519_062750.log')}
2026-05-19 06:31:53,185 - watchfiles.main - DEBUG - 1 change detected: {(<Change.modified: 2>, '/workspace/app/backend/logs/app_20260519_062750.log')}
2026-05-19 06:31:53,536 - watchfiles.main - DEBUG - 1 change detected: {(<Change.modified: 2>, '/workspace/app/backend/logs/app_20260519_062750.log')}
2026-05-19 06:31:53,887 - watchfiles.main - DEBUG - 1 change detected: {(<Change.modified: 2>, '/workspace/app/backend/logs/app_20260519_062750.log')}
2026-05-19 06:31:54,238 - watchfiles.main - DEBUG - 1 change detected: {(<Change.modified: 2>, '/workspace/app/backend/logs/app_20260519_062750.log')}
2026-05-19 06:31:54,588 - watchfiles.main - DEBUG - 1 change detected: {(<Change.modified: 2>, '/workspace/app/backend/logs/app_20260519_062750.log')}
2026-05-19 06:31:54,939 - watchfiles.main - DEBUG - 1 change detected: {(<Change.modified: 2>, '/workspace/app/backend/logs/app_20260519_062750.log')}
2026-05-19 06:31:55,290 - watchfiles.main - DEBUG - 1 change detected: {(<Change.modified: 2>, '/workspace/app/backend/logs/app_20260519_062750.log')}
2026-05-19 06:31:55,641 - watchfiles.main - DEBUG - 1 change detected: {(<Change.modified: 2>, '/workspace/app/backend/logs/app_20260519_062750.log')}
2026-05-19 06:31:55,992 - watchfiles.main - DEBUG - 1 change detected: {(<Change.modified: 2>, '/workspace/app/backend/logs/app_20260519_062750.log')}
2026-05-19 06:31:56,343 - watchfiles.main - DEBUG - 1 change detected: {(<Change.modified: 2>, '/workspace/app/backend/logs/app_20260519_062750.log')}
2026-05-19 06:31:56,694 - watchfiles.main - DEBUG - 1 change detected: {(<Change.modified: 2>, '/workspace/app/backend/logs/app_20260519_062750.log')}
2026-05-19 06:31:57,045 - watchfiles.main - DEBUG - 1 change detected: {(<Change.modified: 2>, '/workspace/app/backend/logs/app_20260519_062750.log')}
2026-05-19 06:31:57,396 - watchfiles.main - DEBUG - 1 change detected: {(<Change.modified: 2>, '/workspace/app/backend/logs/app_20260519_062750.log')}
2026-05-19 06:31:57,747 - watchfiles.main - DEBUG - 1 change detected: {(<Change.modified: 2>, '/workspace/app/backend/logs/app_20260519_062750.log')}
2026-05-19 06:31:58,098 - watchfiles.main - DEBUG - 1 change detected: {(<Change.modified: 2>, '/workspace/app/backend/logs/app_20260519_062750.log')}
2026-05-19 06:31:58,449 - watchfiles.main - DEBUG - 1 change detected: {(<Change.modified: 2>, '/workspace/app/backend/logs/app_20260519_062750.log')}
2026-05-19 06:31:58,801 - watchfiles.main - DEBUG - 1 change detected: {(<Change.modified: 2>, '/workspace/app/backend/logs/app_20260519_062750.log')}
2026-05-19 06:31:59,152 - watchfiles.main - DEBUG - 1 change detected: {(<Change.modified: 2>, '/workspace/app/backend/logs/app_20260519_062750.log')}
2026-05-19 06:31:59,503 - watchfiles.main - DEBUG - 1 change detected: {(<Change.modified: 2>, '/workspace/app/backend/logs/app_20260519_062750.log')}
2026-05-19 06:31:59,854 - watchfiles.main - DEBUG - 1 change detected: {(<Change.modified: 2>, '/workspace/app/backend/logs/app_20260519_062750.log')}
2026-05-19 06:32:00,205 - watchfiles.main - DEBUG - 1 change detected: {(<Change.modified: 2>, '/workspace/app/backend/logs/app_20260519_062750.log')}
2026-05-19 06:32:00,556 - watchfiles.main - DEBUG - 1 change detected: {(<Change.modified: 2>, '/workspace/app/backend/logs/app_20260519_062750.log')}
2026-05-19 06:32:00,907 - watchfiles.main - DEBUG - 1 change detected: {(<Change.modified: 2>, '/workspace/app/backend/logs/app_20260519_062750.log')}
2026-05-19 06:32:01,258 - watchfiles.main - DEBUG - 1 change detected: {(<Change.modified: 2>, '/workspace/app/backend/logs/app_20260519_062750.log')}
2026-05-19 06:32:01,609 - watchfiles.main - DEBUG - 1 change detected: {(<Change.modified: 2>, '/workspace/app/backend/logs/app_20260519_062750.log')}
2026-05-19 06:32:01,960 - watchfiles.main - DEBUG - 1 change detected: {(<Change.modified: 2>, '/workspace/app/backend/logs/app_20260519_062750.log')}
2026-05-19 06:32:02,311 - watchfiles.main - DEBUG - 1 change detected: {(<Change.modified: 2>, '/workspace/app/backend/logs/app_20260519_062750.log')}
2026-05-19 06:32:02,662 - watchfiles.main - DEBUG - 1 change detected: {(<Change.modified: 2>, '/workspace/app/backend/logs/app_20260519_062750.log')}
2026-05-19 06:32:03,013 - watchfiles.main - DEBUG - 1 change detected: {(<Change.modified: 2>, '/workspace/app/backend/logs/app_20260519_062750.log')}
2026-05-19 06:32:03,364 - watchfiles.main - DEBUG - 1 change detected: {(<Change.modified: 2>, '/workspace/app/backend/logs/app_20260519_062750.log')}
2026-05-19 06:32:03,716 - watchfiles.main - DEBUG - 1 change detected: {(<Change.modified: 2>, '/workspace/app/backend/logs/app_20260519_062750.log')}
2026-05-19 06:32:04,066 - watchfiles.main - DEBUG - 1 change detected: {(<Change.modified: 2>, '/workspace/app/backend/logs/app_20260519_062750.log')}
2026-05-19 06:32:04,418 - watchfiles.main - DEBUG - 1 change detected: {(<Change.modified: 2>, '/workspace/app/backend/logs/app_20260519_062750.log')}
2026-05-19 06:32:04,769 - watchfiles.main - DEBUG - 1 change detected: {(<Change.modified: 2>, '/workspace/app/backend/logs/app_20260519_062750.log')}
2026-05-19 06:32:05,120 - watchfiles.main - DEBUG - 1 change detected: {(<Change.modified: 2>, '/workspace/app/backend/logs/app_20260519_062750.log')}
2026-05-19 06:32:05,471 - watchfiles.main - DEBUG - 1 change detected: {(<Change.modified: 2>, '/workspace/app/backend/logs/app_20260519_062750.log')}
2026-05-19 06:32:05,822 - watchfiles.main - DEBUG - 1 change detected: {(<Change.modified: 2>, '/workspace/app/backend/logs/app_20260519_062750.log')}
2026-05-19 06:32:06,173 - watchfiles.main - DEBUG - 1 change detected: {(<Change.modified: 2>, '/workspace/app/backend/logs/app_20260519_062750.log')}
2026-05-19 06:32:06,523 - watchfiles.main - DEBUG - 1 change detected: {(<Change.modified: 2>, '/workspace/app/backend/logs/app_20260519_062750.log')}
2026-05-19 06:32:06,875 - watchfiles.main - DEBUG - 1 change detected: {(<Change.modified: 2>, '/workspace/app/backend/logs/app_20260519_062750.log')}
2026-05-19 06:32:07,226 - watchfiles.main - DEBUG - 1 change detected: {(<Change.modified: 2>, '/workspace/app/backend/logs/app_20260519_062750.log')}
2026-05-19 06:32:07,577 - watchfiles.main - DEBUG - 1 change detected: {(<Change.modified: 2>, '/workspace/app/backend/logs/app_20260519_062750.log')}
2026-05-19 06:32:07,928 - watchfiles.main - DEBUG - 1 change detected: {(<Change.modified: 2>, '/workspace/app/backend/logs/app_20260519_062750.log')}
2026-05-19 06:32:08,279 - watchfiles.main - DEBUG - 1 change detected: {(<Change.modified: 2>, '/workspace/app/backend/logs/app_20260519_062750.log')}
2026-05-19 06:32:08,630 - watchfiles.main - DEBUG - 1 change detected: {(<Change.modified: 2>, '/workspace/app/backend/logs/app_20260519_062750.log')}
2026-05-19 06:32:08,980 - watchfiles.main - DEBUG - 1 change detected: {(<Change.modified: 2>, '/workspace/app/backend/logs/app_20260519_062750.log')}
2026-05-19 06:32:09,331 - watchfiles.main - DEBUG - 1 change detected: {(<Change.modified: 2>, '/workspace/app/backend/logs/app_20260519_062750.log')}
2026-05-19 06:32:09,682 - watchfiles.main - DEBUG - 1 change detected: {(<Change.modified: 2>, '/workspace/app/backend/logs/app_20260519_062750.log')}
2026-05-19 06:32:10,033 - watchfiles.main - DEBUG - 1 change detected: {(<Change.modified: 2>, '/workspace/app/backend/logs/app_20260519_062750.log')}
2026-05-19 06:32:10,384 - watchfiles.main - DEBUG - 1 change detected: {(<Change.modified: 2>, '/workspace/app/backend/logs/app_20260519_062750.log')}
2026-05-19 06:32:10,735 - watchfiles.main - DEBUG - 1 change detected: {(<Change.modified: 2>, '/workspace/app/backend/logs/app_20260519_062750.log')}
2026-05-19 06:32:11,086 - watchfiles.main - DEBUG - 1 change detected: {(<Change.modified: 2>, '/workspace/app/backend/logs/app_20260519_062750.log')}
2026-05-19 06:32:11,437 - watchfiles.main - DEBUG - 1 change detected: {(<Change.modified: 2>, '/workspace/app/backend/logs/app_20260519_062750.log')}
2026-05-19 06:32:11,788 - watchfiles.main - DEBUG - 1 change detected: {(<Change.modified: 2>, '/workspace/app/backend/logs/app_20260519_062750.log')}
2026-05-19 06:32:12,139 - watchfiles.main - DEBUG - 1 change detected: {(<Change.modified: 2>, '/workspace/app/backend/logs/app_20260519_062750.log')}
2026-05-19 06:32:12,490 - watchfiles.main - DEBUG - 1 change detected: {(<Change.modified: 2>, '/workspace/app/backend/logs/app_20260519_062750.log')}
2026-05-19 06:32:12,841 - watchfiles.main - DEBUG - 1 change detected: {(<Change.modified: 2>, '/workspace/app/backend/logs/app_20260519_062750.log')}
2026-05-19 06:32:13,192 - watchfiles.main - DEBUG - 1 change detected: {(<Change.modified: 2>, '/workspace/app/backend/logs/app_20260519_062750.log')}
2026-05-19 06:32:13,543 - watchfiles.main - DEBUG - 1 change detected: {(<Change.modified: 2>, '/workspace/app/backend/logs/app_20260519_062750.log')}
2026-05-19 06:32:13,894 - watchfiles.main - DEBUG - 1 change detected: {(<Change.modified: 2>, '/workspace/app/backend/logs/app_20260519_062750.log')}
2026-05-19 06:32:14,245 - watchfiles.main - DEBUG - 1 change detected: {(<Change.modified: 2>, '/workspace/app/backend/logs/app_20260519_062750.log')}
2026-05-19 06:32:14,595 - watchfiles.main - DEBUG - 1 change detected: {(<Change.modified: 2>, '/workspace/app/backend/logs/app_20260519_062750.log')}
2026-05-19 06:32:14,946 - watchfiles.main - DEBUG - 1 change detected: {(<Change.modified: 2>, '/workspace/app/backend/logs/app_20260519_062750.log')}
2026-05-19 06:32:15,297 - watchfiles.main - DEBUG - 1 change detected: {(<Change.modified: 2>, '/workspace/app/backend/logs/app_20260519_062750.log')}
2026-05-19 06:32:15,649 - watchfiles.main - DEBUG - 1 change detected: {(<Change.modified: 2>, '/workspace/app/backend/logs/app_20260519_062750.log')}
2026-05-19 06:32:15,999 - watchfiles.main - DEBUG - 1 change detected: {(<Change.modified: 2>, '/workspace/app/backend/logs/app_20260519_062750.log')}
2026-05-19 06:32:16,350 - watchfiles.main - DEBUG - 1 change detected: {(<Change.modified: 2>, '/workspace/app/backend/logs/app_20260519_062750.log')}
2026-05-19 06:32:16,701 - watchfiles.main - DEBUG - 1 change detected: {(<Change.modified: 2>, '/workspace/app/backend/logs/app_20260519_062750.log')}
2026-05-19 06:32:17,052 - watchfiles.main - DEBUG - 1 change detected: {(<Change.modified: 2>, '/workspace/app/backend/logs/app_20260519_062750.log')}
2026-05-19 06:32:17,403 - watchfiles.main - DEBUG - 1 change detected: {(<Change.modified: 2>, '/workspace/app/backend/logs/app_20260519_062750.log')}
2026-05-19 06:32:17,753 - watchfiles.main - DEBUG - 1 change detected: {(<Change.modified: 2>, '/workspace/app/backend/logs/app_20260519_062750.log')}
2026-05-19 06:32:18,104 - watchfiles.main - DEBUG - 1 change detected: {(<Change.modified: 2>, '/workspace/app/backend/logs/app_20260519_062750.log')}
2026-05-19 06:32:18,455 - watchfiles.main - DEBUG - 1 change detected: {(<Change.modified: 2>, '/workspace/app/backend/logs/app_20260519_062750.log')}
2026-05-19 06:32:18,806 - watchfiles.main - DEBUG - 1 change detected: {(<Change.modified: 2>, '/workspace/app/backend/logs/app_20260519_062750.log')}
2026-05-19 06:32:19,157 - watchfiles.main - DEBUG - 1 change detected: {(<Change.modified: 2>, '/workspace/app/backend/logs/app_20260519_062750.log')}
2026-05-19 06:32:19,508 - watchfiles.main - DEBUG - 1 change detected: {(<Change.modified: 2>, '/workspace/app/backend/logs/app_20260519_062750.log')}
2026-05-19 06:32:19,859 - watchfiles.main - DEBUG - 1 change detected: {(<Change.modified: 2>, '/workspace/app/backend/logs/app_20260519_062750.log')}
2026-05-19 06:32:20,210 - watchfiles.main - DEBUG - 1 change detected: {(<Change.modified: 2>, '/workspace/app/backend/logs/app_20260519_062750.log')}
2026-05-19 06:32:20,561 - watchfiles.main - DEBUG - 1 change detected: {(<Change.modified: 2>, '/workspace/app/backend/logs/app_20260519_062750.log')}
2026-05-19 06:32:20,912 - watchfiles.main - DEBUG - 1 change detected: {(<Change.modified: 2>, '/workspace/app/backend/logs/app_20260519_062750.log')}
2026-05-19 06:32:21,263 - watchfiles.main - DEBUG - 1 change detected: {(<Change.modified: 2>, '/workspace/app/backend/logs/app_20260519_062750.log')}
2026-05-19 06:32:21,614 - watchfiles.main - DEBUG - 1 change detected: {(<Change.modified: 2>, '/workspace/app/backend/logs/app_20260519_062750.log')}
2026-05-19 06:32:21,965 - watchfiles.main - DEBUG - 1 change detected: {(<Change.modified: 2>, '/workspace/app/backend/logs/app_20260519_062750.log')}
2026-05-19 06:32:22,316 - watchfiles.main - DEBUG - 2 changes detected: {(<Change.modified: 2>, '/workspace/app/backend/logs/app_20260519_062752.log'), (<Change.modified: 2>, '/workspace/app/backend/logs/app_20260519_062750.log')}
2026-05-19 06:32:22,667 - watchfiles.main - DEBUG - 1 change detected: {(<Change.modified: 2>, '/workspace/app/backend/logs/app_20260519_062750.log')}
2026-05-19 06:32:23,018 - watchfiles.main - DEBUG - 1 change detected: {(<Change.modified: 2>, '/workspace/app/backend/logs/app_20260519_062750.log')}
2026-05-19 06:32:23,369 - watchfiles.main - DEBUG - 1 change detected: {(<Change.modified: 2>, '/workspace/app/backend/logs/app_20260519_062750.log')}
2026-05-19 06:32:23,720 - watchfiles.main - DEBUG - 1 change detected: {(<Change.modified: 2>, '/workspace/app/backend/logs/app_20260519_062750.log')}
2026-05-19 06:32:24,072 - watchfiles.main - DEBUG - 1 change detected: {(<Change.modified: 2>, '/workspace/app/backend/logs/app_20260519_062750.log')}
2026-05-19 06:32:24,423 - watchfiles.main - DEBUG - 1 change detected: {(<Change.modified: 2>, '/workspace/app/backend/logs/app_20260519_062750.log')}
2026-05-19 06:32:24,774 - watchfiles.main - DEBUG - 1 change detected: {(<Change.modified: 2>, '/workspace/app/backend/logs/app_20260519_062750.log')}
2026-05-19 06:32:25,125 - watchfiles.main - DEBUG - 1 change detected: {(<Change.modified: 2>, '/workspace/app/backend/logs/app_20260519_062750.log')}
2026-05-19 06:32:25,476 - watchfiles.main - DEBUG - 2 changes detected: {(<Change.modified: 2>, '/workspace/app/backend/logs/app_20260519_062752.log'), (<Change.modified: 2>, '/workspace/app/backend/logs/app_20260519_062750.log')}
2026-05-19 06:32:25,827 - watchfiles.main - DEBUG - 2 changes detected: {(<Change.modified: 2>, '/workspace/app/backend/logs/app_20260519_062752.log'), (<Change.modified: 2>, '/workspace/app/backend/logs/app_20260519_062750.log')}
2026-05-19 06:32:26,178 - watchfiles.main - DEBUG - 2 changes detected: {(<Change.modified: 2>, '/workspace/app/backend/logs/app_20260519_062752.log'), (<Change.modified: 2>, '/workspace/app/backend/logs/app_20260519_062750.log')}
2026-05-19 06:32:26,529 - watchfiles.main - DEBUG - 1 change detected: {(<Change.modified: 2>, '/workspace/app/backend/logs/app_20260519_062750.log')}
2026-05-19 06:32:26,881 - watchfiles.main - DEBUG - 1 change detected: {(<Change.modified: 2>, '/workspace/app/backend/logs/app_20260519_062750.log')}
2026-05-19 06:32:27,232 - watchfiles.main - DEBUG - 1 change detected: {(<Change.modified: 2>, '/workspace/app/backend/logs/app_20260519_062750.log')}
2026-05-19 06:32:27,583 - watchfiles.main - DEBUG - 1 change detected: {(<Change.modified: 2>, '/workspace/app/backend/logs/app_20260519_062750.log')}
2026-05-19 06:32:27,934 - watchfiles.main - DEBUG - 1 change detected: {(<Change.modified: 2>, '/workspace/app/backend/logs/app_20260519_062750.log')}
2026-05-19 06:32:28,285 - watchfiles.main - DEBUG - 1 change detected: {(<Change.modified: 2>, '/workspace/app/backend/logs/app_20260519_062750.log')}
2026-05-19 06:32:28,636 - watchfiles.main - DEBUG - 2 changes detected: {(<Change.modified: 2>, '/workspace/app/backend/logs/app_20260519_062752.log'), (<Change.modified: 2>, '/workspace/app/backend/logs/app_20260519_062750.log')}
2026-05-19 06:32:29,037 - watchfiles.main - DEBUG - 2 changes detected: {(<Change.modified: 2>, '/workspace/app/backend/logs/app_20260519_062752.log'), (<Change.modified: 2>, '/workspace/app/backend/logs/app_20260519_062750.log')}
2026-05-19 06:32:29,388 - watchfiles.main - DEBUG - 1 change detected: {(<Change.modified: 2>, '/workspace/app/backend/logs/app_20260519_062750.log')}
2026-05-19 06:32:29,739 - watchfiles.main - DEBUG - 1 change detected: {(<Change.modified: 2>, '/workspace/app/backend/logs/app_20260519_062750.log')}
2026-05-19 06:32:30,090 - watchfiles.main - DEBUG - 1 change detected: {(<Change.modified: 2>, '/workspace/app/backend/logs/app_20260519_062750.log')}
2026-05-19 06:32:30,441 - watchfiles.main - DEBUG - 1 change detected: {(<Change.modified: 2>, '/workspace/app/backend/logs/app_20260519_062750.log')}
2026-05-19 06:32:30,792 - watchfiles.main - DEBUG - 1 change detected: {(<Change.modified: 2>, '/workspace/app/backend/logs/app_20260519_062750.log')}
2026-05-19 06:32:31,143 - watchfiles.main - DEBUG - 1 change detected: {(<Change.modified: 2>, '/workspace/app/backend/logs/app_20260519_062750.log')}
2026-05-19 06:32:31,494 - watchfiles.main - DEBUG - 1 change detected: {(<Change.modified: 2>, '/workspace/app/backend/logs/app_20260519_062750.log')}
2026-05-19 06:32:31,845 - watchfiles.main - DEBUG - 1 change detected: {(<Change.modified: 2>, '/workspace/app/backend/logs/app_20260519_062750.log')}
2026-05-19 06:32:32,197 - watchfiles.main - DEBUG - 1 change detected: {(<Change.modified: 2>, '/workspace/app/backend/logs/app_20260519_062750.log')}
2026-05-19 06:32:32,548 - watchfiles.main - DEBUG - 1 change detected: {(<Change.modified: 2>, '/workspace/app/backend/logs/app_20260519_062750.log')}
2026-05-19 06:32:32,899 - watchfiles.main - DEBUG - 1 change detected: {(<Change.modified: 2>, '/workspace/app/backend/logs/app_20260519_062750.log')}
2026-05-19 06:32:33,250 - watchfiles.main - DEBUG - 2 changes detected: {(<Change.modified: 2>, '/workspace/app/backend/logs/app_20260519_062752.log'), (<Change.modified: 2>, '/workspace/app/backend/logs/app_20260519_062750.log')}
2026-05-19 06:32:33,601 - watchfiles.main - DEBUG - 2 changes detected: {(<Change.modified: 2>, '/workspace/app/backend/logs/app_20260519_062752.log'), (<Change.modified: 2>, '/workspace/app/backend/logs/app_20260519_062750.log')}
2026-05-19 06:32:33,952 - watchfiles.main - DEBUG - 1 change detected: {(<Change.modified: 2>, '/workspace/app/backend/logs/app_20260519_062750.log')}
2026-05-19 06:32:34,303 - watchfiles.main - DEBUG - 1 change detected: {(<Change.modified: 2>, '/workspace/app/backend/logs/app_20260519_062750.log')}
2026-05-19 06:32:34,654 - watchfiles.main - DEBUG - 1 change detected: {(<Change.modified: 2>, '/workspace/app/backend/logs/app_20260519_062750.log')}
2026-05-19 06:32:35,005 - watchfiles.main - DEBUG - 1 change detected: {(<Change.modified: 2>, '/workspace/app/backend/logs/app_20260519_062750.log')}
2026-05-19 06:32:35,356 - watchfiles.main - DEBUG - 1 change detected: {(<Change.modified: 2>, '/workspace/app/backend/logs/app_20260519_062750.log')}
2026-05-19 06:32:35,708 - watchfiles.main - DEBUG - 1 change detected: {(<Change.modified: 2>, '/workspace/app/backend/logs/app_20260519_062750.log')}
2026-05-19 06:32:36,059 - watchfiles.main - DEBUG - 1 change detected: {(<Change.modified: 2>, '/workspace/app/backend/logs/app_20260519_062750.log')}
2026-05-19 06:32:36,410 - watchfiles.main - DEBUG - 1 change detected: {(<Change.modified: 2>, '/workspace/app/backend/logs/app_20260519_062750.log')}
2026-05-19 06:32:36,760 - watchfiles.main - DEBUG - 1 change detected: {(<Change.modified: 2>, '/workspace/app/backend/logs/app_20260519_062750.log')}
2026-05-19 06:32:37,112 - watchfiles.main - DEBUG - 1 change detected: {(<Change.modified: 2>, '/workspace/app/backend/logs/app_20260519_062750.log')}
2026-05-19 06:32:37,462 - watchfiles.main - DEBUG - 1 change detected: {(<Change.modified: 2>, '/workspace/app/backend/logs/app_20260519_062750.log')}
2026-05-19 06:32:37,814 - watchfiles.main - DEBUG - 2 changes detected: {(<Change.modified: 2>, '/workspace/app/backend/logs/app_20260519_062752.log'), (<Change.modified: 2>, '/workspace/app/backend/logs/app_20260519_062750.log')}
2026-05-19 06:32:38,164 - watchfiles.main - DEBUG - 1 change detected: {(<Change.modified: 2>, '/workspace/app/backend/logs/app_20260519_062750.log')}
2026-05-19 06:32:38,516 - watchfiles.main - DEBUG - 1 change detected: {(<Change.modified: 2>, '/workspace/app/backend/logs/app_20260519_062750.log')}
2026-05-19 06:32:38,867 - watchfiles.main - DEBUG - 2 changes detected: {(<Change.modified: 2>, '/workspace/app/backend/logs/app_20260519_062752.log'), (<Change.modified: 2>, '/workspace/app/backend/logs/app_20260519_062750.log')}
2026-05-19 06:32:39,218 - watchfiles.main - DEBUG - 1 change detected: {(<Change.modified: 2>, '/workspace/app/backend/logs/app_20260519_062750.log')}
2026-05-19 06:32:39,569 - watchfiles.main - DEBUG - 1 change detected: {(<Change.modified: 2>, '/workspace/app/backend/logs/app_20260519_062750.log')}
2026-05-19 06:32:39,920 - watchfiles.main - DEBUG - 2 changes detected: {(<Change.modified: 2>, '/workspace/app/backend/logs/app_20260519_062752.log'), (<Change.modified: 2>, '/workspace/app/backend/logs/app_20260519_062750.log')}
2026-05-19 06:32:40,271 - watchfiles.main - DEBUG - 1 change detected: {(<Change.modified: 2>, '/workspace/app/backend/logs/app_20260519_062750.log')}
2026-05-19 06:32:40,622 - watchfiles.main - DEBUG - 1 change detected: {(<Change.modified: 2>, '/workspace/app/backend/logs/app_20260519_062750.log')}
2026-05-19 06:32:40,973 - watchfiles.main - DEBUG - 1 change detected: {(<Change.modified: 2>, '/workspace/app/backend/logs/app_20260519_062750.log')}
2026-05-19 06:32:41,324 - watchfiles.main - DEBUG - 1 change detected: {(<Change.modified: 2>, '/workspace/app/backend/logs/app_20260519_062750.log')}
2026-05-19 06:32:41,675 - watchfiles.main - DEBUG - 1 change detected: {(<Change.modified: 2>, '/workspace/app/backend/logs/app_20260519_062750.log')}
2026-05-19 06:32:42,026 - watchfiles.main - DEBUG - 1 change detected: {(<Change.modified: 2>, '/workspace/app/backend/logs/app_20260519_062750.log')}
2026-05-19 06:32:42,378 - watchfiles.main - DEBUG - 1 change detected: {(<Change.modified: 2>, '/workspace/app/backend/logs/app_20260519_062750.log')}
2026-05-19 06:32:42,729 - watchfiles.main - DEBUG - 1 change detected: {(<Change.modified: 2>, '/workspace/app/backend/logs/app_20260519_062750.log')}
2026-05-19 06:32:43,080 - watchfiles.main - DEBUG - 1 change detected: {(<Change.modified: 2>, '/workspace/app/backend/logs/app_20260519_062750.log')}
2026-05-19 06:32:43,431 - watchfiles.main - DEBUG - 1 change detected: {(<Change.modified: 2>, '/workspace/app/backend/logs/app_20260519_062750.log')}
2026-05-19 06:32:43,782 - watchfiles.main - DEBUG - 1 change detected: {(<Change.modified: 2>, '/workspace/app/backend/logs/app_20260519_062750.log')}
2026-05-19 06:32:44,134 - watchfiles.main - DEBUG - 1 change detected: {(<Change.modified: 2>, '/workspace/app/backend/logs/app_20260519_062750.log')}
2026-05-19 06:32:44,485 - watchfiles.main - DEBUG - 1 change detected: {(<Change.modified: 2>, '/workspace/app/backend/logs/app_20260519_062750.log')}
2026-05-19 06:32:44,837 - watchfiles.main - DEBUG - 1 change detected: {(<Change.modified: 2>, '/workspace/app/backend/logs/app_20260519_062750.log')}
2026-05-19 06:32:45,188 - watchfiles.main - DEBUG - 1 change detected: {(<Change.modified: 2>, '/workspace/app/backend/logs/app_20260519_062750.log')}
2026-05-19 06:32:45,539 - watchfiles.main - DEBUG - 2 changes detected: {(<Change.modified: 2>, '/workspace/app/backend/logs/app_20260519_062752.log'), (<Change.modified: 2>, '/workspace/app/backend/logs/app_20260519_062750.log')}
2026-05-19 06:32:45,890 - watchfiles.main - DEBUG - 1 change detected: {(<Change.modified: 2>, '/workspace/app/backend/logs/app_20260519_062750.log')}
2026-05-19 06:32:46,241 - watchfiles.main - DEBUG - 1 change detected: {(<Change.modified: 2>, '/workspace/app/backend/logs/app_20260519_062750.log')}
2026-05-19 06:32:46,592 - watchfiles.main - DEBUG - 1 change detected: {(<Change.modified: 2>, '/workspace/app/backend/logs/app_20260519_062750.log')}
2026-05-19 06:32:46,943 - watchfiles.main - DEBUG - 1 change detected: {(<Change.modified: 2>, '/workspace/app/backend/logs/app_20260519_062750.log')}
2026-05-19 06:32:47,294 - watchfiles.main - DEBUG - 1 change detected: {(<Change.modified: 2>, '/workspace/app/backend/logs/app_20260519_062750.log')}
2026-05-19 06:32:47,645 - watchfiles.main - DEBUG - 1 change detected: {(<Change.modified: 2>, '/workspace/app/backend/logs/app_20260519_062750.log')}
2026-05-19 06:32:47,996 - watchfiles.main - DEBUG - 1 change detected: {(<Change.modified: 2>, '/workspace/app/backend/logs/app_20260519_062750.log')}
2026-05-19 06:32:48,347 - watchfiles.main - DEBUG - 1 change detected: {(<Change.modified: 2>, '/workspace/app/backend/logs/app_20260519_062750.log')}
2026-05-19 06:32:48,698 - watchfiles.main - DEBUG - 1 change detected: {(<Change.modified: 2>, '/workspace/app/backend/logs/app_20260519_062750.log')}
2026-05-19 06:32:49,049 - watchfiles.main - DEBUG - 1 change detected: {(<Change.modified: 2>, '/workspace/app/backend/logs/app_20260519_062750.log')}
2026-05-19 06:32:49,400 - watchfiles.main - DEBUG - 1 change detected: {(<Change.modified: 2>, '/workspace/app/backend/logs/app_20260519_062750.log')}
2026-05-19 06:32:49,751 - watchfiles.main - DEBUG - 1 change detected: {(<Change.modified: 2>, '/workspace/app/backend/logs/app_20260519_062750.log')}
2026-05-19 06:32:50,102 - watchfiles.main - DEBUG - 1 change detected: {(<Change.modified: 2>, '/workspace/app/backend/logs/app_20260519_062750.log')}
2026-05-19 06:32:50,453 - watchfiles.main - DEBUG - 2 changes detected: {(<Change.modified: 2>, '/workspace/app/backend/logs/app_20260519_062752.log'), (<Change.modified: 2>, '/workspace/app/backend/logs/app_20260519_062750.log')}
2026-05-19 06:32:50,804 - watchfiles.main - DEBUG - 1 change detected: {(<Change.modified: 2>, '/workspace/app/backend/logs/app_20260519_062750.log')}
2026-05-19 06:32:51,155 - watchfiles.main - DEBUG - 1 change detected: {(<Change.modified: 2>, '/workspace/app/backend/logs/app_20260519_062750.log')}
2026-05-19 06:32:51,506 - watchfiles.main - DEBUG - 1 change detected: {(<Change.modified: 2>, '/workspace/app/backend/logs/app_20260519_062750.log')}
2026-05-19 06:32:51,857 - watchfiles.main - DEBUG - 1 change detected: {(<Change.modified: 2>, '/workspace/app/backend/logs/app_20260519_062750.log')}
2026-05-19 06:32:52,208 - watchfiles.main - DEBUG - 1 change detected: {(<Change.modified: 2>, '/workspace/app/backend/logs/app_20260519_062750.log')}
2026-05-19 06:32:52,559 - watchfiles.main - DEBUG - 1 change detected: {(<Change.modified: 2>, '/workspace/app/backend/logs/app_20260519_062750.log')}
2026-05-19 06:32:52,910 - watchfiles.main - DEBUG - 1 change detected: {(<Change.modified: 2>, '/workspace/app/backend/logs/app_20260519_062750.log')}
2026-05-19 06:32:53,261 - watchfiles.main - DEBUG - 1 change detected: {(<Change.modified: 2>, '/workspace/app/backend/logs/app_20260519_062750.log')}
2026-05-19 06:32:53,611 - watchfiles.main - DEBUG - 1 change detected: {(<Change.modified: 2>, '/workspace/app/backend/logs/app_20260519_062750.log')}
2026-05-19 06:32:53,962 - watchfiles.main - DEBUG - 1 change detected: {(<Change.modified: 2>, '/workspace/app/backend/logs/app_20260519_062750.log')}
2026-05-19 06:32:54,313 - watchfiles.main - DEBUG - 1 change detected: {(<Change.modified: 2>, '/workspace/app/backend/logs/app_20260519_062750.log')}
2026-05-19 06:32:54,665 - watchfiles.main - DEBUG - 1 change detected: {(<Change.modified: 2>, '/workspace/app/backend/logs/app_20260519_062750.log')}
2026-05-19 06:32:55,016 - watchfiles.main - DEBUG - 1 change detected: {(<Change.modified: 2>, '/workspace/app/backend/logs/app_20260519_062750.log')}
2026-05-19 06:32:55,367 - watchfiles.main - DEBUG - 1 change detected: {(<Change.modified: 2>, '/workspace/app/backend/logs/app_20260519_062750.log')}
2026-05-19 06:32:55,718 - watchfiles.main - DEBUG - 1 change detected: {(<Change.modified: 2>, '/workspace/app/backend/logs/app_20260519_062750.log')}
2026-05-19 06:32:56,069 - watchfiles.main - DEBUG - 1 change detected: {(<Change.modified: 2>, '/workspace/app/backend/logs/app_20260519_062750.log')}
2026-05-19 06:32:56,420 - watchfiles.main - DEBUG - 1 change detected: {(<Change.modified: 2>, '/workspace/app/backend/logs/app_20260519_062750.log')}
2026-05-19 06:32:56,771 - watchfiles.main - DEBUG - 1 change detected: {(<Change.modified: 2>, '/workspace/app/backend/logs/app_20260519_062750.log')}
2026-05-19 06:32:57,122 - watchfiles.main - DEBUG - 1 change detected: {(<Change.modified: 2>, '/workspace/app/backend/logs/app_20260519_062750.log')}
2026-05-19 06:32:57,473 - watchfiles.main - DEBUG - 1 change detected: {(<Change.modified: 2>, '/workspace/app/backend/logs/app_20260519_062750.log')}
2026-05-19 06:32:57,824 - watchfiles.main - DEBUG - 1 change detected: {(<Change.modified: 2>, '/workspace/app/backend/logs/app_20260519_062750.log')}
2026-05-19 06:32:58,175 - watchfiles.main - DEBUG - 1 change detected: {(<Change.modified: 2>, '/workspace/app/backend/logs/app_20260519_062750.log')}
2026-05-19 06:32:58,526 - watchfiles.main - DEBUG - 1 change detected: {(<Change.modified: 2>, '/workspace/app/backend/logs/app_20260519_062750.log')}
2026-05-19 06:32:58,877 - watchfiles.main - DEBUG - 1 change detected: {(<Change.modified: 2>, '/workspace/app/backend/logs/app_20260519_062750.log')}
2026-05-19 06:32:59,228 - watchfiles.main - DEBUG - 1 change detected: {(<Change.modified: 2>, '/workspace/app/backend/logs/app_20260519_062750.log')}
2026-05-19 06:32:59,579 - watchfiles.main - DEBUG - 1 change detected: {(<Change.modified: 2>, '/workspace/app/backend/logs/app_20260519_062750.log')}
2026-05-19 06:32:59,930 - watchfiles.main - DEBUG - 1 change detected: {(<Change.modified: 2>, '/workspace/app/backend/logs/app_20260519_062750.log')}
2026-05-19 06:33:00,281 - watchfiles.main - DEBUG - 1 change detected: {(<Change.modified: 2>, '/workspace/app/backend/logs/app_20260519_062750.log')}
2026-05-19 06:33:00,632 - watchfiles.main - DEBUG - 1 change detected: {(<Change.modified: 2>, '/workspace/app/backend/logs/app_20260519_062750.log')}
2026-05-19 06:33:00,983 - watchfiles.main - DEBUG - 1 change detected: {(<Change.modified: 2>, '/workspace/app/backend/logs/app_20260519_062750.log')}
2026-05-19 06:33:01,334 - watchfiles.main - DEBUG - 1 change detected: {(<Change.modified: 2>, '/workspace/app/backend/logs/app_20260519_062750.log')}
2026-05-19 06:33:01,685 - watchfiles.main - DEBUG - 1 change detected: {(<Change.modified: 2>, '/workspace/app/backend/logs/app_20260519_062750.log')}
2026-05-19 06:33:02,035 - watchfiles.main - DEBUG - 1 change detected: {(<Change.modified: 2>, '/workspace/app/backend/logs/app_20260519_062750.log')}
2026-05-19 06:33:02,386 - watchfiles.main - DEBUG - 1 change detected: {(<Change.modified: 2>, '/workspace/app/backend/logs/app_20260519_062750.log')}
2026-05-19 06:33:02,738 - watchfiles.main - DEBUG - 1 change detected: {(<Change.modified: 2>, '/workspace/app/backend/logs/app_20260519_062750.log')}
2026-05-19 06:33:03,089 - watchfiles.main - DEBUG - 1 change detected: {(<Change.modified: 2>, '/workspace/app/backend/logs/app_20260519_062750.log')}
2026-05-19 06:33:03,440 - watchfiles.main - DEBUG - 1 change detected: {(<Change.modified: 2>, '/workspace/app/backend/logs/app_20260519_062750.log')}
2026-05-19 06:33:03,791 - watchfiles.main - DEBUG - 1 change detected: {(<Change.modified: 2>, '/workspace/app/backend/logs/app_20260519_062750.log')}
2026-05-19 06:33:04,142 - watchfiles.main - DEBUG - 1 change detected: {(<Change.modified: 2>, '/workspace/app/backend/logs/app_20260519_062750.log')}
2026-05-19 06:33:04,493 - watchfiles.main - DEBUG - 1 change detected: {(<Change.modified: 2>, '/workspace/app/backend/logs/app_20260519_062750.log')}
2026-05-19 06:33:04,844 - watchfiles.main - DEBUG - 1 change detected: {(<Change.modified: 2>, '/workspace/app/backend/logs/app_20260519_062750.log')}
2026-05-19 06:33:05,195 - watchfiles.main - DEBUG - 1 change detected: {(<Change.modified: 2>, '/workspace/app/backend/logs/app_20260519_062750.log')}
2026-05-19 06:33:05,546 - watchfiles.main - DEBUG - 1 change detected: {(<Change.modified: 2>, '/workspace/app/backend/logs/app_20260519_062750.log')}
2026-05-19 06:33:05,897 - watchfiles.main - DEBUG - 1 change detected: {(<Change.modified: 2>, '/workspace/app/backend/logs/app_20260519_062750.log')}
2026-05-19 06:33:06,248 - watchfiles.main - DEBUG - 1 change detected: {(<Change.modified: 2>, '/workspace/app/backend/logs/app_20260519_062750.log')}
2026-05-19 06:33:06,599 - watchfiles.main - DEBUG - 1 change detected: {(<Change.modified: 2>, '/workspace/app/backend/logs/app_20260519_062750.log')}
2026-05-19 06:33:06,951 - watchfiles.main - DEBUG - 1 change detected: {(<Change.modified: 2>, '/workspace/app/backend/logs/app_20260519_062750.log')}
2026-05-19 06:33:07,302 - watchfiles.main - DEBUG - 1 change detected: {(<Change.modified: 2>, '/workspace/app/backend/logs/app_20260519_062750.log')}
2026-05-19 06:33:07,653 - watchfiles.main - DEBUG - 1 change detected: {(<Change.modified: 2>, '/workspace/app/backend/logs/app_20260519_062750.log')}
2026-05-19 06:33:08,004 - watchfiles.main - DEBUG - 1 change detected: {(<Change.modified: 2>, '/workspace/app/backend/logs/app_20260519_062750.log')}
2026-05-19 06:33:08,355 - watchfiles.main - DEBUG - 1 change detected: {(<Change.modified: 2>, '/workspace/app/backend/logs/app_20260519_062750.log')}
2026-05-19 06:33:08,705 - watchfiles.main - DEBUG - 1 change detected: {(<Change.modified: 2>, '/workspace/app/backend/logs/app_20260519_062750.log')}
2026-05-19 06:33:09,056 - watchfiles.main - DEBUG - 1 change detected: {(<Change.modified: 2>, '/workspace/app/backend/logs/app_20260519_062750.log')}
2026-05-19 06:33:09,407 - watchfiles.main - DEBUG - 1 change detected: {(<Change.modified: 2>, '/workspace/app/backend/logs/app_20260519_062750.log')}
2026-05-19 06:33:09,759 - watchfiles.main - DEBUG - 1 change detected: {(<Change.modified: 2>, '/workspace/app/backend/logs/app_20260519_062750.log')}
2026-05-19 06:33:10,110 - watchfiles.main - DEBUG - 1 change detected: {(<Change.modified: 2>, '/workspace/app/backend/logs/app_20260519_062750.log')}
2026-05-19 06:33:10,460 - watchfiles.main - DEBUG - 1 change detected: {(<Change.modified: 2>, '/workspace/app/backend/logs/app_20260519_062750.log')}
2026-05-19 06:33:10,811 - watchfiles.main - DEBUG - 1 change detected: {(<Change.modified: 2>, '/workspace/app/backend/logs/app_20260519_062750.log')}
2026-05-19 06:33:11,163 - watchfiles.main - DEBUG - 1 change detected: {(<Change.modified: 2>, '/workspace/app/backend/logs/app_20260519_062750.log')}
2026-05-19 06:33:11,514 - watchfiles.main - DEBUG - 1 change detected: {(<Change.modified: 2>, '/workspace/app/backend/logs/app_20260519_062750.log')}
2026-05-19 06:33:11,865 - watchfiles.main - DEBUG - 1 change detected: {(<Change.modified: 2>, '/workspace/app/backend/logs/app_20260519_062750.log')}
2026-05-19 06:33:12,216 - watchfiles.main - DEBUG - 1 change detected: {(<Change.modified: 2>, '/workspace/app/backend/logs/app_20260519_062750.log')}
2026-05-19 06:33:12,567 - watchfiles.main - DEBUG - 1 change detected: {(<Change.modified: 2>, '/workspace/app/backend/logs/app_20260519_062750.log')}
2026-05-19 06:33:12,918 - watchfiles.main - DEBUG - 1 change detected: {(<Change.modified: 2>, '/workspace/app/backend/logs/app_20260519_062750.log')}
2026-05-19 06:33:13,269 - watchfiles.main - DEBUG - 1 change detected: {(<Change.modified: 2>, '/workspace/app/backend/logs/app_20260519_062750.log')}
2026-05-19 06:33:13,620 - watchfiles.main - DEBUG - 1 change detected: {(<Change.modified: 2>, '/workspace/app/backend/logs/app_20260519_062750.log')}
2026-05-19 06:33:13,971 - watchfiles.main - DEBUG - 1 change detected: {(<Change.modified: 2>, '/workspace/app/backend/logs/app_20260519_062750.log')}
2026-05-19 06:33:14,322 - watchfiles.main - DEBUG - 1 change detected: {(<Change.modified: 2>, '/workspace/app/backend/logs/app_20260519_062750.log')}
2026-05-19 06:33:14,673 - watchfiles.main - DEBUG - 1 change detected: {(<Change.modified: 2>, '/workspace/app/backend/logs/app_20260519_062750.log')}
2026-05-19 06:33:15,024 - watchfiles.main - DEBUG - 1 change detected: {(<Change.modified: 2>, '/workspace/app/backend/logs/app_20260519_062750.log')}
2026-05-19 06:33:15,375 - watchfiles.main - DEBUG - 1 change detected: {(<Change.modified: 2>, '/workspace/app/backend/logs/app_20260519_062750.log')}
2026-05-19 06:33:15,727 - watchfiles.main - DEBUG - 1 change detected: {(<Change.modified: 2>, '/workspace/app/backend/logs/app_20260519_062750.log')}
2026-05-19 06:33:16,078 - watchfiles.main - DEBUG - 1 change detected: {(<Change.modified: 2>, '/workspace/app/backend/logs/app_20260519_062750.log')}
2026-05-19 06:33:16,429 - watchfiles.main - DEBUG - 1 change detected: {(<Change.modified: 2>, '/workspace/app/backend/logs/app_20260519_062750.log')}
2026-05-19 06:33:16,780 - watchfiles.main - DEBUG - 1 change detected: {(<Change.modified: 2>, '/workspace/app/backend/logs/app_20260519_062750.log')}
2026-05-19 06:33:17,131 - watchfiles.main - DEBUG - 1 change detected: {(<Change.modified: 2>, '/workspace/app/backend/logs/app_20260519_062750.log')}
2026-05-19 06:33:17,481 - watchfiles.main - DEBUG - 1 change detected: {(<Change.modified: 2>, '/workspace/app/backend/logs/app_20260519_062750.log')}
2026-05-19 06:33:17,832 - watchfiles.main - DEBUG - 1 change detected: {(<Change.modified: 2>, '/workspace/app/backend/logs/app_20260519_062750.log')}
2026-05-19 06:33:18,183 - watchfiles.main - DEBUG - 1 change detected: {(<Change.modified: 2>, '/workspace/app/backend/logs/app_20260519_062750.log')}
2026-05-19 06:33:18,534 - watchfiles.main - DEBUG - 1 change detected: {(<Change.modified: 2>, '/workspace/app/backend/logs/app_20260519_062750.log')}
2026-05-19 06:33:18,885 - watchfiles.main - DEBUG - 1 change detected: {(<Change.modified: 2>, '/workspace/app/backend/logs/app_20260519_062750.log')}
2026-05-19 06:33:19,236 - watchfiles.main - DEBUG - 1 change detected: {(<Change.modified: 2>, '/workspace/app/backend/logs/app_20260519_062750.log')}
2026-05-19 06:33:19,587 - watchfiles.main - DEBUG - 1 change detected: {(<Change.modified: 2>, '/workspace/app/backend/logs/app_20260519_062750.log')}
2026-05-19 06:33:19,938 - watchfiles.main - DEBUG - 1 change detected: {(<Change.modified: 2>, '/workspace/app/backend/logs/app_20260519_062750.log')}
2026-05-19 06:33:20,289 - watchfiles.main - DEBUG - 1 change detected: {(<Change.modified: 2>, '/workspace/app/backend/logs/app_20260519_062750.log')}
2026-05-19 06:33:20,641 - watchfiles.main - DEBUG - 1 change detected: {(<Change.modified: 2>, '/workspace/app/backend/logs/app_20260519_062750.log')}
2026-05-19 06:33:20,992 - watchfiles.main - DEBUG - 1 change detected: {(<Change.modified: 2>, '/workspace/app/backend/logs/app_20260519_062750.log')}
2026-05-19 06:33:21,343 - watchfiles.main - DEBUG - 1 change detected: {(<Change.modified: 2>, '/workspace/app/backend/logs/app_20260519_062750.log')}
2026-05-19 06:33:21,694 - watchfiles.main - DEBUG - 1 change detected: {(<Change.modified: 2>, '/workspace/app/backend/logs/app_20260519_062750.log')}
2026-05-19 06:33:22,045 - watchfiles.main - DEBUG - 1 change detected: {(<Change.modified: 2>, '/workspace/app/backend/logs/app_20260519_062750.log')}
2026-05-19 06:33:22,396 - watchfiles.main - DEBUG - 1 change detected: {(<Change.modified: 2>, '/workspace/app/backend/logs/app_20260519_062750.log')}
2026-05-19 06:33:22,747 - watchfiles.main - DEBUG - 1 change detected: {(<Change.modified: 2>, '/workspace/app/backend/logs/app_20260519_062750.log')}
2026-05-19 06:33:23,098 - watchfiles.main - DEBUG - 1 change detected: {(<Change.modified: 2>, '/workspace/app/backend/logs/app_20260519_062750.log')}
2026-05-19 06:33:23,449 - watchfiles.main - DEBUG - 1 change detected: {(<Change.modified: 2>, '/workspace/app/backend/logs/app_20260519_062750.log')}
2026-05-19 06:33:23,800 - watchfiles.main - DEBUG - 1 change detected: {(<Change.modified: 2>, '/workspace/app/backend/logs/app_20260519_062750.log')}
2026-05-19 06:33:24,151 - watchfiles.main - DEBUG - 1 change detected: {(<Change.modified: 2>, '/workspace/app/backend/logs/app_20260519_062750.log')}
2026-05-19 06:33:24,502 - watchfiles.main - DEBUG - 1 change detected: {(<Change.modified: 2>, '/workspace/app/backend/logs/app_20260519_062750.log')}
2026-05-19 06:33:24,853 - watchfiles.main - DEBUG - 1 change detected: {(<Change.modified: 2>, '/workspace/app/backend/logs/app_20260519_062750.log')}
2026-05-19 06:33:25,204 - watchfiles.main - DEBUG - 1 change detected: {(<Change.modified: 2>, '/workspace/app/backend/logs/app_20260519_062750.log')}
2026-05-19 06:33:25,555 - watchfiles.main - DEBUG - 1 change detected: {(<Change.modified: 2>, '/workspace/app/backend/logs/app_20260519_062750.log')}
