2026-05-27 13:25:36,568 - main - INFO - === Logging system initialized ===
2026-05-27 13:25:36,568 - main - INFO - Log file: logs/app_20260527_132536.log
2026-05-27 13:25:36,569 - main - INFO - Log level: INFO
2026-05-27 13:25:36,569 - main - INFO - Timestamp: 20260527_132536
2026-05-27 13:25:37,625 - main - INFO - Included router: routers.aihub.router
2026-05-27 13:25:37,646 - main - INFO - Included router: routers.auth.router
2026-05-27 13:25:37,777 - main - INFO - Included router: routers.clients.router
2026-05-27 13:25:37,837 - main - INFO - Included router: routers.google_calendar.router
2026-05-27 13:25:37,840 - main - INFO - Included router: routers.health.router
2026-05-27 13:25:37,888 - main - INFO - Included router: routers.printer_settings.router
2026-05-27 13:25:38,044 - main - INFO - Included router: routers.reservations.router
2026-05-27 13:25:38,091 - main - INFO - Included router: routers.salons.router
2026-05-27 13:25:38,112 - main - INFO - Included router: routers.settings.router
2026-05-27 13:25:38,150 - main - INFO - Included router: routers.storage.router
2026-05-27 13:25:38,164 - main - INFO - Included router: routers.user.router
2026-05-27 13:25:39,594 - watchfiles.main - DEBUG - 1 change detected: {(<Change.added: 1>, '/workspace/app/backend/logs/app_20260527_132539.log')}
2026-05-27 13:25:39,946 - watchfiles.main - DEBUG - 1 change detected: {(<Change.modified: 2>, '/workspace/app/backend/logs/app_20260527_132536.log')}
2026-05-27 13:25:40,297 - watchfiles.main - DEBUG - 1 change detected: {(<Change.modified: 2>, '/workspace/app/backend/logs/app_20260527_132536.log')}
2026-05-27 13:25:40,649 - watchfiles.main - DEBUG - 2 changes detected: {(<Change.modified: 2>, '/workspace/app/backend/logs/app_20260527_132536.log'), (<Change.modified: 2>, '/workspace/app/backend/logs/app_20260527_132539.log')}
2026-05-27 13:25:40,999 - watchfiles.main - DEBUG - 2 changes detected: {(<Change.modified: 2>, '/workspace/app/backend/logs/app_20260527_132536.log'), (<Change.modified: 2>, '/workspace/app/backend/logs/app_20260527_132539.log')}
2026-05-27 13:25:41,350 - watchfiles.main - DEBUG - 1 change detected: {(<Change.modified: 2>, '/workspace/app/backend/logs/app_20260527_132536.log')}
2026-05-27 13:25:41,701 - watchfiles.main - DEBUG - 1 change detected: {(<Change.modified: 2>, '/workspace/app/backend/logs/app_20260527_132536.log')}
2026-05-27 13:25:42,052 - watchfiles.main - DEBUG - 1 change detected: {(<Change.modified: 2>, '/workspace/app/backend/logs/app_20260527_132536.log')}
2026-05-27 13:25:42,403 - watchfiles.main - DEBUG - 1 change detected: {(<Change.modified: 2>, '/workspace/app/backend/logs/app_20260527_132536.log')}
2026-05-27 13:25:42,754 - watchfiles.main - DEBUG - 1 change detected: {(<Change.modified: 2>, '/workspace/app/backend/logs/app_20260527_132536.log')}
2026-05-27 13:25:43,105 - watchfiles.main - DEBUG - 1 change detected: {(<Change.modified: 2>, '/workspace/app/backend/logs/app_20260527_132536.log')}
2026-05-27 13:25:43,457 - watchfiles.main - DEBUG - 1 change detected: {(<Change.modified: 2>, '/workspace/app/backend/logs/app_20260527_132536.log')}
2026-05-27 13:25:43,808 - watchfiles.main - DEBUG - 1 change detected: {(<Change.modified: 2>, '/workspace/app/backend/logs/app_20260527_132536.log')}
2026-05-27 13:25:44,159 - watchfiles.main - DEBUG - 1 change detected: {(<Change.modified: 2>, '/workspace/app/backend/logs/app_20260527_132536.log')}
2026-05-27 13:25:44,510 - watchfiles.main - DEBUG - 1 change detected: {(<Change.modified: 2>, '/workspace/app/backend/logs/app_20260527_132536.log')}
2026-05-27 13:25:44,861 - watchfiles.main - DEBUG - 1 change detected: {(<Change.modified: 2>, '/workspace/app/backend/logs/app_20260527_132536.log')}
2026-05-27 13:25:45,212 - watchfiles.main - DEBUG - 1 change detected: {(<Change.modified: 2>, '/workspace/app/backend/logs/app_20260527_132536.log')}
2026-05-27 13:25:45,563 - watchfiles.main - DEBUG - 1 change detected: {(<Change.modified: 2>, '/workspace/app/backend/logs/app_20260527_132536.log')}
2026-05-27 13:25:45,914 - watchfiles.main - DEBUG - 1 change detected: {(<Change.modified: 2>, '/workspace/app/backend/logs/app_20260527_132536.log')}
2026-05-27 13:25:46,265 - watchfiles.main - DEBUG - 1 change detected: {(<Change.modified: 2>, '/workspace/app/backend/logs/app_20260527_132536.log')}
2026-05-27 13:25:46,616 - watchfiles.main - DEBUG - 1 change detected: {(<Change.modified: 2>, '/workspace/app/backend/logs/app_20260527_132536.log')}
2026-05-27 13:25:46,967 - watchfiles.main - DEBUG - 1 change detected: {(<Change.modified: 2>, '/workspace/app/backend/logs/app_20260527_132536.log')}
2026-05-27 13:25:47,318 - watchfiles.main - DEBUG - 1 change detected: {(<Change.modified: 2>, '/workspace/app/backend/logs/app_20260527_132536.log')}
2026-05-27 13:25:47,669 - watchfiles.main - DEBUG - 1 change detected: {(<Change.modified: 2>, '/workspace/app/backend/logs/app_20260527_132536.log')}
2026-05-27 13:25:48,020 - watchfiles.main - DEBUG - 1 change detected: {(<Change.modified: 2>, '/workspace/app/backend/logs/app_20260527_132536.log')}
2026-05-27 13:25:48,371 - watchfiles.main - DEBUG - 1 change detected: {(<Change.modified: 2>, '/workspace/app/backend/logs/app_20260527_132536.log')}
2026-05-27 13:25:48,722 - watchfiles.main - DEBUG - 1 change detected: {(<Change.modified: 2>, '/workspace/app/backend/logs/app_20260527_132536.log')}
2026-05-27 13:25:49,073 - watchfiles.main - DEBUG - 1 change detected: {(<Change.modified: 2>, '/workspace/app/backend/logs/app_20260527_132536.log')}
2026-05-27 13:25:49,474 - watchfiles.main - DEBUG - 2 changes detected: {(<Change.modified: 2>, '/workspace/app/backend/logs/app_20260527_132536.log'), (<Change.modified: 2>, '/workspace/app/backend/logs/app_20260527_132539.log')}
2026-05-27 13:25:49,825 - watchfiles.main - DEBUG - 2 changes detected: {(<Change.modified: 2>, '/workspace/app/backend/logs/app_20260527_132536.log'), (<Change.modified: 2>, '/workspace/app/backend/logs/app_20260527_132539.log')}
2026-05-27 13:25:50,176 - watchfiles.main - DEBUG - 2 changes detected: {(<Change.modified: 2>, '/workspace/app/backend/logs/app_20260527_132536.log'), (<Change.modified: 2>, '/workspace/app/backend/logs/app_20260527_132539.log')}
2026-05-27 13:25:50,527 - watchfiles.main - DEBUG - 1 change detected: {(<Change.modified: 2>, '/workspace/app/backend/logs/app_20260527_132536.log')}
2026-05-27 13:25:50,878 - watchfiles.main - DEBUG - 1 change detected: {(<Change.modified: 2>, '/workspace/app/backend/logs/app_20260527_132536.log')}
2026-05-27 13:25:51,229 - watchfiles.main - DEBUG - 1 change detected: {(<Change.modified: 2>, '/workspace/app/backend/logs/app_20260527_132536.log')}
2026-05-27 13:25:51,579 - watchfiles.main - DEBUG - 2 changes detected: {(<Change.modified: 2>, '/workspace/app/backend/logs/app_20260527_132536.log'), (<Change.modified: 2>, '/workspace/app/backend/logs/app_20260527_132539.log')}
2026-05-27 13:25:51,930 - watchfiles.main - DEBUG - 1 change detected: {(<Change.modified: 2>, '/workspace/app/backend/logs/app_20260527_132536.log')}
2026-05-27 13:25:52,281 - watchfiles.main - DEBUG - 2 changes detected: {(<Change.modified: 2>, '/workspace/app/backend/logs/app_20260527_132536.log'), (<Change.modified: 2>, '/workspace/app/backend/logs/app_20260527_132539.log')}
2026-05-27 13:25:52,633 - watchfiles.main - DEBUG - 1 change detected: {(<Change.modified: 2>, '/workspace/app/backend/logs/app_20260527_132536.log')}
2026-05-27 13:25:52,984 - watchfiles.main - DEBUG - 1 change detected: {(<Change.modified: 2>, '/workspace/app/backend/logs/app_20260527_132536.log')}
2026-05-27 13:25:53,334 - watchfiles.main - DEBUG - 1 change detected: {(<Change.modified: 2>, '/workspace/app/backend/logs/app_20260527_132536.log')}
2026-05-27 13:25:53,685 - watchfiles.main - DEBUG - 1 change detected: {(<Change.modified: 2>, '/workspace/app/backend/logs/app_20260527_132536.log')}
2026-05-27 13:25:54,036 - watchfiles.main - DEBUG - 1 change detected: {(<Change.modified: 2>, '/workspace/app/backend/logs/app_20260527_132536.log')}
2026-05-27 13:25:54,387 - watchfiles.main - DEBUG - 1 change detected: {(<Change.modified: 2>, '/workspace/app/backend/logs/app_20260527_132536.log')}
2026-05-27 13:25:54,738 - watchfiles.main - DEBUG - 1 change detected: {(<Change.modified: 2>, '/workspace/app/backend/logs/app_20260527_132536.log')}
2026-05-27 13:25:55,089 - watchfiles.main - DEBUG - 1 change detected: {(<Change.modified: 2>, '/workspace/app/backend/logs/app_20260527_132536.log')}
2026-05-27 13:25:55,440 - watchfiles.main - DEBUG - 1 change detected: {(<Change.modified: 2>, '/workspace/app/backend/logs/app_20260527_132536.log')}
2026-05-27 13:25:55,791 - watchfiles.main - DEBUG - 1 change detected: {(<Change.modified: 2>, '/workspace/app/backend/logs/app_20260527_132536.log')}
2026-05-27 13:25:56,142 - watchfiles.main - DEBUG - 1 change detected: {(<Change.modified: 2>, '/workspace/app/backend/logs/app_20260527_132536.log')}
2026-05-27 13:25:56,493 - watchfiles.main - DEBUG - 1 change detected: {(<Change.modified: 2>, '/workspace/app/backend/logs/app_20260527_132536.log')}
2026-05-27 13:25:56,844 - watchfiles.main - DEBUG - 1 change detected: {(<Change.modified: 2>, '/workspace/app/backend/logs/app_20260527_132536.log')}
2026-05-27 13:25:57,195 - watchfiles.main - DEBUG - 1 change detected: {(<Change.modified: 2>, '/workspace/app/backend/logs/app_20260527_132536.log')}
2026-05-27 13:25:57,546 - watchfiles.main - DEBUG - 1 change detected: {(<Change.modified: 2>, '/workspace/app/backend/logs/app_20260527_132536.log')}
2026-05-27 13:25:57,897 - watchfiles.main - DEBUG - 1 change detected: {(<Change.modified: 2>, '/workspace/app/backend/logs/app_20260527_132536.log')}
2026-05-27 13:25:58,248 - watchfiles.main - DEBUG - 1 change detected: {(<Change.modified: 2>, '/workspace/app/backend/logs/app_20260527_132536.log')}
2026-05-27 13:25:58,598 - watchfiles.main - DEBUG - 1 change detected: {(<Change.modified: 2>, '/workspace/app/backend/logs/app_20260527_132536.log')}
2026-05-27 13:25:58,950 - watchfiles.main - DEBUG - 1 change detected: {(<Change.modified: 2>, '/workspace/app/backend/logs/app_20260527_132536.log')}
2026-05-27 13:25:59,301 - watchfiles.main - DEBUG - 1 change detected: {(<Change.modified: 2>, '/workspace/app/backend/logs/app_20260527_132536.log')}
2026-05-27 13:25:59,652 - watchfiles.main - DEBUG - 1 change detected: {(<Change.modified: 2>, '/workspace/app/backend/logs/app_20260527_132536.log')}
2026-05-27 13:26:00,004 - watchfiles.main - DEBUG - 1 change detected: {(<Change.modified: 2>, '/workspace/app/backend/logs/app_20260527_132536.log')}
2026-05-27 13:26:00,355 - watchfiles.main - DEBUG - 1 change detected: {(<Change.modified: 2>, '/workspace/app/backend/logs/app_20260527_132536.log')}
2026-05-27 13:26:00,706 - watchfiles.main - DEBUG - 1 change detected: {(<Change.modified: 2>, '/workspace/app/backend/logs/app_20260527_132536.log')}
2026-05-27 13:26:01,057 - watchfiles.main - DEBUG - 1 change detected: {(<Change.modified: 2>, '/workspace/app/backend/logs/app_20260527_132536.log')}
2026-05-27 13:26:01,408 - watchfiles.main - DEBUG - 1 change detected: {(<Change.modified: 2>, '/workspace/app/backend/logs/app_20260527_132536.log')}
2026-05-27 13:26:01,759 - watchfiles.main - DEBUG - 1 change detected: {(<Change.modified: 2>, '/workspace/app/backend/logs/app_20260527_132536.log')}
2026-05-27 13:26:02,110 - watchfiles.main - DEBUG - 1 change detected: {(<Change.modified: 2>, '/workspace/app/backend/logs/app_20260527_132536.log')}
2026-05-27 13:26:02,461 - watchfiles.main - DEBUG - 1 change detected: {(<Change.modified: 2>, '/workspace/app/backend/logs/app_20260527_132536.log')}
2026-05-27 13:26:02,812 - watchfiles.main - DEBUG - 1 change detected: {(<Change.modified: 2>, '/workspace/app/backend/logs/app_20260527_132536.log')}
2026-05-27 13:26:03,163 - watchfiles.main - DEBUG - 1 change detected: {(<Change.modified: 2>, '/workspace/app/backend/logs/app_20260527_132536.log')}
2026-05-27 13:26:03,514 - watchfiles.main - DEBUG - 1 change detected: {(<Change.modified: 2>, '/workspace/app/backend/logs/app_20260527_132536.log')}
2026-05-27 13:26:03,865 - watchfiles.main - DEBUG - 1 change detected: {(<Change.modified: 2>, '/workspace/app/backend/logs/app_20260527_132536.log')}
2026-05-27 13:26:04,216 - watchfiles.main - DEBUG - 1 change detected: {(<Change.modified: 2>, '/workspace/app/backend/logs/app_20260527_132536.log')}
2026-05-27 13:26:04,567 - watchfiles.main - DEBUG - 1 change detected: {(<Change.modified: 2>, '/workspace/app/backend/logs/app_20260527_132536.log')}
2026-05-27 13:26:04,918 - watchfiles.main - DEBUG - 1 change detected: {(<Change.modified: 2>, '/workspace/app/backend/logs/app_20260527_132536.log')}
2026-05-27 13:26:05,269 - watchfiles.main - DEBUG - 1 change detected: {(<Change.modified: 2>, '/workspace/app/backend/logs/app_20260527_132536.log')}
2026-05-27 13:26:05,621 - watchfiles.main - DEBUG - 1 change detected: {(<Change.modified: 2>, '/workspace/app/backend/logs/app_20260527_132536.log')}
2026-05-27 13:26:05,972 - watchfiles.main - DEBUG - 1 change detected: {(<Change.modified: 2>, '/workspace/app/backend/logs/app_20260527_132536.log')}
2026-05-27 13:26:06,323 - watchfiles.main - DEBUG - 1 change detected: {(<Change.modified: 2>, '/workspace/app/backend/logs/app_20260527_132536.log')}
2026-05-27 13:26:06,674 - watchfiles.main - DEBUG - 1 change detected: {(<Change.modified: 2>, '/workspace/app/backend/logs/app_20260527_132536.log')}
2026-05-27 13:26:07,025 - watchfiles.main - DEBUG - 1 change detected: {(<Change.modified: 2>, '/workspace/app/backend/logs/app_20260527_132536.log')}
2026-05-27 13:26:07,375 - watchfiles.main - DEBUG - 1 change detected: {(<Change.modified: 2>, '/workspace/app/backend/logs/app_20260527_132536.log')}
2026-05-27 13:26:07,726 - watchfiles.main - DEBUG - 1 change detected: {(<Change.modified: 2>, '/workspace/app/backend/logs/app_20260527_132536.log')}
2026-05-27 13:26:08,078 - watchfiles.main - DEBUG - 1 change detected: {(<Change.modified: 2>, '/workspace/app/backend/logs/app_20260527_132536.log')}
2026-05-27 13:26:08,429 - watchfiles.main - DEBUG - 1 change detected: {(<Change.modified: 2>, '/workspace/app/backend/logs/app_20260527_132536.log')}
2026-05-27 13:26:08,780 - watchfiles.main - DEBUG - 1 change detected: {(<Change.modified: 2>, '/workspace/app/backend/logs/app_20260527_132536.log')}
2026-05-27 13:26:09,131 - watchfiles.main - DEBUG - 1 change detected: {(<Change.modified: 2>, '/workspace/app/backend/logs/app_20260527_132536.log')}
2026-05-27 13:26:09,482 - watchfiles.main - DEBUG - 1 change detected: {(<Change.modified: 2>, '/workspace/app/backend/logs/app_20260527_132536.log')}
2026-05-27 13:26:09,833 - watchfiles.main - DEBUG - 1 change detected: {(<Change.modified: 2>, '/workspace/app/backend/logs/app_20260527_132536.log')}
2026-05-27 13:26:10,184 - watchfiles.main - DEBUG - 1 change detected: {(<Change.modified: 2>, '/workspace/app/backend/logs/app_20260527_132536.log')}
2026-05-27 13:26:10,535 - watchfiles.main - DEBUG - 1 change detected: {(<Change.modified: 2>, '/workspace/app/backend/logs/app_20260527_132536.log')}
2026-05-27 13:26:10,886 - watchfiles.main - DEBUG - 1 change detected: {(<Change.modified: 2>, '/workspace/app/backend/logs/app_20260527_132536.log')}
2026-05-27 13:26:11,237 - watchfiles.main - DEBUG - 1 change detected: {(<Change.modified: 2>, '/workspace/app/backend/logs/app_20260527_132536.log')}
2026-05-27 13:26:11,588 - watchfiles.main - DEBUG - 1 change detected: {(<Change.modified: 2>, '/workspace/app/backend/logs/app_20260527_132536.log')}
2026-05-27 13:26:11,939 - watchfiles.main - DEBUG - 1 change detected: {(<Change.modified: 2>, '/workspace/app/backend/logs/app_20260527_132536.log')}
2026-05-27 13:26:12,290 - watchfiles.main - DEBUG - 1 change detected: {(<Change.modified: 2>, '/workspace/app/backend/logs/app_20260527_132536.log')}
2026-05-27 13:26:12,642 - watchfiles.main - DEBUG - 1 change detected: {(<Change.modified: 2>, '/workspace/app/backend/logs/app_20260527_132536.log')}
2026-05-27 13:26:12,993 - watchfiles.main - DEBUG - 1 change detected: {(<Change.modified: 2>, '/workspace/app/backend/logs/app_20260527_132536.log')}
2026-05-27 13:26:13,344 - watchfiles.main - DEBUG - 1 change detected: {(<Change.modified: 2>, '/workspace/app/backend/logs/app_20260527_132536.log')}
2026-05-27 13:26:13,695 - watchfiles.main - DEBUG - 1 change detected: {(<Change.modified: 2>, '/workspace/app/backend/logs/app_20260527_132536.log')}
2026-05-27 13:26:14,046 - watchfiles.main - DEBUG - 1 change detected: {(<Change.modified: 2>, '/workspace/app/backend/logs/app_20260527_132536.log')}
2026-05-27 13:26:14,397 - watchfiles.main - DEBUG - 1 change detected: {(<Change.modified: 2>, '/workspace/app/backend/logs/app_20260527_132536.log')}
2026-05-27 13:26:14,748 - watchfiles.main - DEBUG - 1 change detected: {(<Change.modified: 2>, '/workspace/app/backend/logs/app_20260527_132536.log')}
2026-05-27 13:26:15,099 - watchfiles.main - DEBUG - 1 change detected: {(<Change.modified: 2>, '/workspace/app/backend/logs/app_20260527_132536.log')}
2026-05-27 13:26:15,450 - watchfiles.main - DEBUG - 1 change detected: {(<Change.modified: 2>, '/workspace/app/backend/logs/app_20260527_132536.log')}
2026-05-27 13:26:15,802 - watchfiles.main - DEBUG - 1 change detected: {(<Change.modified: 2>, '/workspace/app/backend/logs/app_20260527_132536.log')}
2026-05-27 13:26:16,153 - watchfiles.main - DEBUG - 1 change detected: {(<Change.modified: 2>, '/workspace/app/backend/logs/app_20260527_132536.log')}
2026-05-27 13:26:16,504 - watchfiles.main - DEBUG - 1 change detected: {(<Change.modified: 2>, '/workspace/app/backend/logs/app_20260527_132536.log')}
2026-05-27 13:26:16,854 - watchfiles.main - DEBUG - 1 change detected: {(<Change.modified: 2>, '/workspace/app/backend/logs/app_20260527_132536.log')}
2026-05-27 13:26:17,205 - watchfiles.main - DEBUG - 1 change detected: {(<Change.modified: 2>, '/workspace/app/backend/logs/app_20260527_132536.log')}
2026-05-27 13:26:17,557 - watchfiles.main - DEBUG - 1 change detected: {(<Change.modified: 2>, '/workspace/app/backend/logs/app_20260527_132536.log')}
2026-05-27 13:26:17,908 - watchfiles.main - DEBUG - 1 change detected: {(<Change.modified: 2>, '/workspace/app/backend/logs/app_20260527_132536.log')}
2026-05-27 13:26:18,259 - watchfiles.main - DEBUG - 1 change detected: {(<Change.modified: 2>, '/workspace/app/backend/logs/app_20260527_132536.log')}
2026-05-27 13:26:18,610 - watchfiles.main - DEBUG - 1 change detected: {(<Change.modified: 2>, '/workspace/app/backend/logs/app_20260527_132536.log')}
2026-05-27 13:26:18,961 - watchfiles.main - DEBUG - 1 change detected: {(<Change.modified: 2>, '/workspace/app/backend/logs/app_20260527_132536.log')}
2026-05-27 13:26:19,312 - watchfiles.main - DEBUG - 1 change detected: {(<Change.modified: 2>, '/workspace/app/backend/logs/app_20260527_132536.log')}
2026-05-27 13:26:19,663 - watchfiles.main - DEBUG - 1 change detected: {(<Change.modified: 2>, '/workspace/app/backend/logs/app_20260527_132536.log')}
2026-05-27 13:26:20,014 - watchfiles.main - DEBUG - 1 change detected: {(<Change.modified: 2>, '/workspace/app/backend/logs/app_20260527_132536.log')}
2026-05-27 13:26:20,365 - watchfiles.main - DEBUG - 1 change detected: {(<Change.modified: 2>, '/workspace/app/backend/logs/app_20260527_132536.log')}
2026-05-27 13:26:20,766 - watchfiles.main - DEBUG - 2 changes detected: {(<Change.modified: 2>, '/workspace/app/backend/logs/app_20260527_132536.log'), (<Change.modified: 2>, '/workspace/app/backend/logs/app_20260527_132539.log')}
2026-05-27 13:26:21,117 - watchfiles.main - DEBUG - 1 change detected: {(<Change.modified: 2>, '/workspace/app/backend/logs/app_20260527_132536.log')}
2026-05-27 13:26:21,468 - watchfiles.main - DEBUG - 2 changes detected: {(<Change.modified: 2>, '/workspace/app/backend/logs/app_20260527_132536.log'), (<Change.modified: 2>, '/workspace/app/backend/logs/app_20260527_132539.log')}
2026-05-27 13:26:21,819 - watchfiles.main - DEBUG - 1 change detected: {(<Change.modified: 2>, '/workspace/app/backend/logs/app_20260527_132536.log')}
2026-05-27 13:26:22,170 - watchfiles.main - DEBUG - 1 change detected: {(<Change.modified: 2>, '/workspace/app/backend/logs/app_20260527_132536.log')}
2026-05-27 13:26:22,521 - watchfiles.main - DEBUG - 1 change detected: {(<Change.modified: 2>, '/workspace/app/backend/logs/app_20260527_132536.log')}
2026-05-27 13:26:22,873 - watchfiles.main - DEBUG - 1 change detected: {(<Change.modified: 2>, '/workspace/app/backend/logs/app_20260527_132536.log')}
2026-05-27 13:26:23,224 - watchfiles.main - DEBUG - 1 change detected: {(<Change.modified: 2>, '/workspace/app/backend/logs/app_20260527_132536.log')}
2026-05-27 13:26:23,575 - watchfiles.main - DEBUG - 1 change detected: {(<Change.modified: 2>, '/workspace/app/backend/logs/app_20260527_132536.log')}
2026-05-27 13:26:23,926 - watchfiles.main - DEBUG - 1 change detected: {(<Change.modified: 2>, '/workspace/app/backend/logs/app_20260527_132536.log')}
2026-05-27 13:26:24,277 - watchfiles.main - DEBUG - 1 change detected: {(<Change.modified: 2>, '/workspace/app/backend/logs/app_20260527_132536.log')}
2026-05-27 13:26:24,628 - watchfiles.main - DEBUG - 1 change detected: {(<Change.modified: 2>, '/workspace/app/backend/logs/app_20260527_132536.log')}
2026-05-27 13:26:24,979 - watchfiles.main - DEBUG - 1 change detected: {(<Change.modified: 2>, '/workspace/app/backend/logs/app_20260527_132536.log')}
2026-05-27 13:26:25,330 - watchfiles.main - DEBUG - 1 change detected: {(<Change.modified: 2>, '/workspace/app/backend/logs/app_20260527_132536.log')}
2026-05-27 13:26:25,680 - watchfiles.main - DEBUG - 1 change detected: {(<Change.modified: 2>, '/workspace/app/backend/logs/app_20260527_132536.log')}
2026-05-27 13:26:26,031 - watchfiles.main - DEBUG - 1 change detected: {(<Change.modified: 2>, '/workspace/app/backend/logs/app_20260527_132536.log')}
2026-05-27 13:26:26,382 - watchfiles.main - DEBUG - 1 change detected: {(<Change.modified: 2>, '/workspace/app/backend/logs/app_20260527_132536.log')}
2026-05-27 13:26:26,733 - watchfiles.main - DEBUG - 1 change detected: {(<Change.modified: 2>, '/workspace/app/backend/logs/app_20260527_132536.log')}
2026-05-27 13:26:27,084 - watchfiles.main - DEBUG - 1 change detected: {(<Change.modified: 2>, '/workspace/app/backend/logs/app_20260527_132536.log')}
2026-05-27 13:26:27,436 - watchfiles.main - DEBUG - 1 change detected: {(<Change.modified: 2>, '/workspace/app/backend/logs/app_20260527_132536.log')}
2026-05-27 13:26:27,787 - watchfiles.main - DEBUG - 1 change detected: {(<Change.modified: 2>, '/workspace/app/backend/logs/app_20260527_132536.log')}
2026-05-27 13:26:28,138 - watchfiles.main - DEBUG - 1 change detected: {(<Change.modified: 2>, '/workspace/app/backend/logs/app_20260527_132536.log')}
2026-05-27 13:26:28,490 - watchfiles.main - DEBUG - 1 change detected: {(<Change.modified: 2>, '/workspace/app/backend/logs/app_20260527_132536.log')}
2026-05-27 13:26:28,841 - watchfiles.main - DEBUG - 1 change detected: {(<Change.modified: 2>, '/workspace/app/backend/logs/app_20260527_132536.log')}
2026-05-27 13:26:29,192 - watchfiles.main - DEBUG - 1 change detected: {(<Change.modified: 2>, '/workspace/app/backend/logs/app_20260527_132536.log')}
2026-05-27 13:26:29,543 - watchfiles.main - DEBUG - 1 change detected: {(<Change.modified: 2>, '/workspace/app/backend/logs/app_20260527_132536.log')}
2026-05-27 13:26:29,894 - watchfiles.main - DEBUG - 1 change detected: {(<Change.modified: 2>, '/workspace/app/backend/logs/app_20260527_132536.log')}
2026-05-27 13:26:30,246 - watchfiles.main - DEBUG - 1 change detected: {(<Change.modified: 2>, '/workspace/app/backend/logs/app_20260527_132536.log')}
2026-05-27 13:26:30,597 - watchfiles.main - DEBUG - 1 change detected: {(<Change.modified: 2>, '/workspace/app/backend/logs/app_20260527_132536.log')}
2026-05-27 13:26:30,948 - watchfiles.main - DEBUG - 1 change detected: {(<Change.modified: 2>, '/workspace/app/backend/logs/app_20260527_132536.log')}
2026-05-27 13:26:31,299 - watchfiles.main - DEBUG - 1 change detected: {(<Change.modified: 2>, '/workspace/app/backend/logs/app_20260527_132536.log')}
2026-05-27 13:26:31,650 - watchfiles.main - DEBUG - 1 change detected: {(<Change.modified: 2>, '/workspace/app/backend/logs/app_20260527_132536.log')}
2026-05-27 13:26:32,001 - watchfiles.main - DEBUG - 1 change detected: {(<Change.modified: 2>, '/workspace/app/backend/logs/app_20260527_132536.log')}
2026-05-27 13:26:32,352 - watchfiles.main - DEBUG - 1 change detected: {(<Change.modified: 2>, '/workspace/app/backend/logs/app_20260527_132536.log')}
2026-05-27 13:26:32,703 - watchfiles.main - DEBUG - 1 change detected: {(<Change.modified: 2>, '/workspace/app/backend/logs/app_20260527_132536.log')}
2026-05-27 13:26:33,054 - watchfiles.main - DEBUG - 1 change detected: {(<Change.modified: 2>, '/workspace/app/backend/logs/app_20260527_132536.log')}
2026-05-27 13:26:33,405 - watchfiles.main - DEBUG - 1 change detected: {(<Change.modified: 2>, '/workspace/app/backend/logs/app_20260527_132536.log')}
2026-05-27 13:26:33,757 - watchfiles.main - DEBUG - 1 change detected: {(<Change.modified: 2>, '/workspace/app/backend/logs/app_20260527_132536.log')}
2026-05-27 13:26:34,108 - watchfiles.main - DEBUG - 1 change detected: {(<Change.modified: 2>, '/workspace/app/backend/logs/app_20260527_132536.log')}
2026-05-27 13:26:34,459 - watchfiles.main - DEBUG - 1 change detected: {(<Change.modified: 2>, '/workspace/app/backend/logs/app_20260527_132536.log')}
2026-05-27 13:26:34,810 - watchfiles.main - DEBUG - 1 change detected: {(<Change.modified: 2>, '/workspace/app/backend/logs/app_20260527_132536.log')}
2026-05-27 13:26:35,161 - watchfiles.main - DEBUG - 1 change detected: {(<Change.modified: 2>, '/workspace/app/backend/logs/app_20260527_132536.log')}
2026-05-27 13:26:35,512 - watchfiles.main - DEBUG - 1 change detected: {(<Change.modified: 2>, '/workspace/app/backend/logs/app_20260527_132536.log')}
2026-05-27 13:26:35,863 - watchfiles.main - DEBUG - 1 change detected: {(<Change.modified: 2>, '/workspace/app/backend/logs/app_20260527_132536.log')}
2026-05-27 13:26:36,214 - watchfiles.main - DEBUG - 1 change detected: {(<Change.modified: 2>, '/workspace/app/backend/logs/app_20260527_132536.log')}
2026-05-27 13:26:36,565 - watchfiles.main - DEBUG - 1 change detected: {(<Change.modified: 2>, '/workspace/app/backend/logs/app_20260527_132536.log')}
2026-05-27 13:26:36,916 - watchfiles.main - DEBUG - 1 change detected: {(<Change.modified: 2>, '/workspace/app/backend/logs/app_20260527_132536.log')}
2026-05-27 13:26:37,267 - watchfiles.main - DEBUG - 1 change detected: {(<Change.modified: 2>, '/workspace/app/backend/logs/app_20260527_132536.log')}
2026-05-27 13:26:37,618 - watchfiles.main - DEBUG - 1 change detected: {(<Change.modified: 2>, '/workspace/app/backend/logs/app_20260527_132536.log')}
2026-05-27 13:26:37,969 - watchfiles.main - DEBUG - 1 change detected: {(<Change.modified: 2>, '/workspace/app/backend/logs/app_20260527_132536.log')}
2026-05-27 13:26:38,320 - watchfiles.main - DEBUG - 1 change detected: {(<Change.modified: 2>, '/workspace/app/backend/logs/app_20260527_132536.log')}
2026-05-27 13:26:38,671 - watchfiles.main - DEBUG - 1 change detected: {(<Change.modified: 2>, '/workspace/app/backend/logs/app_20260527_132536.log')}
2026-05-27 13:26:39,022 - watchfiles.main - DEBUG - 1 change detected: {(<Change.modified: 2>, '/workspace/app/backend/logs/app_20260527_132536.log')}
2026-05-27 13:26:39,373 - watchfiles.main - DEBUG - 1 change detected: {(<Change.modified: 2>, '/workspace/app/backend/logs/app_20260527_132536.log')}
2026-05-27 13:26:39,724 - watchfiles.main - DEBUG - 1 change detected: {(<Change.modified: 2>, '/workspace/app/backend/logs/app_20260527_132536.log')}
2026-05-27 13:26:40,075 - watchfiles.main - DEBUG - 1 change detected: {(<Change.modified: 2>, '/workspace/app/backend/logs/app_20260527_132536.log')}
2026-05-27 13:26:40,426 - watchfiles.main - DEBUG - 1 change detected: {(<Change.modified: 2>, '/workspace/app/backend/logs/app_20260527_132536.log')}
2026-05-27 13:26:40,777 - watchfiles.main - DEBUG - 1 change detected: {(<Change.modified: 2>, '/workspace/app/backend/logs/app_20260527_132536.log')}
2026-05-27 13:26:41,128 - watchfiles.main - DEBUG - 1 change detected: {(<Change.modified: 2>, '/workspace/app/backend/logs/app_20260527_132536.log')}
2026-05-27 13:26:41,479 - watchfiles.main - DEBUG - 1 change detected: {(<Change.modified: 2>, '/workspace/app/backend/logs/app_20260527_132536.log')}
2026-05-27 13:26:41,830 - watchfiles.main - DEBUG - 1 change detected: {(<Change.modified: 2>, '/workspace/app/backend/logs/app_20260527_132536.log')}
2026-05-27 13:26:42,181 - watchfiles.main - DEBUG - 1 change detected: {(<Change.modified: 2>, '/workspace/app/backend/logs/app_20260527_132536.log')}
2026-05-27 13:26:42,532 - watchfiles.main - DEBUG - 1 change detected: {(<Change.modified: 2>, '/workspace/app/backend/logs/app_20260527_132536.log')}
2026-05-27 13:26:42,882 - watchfiles.main - DEBUG - 1 change detected: {(<Change.modified: 2>, '/workspace/app/backend/logs/app_20260527_132536.log')}
2026-05-27 13:26:43,233 - watchfiles.main - DEBUG - 1 change detected: {(<Change.modified: 2>, '/workspace/app/backend/logs/app_20260527_132536.log')}
2026-05-27 13:26:43,584 - watchfiles.main - DEBUG - 1 change detected: {(<Change.modified: 2>, '/workspace/app/backend/logs/app_20260527_132536.log')}
2026-05-27 13:26:43,935 - watchfiles.main - DEBUG - 1 change detected: {(<Change.modified: 2>, '/workspace/app/backend/logs/app_20260527_132536.log')}
2026-05-27 13:26:44,286 - watchfiles.main - DEBUG - 1 change detected: {(<Change.modified: 2>, '/workspace/app/backend/logs/app_20260527_132536.log')}
2026-05-27 13:26:44,638 - watchfiles.main - DEBUG - 1 change detected: {(<Change.modified: 2>, '/workspace/app/backend/logs/app_20260527_132536.log')}
2026-05-27 13:26:44,989 - watchfiles.main - DEBUG - 1 change detected: {(<Change.modified: 2>, '/workspace/app/backend/logs/app_20260527_132536.log')}
2026-05-27 13:26:45,341 - watchfiles.main - DEBUG - 1 change detected: {(<Change.modified: 2>, '/workspace/app/backend/logs/app_20260527_132536.log')}
2026-05-27 13:26:45,696 - watchfiles.main - DEBUG - 1 change detected: {(<Change.modified: 2>, '/workspace/app/backend/logs/app_20260527_132536.log')}
2026-05-27 13:26:46,047 - watchfiles.main - DEBUG - 1 change detected: {(<Change.modified: 2>, '/workspace/app/backend/logs/app_20260527_132536.log')}
2026-05-27 13:26:46,398 - watchfiles.main - DEBUG - 1 change detected: {(<Change.modified: 2>, '/workspace/app/backend/logs/app_20260527_132536.log')}
2026-05-27 13:26:46,749 - watchfiles.main - DEBUG - 1 change detected: {(<Change.modified: 2>, '/workspace/app/backend/logs/app_20260527_132536.log')}
2026-05-27 13:26:47,100 - watchfiles.main - DEBUG - 1 change detected: {(<Change.modified: 2>, '/workspace/app/backend/logs/app_20260527_132536.log')}
2026-05-27 13:26:47,451 - watchfiles.main - DEBUG - 1 change detected: {(<Change.modified: 2>, '/workspace/app/backend/logs/app_20260527_132536.log')}
2026-05-27 13:26:47,802 - watchfiles.main - DEBUG - 1 change detected: {(<Change.modified: 2>, '/workspace/app/backend/logs/app_20260527_132536.log')}
2026-05-27 13:26:48,153 - watchfiles.main - DEBUG - 1 change detected: {(<Change.modified: 2>, '/workspace/app/backend/logs/app_20260527_132536.log')}
2026-05-27 13:26:48,504 - watchfiles.main - DEBUG - 1 change detected: {(<Change.modified: 2>, '/workspace/app/backend/logs/app_20260527_132536.log')}
2026-05-27 13:26:48,855 - watchfiles.main - DEBUG - 1 change detected: {(<Change.modified: 2>, '/workspace/app/backend/logs/app_20260527_132536.log')}
2026-05-27 13:26:49,206 - watchfiles.main - DEBUG - 1 change detected: {(<Change.modified: 2>, '/workspace/app/backend/logs/app_20260527_132536.log')}
2026-05-27 13:26:49,557 - watchfiles.main - DEBUG - 1 change detected: {(<Change.modified: 2>, '/workspace/app/backend/logs/app_20260527_132536.log')}
2026-05-27 13:26:49,908 - watchfiles.main - DEBUG - 1 change detected: {(<Change.modified: 2>, '/workspace/app/backend/logs/app_20260527_132536.log')}
2026-05-27 13:26:50,259 - watchfiles.main - DEBUG - 1 change detected: {(<Change.modified: 2>, '/workspace/app/backend/logs/app_20260527_132536.log')}
2026-05-27 13:26:50,610 - watchfiles.main - DEBUG - 1 change detected: {(<Change.modified: 2>, '/workspace/app/backend/logs/app_20260527_132536.log')}
2026-05-27 13:26:50,962 - watchfiles.main - DEBUG - 2 changes detected: {(<Change.modified: 2>, '/workspace/app/backend/logs/app_20260527_132536.log'), (<Change.modified: 2>, '/workspace/app/backend/logs/app_20260527_132539.log')}
2026-05-27 13:26:51,313 - watchfiles.main - DEBUG - 2 changes detected: {(<Change.modified: 2>, '/workspace/app/backend/logs/app_20260527_132536.log'), (<Change.modified: 2>, '/workspace/app/backend/logs/app_20260527_132539.log')}
2026-05-27 13:26:51,664 - watchfiles.main - DEBUG - 1 change detected: {(<Change.modified: 2>, '/workspace/app/backend/logs/app_20260527_132536.log')}
2026-05-27 13:26:52,015 - watchfiles.main - DEBUG - 1 change detected: {(<Change.modified: 2>, '/workspace/app/backend/logs/app_20260527_132536.log')}
2026-05-27 13:26:52,366 - watchfiles.main - DEBUG - 1 change detected: {(<Change.modified: 2>, '/workspace/app/backend/logs/app_20260527_132536.log')}
2026-05-27 13:26:52,717 - watchfiles.main - DEBUG - 1 change detected: {(<Change.modified: 2>, '/workspace/app/backend/logs/app_20260527_132536.log')}
2026-05-27 13:26:53,068 - watchfiles.main - DEBUG - 1 change detected: {(<Change.modified: 2>, '/workspace/app/backend/logs/app_20260527_132536.log')}
2026-05-27 13:26:53,418 - watchfiles.main - DEBUG - 1 change detected: {(<Change.modified: 2>, '/workspace/app/backend/logs/app_20260527_132536.log')}
2026-05-27 13:26:53,771 - watchfiles.main - DEBUG - 1 change detected: {(<Change.modified: 2>, '/workspace/app/backend/logs/app_20260527_132536.log')}
2026-05-27 13:26:54,122 - watchfiles.main - DEBUG - 1 change detected: {(<Change.modified: 2>, '/workspace/app/backend/logs/app_20260527_132536.log')}
2026-05-27 13:26:54,473 - watchfiles.main - DEBUG - 1 change detected: {(<Change.modified: 2>, '/workspace/app/backend/logs/app_20260527_132536.log')}
2026-05-27 13:26:54,824 - watchfiles.main - DEBUG - 1 change detected: {(<Change.modified: 2>, '/workspace/app/backend/logs/app_20260527_132536.log')}
2026-05-27 13:26:55,175 - watchfiles.main - DEBUG - 1 change detected: {(<Change.modified: 2>, '/workspace/app/backend/logs/app_20260527_132536.log')}
2026-05-27 13:26:55,526 - watchfiles.main - DEBUG - 1 change detected: {(<Change.modified: 2>, '/workspace/app/backend/logs/app_20260527_132536.log')}
2026-05-27 13:26:55,877 - watchfiles.main - DEBUG - 1 change detected: {(<Change.modified: 2>, '/workspace/app/backend/logs/app_20260527_132536.log')}
2026-05-27 13:26:56,228 - watchfiles.main - DEBUG - 1 change detected: {(<Change.modified: 2>, '/workspace/app/backend/logs/app_20260527_132536.log')}
2026-05-27 13:26:56,579 - watchfiles.main - DEBUG - 1 change detected: {(<Change.modified: 2>, '/workspace/app/backend/logs/app_20260527_132536.log')}
2026-05-27 13:26:56,930 - watchfiles.main - DEBUG - 1 change detected: {(<Change.modified: 2>, '/workspace/app/backend/logs/app_20260527_132536.log')}
2026-05-27 13:26:57,281 - watchfiles.main - DEBUG - 1 change detected: {(<Change.modified: 2>, '/workspace/app/backend/logs/app_20260527_132536.log')}
2026-05-27 13:26:57,632 - watchfiles.main - DEBUG - 1 change detected: {(<Change.modified: 2>, '/workspace/app/backend/logs/app_20260527_132536.log')}
2026-05-27 13:26:57,983 - watchfiles.main - DEBUG - 1 change detected: {(<Change.modified: 2>, '/workspace/app/backend/logs/app_20260527_132536.log')}
2026-05-27 13:26:58,334 - watchfiles.main - DEBUG - 1 change detected: {(<Change.modified: 2>, '/workspace/app/backend/logs/app_20260527_132536.log')}
2026-05-27 13:26:58,685 - watchfiles.main - DEBUG - 1 change detected: {(<Change.modified: 2>, '/workspace/app/backend/logs/app_20260527_132536.log')}
2026-05-27 13:26:59,036 - watchfiles.main - DEBUG - 1 change detected: {(<Change.modified: 2>, '/workspace/app/backend/logs/app_20260527_132536.log')}
2026-05-27 13:26:59,387 - watchfiles.main - DEBUG - 1 change detected: {(<Change.modified: 2>, '/workspace/app/backend/logs/app_20260527_132536.log')}
2026-05-27 13:26:59,738 - watchfiles.main - DEBUG - 1 change detected: {(<Change.modified: 2>, '/workspace/app/backend/logs/app_20260527_132536.log')}
2026-05-27 13:27:00,090 - watchfiles.main - DEBUG - 1 change detected: {(<Change.modified: 2>, '/workspace/app/backend/logs/app_20260527_132536.log')}
2026-05-27 13:27:00,442 - watchfiles.main - DEBUG - 1 change detected: {(<Change.modified: 2>, '/workspace/app/backend/logs/app_20260527_132536.log')}
2026-05-27 13:27:00,794 - watchfiles.main - DEBUG - 1 change detected: {(<Change.modified: 2>, '/workspace/app/backend/logs/app_20260527_132536.log')}
2026-05-27 13:27:01,145 - watchfiles.main - DEBUG - 1 change detected: {(<Change.modified: 2>, '/workspace/app/backend/logs/app_20260527_132536.log')}
2026-05-27 13:27:01,495 - watchfiles.main - DEBUG - 1 change detected: {(<Change.modified: 2>, '/workspace/app/backend/logs/app_20260527_132536.log')}
2026-05-27 13:27:01,846 - watchfiles.main - DEBUG - 1 change detected: {(<Change.modified: 2>, '/workspace/app/backend/logs/app_20260527_132536.log')}
2026-05-27 13:27:02,197 - watchfiles.main - DEBUG - 1 change detected: {(<Change.modified: 2>, '/workspace/app/backend/logs/app_20260527_132536.log')}
2026-05-27 13:27:02,548 - watchfiles.main - DEBUG - 1 change detected: {(<Change.modified: 2>, '/workspace/app/backend/logs/app_20260527_132536.log')}
2026-05-27 13:27:02,900 - watchfiles.main - DEBUG - 1 change detected: {(<Change.modified: 2>, '/workspace/app/backend/logs/app_20260527_132536.log')}
2026-05-27 13:27:03,251 - watchfiles.main - DEBUG - 1 change detected: {(<Change.modified: 2>, '/workspace/app/backend/logs/app_20260527_132536.log')}
2026-05-27 13:27:03,602 - watchfiles.main - DEBUG - 1 change detected: {(<Change.modified: 2>, '/workspace/app/backend/logs/app_20260527_132536.log')}
2026-05-27 13:27:03,952 - watchfiles.main - DEBUG - 1 change detected: {(<Change.modified: 2>, '/workspace/app/backend/logs/app_20260527_132536.log')}
2026-05-27 13:27:04,303 - watchfiles.main - DEBUG - 1 change detected: {(<Change.modified: 2>, '/workspace/app/backend/logs/app_20260527_132536.log')}
2026-05-27 13:27:04,654 - watchfiles.main - DEBUG - 1 change detected: {(<Change.modified: 2>, '/workspace/app/backend/logs/app_20260527_132536.log')}
2026-05-27 13:27:05,005 - watchfiles.main - DEBUG - 1 change detected: {(<Change.modified: 2>, '/workspace/app/backend/logs/app_20260527_132536.log')}
2026-05-27 13:27:05,356 - watchfiles.main - DEBUG - 1 change detected: {(<Change.modified: 2>, '/workspace/app/backend/logs/app_20260527_132536.log')}
2026-05-27 13:27:05,708 - watchfiles.main - DEBUG - 1 change detected: {(<Change.modified: 2>, '/workspace/app/backend/logs/app_20260527_132536.log')}
2026-05-27 13:27:06,059 - watchfiles.main - DEBUG - 1 change detected: {(<Change.modified: 2>, '/workspace/app/backend/logs/app_20260527_132536.log')}
2026-05-27 13:27:06,409 - watchfiles.main - DEBUG - 1 change detected: {(<Change.modified: 2>, '/workspace/app/backend/logs/app_20260527_132536.log')}
2026-05-27 13:27:06,760 - watchfiles.main - DEBUG - 1 change detected: {(<Change.modified: 2>, '/workspace/app/backend/logs/app_20260527_132536.log')}
2026-05-27 13:27:07,111 - watchfiles.main - DEBUG - 1 change detected: {(<Change.modified: 2>, '/workspace/app/backend/logs/app_20260527_132536.log')}
2026-05-27 13:27:07,462 - watchfiles.main - DEBUG - 1 change detected: {(<Change.modified: 2>, '/workspace/app/backend/logs/app_20260527_132536.log')}
2026-05-27 13:27:07,814 - watchfiles.main - DEBUG - 1 change detected: {(<Change.modified: 2>, '/workspace/app/backend/logs/app_20260527_132536.log')}
2026-05-27 13:27:08,165 - watchfiles.main - DEBUG - 1 change detected: {(<Change.modified: 2>, '/workspace/app/backend/logs/app_20260527_132536.log')}
2026-05-27 13:27:08,515 - watchfiles.main - DEBUG - 1 change detected: {(<Change.modified: 2>, '/workspace/app/backend/logs/app_20260527_132536.log')}
2026-05-27 13:27:08,866 - watchfiles.main - DEBUG - 1 change detected: {(<Change.modified: 2>, '/workspace/app/backend/logs/app_20260527_132536.log')}
2026-05-27 13:27:09,217 - watchfiles.main - DEBUG - 1 change detected: {(<Change.modified: 2>, '/workspace/app/backend/logs/app_20260527_132536.log')}
2026-05-27 13:27:09,569 - watchfiles.main - DEBUG - 1 change detected: {(<Change.modified: 2>, '/workspace/app/backend/logs/app_20260527_132536.log')}
2026-05-27 13:27:09,920 - watchfiles.main - DEBUG - 1 change detected: {(<Change.modified: 2>, '/workspace/app/backend/logs/app_20260527_132536.log')}
2026-05-27 13:27:10,271 - watchfiles.main - DEBUG - 1 change detected: {(<Change.modified: 2>, '/workspace/app/backend/logs/app_20260527_132536.log')}
2026-05-27 13:27:10,622 - watchfiles.main - DEBUG - 1 change detected: {(<Change.modified: 2>, '/workspace/app/backend/logs/app_20260527_132536.log')}
2026-05-27 13:27:10,972 - watchfiles.main - DEBUG - 1 change detected: {(<Change.modified: 2>, '/workspace/app/backend/logs/app_20260527_132536.log')}
2026-05-27 13:27:11,323 - watchfiles.main - DEBUG - 1 change detected: {(<Change.modified: 2>, '/workspace/app/backend/logs/app_20260527_132536.log')}
2026-05-27 13:27:11,676 - watchfiles.main - DEBUG - 1 change detected: {(<Change.modified: 2>, '/workspace/app/backend/logs/app_20260527_132536.log')}
2026-05-27 13:27:12,027 - watchfiles.main - DEBUG - 1 change detected: {(<Change.modified: 2>, '/workspace/app/backend/logs/app_20260527_132536.log')}
2026-05-27 13:27:12,378 - watchfiles.main - DEBUG - 1 change detected: {(<Change.modified: 2>, '/workspace/app/backend/logs/app_20260527_132536.log')}
2026-05-27 13:27:12,729 - watchfiles.main - DEBUG - 1 change detected: {(<Change.modified: 2>, '/workspace/app/backend/logs/app_20260527_132536.log')}
2026-05-27 13:27:13,080 - watchfiles.main - DEBUG - 1 change detected: {(<Change.modified: 2>, '/workspace/app/backend/logs/app_20260527_132536.log')}
2026-05-27 13:27:13,431 - watchfiles.main - DEBUG - 1 change detected: {(<Change.modified: 2>, '/workspace/app/backend/logs/app_20260527_132536.log')}
2026-05-27 13:27:13,782 - watchfiles.main - DEBUG - 1 change detected: {(<Change.modified: 2>, '/workspace/app/backend/logs/app_20260527_132536.log')}
2026-05-27 13:27:14,133 - watchfiles.main - DEBUG - 1 change detected: {(<Change.modified: 2>, '/workspace/app/backend/logs/app_20260527_132536.log')}
2026-05-27 13:27:14,484 - watchfiles.main - DEBUG - 1 change detected: {(<Change.modified: 2>, '/workspace/app/backend/logs/app_20260527_132536.log')}
2026-05-27 13:27:14,835 - watchfiles.main - DEBUG - 1 change detected: {(<Change.modified: 2>, '/workspace/app/backend/logs/app_20260527_132536.log')}
2026-05-27 13:27:15,186 - watchfiles.main - DEBUG - 1 change detected: {(<Change.modified: 2>, '/workspace/app/backend/logs/app_20260527_132536.log')}
2026-05-27 13:27:15,537 - watchfiles.main - DEBUG - 1 change detected: {(<Change.modified: 2>, '/workspace/app/backend/logs/app_20260527_132536.log')}
2026-05-27 13:27:15,888 - watchfiles.main - DEBUG - 1 change detected: {(<Change.modified: 2>, '/workspace/app/backend/logs/app_20260527_132536.log')}
2026-05-27 13:27:16,239 - watchfiles.main - DEBUG - 1 change detected: {(<Change.modified: 2>, '/workspace/app/backend/logs/app_20260527_132536.log')}
2026-05-27 13:27:16,590 - watchfiles.main - DEBUG - 1 change detected: {(<Change.modified: 2>, '/workspace/app/backend/logs/app_20260527_132536.log')}
2026-05-27 13:27:16,941 - watchfiles.main - DEBUG - 1 change detected: {(<Change.modified: 2>, '/workspace/app/backend/logs/app_20260527_132536.log')}
2026-05-27 13:27:17,292 - watchfiles.main - DEBUG - 1 change detected: {(<Change.modified: 2>, '/workspace/app/backend/logs/app_20260527_132536.log')}
2026-05-27 13:27:17,643 - watchfiles.main - DEBUG - 1 change detected: {(<Change.modified: 2>, '/workspace/app/backend/logs/app_20260527_132536.log')}
2026-05-27 13:27:17,994 - watchfiles.main - DEBUG - 1 change detected: {(<Change.modified: 2>, '/workspace/app/backend/logs/app_20260527_132536.log')}
2026-05-27 13:27:18,345 - watchfiles.main - DEBUG - 1 change detected: {(<Change.modified: 2>, '/workspace/app/backend/logs/app_20260527_132536.log')}
2026-05-27 13:27:18,696 - watchfiles.main - DEBUG - 1 change detected: {(<Change.modified: 2>, '/workspace/app/backend/logs/app_20260527_132536.log')}
2026-05-27 13:27:19,047 - watchfiles.main - DEBUG - 1 change detected: {(<Change.modified: 2>, '/workspace/app/backend/logs/app_20260527_132536.log')}
2026-05-27 13:27:19,397 - watchfiles.main - DEBUG - 1 change detected: {(<Change.modified: 2>, '/workspace/app/backend/logs/app_20260527_132536.log')}
2026-05-27 13:27:19,748 - watchfiles.main - DEBUG - 1 change detected: {(<Change.modified: 2>, '/workspace/app/backend/logs/app_20260527_132536.log')}
2026-05-27 13:27:20,100 - watchfiles.main - DEBUG - 1 change detected: {(<Change.modified: 2>, '/workspace/app/backend/logs/app_20260527_132536.log')}
2026-05-27 13:27:20,451 - watchfiles.main - DEBUG - 1 change detected: {(<Change.modified: 2>, '/workspace/app/backend/logs/app_20260527_132536.log')}
2026-05-27 13:27:20,802 - watchfiles.main - DEBUG - 2 changes detected: {(<Change.modified: 2>, '/workspace/app/backend/logs/app_20260527_132536.log'), (<Change.modified: 2>, '/workspace/app/backend/logs/app_20260527_132539.log')}
2026-05-27 13:27:21,153 - watchfiles.main - DEBUG - 2 changes detected: {(<Change.modified: 2>, '/workspace/app/backend/logs/app_20260527_132536.log'), (<Change.modified: 2>, '/workspace/app/backend/logs/app_20260527_132539.log')}
2026-05-27 13:27:21,505 - watchfiles.main - DEBUG - 1 change detected: {(<Change.modified: 2>, '/workspace/app/backend/logs/app_20260527_132536.log')}
2026-05-27 13:27:21,856 - watchfiles.main - DEBUG - 1 change detected: {(<Change.modified: 2>, '/workspace/app/backend/logs/app_20260527_132536.log')}
2026-05-27 13:27:22,207 - watchfiles.main - DEBUG - 1 change detected: {(<Change.modified: 2>, '/workspace/app/backend/logs/app_20260527_132536.log')}
2026-05-27 13:27:22,558 - watchfiles.main - DEBUG - 1 change detected: {(<Change.modified: 2>, '/workspace/app/backend/logs/app_20260527_132536.log')}
2026-05-27 13:27:22,909 - watchfiles.main - DEBUG - 1 change detected: {(<Change.modified: 2>, '/workspace/app/backend/logs/app_20260527_132536.log')}
2026-05-27 13:27:23,260 - watchfiles.main - DEBUG - 1 change detected: {(<Change.modified: 2>, '/workspace/app/backend/logs/app_20260527_132536.log')}
2026-05-27 13:27:23,611 - watchfiles.main - DEBUG - 1 change detected: {(<Change.modified: 2>, '/workspace/app/backend/logs/app_20260527_132536.log')}
2026-05-27 13:27:23,962 - watchfiles.main - DEBUG - 1 change detected: {(<Change.modified: 2>, '/workspace/app/backend/logs/app_20260527_132536.log')}
2026-05-27 13:27:24,313 - watchfiles.main - DEBUG - 1 change detected: {(<Change.modified: 2>, '/workspace/app/backend/logs/app_20260527_132536.log')}
2026-05-27 13:27:24,663 - watchfiles.main - DEBUG - 1 change detected: {(<Change.modified: 2>, '/workspace/app/backend/logs/app_20260527_132536.log')}
2026-05-27 13:27:25,015 - watchfiles.main - DEBUG - 1 change detected: {(<Change.modified: 2>, '/workspace/app/backend/logs/app_20260527_132536.log')}
2026-05-27 13:27:25,365 - watchfiles.main - DEBUG - 1 change detected: {(<Change.modified: 2>, '/workspace/app/backend/logs/app_20260527_132536.log')}
2026-05-27 13:27:25,717 - watchfiles.main - DEBUG - 1 change detected: {(<Change.modified: 2>, '/workspace/app/backend/logs/app_20260527_132536.log')}
2026-05-27 13:27:26,068 - watchfiles.main - DEBUG - 1 change detected: {(<Change.modified: 2>, '/workspace/app/backend/logs/app_20260527_132536.log')}
2026-05-27 13:27:26,419 - watchfiles.main - DEBUG - 1 change detected: {(<Change.modified: 2>, '/workspace/app/backend/logs/app_20260527_132536.log')}
2026-05-27 13:27:26,770 - watchfiles.main - DEBUG - 1 change detected: {(<Change.modified: 2>, '/workspace/app/backend/logs/app_20260527_132536.log')}
2026-05-27 13:27:27,121 - watchfiles.main - DEBUG - 1 change detected: {(<Change.modified: 2>, '/workspace/app/backend/logs/app_20260527_132536.log')}
2026-05-27 13:27:27,472 - watchfiles.main - DEBUG - 1 change detected: {(<Change.modified: 2>, '/workspace/app/backend/logs/app_20260527_132536.log')}
2026-05-27 13:27:27,823 - watchfiles.main - DEBUG - 1 change detected: {(<Change.modified: 2>, '/workspace/app/backend/logs/app_20260527_132536.log')}
2026-05-27 13:27:28,174 - watchfiles.main - DEBUG - 1 change detected: {(<Change.modified: 2>, '/workspace/app/backend/logs/app_20260527_132536.log')}
2026-05-27 13:27:28,525 - watchfiles.main - DEBUG - 1 change detected: {(<Change.modified: 2>, '/workspace/app/backend/logs/app_20260527_132536.log')}
2026-05-27 13:27:28,876 - watchfiles.main - DEBUG - 1 change detected: {(<Change.modified: 2>, '/workspace/app/backend/logs/app_20260527_132536.log')}
2026-05-27 13:27:29,227 - watchfiles.main - DEBUG - 1 change detected: {(<Change.modified: 2>, '/workspace/app/backend/logs/app_20260527_132536.log')}
2026-05-27 13:27:29,578 - watchfiles.main - DEBUG - 1 change detected: {(<Change.modified: 2>, '/workspace/app/backend/logs/app_20260527_132536.log')}
2026-05-27 13:27:29,930 - watchfiles.main - DEBUG - 1 change detected: {(<Change.modified: 2>, '/workspace/app/backend/logs/app_20260527_132536.log')}
2026-05-27 13:27:30,281 - watchfiles.main - DEBUG - 1 change detected: {(<Change.modified: 2>, '/workspace/app/backend/logs/app_20260527_132536.log')}
2026-05-27 13:27:30,632 - watchfiles.main - DEBUG - 1 change detected: {(<Change.modified: 2>, '/workspace/app/backend/logs/app_20260527_132536.log')}
2026-05-27 13:27:30,983 - watchfiles.main - DEBUG - 1 change detected: {(<Change.modified: 2>, '/workspace/app/backend/logs/app_20260527_132536.log')}
2026-05-27 13:27:31,334 - watchfiles.main - DEBUG - 1 change detected: {(<Change.modified: 2>, '/workspace/app/backend/logs/app_20260527_132536.log')}
2026-05-27 13:27:31,685 - watchfiles.main - DEBUG - 1 change detected: {(<Change.modified: 2>, '/workspace/app/backend/logs/app_20260527_132536.log')}
2026-05-27 13:27:32,036 - watchfiles.main - DEBUG - 1 change detected: {(<Change.modified: 2>, '/workspace/app/backend/logs/app_20260527_132536.log')}
2026-05-27 13:27:32,387 - watchfiles.main - DEBUG - 1 change detected: {(<Change.modified: 2>, '/workspace/app/backend/logs/app_20260527_132536.log')}
2026-05-27 13:27:32,738 - watchfiles.main - DEBUG - 1 change detected: {(<Change.modified: 2>, '/workspace/app/backend/logs/app_20260527_132536.log')}
2026-05-27 13:27:33,089 - watchfiles.main - DEBUG - 1 change detected: {(<Change.modified: 2>, '/workspace/app/backend/logs/app_20260527_132536.log')}
2026-05-27 13:27:33,440 - watchfiles.main - DEBUG - 1 change detected: {(<Change.modified: 2>, '/workspace/app/backend/logs/app_20260527_132536.log')}
2026-05-27 13:27:33,791 - watchfiles.main - DEBUG - 1 change detected: {(<Change.modified: 2>, '/workspace/app/backend/logs/app_20260527_132536.log')}
2026-05-27 13:27:34,142 - watchfiles.main - DEBUG - 1 change detected: {(<Change.modified: 2>, '/workspace/app/backend/logs/app_20260527_132536.log')}
2026-05-27 13:27:34,493 - watchfiles.main - DEBUG - 1 change detected: {(<Change.modified: 2>, '/workspace/app/backend/logs/app_20260527_132536.log')}
2026-05-27 13:27:34,844 - watchfiles.main - DEBUG - 1 change detected: {(<Change.modified: 2>, '/workspace/app/backend/logs/app_20260527_132536.log')}
2026-05-27 13:27:35,196 - watchfiles.main - DEBUG - 1 change detected: {(<Change.modified: 2>, '/workspace/app/backend/logs/app_20260527_132536.log')}
2026-05-27 13:27:35,547 - watchfiles.main - DEBUG - 1 change detected: {(<Change.modified: 2>, '/workspace/app/backend/logs/app_20260527_132536.log')}
2026-05-27 13:27:35,898 - watchfiles.main - DEBUG - 1 change detected: {(<Change.modified: 2>, '/workspace/app/backend/logs/app_20260527_132536.log')}
2026-05-27 13:27:36,249 - watchfiles.main - DEBUG - 1 change detected: {(<Change.modified: 2>, '/workspace/app/backend/logs/app_20260527_132536.log')}
2026-05-27 13:27:36,599 - watchfiles.main - DEBUG - 1 change detected: {(<Change.modified: 2>, '/workspace/app/backend/logs/app_20260527_132536.log')}
2026-05-27 13:27:36,950 - watchfiles.main - DEBUG - 1 change detected: {(<Change.modified: 2>, '/workspace/app/backend/logs/app_20260527_132536.log')}
2026-05-27 13:27:37,301 - watchfiles.main - DEBUG - 1 change detected: {(<Change.modified: 2>, '/workspace/app/backend/logs/app_20260527_132536.log')}
2026-05-27 13:27:37,652 - watchfiles.main - DEBUG - 1 change detected: {(<Change.modified: 2>, '/workspace/app/backend/logs/app_20260527_132536.log')}
2026-05-27 13:27:38,003 - watchfiles.main - DEBUG - 1 change detected: {(<Change.modified: 2>, '/workspace/app/backend/logs/app_20260527_132536.log')}
2026-05-27 13:27:38,354 - watchfiles.main - DEBUG - 1 change detected: {(<Change.modified: 2>, '/workspace/app/backend/logs/app_20260527_132536.log')}
2026-05-27 13:27:38,705 - watchfiles.main - DEBUG - 1 change detected: {(<Change.modified: 2>, '/workspace/app/backend/logs/app_20260527_132536.log')}
2026-05-27 13:27:39,056 - watchfiles.main - DEBUG - 1 change detected: {(<Change.modified: 2>, '/workspace/app/backend/logs/app_20260527_132536.log')}
2026-05-27 13:27:39,407 - watchfiles.main - DEBUG - 1 change detected: {(<Change.modified: 2>, '/workspace/app/backend/logs/app_20260527_132536.log')}
2026-05-27 13:27:39,758 - watchfiles.main - DEBUG - 1 change detected: {(<Change.modified: 2>, '/workspace/app/backend/logs/app_20260527_132536.log')}
2026-05-27 13:27:40,109 - watchfiles.main - DEBUG - 1 change detected: {(<Change.modified: 2>, '/workspace/app/backend/logs/app_20260527_132536.log')}
2026-05-27 13:27:40,460 - watchfiles.main - DEBUG - 1 change detected: {(<Change.modified: 2>, '/workspace/app/backend/logs/app_20260527_132536.log')}
2026-05-27 13:27:40,811 - watchfiles.main - DEBUG - 1 change detected: {(<Change.modified: 2>, '/workspace/app/backend/logs/app_20260527_132536.log')}
2026-05-27 13:27:41,163 - watchfiles.main - DEBUG - 1 change detected: {(<Change.modified: 2>, '/workspace/app/backend/logs/app_20260527_132536.log')}
2026-05-27 13:27:41,514 - watchfiles.main - DEBUG - 1 change detected: {(<Change.modified: 2>, '/workspace/app/backend/logs/app_20260527_132536.log')}
2026-05-27 13:27:41,865 - watchfiles.main - DEBUG - 1 change detected: {(<Change.modified: 2>, '/workspace/app/backend/logs/app_20260527_132536.log')}
2026-05-27 13:27:42,216 - watchfiles.main - DEBUG - 1 change detected: {(<Change.modified: 2>, '/workspace/app/backend/logs/app_20260527_132536.log')}
2026-05-27 13:27:42,566 - watchfiles.main - DEBUG - 1 change detected: {(<Change.modified: 2>, '/workspace/app/backend/logs/app_20260527_132536.log')}
2026-05-27 13:27:42,917 - watchfiles.main - DEBUG - 1 change detected: {(<Change.modified: 2>, '/workspace/app/backend/logs/app_20260527_132536.log')}
2026-05-27 13:27:43,268 - watchfiles.main - DEBUG - 1 change detected: {(<Change.modified: 2>, '/workspace/app/backend/logs/app_20260527_132536.log')}
2026-05-27 13:27:43,619 - watchfiles.main - DEBUG - 1 change detected: {(<Change.modified: 2>, '/workspace/app/backend/logs/app_20260527_132536.log')}
2026-05-27 13:27:43,970 - watchfiles.main - DEBUG - 1 change detected: {(<Change.modified: 2>, '/workspace/app/backend/logs/app_20260527_132536.log')}
2026-05-27 13:27:44,321 - watchfiles.main - DEBUG - 1 change detected: {(<Change.modified: 2>, '/workspace/app/backend/logs/app_20260527_132536.log')}
2026-05-27 13:27:44,672 - watchfiles.main - DEBUG - 1 change detected: {(<Change.modified: 2>, '/workspace/app/backend/logs/app_20260527_132536.log')}
2026-05-27 13:27:45,023 - watchfiles.main - DEBUG - 1 change detected: {(<Change.modified: 2>, '/workspace/app/backend/logs/app_20260527_132536.log')}
2026-05-27 13:27:45,374 - watchfiles.main - DEBUG - 1 change detected: {(<Change.modified: 2>, '/workspace/app/backend/logs/app_20260527_132536.log')}
2026-05-27 13:27:45,725 - watchfiles.main - DEBUG - 1 change detected: {(<Change.modified: 2>, '/workspace/app/backend/logs/app_20260527_132536.log')}
2026-05-27 13:27:46,076 - watchfiles.main - DEBUG - 1 change detected: {(<Change.modified: 2>, '/workspace/app/backend/logs/app_20260527_132536.log')}
2026-05-27 13:27:46,427 - watchfiles.main - DEBUG - 1 change detected: {(<Change.modified: 2>, '/workspace/app/backend/logs/app_20260527_132536.log')}
2026-05-27 13:27:46,779 - watchfiles.main - DEBUG - 1 change detected: {(<Change.modified: 2>, '/workspace/app/backend/logs/app_20260527_132536.log')}
2026-05-27 13:27:47,130 - watchfiles.main - DEBUG - 1 change detected: {(<Change.modified: 2>, '/workspace/app/backend/logs/app_20260527_132536.log')}
2026-05-27 13:27:47,481 - watchfiles.main - DEBUG - 1 change detected: {(<Change.modified: 2>, '/workspace/app/backend/logs/app_20260527_132536.log')}
2026-05-27 13:27:47,832 - watchfiles.main - DEBUG - 1 change detected: {(<Change.modified: 2>, '/workspace/app/backend/logs/app_20260527_132536.log')}
2026-05-27 13:27:48,183 - watchfiles.main - DEBUG - 1 change detected: {(<Change.modified: 2>, '/workspace/app/backend/logs/app_20260527_132536.log')}
2026-05-27 13:27:48,534 - watchfiles.main - DEBUG - 1 change detected: {(<Change.modified: 2>, '/workspace/app/backend/logs/app_20260527_132536.log')}
2026-05-27 13:27:48,885 - watchfiles.main - DEBUG - 1 change detected: {(<Change.modified: 2>, '/workspace/app/backend/logs/app_20260527_132536.log')}
2026-05-27 13:27:49,236 - watchfiles.main - DEBUG - 1 change detected: {(<Change.modified: 2>, '/workspace/app/backend/logs/app_20260527_132536.log')}
2026-05-27 13:27:49,587 - watchfiles.main - DEBUG - 1 change detected: {(<Change.modified: 2>, '/workspace/app/backend/logs/app_20260527_132536.log')}
2026-05-27 13:27:49,938 - watchfiles.main - DEBUG - 1 change detected: {(<Change.modified: 2>, '/workspace/app/backend/logs/app_20260527_132536.log')}
2026-05-27 13:27:50,289 - watchfiles.main - DEBUG - 1 change detected: {(<Change.modified: 2>, '/workspace/app/backend/logs/app_20260527_132536.log')}
2026-05-27 13:27:50,640 - watchfiles.main - DEBUG - 1 change detected: {(<Change.modified: 2>, '/workspace/app/backend/logs/app_20260527_132536.log')}
2026-05-27 13:27:50,991 - watchfiles.main - DEBUG - 2 changes detected: {(<Change.modified: 2>, '/workspace/app/backend/logs/app_20260527_132536.log'), (<Change.modified: 2>, '/workspace/app/backend/logs/app_20260527_132539.log')}
2026-05-27 13:27:51,342 - watchfiles.main - DEBUG - 2 changes detected: {(<Change.modified: 2>, '/workspace/app/backend/logs/app_20260527_132536.log'), (<Change.modified: 2>, '/workspace/app/backend/logs/app_20260527_132539.log')}
2026-05-27 13:27:51,692 - watchfiles.main - DEBUG - 1 change detected: {(<Change.modified: 2>, '/workspace/app/backend/logs/app_20260527_132536.log')}
2026-05-27 13:27:52,043 - watchfiles.main - DEBUG - 1 change detected: {(<Change.modified: 2>, '/workspace/app/backend/logs/app_20260527_132536.log')}
2026-05-27 13:27:52,394 - watchfiles.main - DEBUG - 1 change detected: {(<Change.modified: 2>, '/workspace/app/backend/logs/app_20260527_132536.log')}
2026-05-27 13:27:52,746 - watchfiles.main - DEBUG - 1 change detected: {(<Change.modified: 2>, '/workspace/app/backend/logs/app_20260527_132536.log')}
2026-05-27 13:27:53,097 - watchfiles.main - DEBUG - 1 change detected: {(<Change.modified: 2>, '/workspace/app/backend/logs/app_20260527_132536.log')}
2026-05-27 13:27:53,448 - watchfiles.main - DEBUG - 1 change detected: {(<Change.modified: 2>, '/workspace/app/backend/logs/app_20260527_132536.log')}
2026-05-27 13:27:53,799 - watchfiles.main - DEBUG - 1 change detected: {(<Change.modified: 2>, '/workspace/app/backend/logs/app_20260527_132536.log')}
2026-05-27 13:27:54,150 - watchfiles.main - DEBUG - 1 change detected: {(<Change.modified: 2>, '/workspace/app/backend/logs/app_20260527_132536.log')}
2026-05-27 13:27:54,501 - watchfiles.main - DEBUG - 1 change detected: {(<Change.modified: 2>, '/workspace/app/backend/logs/app_20260527_132536.log')}
2026-05-27 13:27:54,852 - watchfiles.main - DEBUG - 1 change detected: {(<Change.modified: 2>, '/workspace/app/backend/logs/app_20260527_132536.log')}
2026-05-27 13:27:55,203 - watchfiles.main - DEBUG - 1 change detected: {(<Change.modified: 2>, '/workspace/app/backend/logs/app_20260527_132536.log')}
2026-05-27 13:27:55,554 - watchfiles.main - DEBUG - 1 change detected: {(<Change.modified: 2>, '/workspace/app/backend/logs/app_20260527_132536.log')}
2026-05-27 13:27:55,905 - watchfiles.main - DEBUG - 1 change detected: {(<Change.modified: 2>, '/workspace/app/backend/logs/app_20260527_132536.log')}
2026-05-27 13:27:56,256 - watchfiles.main - DEBUG - 1 change detected: {(<Change.modified: 2>, '/workspace/app/backend/logs/app_20260527_132536.log')}
2026-05-27 13:27:56,608 - watchfiles.main - DEBUG - 1 change detected: {(<Change.modified: 2>, '/workspace/app/backend/logs/app_20260527_132536.log')}
2026-05-27 13:27:56,959 - watchfiles.main - DEBUG - 1 change detected: {(<Change.modified: 2>, '/workspace/app/backend/logs/app_20260527_132536.log')}
2026-05-27 13:27:57,310 - watchfiles.main - DEBUG - 1 change detected: {(<Change.modified: 2>, '/workspace/app/backend/logs/app_20260527_132536.log')}
2026-05-27 13:27:57,661 - watchfiles.main - DEBUG - 1 change detected: {(<Change.modified: 2>, '/workspace/app/backend/logs/app_20260527_132536.log')}
2026-05-27 13:27:58,012 - watchfiles.main - DEBUG - 1 change detected: {(<Change.modified: 2>, '/workspace/app/backend/logs/app_20260527_132536.log')}
2026-05-27 13:27:58,363 - watchfiles.main - DEBUG - 1 change detected: {(<Change.modified: 2>, '/workspace/app/backend/logs/app_20260527_132536.log')}
2026-05-27 13:27:58,714 - watchfiles.main - DEBUG - 1 change detected: {(<Change.modified: 2>, '/workspace/app/backend/logs/app_20260527_132536.log')}
2026-05-27 13:27:59,065 - watchfiles.main - DEBUG - 1 change detected: {(<Change.modified: 2>, '/workspace/app/backend/logs/app_20260527_132536.log')}
2026-05-27 13:27:59,416 - watchfiles.main - DEBUG - 1 change detected: {(<Change.modified: 2>, '/workspace/app/backend/logs/app_20260527_132536.log')}
2026-05-27 13:27:59,767 - watchfiles.main - DEBUG - 1 change detected: {(<Change.modified: 2>, '/workspace/app/backend/logs/app_20260527_132536.log')}
2026-05-27 13:28:00,118 - watchfiles.main - DEBUG - 1 change detected: {(<Change.modified: 2>, '/workspace/app/backend/logs/app_20260527_132536.log')}
2026-05-27 13:28:00,469 - watchfiles.main - DEBUG - 1 change detected: {(<Change.modified: 2>, '/workspace/app/backend/logs/app_20260527_132536.log')}
2026-05-27 13:28:00,820 - watchfiles.main - DEBUG - 1 change detected: {(<Change.modified: 2>, '/workspace/app/backend/logs/app_20260527_132536.log')}
2026-05-27 13:28:01,171 - watchfiles.main - DEBUG - 1 change detected: {(<Change.modified: 2>, '/workspace/app/backend/logs/app_20260527_132536.log')}
2026-05-27 13:28:01,522 - watchfiles.main - DEBUG - 1 change detected: {(<Change.modified: 2>, '/workspace/app/backend/logs/app_20260527_132536.log')}
2026-05-27 13:28:01,873 - watchfiles.main - DEBUG - 1 change detected: {(<Change.modified: 2>, '/workspace/app/backend/logs/app_20260527_132536.log')}
2026-05-27 13:28:02,224 - watchfiles.main - DEBUG - 1 change detected: {(<Change.modified: 2>, '/workspace/app/backend/logs/app_20260527_132536.log')}
2026-05-27 13:28:02,575 - watchfiles.main - DEBUG - 1 change detected: {(<Change.modified: 2>, '/workspace/app/backend/logs/app_20260527_132536.log')}
2026-05-27 13:28:02,927 - watchfiles.main - DEBUG - 1 change detected: {(<Change.modified: 2>, '/workspace/app/backend/logs/app_20260527_132536.log')}
2026-05-27 13:28:03,278 - watchfiles.main - DEBUG - 1 change detected: {(<Change.modified: 2>, '/workspace/app/backend/logs/app_20260527_132536.log')}
2026-05-27 13:28:03,629 - watchfiles.main - DEBUG - 1 change detected: {(<Change.modified: 2>, '/workspace/app/backend/logs/app_20260527_132536.log')}
2026-05-27 13:28:03,979 - watchfiles.main - DEBUG - 1 change detected: {(<Change.modified: 2>, '/workspace/app/backend/logs/app_20260527_132536.log')}
2026-05-27 13:28:04,330 - watchfiles.main - DEBUG - 1 change detected: {(<Change.modified: 2>, '/workspace/app/backend/logs/app_20260527_132536.log')}
2026-05-27 13:28:04,681 - watchfiles.main - DEBUG - 1 change detected: {(<Change.modified: 2>, '/workspace/app/backend/logs/app_20260527_132536.log')}
2026-05-27 13:28:05,032 - watchfiles.main - DEBUG - 1 change detected: {(<Change.modified: 2>, '/workspace/app/backend/logs/app_20260527_132536.log')}
2026-05-27 13:28:05,384 - watchfiles.main - DEBUG - 1 change detected: {(<Change.modified: 2>, '/workspace/app/backend/logs/app_20260527_132536.log')}
2026-05-27 13:28:05,735 - watchfiles.main - DEBUG - 1 change detected: {(<Change.modified: 2>, '/workspace/app/backend/logs/app_20260527_132536.log')}
2026-05-27 13:28:06,086 - watchfiles.main - DEBUG - 1 change detected: {(<Change.modified: 2>, '/workspace/app/backend/logs/app_20260527_132536.log')}
2026-05-27 13:28:06,437 - watchfiles.main - DEBUG - 1 change detected: {(<Change.modified: 2>, '/workspace/app/backend/logs/app_20260527_132536.log')}
2026-05-27 13:28:06,788 - watchfiles.main - DEBUG - 1 change detected: {(<Change.modified: 2>, '/workspace/app/backend/logs/app_20260527_132536.log')}
2026-05-27 13:28:07,139 - watchfiles.main - DEBUG - 1 change detected: {(<Change.modified: 2>, '/workspace/app/backend/logs/app_20260527_132536.log')}
2026-05-27 13:28:07,490 - watchfiles.main - DEBUG - 1 change detected: {(<Change.modified: 2>, '/workspace/app/backend/logs/app_20260527_132536.log')}
2026-05-27 13:28:07,841 - watchfiles.main - DEBUG - 1 change detected: {(<Change.modified: 2>, '/workspace/app/backend/logs/app_20260527_132536.log')}
2026-05-27 13:28:08,192 - watchfiles.main - DEBUG - 1 change detected: {(<Change.modified: 2>, '/workspace/app/backend/logs/app_20260527_132536.log')}
2026-05-27 13:28:08,543 - watchfiles.main - DEBUG - 1 change detected: {(<Change.modified: 2>, '/workspace/app/backend/logs/app_20260527_132536.log')}
2026-05-27 13:28:08,894 - watchfiles.main - DEBUG - 1 change detected: {(<Change.modified: 2>, '/workspace/app/backend/logs/app_20260527_132536.log')}
2026-05-27 13:28:09,245 - watchfiles.main - DEBUG - 1 change detected: {(<Change.modified: 2>, '/workspace/app/backend/logs/app_20260527_132536.log')}
2026-05-27 13:28:09,596 - watchfiles.main - DEBUG - 1 change detected: {(<Change.modified: 2>, '/workspace/app/backend/logs/app_20260527_132536.log')}
2026-05-27 13:28:09,947 - watchfiles.main - DEBUG - 1 change detected: {(<Change.modified: 2>, '/workspace/app/backend/logs/app_20260527_132536.log')}
2026-05-27 13:28:10,298 - watchfiles.main - DEBUG - 1 change detected: {(<Change.modified: 2>, '/workspace/app/backend/logs/app_20260527_132536.log')}
2026-05-27 13:28:10,649 - watchfiles.main - DEBUG - 1 change detected: {(<Change.modified: 2>, '/workspace/app/backend/logs/app_20260527_132536.log')}
2026-05-27 13:28:11,000 - watchfiles.main - DEBUG - 1 change detected: {(<Change.modified: 2>, '/workspace/app/backend/logs/app_20260527_132536.log')}
2026-05-27 13:28:11,351 - watchfiles.main - DEBUG - 1 change detected: {(<Change.modified: 2>, '/workspace/app/backend/logs/app_20260527_132536.log')}
2026-05-27 13:28:11,702 - watchfiles.main - DEBUG - 1 change detected: {(<Change.modified: 2>, '/workspace/app/backend/logs/app_20260527_132536.log')}
2026-05-27 13:28:12,052 - watchfiles.main - DEBUG - 1 change detected: {(<Change.modified: 2>, '/workspace/app/backend/logs/app_20260527_132536.log')}
2026-05-27 13:28:12,403 - watchfiles.main - DEBUG - 1 change detected: {(<Change.modified: 2>, '/workspace/app/backend/logs/app_20260527_132536.log')}
2026-05-27 13:28:12,754 - watchfiles.main - DEBUG - 1 change detected: {(<Change.modified: 2>, '/workspace/app/backend/logs/app_20260527_132536.log')}
2026-05-27 13:28:13,105 - watchfiles.main - DEBUG - 1 change detected: {(<Change.modified: 2>, '/workspace/app/backend/logs/app_20260527_132536.log')}
2026-05-27 13:28:13,456 - watchfiles.main - DEBUG - 1 change detected: {(<Change.modified: 2>, '/workspace/app/backend/logs/app_20260527_132536.log')}
2026-05-27 13:28:13,807 - watchfiles.main - DEBUG - 1 change detected: {(<Change.modified: 2>, '/workspace/app/backend/logs/app_20260527_132536.log')}
2026-05-27 13:28:14,158 - watchfiles.main - DEBUG - 1 change detected: {(<Change.modified: 2>, '/workspace/app/backend/logs/app_20260527_132536.log')}
2026-05-27 13:28:14,509 - watchfiles.main - DEBUG - 1 change detected: {(<Change.modified: 2>, '/workspace/app/backend/logs/app_20260527_132536.log')}
2026-05-27 13:28:14,860 - watchfiles.main - DEBUG - 1 change detected: {(<Change.modified: 2>, '/workspace/app/backend/logs/app_20260527_132536.log')}
2026-05-27 13:28:15,211 - watchfiles.main - DEBUG - 1 change detected: {(<Change.modified: 2>, '/workspace/app/backend/logs/app_20260527_132536.log')}
2026-05-27 13:28:15,562 - watchfiles.main - DEBUG - 1 change detected: {(<Change.modified: 2>, '/workspace/app/backend/logs/app_20260527_132536.log')}
2026-05-27 13:28:15,913 - watchfiles.main - DEBUG - 1 change detected: {(<Change.modified: 2>, '/workspace/app/backend/logs/app_20260527_132536.log')}
2026-05-27 13:28:16,264 - watchfiles.main - DEBUG - 1 change detected: {(<Change.modified: 2>, '/workspace/app/backend/logs/app_20260527_132536.log')}
2026-05-27 13:28:16,615 - watchfiles.main - DEBUG - 1 change detected: {(<Change.modified: 2>, '/workspace/app/backend/logs/app_20260527_132536.log')}
2026-05-27 13:28:16,966 - watchfiles.main - DEBUG - 1 change detected: {(<Change.modified: 2>, '/workspace/app/backend/logs/app_20260527_132536.log')}
2026-05-27 13:28:17,317 - watchfiles.main - DEBUG - 1 change detected: {(<Change.modified: 2>, '/workspace/app/backend/logs/app_20260527_132536.log')}
2026-05-27 13:28:17,668 - watchfiles.main - DEBUG - 1 change detected: {(<Change.modified: 2>, '/workspace/app/backend/logs/app_20260527_132536.log')}
2026-05-27 13:28:18,019 - watchfiles.main - DEBUG - 1 change detected: {(<Change.modified: 2>, '/workspace/app/backend/logs/app_20260527_132536.log')}
2026-05-27 13:28:18,370 - watchfiles.main - DEBUG - 1 change detected: {(<Change.modified: 2>, '/workspace/app/backend/logs/app_20260527_132536.log')}
2026-05-27 13:28:18,722 - watchfiles.main - DEBUG - 1 change detected: {(<Change.modified: 2>, '/workspace/app/backend/logs/app_20260527_132536.log')}
2026-05-27 13:28:19,072 - watchfiles.main - DEBUG - 1 change detected: {(<Change.modified: 2>, '/workspace/app/backend/logs/app_20260527_132536.log')}
2026-05-27 13:28:19,423 - watchfiles.main - DEBUG - 1 change detected: {(<Change.modified: 2>, '/workspace/app/backend/logs/app_20260527_132536.log')}
2026-05-27 13:28:19,774 - watchfiles.main - DEBUG - 1 change detected: {(<Change.modified: 2>, '/workspace/app/backend/logs/app_20260527_132536.log')}
2026-05-27 13:28:20,126 - watchfiles.main - DEBUG - 1 change detected: {(<Change.modified: 2>, '/workspace/app/backend/logs/app_20260527_132536.log')}
2026-05-27 13:28:20,477 - watchfiles.main - DEBUG - 1 change detected: {(<Change.modified: 2>, '/workspace/app/backend/logs/app_20260527_132536.log')}
2026-05-27 13:28:20,828 - watchfiles.main - DEBUG - 2 changes detected: {(<Change.modified: 2>, '/workspace/app/backend/logs/app_20260527_132536.log'), (<Change.modified: 2>, '/workspace/app/backend/logs/app_20260527_132539.log')}
2026-05-27 13:28:21,178 - watchfiles.main - DEBUG - 2 changes detected: {(<Change.modified: 2>, '/workspace/app/backend/logs/app_20260527_132536.log'), (<Change.modified: 2>, '/workspace/app/backend/logs/app_20260527_132539.log')}
2026-05-27 13:28:21,529 - watchfiles.main - DEBUG - 1 change detected: {(<Change.modified: 2>, '/workspace/app/backend/logs/app_20260527_132536.log')}
2026-05-27 13:28:21,881 - watchfiles.main - DEBUG - 1 change detected: {(<Change.modified: 2>, '/workspace/app/backend/logs/app_20260527_132536.log')}
2026-05-27 13:28:22,232 - watchfiles.main - DEBUG - 1 change detected: {(<Change.modified: 2>, '/workspace/app/backend/logs/app_20260527_132536.log')}
2026-05-27 13:28:22,583 - watchfiles.main - DEBUG - 1 change detected: {(<Change.modified: 2>, '/workspace/app/backend/logs/app_20260527_132536.log')}
2026-05-27 13:28:22,934 - watchfiles.main - DEBUG - 1 change detected: {(<Change.modified: 2>, '/workspace/app/backend/logs/app_20260527_132536.log')}
2026-05-27 13:28:23,285 - watchfiles.main - DEBUG - 1 change detected: {(<Change.modified: 2>, '/workspace/app/backend/logs/app_20260527_132536.log')}
2026-05-27 13:28:23,636 - watchfiles.main - DEBUG - 1 change detected: {(<Change.modified: 2>, '/workspace/app/backend/logs/app_20260527_132536.log')}
2026-05-27 13:28:23,987 - watchfiles.main - DEBUG - 1 change detected: {(<Change.modified: 2>, '/workspace/app/backend/logs/app_20260527_132536.log')}
2026-05-27 13:28:24,338 - watchfiles.main - DEBUG - 1 change detected: {(<Change.modified: 2>, '/workspace/app/backend/logs/app_20260527_132536.log')}
2026-05-27 13:28:24,689 - watchfiles.main - DEBUG - 1 change detected: {(<Change.modified: 2>, '/workspace/app/backend/logs/app_20260527_132536.log')}
2026-05-27 13:28:25,040 - watchfiles.main - DEBUG - 1 change detected: {(<Change.modified: 2>, '/workspace/app/backend/logs/app_20260527_132536.log')}
2026-05-27 13:28:25,391 - watchfiles.main - DEBUG - 1 change detected: {(<Change.modified: 2>, '/workspace/app/backend/logs/app_20260527_132536.log')}
2026-05-27 13:28:25,742 - watchfiles.main - DEBUG - 1 change detected: {(<Change.modified: 2>, '/workspace/app/backend/logs/app_20260527_132536.log')}
2026-05-27 13:28:26,093 - watchfiles.main - DEBUG - 1 change detected: {(<Change.modified: 2>, '/workspace/app/backend/logs/app_20260527_132536.log')}
2026-05-27 13:28:26,444 - watchfiles.main - DEBUG - 1 change detected: {(<Change.modified: 2>, '/workspace/app/backend/logs/app_20260527_132536.log')}
2026-05-27 13:28:26,795 - watchfiles.main - DEBUG - 1 change detected: {(<Change.modified: 2>, '/workspace/app/backend/logs/app_20260527_132536.log')}
2026-05-27 13:28:27,146 - watchfiles.main - DEBUG - 1 change detected: {(<Change.modified: 2>, '/workspace/app/backend/logs/app_20260527_132536.log')}
2026-05-27 13:28:27,497 - watchfiles.main - DEBUG - 1 change detected: {(<Change.modified: 2>, '/workspace/app/backend/logs/app_20260527_132536.log')}
2026-05-27 13:28:27,848 - watchfiles.main - DEBUG - 1 change detected: {(<Change.modified: 2>, '/workspace/app/backend/logs/app_20260527_132536.log')}
2026-05-27 13:28:28,199 - watchfiles.main - DEBUG - 1 change detected: {(<Change.modified: 2>, '/workspace/app/backend/logs/app_20260527_132536.log')}
2026-05-27 13:28:28,550 - watchfiles.main - DEBUG - 1 change detected: {(<Change.modified: 2>, '/workspace/app/backend/logs/app_20260527_132536.log')}
2026-05-27 13:28:28,901 - watchfiles.main - DEBUG - 1 change detected: {(<Change.modified: 2>, '/workspace/app/backend/logs/app_20260527_132536.log')}
2026-05-27 13:28:29,252 - watchfiles.main - DEBUG - 1 change detected: {(<Change.modified: 2>, '/workspace/app/backend/logs/app_20260527_132536.log')}
2026-05-27 13:28:29,603 - watchfiles.main - DEBUG - 1 change detected: {(<Change.modified: 2>, '/workspace/app/backend/logs/app_20260527_132536.log')}
2026-05-27 13:28:29,954 - watchfiles.main - DEBUG - 1 change detected: {(<Change.modified: 2>, '/workspace/app/backend/logs/app_20260527_132536.log')}
2026-05-27 13:28:30,305 - watchfiles.main - DEBUG - 1 change detected: {(<Change.modified: 2>, '/workspace/app/backend/logs/app_20260527_132536.log')}
2026-05-27 13:28:30,656 - watchfiles.main - DEBUG - 1 change detected: {(<Change.modified: 2>, '/workspace/app/backend/logs/app_20260527_132536.log')}
2026-05-27 13:28:31,007 - watchfiles.main - DEBUG - 1 change detected: {(<Change.modified: 2>, '/workspace/app/backend/logs/app_20260527_132536.log')}
2026-05-27 13:28:31,358 - watchfiles.main - DEBUG - 1 change detected: {(<Change.modified: 2>, '/workspace/app/backend/logs/app_20260527_132536.log')}
2026-05-27 13:28:31,709 - watchfiles.main - DEBUG - 1 change detected: {(<Change.modified: 2>, '/workspace/app/backend/logs/app_20260527_132536.log')}
2026-05-27 13:28:32,060 - watchfiles.main - DEBUG - 1 change detected: {(<Change.modified: 2>, '/workspace/app/backend/logs/app_20260527_132536.log')}
2026-05-27 13:28:32,411 - watchfiles.main - DEBUG - 1 change detected: {(<Change.modified: 2>, '/workspace/app/backend/logs/app_20260527_132536.log')}
2026-05-27 13:28:32,762 - watchfiles.main - DEBUG - 1 change detected: {(<Change.modified: 2>, '/workspace/app/backend/logs/app_20260527_132536.log')}
2026-05-27 13:28:33,113 - watchfiles.main - DEBUG - 1 change detected: {(<Change.modified: 2>, '/workspace/app/backend/logs/app_20260527_132536.log')}
2026-05-27 13:28:33,464 - watchfiles.main - DEBUG - 1 change detected: {(<Change.modified: 2>, '/workspace/app/backend/logs/app_20260527_132536.log')}
2026-05-27 13:28:33,815 - watchfiles.main - DEBUG - 1 change detected: {(<Change.modified: 2>, '/workspace/app/backend/logs/app_20260527_132536.log')}
2026-05-27 13:28:34,166 - watchfiles.main - DEBUG - 1 change detected: {(<Change.modified: 2>, '/workspace/app/backend/logs/app_20260527_132536.log')}
2026-05-27 13:28:34,517 - watchfiles.main - DEBUG - 1 change detected: {(<Change.modified: 2>, '/workspace/app/backend/logs/app_20260527_132536.log')}
2026-05-27 13:28:34,868 - watchfiles.main - DEBUG - 1 change detected: {(<Change.modified: 2>, '/workspace/app/backend/logs/app_20260527_132536.log')}
2026-05-27 13:28:35,219 - watchfiles.main - DEBUG - 1 change detected: {(<Change.modified: 2>, '/workspace/app/backend/logs/app_20260527_132536.log')}
2026-05-27 13:28:35,570 - watchfiles.main - DEBUG - 1 change detected: {(<Change.modified: 2>, '/workspace/app/backend/logs/app_20260527_132536.log')}
2026-05-27 13:28:35,921 - watchfiles.main - DEBUG - 1 change detected: {(<Change.modified: 2>, '/workspace/app/backend/logs/app_20260527_132536.log')}
2026-05-27 13:28:36,272 - watchfiles.main - DEBUG - 1 change detected: {(<Change.modified: 2>, '/workspace/app/backend/logs/app_20260527_132536.log')}
2026-05-27 13:28:36,623 - watchfiles.main - DEBUG - 1 change detected: {(<Change.modified: 2>, '/workspace/app/backend/logs/app_20260527_132536.log')}
2026-05-27 13:28:36,974 - watchfiles.main - DEBUG - 1 change detected: {(<Change.modified: 2>, '/workspace/app/backend/logs/app_20260527_132536.log')}
2026-05-27 13:28:37,325 - watchfiles.main - DEBUG - 1 change detected: {(<Change.modified: 2>, '/workspace/app/backend/logs/app_20260527_132536.log')}
2026-05-27 13:28:37,677 - watchfiles.main - DEBUG - 1 change detected: {(<Change.modified: 2>, '/workspace/app/backend/logs/app_20260527_132536.log')}
2026-05-27 13:28:38,028 - watchfiles.main - DEBUG - 1 change detected: {(<Change.modified: 2>, '/workspace/app/backend/logs/app_20260527_132536.log')}
2026-05-27 13:28:38,379 - watchfiles.main - DEBUG - 1 change detected: {(<Change.modified: 2>, '/workspace/app/backend/logs/app_20260527_132536.log')}
2026-05-27 13:28:38,730 - watchfiles.main - DEBUG - 1 change detected: {(<Change.modified: 2>, '/workspace/app/backend/logs/app_20260527_132536.log')}
2026-05-27 13:28:39,081 - watchfiles.main - DEBUG - 1 change detected: {(<Change.modified: 2>, '/workspace/app/backend/logs/app_20260527_132536.log')}
2026-05-27 13:28:39,432 - watchfiles.main - DEBUG - 1 change detected: {(<Change.modified: 2>, '/workspace/app/backend/logs/app_20260527_132536.log')}
2026-05-27 13:28:39,783 - watchfiles.main - DEBUG - 1 change detected: {(<Change.modified: 2>, '/workspace/app/backend/logs/app_20260527_132536.log')}
2026-05-27 13:28:40,134 - watchfiles.main - DEBUG - 1 change detected: {(<Change.modified: 2>, '/workspace/app/backend/logs/app_20260527_132536.log')}
2026-05-27 13:28:40,485 - watchfiles.main - DEBUG - 1 change detected: {(<Change.modified: 2>, '/workspace/app/backend/logs/app_20260527_132536.log')}
2026-05-27 13:28:40,836 - watchfiles.main - DEBUG - 1 change detected: {(<Change.modified: 2>, '/workspace/app/backend/logs/app_20260527_132536.log')}
2026-05-27 13:28:41,187 - watchfiles.main - DEBUG - 1 change detected: {(<Change.modified: 2>, '/workspace/app/backend/logs/app_20260527_132536.log')}
2026-05-27 13:28:41,538 - watchfiles.main - DEBUG - 1 change detected: {(<Change.modified: 2>, '/workspace/app/backend/logs/app_20260527_132536.log')}
2026-05-27 13:28:41,889 - watchfiles.main - DEBUG - 1 change detected: {(<Change.modified: 2>, '/workspace/app/backend/logs/app_20260527_132536.log')}
2026-05-27 13:28:42,240 - watchfiles.main - DEBUG - 1 change detected: {(<Change.modified: 2>, '/workspace/app/backend/logs/app_20260527_132536.log')}
2026-05-27 13:28:42,591 - watchfiles.main - DEBUG - 1 change detected: {(<Change.modified: 2>, '/workspace/app/backend/logs/app_20260527_132536.log')}
2026-05-27 13:28:42,942 - watchfiles.main - DEBUG - 1 change detected: {(<Change.modified: 2>, '/workspace/app/backend/logs/app_20260527_132536.log')}
2026-05-27 13:28:43,293 - watchfiles.main - DEBUG - 1 change detected: {(<Change.modified: 2>, '/workspace/app/backend/logs/app_20260527_132536.log')}
2026-05-27 13:28:43,644 - watchfiles.main - DEBUG - 1 change detected: {(<Change.modified: 2>, '/workspace/app/backend/logs/app_20260527_132536.log')}
2026-05-27 13:28:43,995 - watchfiles.main - DEBUG - 1 change detected: {(<Change.modified: 2>, '/workspace/app/backend/logs/app_20260527_132536.log')}
2026-05-27 13:28:44,346 - watchfiles.main - DEBUG - 1 change detected: {(<Change.modified: 2>, '/workspace/app/backend/logs/app_20260527_132536.log')}
2026-05-27 13:28:44,697 - watchfiles.main - DEBUG - 1 change detected: {(<Change.modified: 2>, '/workspace/app/backend/logs/app_20260527_132536.log')}
2026-05-27 13:28:45,048 - watchfiles.main - DEBUG - 1 change detected: {(<Change.modified: 2>, '/workspace/app/backend/logs/app_20260527_132536.log')}
2026-05-27 13:28:45,399 - watchfiles.main - DEBUG - 1 change detected: {(<Change.modified: 2>, '/workspace/app/backend/logs/app_20260527_132536.log')}
2026-05-27 13:28:45,750 - watchfiles.main - DEBUG - 1 change detected: {(<Change.modified: 2>, '/workspace/app/backend/logs/app_20260527_132536.log')}
2026-05-27 13:28:46,101 - watchfiles.main - DEBUG - 1 change detected: {(<Change.modified: 2>, '/workspace/app/backend/logs/app_20260527_132536.log')}
2026-05-27 13:28:46,452 - watchfiles.main - DEBUG - 1 change detected: {(<Change.modified: 2>, '/workspace/app/backend/logs/app_20260527_132536.log')}
2026-05-27 13:28:46,803 - watchfiles.main - DEBUG - 1 change detected: {(<Change.modified: 2>, '/workspace/app/backend/logs/app_20260527_132536.log')}
2026-05-27 13:28:47,154 - watchfiles.main - DEBUG - 1 change detected: {(<Change.modified: 2>, '/workspace/app/backend/logs/app_20260527_132536.log')}
2026-05-27 13:28:47,505 - watchfiles.main - DEBUG - 1 change detected: {(<Change.modified: 2>, '/workspace/app/backend/logs/app_20260527_132536.log')}
2026-05-27 13:28:47,856 - watchfiles.main - DEBUG - 1 change detected: {(<Change.modified: 2>, '/workspace/app/backend/logs/app_20260527_132536.log')}
2026-05-27 13:28:48,207 - watchfiles.main - DEBUG - 1 change detected: {(<Change.modified: 2>, '/workspace/app/backend/logs/app_20260527_132536.log')}
2026-05-27 13:28:48,558 - watchfiles.main - DEBUG - 1 change detected: {(<Change.modified: 2>, '/workspace/app/backend/logs/app_20260527_132536.log')}
2026-05-27 13:28:48,909 - watchfiles.main - DEBUG - 1 change detected: {(<Change.modified: 2>, '/workspace/app/backend/logs/app_20260527_132536.log')}
2026-05-27 13:28:49,260 - watchfiles.main - DEBUG - 1 change detected: {(<Change.modified: 2>, '/workspace/app/backend/logs/app_20260527_132536.log')}
2026-05-27 13:28:49,611 - watchfiles.main - DEBUG - 1 change detected: {(<Change.modified: 2>, '/workspace/app/backend/logs/app_20260527_132536.log')}
2026-05-27 13:28:49,962 - watchfiles.main - DEBUG - 1 change detected: {(<Change.modified: 2>, '/workspace/app/backend/logs/app_20260527_132536.log')}
2026-05-27 13:28:50,313 - watchfiles.main - DEBUG - 1 change detected: {(<Change.modified: 2>, '/workspace/app/backend/logs/app_20260527_132536.log')}
2026-05-27 13:28:50,664 - watchfiles.main - DEBUG - 1 change detected: {(<Change.modified: 2>, '/workspace/app/backend/logs/app_20260527_132536.log')}
2026-05-27 13:28:51,015 - watchfiles.main - DEBUG - 2 changes detected: {(<Change.modified: 2>, '/workspace/app/backend/logs/app_20260527_132536.log'), (<Change.modified: 2>, '/workspace/app/backend/logs/app_20260527_132539.log')}
2026-05-27 13:28:51,366 - watchfiles.main - DEBUG - 2 changes detected: {(<Change.modified: 2>, '/workspace/app/backend/logs/app_20260527_132536.log'), (<Change.modified: 2>, '/workspace/app/backend/logs/app_20260527_132539.log')}
2026-05-27 13:28:51,717 - watchfiles.main - DEBUG - 1 change detected: {(<Change.modified: 2>, '/workspace/app/backend/logs/app_20260527_132536.log')}
2026-05-27 13:28:52,067 - watchfiles.main - DEBUG - 1 change detected: {(<Change.modified: 2>, '/workspace/app/backend/logs/app_20260527_132536.log')}
2026-05-27 13:28:52,418 - watchfiles.main - DEBUG - 1 change detected: {(<Change.modified: 2>, '/workspace/app/backend/logs/app_20260527_132536.log')}
2026-05-27 13:28:52,769 - watchfiles.main - DEBUG - 1 change detected: {(<Change.modified: 2>, '/workspace/app/backend/logs/app_20260527_132536.log')}
2026-05-27 13:28:53,120 - watchfiles.main - DEBUG - 1 change detected: {(<Change.modified: 2>, '/workspace/app/backend/logs/app_20260527_132536.log')}
2026-05-27 13:28:53,472 - watchfiles.main - DEBUG - 1 change detected: {(<Change.modified: 2>, '/workspace/app/backend/logs/app_20260527_132536.log')}
2026-05-27 13:28:53,823 - watchfiles.main - DEBUG - 1 change detected: {(<Change.modified: 2>, '/workspace/app/backend/logs/app_20260527_132536.log')}
2026-05-27 13:28:54,174 - watchfiles.main - DEBUG - 1 change detected: {(<Change.modified: 2>, '/workspace/app/backend/logs/app_20260527_132536.log')}
2026-05-27 13:28:54,525 - watchfiles.main - DEBUG - 1 change detected: {(<Change.modified: 2>, '/workspace/app/backend/logs/app_20260527_132536.log')}
2026-05-27 13:28:54,876 - watchfiles.main - DEBUG - 1 change detected: {(<Change.modified: 2>, '/workspace/app/backend/logs/app_20260527_132536.log')}
2026-05-27 13:28:55,227 - watchfiles.main - DEBUG - 1 change detected: {(<Change.modified: 2>, '/workspace/app/backend/logs/app_20260527_132536.log')}
2026-05-27 13:28:55,578 - watchfiles.main - DEBUG - 1 change detected: {(<Change.modified: 2>, '/workspace/app/backend/logs/app_20260527_132536.log')}
2026-05-27 13:28:55,929 - watchfiles.main - DEBUG - 1 change detected: {(<Change.modified: 2>, '/workspace/app/backend/logs/app_20260527_132536.log')}
2026-05-27 13:28:56,280 - watchfiles.main - DEBUG - 1 change detected: {(<Change.modified: 2>, '/workspace/app/backend/logs/app_20260527_132536.log')}
2026-05-27 13:28:56,631 - watchfiles.main - DEBUG - 1 change detected: {(<Change.modified: 2>, '/workspace/app/backend/logs/app_20260527_132536.log')}
2026-05-27 13:28:56,982 - watchfiles.main - DEBUG - 1 change detected: {(<Change.modified: 2>, '/workspace/app/backend/logs/app_20260527_132536.log')}
2026-05-27 13:28:57,333 - watchfiles.main - DEBUG - 1 change detected: {(<Change.modified: 2>, '/workspace/app/backend/logs/app_20260527_132536.log')}
2026-05-27 13:28:57,684 - watchfiles.main - DEBUG - 1 change detected: {(<Change.modified: 2>, '/workspace/app/backend/logs/app_20260527_132536.log')}
2026-05-27 13:28:58,034 - watchfiles.main - DEBUG - 1 change detected: {(<Change.modified: 2>, '/workspace/app/backend/logs/app_20260527_132536.log')}
2026-05-27 13:28:58,386 - watchfiles.main - DEBUG - 1 change detected: {(<Change.modified: 2>, '/workspace/app/backend/logs/app_20260527_132536.log')}
2026-05-27 13:28:58,737 - watchfiles.main - DEBUG - 1 change detected: {(<Change.modified: 2>, '/workspace/app/backend/logs/app_20260527_132536.log')}
2026-05-27 13:28:59,088 - watchfiles.main - DEBUG - 1 change detected: {(<Change.modified: 2>, '/workspace/app/backend/logs/app_20260527_132536.log')}
2026-05-27 13:28:59,439 - watchfiles.main - DEBUG - 1 change detected: {(<Change.modified: 2>, '/workspace/app/backend/logs/app_20260527_132536.log')}
2026-05-27 13:28:59,790 - watchfiles.main - DEBUG - 1 change detected: {(<Change.modified: 2>, '/workspace/app/backend/logs/app_20260527_132536.log')}
2026-05-27 13:29:00,141 - watchfiles.main - DEBUG - 1 change detected: {(<Change.modified: 2>, '/workspace/app/backend/logs/app_20260527_132536.log')}
2026-05-27 13:29:00,492 - watchfiles.main - DEBUG - 1 change detected: {(<Change.modified: 2>, '/workspace/app/backend/logs/app_20260527_132536.log')}
2026-05-27 13:29:00,843 - watchfiles.main - DEBUG - 1 change detected: {(<Change.modified: 2>, '/workspace/app/backend/logs/app_20260527_132536.log')}
2026-05-27 13:29:01,194 - watchfiles.main - DEBUG - 1 change detected: {(<Change.modified: 2>, '/workspace/app/backend/logs/app_20260527_132536.log')}
2026-05-27 13:29:01,544 - watchfiles.main - DEBUG - 1 change detected: {(<Change.modified: 2>, '/workspace/app/backend/logs/app_20260527_132536.log')}
2026-05-27 13:29:01,896 - watchfiles.main - DEBUG - 1 change detected: {(<Change.modified: 2>, '/workspace/app/backend/logs/app_20260527_132536.log')}
2026-05-27 13:29:02,247 - watchfiles.main - DEBUG - 1 change detected: {(<Change.modified: 2>, '/workspace/app/backend/logs/app_20260527_132536.log')}
2026-05-27 13:29:02,598 - watchfiles.main - DEBUG - 1 change detected: {(<Change.modified: 2>, '/workspace/app/backend/logs/app_20260527_132536.log')}
2026-05-27 13:29:02,949 - watchfiles.main - DEBUG - 1 change detected: {(<Change.modified: 2>, '/workspace/app/backend/logs/app_20260527_132536.log')}
2026-05-27 13:29:03,300 - watchfiles.main - DEBUG - 1 change detected: {(<Change.modified: 2>, '/workspace/app/backend/logs/app_20260527_132536.log')}
2026-05-27 13:29:03,651 - watchfiles.main - DEBUG - 1 change detected: {(<Change.modified: 2>, '/workspace/app/backend/logs/app_20260527_132536.log')}
2026-05-27 13:29:04,003 - watchfiles.main - DEBUG - 1 change detected: {(<Change.modified: 2>, '/workspace/app/backend/logs/app_20260527_132536.log')}
2026-05-27 13:29:04,353 - watchfiles.main - DEBUG - 1 change detected: {(<Change.modified: 2>, '/workspace/app/backend/logs/app_20260527_132536.log')}
2026-05-27 13:29:04,704 - watchfiles.main - DEBUG - 1 change detected: {(<Change.modified: 2>, '/workspace/app/backend/logs/app_20260527_132536.log')}
2026-05-27 13:29:05,056 - watchfiles.main - DEBUG - 1 change detected: {(<Change.modified: 2>, '/workspace/app/backend/logs/app_20260527_132536.log')}
2026-05-27 13:29:05,407 - watchfiles.main - DEBUG - 1 change detected: {(<Change.modified: 2>, '/workspace/app/backend/logs/app_20260527_132536.log')}
2026-05-27 13:29:05,758 - watchfiles.main - DEBUG - 1 change detected: {(<Change.modified: 2>, '/workspace/app/backend/logs/app_20260527_132536.log')}
2026-05-27 13:29:06,109 - watchfiles.main - DEBUG - 1 change detected: {(<Change.modified: 2>, '/workspace/app/backend/logs/app_20260527_132536.log')}
2026-05-27 13:29:06,460 - watchfiles.main - DEBUG - 1 change detected: {(<Change.modified: 2>, '/workspace/app/backend/logs/app_20260527_132536.log')}
2026-05-27 13:29:06,810 - watchfiles.main - DEBUG - 1 change detected: {(<Change.modified: 2>, '/workspace/app/backend/logs/app_20260527_132536.log')}
2026-05-27 13:29:07,161 - watchfiles.main - DEBUG - 1 change detected: {(<Change.modified: 2>, '/workspace/app/backend/logs/app_20260527_132536.log')}
2026-05-27 13:29:07,513 - watchfiles.main - DEBUG - 1 change detected: {(<Change.modified: 2>, '/workspace/app/backend/logs/app_20260527_132536.log')}
2026-05-27 13:29:07,863 - watchfiles.main - DEBUG - 1 change detected: {(<Change.modified: 2>, '/workspace/app/backend/logs/app_20260527_132536.log')}
2026-05-27 13:29:08,214 - watchfiles.main - DEBUG - 1 change detected: {(<Change.modified: 2>, '/workspace/app/backend/logs/app_20260527_132536.log')}
2026-05-27 13:29:08,565 - watchfiles.main - DEBUG - 1 change detected: {(<Change.modified: 2>, '/workspace/app/backend/logs/app_20260527_132536.log')}
2026-05-27 13:29:08,916 - watchfiles.main - DEBUG - 1 change detected: {(<Change.modified: 2>, '/workspace/app/backend/logs/app_20260527_132536.log')}
2026-05-27 13:29:09,267 - watchfiles.main - DEBUG - 1 change detected: {(<Change.modified: 2>, '/workspace/app/backend/logs/app_20260527_132536.log')}
2026-05-27 13:29:09,619 - watchfiles.main - DEBUG - 1 change detected: {(<Change.modified: 2>, '/workspace/app/backend/logs/app_20260527_132536.log')}
2026-05-27 13:29:09,970 - watchfiles.main - DEBUG - 1 change detected: {(<Change.modified: 2>, '/workspace/app/backend/logs/app_20260527_132536.log')}
2026-05-27 13:29:10,321 - watchfiles.main - DEBUG - 1 change detected: {(<Change.modified: 2>, '/workspace/app/backend/logs/app_20260527_132536.log')}
2026-05-27 13:29:10,672 - watchfiles.main - DEBUG - 1 change detected: {(<Change.modified: 2>, '/workspace/app/backend/logs/app_20260527_132536.log')}
2026-05-27 13:29:11,024 - watchfiles.main - DEBUG - 1 change detected: {(<Change.modified: 2>, '/workspace/app/backend/logs/app_20260527_132536.log')}
2026-05-27 13:29:11,375 - watchfiles.main - DEBUG - 1 change detected: {(<Change.modified: 2>, '/workspace/app/backend/logs/app_20260527_132536.log')}
2026-05-27 13:29:11,726 - watchfiles.main - DEBUG - 1 change detected: {(<Change.modified: 2>, '/workspace/app/backend/logs/app_20260527_132536.log')}
2026-05-27 13:29:12,077 - watchfiles.main - DEBUG - 1 change detected: {(<Change.modified: 2>, '/workspace/app/backend/logs/app_20260527_132536.log')}
2026-05-27 13:29:12,428 - watchfiles.main - DEBUG - 1 change detected: {(<Change.modified: 2>, '/workspace/app/backend/logs/app_20260527_132536.log')}
2026-05-27 13:29:12,779 - watchfiles.main - DEBUG - 1 change detected: {(<Change.modified: 2>, '/workspace/app/backend/logs/app_20260527_132536.log')}
2026-05-27 13:29:13,130 - watchfiles.main - DEBUG - 1 change detected: {(<Change.modified: 2>, '/workspace/app/backend/logs/app_20260527_132536.log')}
2026-05-27 13:29:13,480 - watchfiles.main - DEBUG - 1 change detected: {(<Change.modified: 2>, '/workspace/app/backend/logs/app_20260527_132536.log')}
2026-05-27 13:29:13,831 - watchfiles.main - DEBUG - 1 change detected: {(<Change.modified: 2>, '/workspace/app/backend/logs/app_20260527_132536.log')}
2026-05-27 13:29:14,182 - watchfiles.main - DEBUG - 1 change detected: {(<Change.modified: 2>, '/workspace/app/backend/logs/app_20260527_132536.log')}
2026-05-27 13:29:14,533 - watchfiles.main - DEBUG - 1 change detected: {(<Change.modified: 2>, '/workspace/app/backend/logs/app_20260527_132536.log')}
2026-05-27 13:29:14,884 - watchfiles.main - DEBUG - 1 change detected: {(<Change.modified: 2>, '/workspace/app/backend/logs/app_20260527_132536.log')}
2026-05-27 13:29:15,235 - watchfiles.main - DEBUG - 1 change detected: {(<Change.modified: 2>, '/workspace/app/backend/logs/app_20260527_132536.log')}
2026-05-27 13:29:15,587 - watchfiles.main - DEBUG - 1 change detected: {(<Change.modified: 2>, '/workspace/app/backend/logs/app_20260527_132536.log')}
2026-05-27 13:29:15,938 - watchfiles.main - DEBUG - 1 change detected: {(<Change.modified: 2>, '/workspace/app/backend/logs/app_20260527_132536.log')}
2026-05-27 13:29:16,289 - watchfiles.main - DEBUG - 1 change detected: {(<Change.modified: 2>, '/workspace/app/backend/logs/app_20260527_132536.log')}
2026-05-27 13:29:16,640 - watchfiles.main - DEBUG - 1 change detected: {(<Change.modified: 2>, '/workspace/app/backend/logs/app_20260527_132536.log')}
2026-05-27 13:29:16,991 - watchfiles.main - DEBUG - 1 change detected: {(<Change.modified: 2>, '/workspace/app/backend/logs/app_20260527_132536.log')}
2026-05-27 13:29:17,342 - watchfiles.main - DEBUG - 1 change detected: {(<Change.modified: 2>, '/workspace/app/backend/logs/app_20260527_132536.log')}
2026-05-27 13:29:17,693 - watchfiles.main - DEBUG - 1 change detected: {(<Change.modified: 2>, '/workspace/app/backend/logs/app_20260527_132536.log')}
2026-05-27 13:29:18,044 - watchfiles.main - DEBUG - 1 change detected: {(<Change.modified: 2>, '/workspace/app/backend/logs/app_20260527_132536.log')}
2026-05-27 13:29:18,395 - watchfiles.main - DEBUG - 1 change detected: {(<Change.modified: 2>, '/workspace/app/backend/logs/app_20260527_132536.log')}
2026-05-27 13:29:18,746 - watchfiles.main - DEBUG - 1 change detected: {(<Change.modified: 2>, '/workspace/app/backend/logs/app_20260527_132536.log')}
2026-05-27 13:29:19,097 - watchfiles.main - DEBUG - 1 change detected: {(<Change.modified: 2>, '/workspace/app/backend/logs/app_20260527_132536.log')}
2026-05-27 13:29:19,448 - watchfiles.main - DEBUG - 1 change detected: {(<Change.modified: 2>, '/workspace/app/backend/logs/app_20260527_132536.log')}
2026-05-27 13:29:19,799 - watchfiles.main - DEBUG - 1 change detected: {(<Change.modified: 2>, '/workspace/app/backend/logs/app_20260527_132536.log')}
2026-05-27 13:29:20,150 - watchfiles.main - DEBUG - 1 change detected: {(<Change.modified: 2>, '/workspace/app/backend/logs/app_20260527_132536.log')}
2026-05-27 13:29:20,502 - watchfiles.main - DEBUG - 1 change detected: {(<Change.modified: 2>, '/workspace/app/backend/logs/app_20260527_132536.log')}
2026-05-27 13:29:20,853 - watchfiles.main - DEBUG - 1 change detected: {(<Change.modified: 2>, '/workspace/app/backend/logs/app_20260527_132536.log')}
2026-05-27 13:29:21,204 - watchfiles.main - DEBUG - 1 change detected: {(<Change.modified: 2>, '/workspace/app/backend/logs/app_20260527_132536.log')}
2026-05-27 13:29:21,555 - watchfiles.main - DEBUG - 1 change detected: {(<Change.modified: 2>, '/workspace/app/backend/logs/app_20260527_132536.log')}
2026-05-27 13:29:21,906 - watchfiles.main - DEBUG - 1 change detected: {(<Change.modified: 2>, '/workspace/app/backend/logs/app_20260527_132536.log')}
2026-05-27 13:29:22,258 - watchfiles.main - DEBUG - 1 change detected: {(<Change.modified: 2>, '/workspace/app/backend/logs/app_20260527_132536.log')}
2026-05-27 13:29:22,609 - watchfiles.main - DEBUG - 1 change detected: {(<Change.modified: 2>, '/workspace/app/backend/logs/app_20260527_132536.log')}
2026-05-27 13:29:22,960 - watchfiles.main - DEBUG - 1 change detected: {(<Change.modified: 2>, '/workspace/app/backend/logs/app_20260527_132536.log')}
2026-05-27 13:29:23,311 - watchfiles.main - DEBUG - 1 change detected: {(<Change.modified: 2>, '/workspace/app/backend/logs/app_20260527_132536.log')}
2026-05-27 13:29:23,663 - watchfiles.main - DEBUG - 1 change detected: {(<Change.modified: 2>, '/workspace/app/backend/logs/app_20260527_132536.log')}
2026-05-27 13:29:24,013 - watchfiles.main - DEBUG - 1 change detected: {(<Change.modified: 2>, '/workspace/app/backend/logs/app_20260527_132536.log')}
2026-05-27 13:29:24,364 - watchfiles.main - DEBUG - 1 change detected: {(<Change.modified: 2>, '/workspace/app/backend/logs/app_20260527_132536.log')}
2026-05-27 13:29:24,715 - watchfiles.main - DEBUG - 1 change detected: {(<Change.modified: 2>, '/workspace/app/backend/logs/app_20260527_132536.log')}
2026-05-27 13:29:25,066 - watchfiles.main - DEBUG - 1 change detected: {(<Change.modified: 2>, '/workspace/app/backend/logs/app_20260527_132536.log')}
2026-05-27 13:29:25,417 - watchfiles.main - DEBUG - 1 change detected: {(<Change.modified: 2>, '/workspace/app/backend/logs/app_20260527_132536.log')}
2026-05-27 13:29:25,768 - watchfiles.main - DEBUG - 1 change detected: {(<Change.modified: 2>, '/workspace/app/backend/logs/app_20260527_132536.log')}
2026-05-27 13:29:26,120 - watchfiles.main - DEBUG - 1 change detected: {(<Change.modified: 2>, '/workspace/app/backend/logs/app_20260527_132536.log')}
2026-05-27 13:29:26,471 - watchfiles.main - DEBUG - 1 change detected: {(<Change.modified: 2>, '/workspace/app/backend/logs/app_20260527_132536.log')}
2026-05-27 13:29:26,822 - watchfiles.main - DEBUG - 1 change detected: {(<Change.modified: 2>, '/workspace/app/backend/logs/app_20260527_132536.log')}
2026-05-27 13:29:27,173 - watchfiles.main - DEBUG - 1 change detected: {(<Change.modified: 2>, '/workspace/app/backend/logs/app_20260527_132536.log')}
2026-05-27 13:29:27,524 - watchfiles.main - DEBUG - 1 change detected: {(<Change.modified: 2>, '/workspace/app/backend/logs/app_20260527_132536.log')}
2026-05-27 13:29:27,875 - watchfiles.main - DEBUG - 1 change detected: {(<Change.modified: 2>, '/workspace/app/backend/logs/app_20260527_132536.log')}
2026-05-27 13:29:28,226 - watchfiles.main - DEBUG - 1 change detected: {(<Change.modified: 2>, '/workspace/app/backend/logs/app_20260527_132536.log')}
2026-05-27 13:29:28,577 - watchfiles.main - DEBUG - 1 change detected: {(<Change.modified: 2>, '/workspace/app/backend/logs/app_20260527_132536.log')}
2026-05-27 13:29:28,928 - watchfiles.main - DEBUG - 1 change detected: {(<Change.modified: 2>, '/workspace/app/backend/logs/app_20260527_132536.log')}
2026-05-27 13:29:29,279 - watchfiles.main - DEBUG - 1 change detected: {(<Change.modified: 2>, '/workspace/app/backend/logs/app_20260527_132536.log')}
2026-05-27 13:29:29,630 - watchfiles.main - DEBUG - 1 change detected: {(<Change.modified: 2>, '/workspace/app/backend/logs/app_20260527_132536.log')}
2026-05-27 13:29:29,981 - watchfiles.main - DEBUG - 1 change detected: {(<Change.modified: 2>, '/workspace/app/backend/logs/app_20260527_132536.log')}
2026-05-27 13:29:30,332 - watchfiles.main - DEBUG - 1 change detected: {(<Change.modified: 2>, '/workspace/app/backend/logs/app_20260527_132536.log')}
2026-05-27 13:29:30,683 - watchfiles.main - DEBUG - 1 change detected: {(<Change.modified: 2>, '/workspace/app/backend/logs/app_20260527_132536.log')}
2026-05-27 13:29:31,034 - watchfiles.main - DEBUG - 1 change detected: {(<Change.modified: 2>, '/workspace/app/backend/logs/app_20260527_132536.log')}
2026-05-27 13:29:31,385 - watchfiles.main - DEBUG - 1 change detected: {(<Change.modified: 2>, '/workspace/app/backend/logs/app_20260527_132536.log')}
2026-05-27 13:29:31,736 - watchfiles.main - DEBUG - 1 change detected: {(<Change.modified: 2>, '/workspace/app/backend/logs/app_20260527_132536.log')}
2026-05-27 13:29:32,087 - watchfiles.main - DEBUG - 1 change detected: {(<Change.modified: 2>, '/workspace/app/backend/logs/app_20260527_132536.log')}
2026-05-27 13:29:32,438 - watchfiles.main - DEBUG - 1 change detected: {(<Change.modified: 2>, '/workspace/app/backend/logs/app_20260527_132536.log')}
2026-05-27 13:29:32,789 - watchfiles.main - DEBUG - 1 change detected: {(<Change.modified: 2>, '/workspace/app/backend/logs/app_20260527_132536.log')}
2026-05-27 13:29:33,140 - watchfiles.main - DEBUG - 1 change detected: {(<Change.modified: 2>, '/workspace/app/backend/logs/app_20260527_132536.log')}
2026-05-27 13:29:33,491 - watchfiles.main - DEBUG - 1 change detected: {(<Change.modified: 2>, '/workspace/app/backend/logs/app_20260527_132536.log')}
2026-05-27 13:29:33,842 - watchfiles.main - DEBUG - 1 change detected: {(<Change.modified: 2>, '/workspace/app/backend/logs/app_20260527_132536.log')}
2026-05-27 13:29:34,193 - watchfiles.main - DEBUG - 1 change detected: {(<Change.modified: 2>, '/workspace/app/backend/logs/app_20260527_132536.log')}
2026-05-27 13:29:34,544 - watchfiles.main - DEBUG - 1 change detected: {(<Change.modified: 2>, '/workspace/app/backend/logs/app_20260527_132536.log')}
2026-05-27 13:29:34,895 - watchfiles.main - DEBUG - 1 change detected: {(<Change.modified: 2>, '/workspace/app/backend/logs/app_20260527_132536.log')}
2026-05-27 13:29:35,246 - watchfiles.main - DEBUG - 1 change detected: {(<Change.modified: 2>, '/workspace/app/backend/logs/app_20260527_132536.log')}
2026-05-27 13:29:35,597 - watchfiles.main - DEBUG - 1 change detected: {(<Change.modified: 2>, '/workspace/app/backend/logs/app_20260527_132536.log')}
2026-05-27 13:29:35,948 - watchfiles.main - DEBUG - 1 change detected: {(<Change.modified: 2>, '/workspace/app/backend/logs/app_20260527_132536.log')}
2026-05-27 13:29:36,299 - watchfiles.main - DEBUG - 1 change detected: {(<Change.modified: 2>, '/workspace/app/backend/logs/app_20260527_132536.log')}
2026-05-27 13:29:36,650 - watchfiles.main - DEBUG - 1 change detected: {(<Change.modified: 2>, '/workspace/app/backend/logs/app_20260527_132536.log')}
2026-05-27 13:29:37,001 - watchfiles.main - DEBUG - 1 change detected: {(<Change.modified: 2>, '/workspace/app/backend/logs/app_20260527_132536.log')}
2026-05-27 13:29:37,352 - watchfiles.main - DEBUG - 1 change detected: {(<Change.modified: 2>, '/workspace/app/backend/logs/app_20260527_132536.log')}
2026-05-27 13:29:37,703 - watchfiles.main - DEBUG - 1 change detected: {(<Change.modified: 2>, '/workspace/app/backend/logs/app_20260527_132536.log')}
2026-05-27 13:29:38,054 - watchfiles.main - DEBUG - 1 change detected: {(<Change.modified: 2>, '/workspace/app/backend/logs/app_20260527_132536.log')}
2026-05-27 13:29:38,405 - watchfiles.main - DEBUG - 1 change detected: {(<Change.modified: 2>, '/workspace/app/backend/logs/app_20260527_132536.log')}
2026-05-27 13:29:38,756 - watchfiles.main - DEBUG - 1 change detected: {(<Change.modified: 2>, '/workspace/app/backend/logs/app_20260527_132536.log')}
2026-05-27 13:29:39,107 - watchfiles.main - DEBUG - 1 change detected: {(<Change.modified: 2>, '/workspace/app/backend/logs/app_20260527_132536.log')}
2026-05-27 13:29:39,458 - watchfiles.main - DEBUG - 1 change detected: {(<Change.modified: 2>, '/workspace/app/backend/logs/app_20260527_132536.log')}
2026-05-27 13:29:39,809 - watchfiles.main - DEBUG - 1 change detected: {(<Change.modified: 2>, '/workspace/app/backend/logs/app_20260527_132536.log')}
2026-05-27 13:29:40,160 - watchfiles.main - DEBUG - 1 change detected: {(<Change.modified: 2>, '/workspace/app/backend/logs/app_20260527_132536.log')}
2026-05-27 13:29:40,511 - watchfiles.main - DEBUG - 1 change detected: {(<Change.modified: 2>, '/workspace/app/backend/logs/app_20260527_132536.log')}
2026-05-27 13:29:40,862 - watchfiles.main - DEBUG - 1 change detected: {(<Change.modified: 2>, '/workspace/app/backend/logs/app_20260527_132536.log')}
2026-05-27 13:29:41,213 - watchfiles.main - DEBUG - 1 change detected: {(<Change.modified: 2>, '/workspace/app/backend/logs/app_20260527_132536.log')}
2026-05-27 13:29:41,564 - watchfiles.main - DEBUG - 1 change detected: {(<Change.modified: 2>, '/workspace/app/backend/logs/app_20260527_132536.log')}
2026-05-27 13:29:41,915 - watchfiles.main - DEBUG - 1 change detected: {(<Change.modified: 2>, '/workspace/app/backend/logs/app_20260527_132536.log')}
2026-05-27 13:29:42,266 - watchfiles.main - DEBUG - 1 change detected: {(<Change.modified: 2>, '/workspace/app/backend/logs/app_20260527_132536.log')}
2026-05-27 13:29:42,617 - watchfiles.main - DEBUG - 1 change detected: {(<Change.modified: 2>, '/workspace/app/backend/logs/app_20260527_132536.log')}
2026-05-27 13:29:42,968 - watchfiles.main - DEBUG - 2 changes detected: {(<Change.modified: 2>, '/workspace/app/backend/logs/app_20260527_132536.log'), (<Change.modified: 2>, '/workspace/app/backend/logs/app_20260527_132539.log')}
2026-05-27 13:29:43,319 - watchfiles.main - DEBUG - 2 changes detected: {(<Change.modified: 2>, '/workspace/app/backend/logs/app_20260527_132536.log'), (<Change.modified: 2>, '/workspace/app/backend/logs/app_20260527_132539.log')}
2026-05-27 13:29:43,670 - watchfiles.main - DEBUG - 1 change detected: {(<Change.modified: 2>, '/workspace/app/backend/logs/app_20260527_132536.log')}
2026-05-27 13:29:44,021 - watchfiles.main - DEBUG - 1 change detected: {(<Change.modified: 2>, '/workspace/app/backend/logs/app_20260527_132536.log')}
2026-05-27 13:29:44,372 - watchfiles.main - DEBUG - 1 change detected: {(<Change.modified: 2>, '/workspace/app/backend/logs/app_20260527_132536.log')}
2026-05-27 13:29:44,724 - watchfiles.main - DEBUG - 1 change detected: {(<Change.modified: 2>, '/workspace/app/backend/logs/app_20260527_132536.log')}
2026-05-27 13:29:45,075 - watchfiles.main - DEBUG - 1 change detected: {(<Change.modified: 2>, '/workspace/app/backend/logs/app_20260527_132536.log')}
2026-05-27 13:29:45,426 - watchfiles.main - DEBUG - 1 change detected: {(<Change.modified: 2>, '/workspace/app/backend/logs/app_20260527_132536.log')}
2026-05-27 13:29:45,776 - watchfiles.main - DEBUG - 1 change detected: {(<Change.modified: 2>, '/workspace/app/backend/logs/app_20260527_132536.log')}
2026-05-27 13:29:46,127 - watchfiles.main - DEBUG - 1 change detected: {(<Change.modified: 2>, '/workspace/app/backend/logs/app_20260527_132536.log')}
2026-05-27 13:29:46,478 - watchfiles.main - DEBUG - 1 change detected: {(<Change.modified: 2>, '/workspace/app/backend/logs/app_20260527_132536.log')}
2026-05-27 13:29:46,829 - watchfiles.main - DEBUG - 1 change detected: {(<Change.modified: 2>, '/workspace/app/backend/logs/app_20260527_132536.log')}
2026-05-27 13:29:47,181 - watchfiles.main - DEBUG - 1 change detected: {(<Change.modified: 2>, '/workspace/app/backend/logs/app_20260527_132536.log')}
2026-05-27 13:29:47,533 - watchfiles.main - DEBUG - 1 change detected: {(<Change.modified: 2>, '/workspace/app/backend/logs/app_20260527_132536.log')}
2026-05-27 13:29:47,884 - watchfiles.main - DEBUG - 1 change detected: {(<Change.modified: 2>, '/workspace/app/backend/logs/app_20260527_132536.log')}
2026-05-27 13:29:48,235 - watchfiles.main - DEBUG - 1 change detected: {(<Change.modified: 2>, '/workspace/app/backend/logs/app_20260527_132536.log')}
2026-05-27 13:29:48,586 - watchfiles.main - DEBUG - 1 change detected: {(<Change.modified: 2>, '/workspace/app/backend/logs/app_20260527_132536.log')}
2026-05-27 13:29:48,937 - watchfiles.main - DEBUG - 1 change detected: {(<Change.modified: 2>, '/workspace/app/backend/logs/app_20260527_132536.log')}
2026-05-27 13:29:49,288 - watchfiles.main - DEBUG - 1 change detected: {(<Change.modified: 2>, '/workspace/app/backend/logs/app_20260527_132536.log')}
2026-05-27 13:29:49,639 - watchfiles.main - DEBUG - 1 change detected: {(<Change.modified: 2>, '/workspace/app/backend/logs/app_20260527_132536.log')}
2026-05-27 13:29:49,990 - watchfiles.main - DEBUG - 1 change detected: {(<Change.modified: 2>, '/workspace/app/backend/logs/app_20260527_132536.log')}
2026-05-27 13:29:50,341 - watchfiles.main - DEBUG - 1 change detected: {(<Change.modified: 2>, '/workspace/app/backend/logs/app_20260527_132536.log')}
2026-05-27 13:29:50,742 - watchfiles.main - DEBUG - 2 changes detected: {(<Change.modified: 2>, '/workspace/app/backend/logs/app_20260527_132536.log'), (<Change.modified: 2>, '/workspace/app/backend/logs/app_20260527_132539.log')}
2026-05-27 13:29:51,093 - watchfiles.main - DEBUG - 2 changes detected: {(<Change.modified: 2>, '/workspace/app/backend/logs/app_20260527_132536.log'), (<Change.modified: 2>, '/workspace/app/backend/logs/app_20260527_132539.log')}
2026-05-27 13:29:51,444 - watchfiles.main - DEBUG - 1 change detected: {(<Change.modified: 2>, '/workspace/app/backend/logs/app_20260527_132536.log')}
2026-05-27 13:29:51,795 - watchfiles.main - DEBUG - 1 change detected: {(<Change.modified: 2>, '/workspace/app/backend/logs/app_20260527_132536.log')}
2026-05-27 13:29:52,146 - watchfiles.main - DEBUG - 1 change detected: {(<Change.modified: 2>, '/workspace/app/backend/logs/app_20260527_132536.log')}
2026-05-27 13:29:52,497 - watchfiles.main - DEBUG - 1 change detected: {(<Change.modified: 2>, '/workspace/app/backend/logs/app_20260527_132536.log')}
2026-05-27 13:29:52,848 - watchfiles.main - DEBUG - 1 change detected: {(<Change.modified: 2>, '/workspace/app/backend/logs/app_20260527_132536.log')}
2026-05-27 13:29:53,199 - watchfiles.main - DEBUG - 1 change detected: {(<Change.modified: 2>, '/workspace/app/backend/logs/app_20260527_132536.log')}
2026-05-27 13:29:53,550 - watchfiles.main - DEBUG - 1 change detected: {(<Change.modified: 2>, '/workspace/app/backend/logs/app_20260527_132536.log')}
2026-05-27 13:29:53,901 - watchfiles.main - DEBUG - 1 change detected: {(<Change.modified: 2>, '/workspace/app/backend/logs/app_20260527_132536.log')}
2026-05-27 13:29:54,252 - watchfiles.main - DEBUG - 1 change detected: {(<Change.modified: 2>, '/workspace/app/backend/logs/app_20260527_132536.log')}
2026-05-27 13:29:54,603 - watchfiles.main - DEBUG - 1 change detected: {(<Change.modified: 2>, '/workspace/app/backend/logs/app_20260527_132536.log')}
2026-05-27 13:29:54,954 - watchfiles.main - DEBUG - 1 change detected: {(<Change.modified: 2>, '/workspace/app/backend/logs/app_20260527_132536.log')}
2026-05-27 13:29:55,305 - watchfiles.main - DEBUG - 1 change detected: {(<Change.modified: 2>, '/workspace/app/backend/logs/app_20260527_132536.log')}
2026-05-27 13:29:55,656 - watchfiles.main - DEBUG - 1 change detected: {(<Change.modified: 2>, '/workspace/app/backend/logs/app_20260527_132536.log')}
2026-05-27 13:29:56,007 - watchfiles.main - DEBUG - 1 change detected: {(<Change.modified: 2>, '/workspace/app/backend/logs/app_20260527_132536.log')}
2026-05-27 13:29:56,358 - watchfiles.main - DEBUG - 1 change detected: {(<Change.modified: 2>, '/workspace/app/backend/logs/app_20260527_132536.log')}
2026-05-27 13:29:56,709 - watchfiles.main - DEBUG - 1 change detected: {(<Change.modified: 2>, '/workspace/app/backend/logs/app_20260527_132536.log')}
2026-05-27 13:29:57,060 - watchfiles.main - DEBUG - 1 change detected: {(<Change.modified: 2>, '/workspace/app/backend/logs/app_20260527_132536.log')}
2026-05-27 13:29:57,410 - watchfiles.main - DEBUG - 1 change detected: {(<Change.modified: 2>, '/workspace/app/backend/logs/app_20260527_132536.log')}
2026-05-27 13:29:57,761 - watchfiles.main - DEBUG - 1 change detected: {(<Change.modified: 2>, '/workspace/app/backend/logs/app_20260527_132536.log')}
2026-05-27 13:29:58,112 - watchfiles.main - DEBUG - 1 change detected: {(<Change.modified: 2>, '/workspace/app/backend/logs/app_20260527_132536.log')}
2026-05-27 13:29:58,464 - watchfiles.main - DEBUG - 1 change detected: {(<Change.modified: 2>, '/workspace/app/backend/logs/app_20260527_132536.log')}
2026-05-27 13:29:58,816 - watchfiles.main - DEBUG - 1 change detected: {(<Change.modified: 2>, '/workspace/app/backend/logs/app_20260527_132536.log')}
2026-05-27 13:29:59,167 - watchfiles.main - DEBUG - 1 change detected: {(<Change.modified: 2>, '/workspace/app/backend/logs/app_20260527_132536.log')}
2026-05-27 13:29:59,519 - watchfiles.main - DEBUG - 1 change detected: {(<Change.modified: 2>, '/workspace/app/backend/logs/app_20260527_132536.log')}
2026-05-27 13:29:59,870 - watchfiles.main - DEBUG - 1 change detected: {(<Change.modified: 2>, '/workspace/app/backend/logs/app_20260527_132536.log')}
2026-05-27 13:30:00,221 - watchfiles.main - DEBUG - 1 change detected: {(<Change.modified: 2>, '/workspace/app/backend/logs/app_20260527_132536.log')}
2026-05-27 13:30:00,572 - watchfiles.main - DEBUG - 1 change detected: {(<Change.modified: 2>, '/workspace/app/backend/logs/app_20260527_132536.log')}
2026-05-27 13:30:00,923 - watchfiles.main - DEBUG - 1 change detected: {(<Change.modified: 2>, '/workspace/app/backend/logs/app_20260527_132536.log')}
2026-05-27 13:30:01,274 - watchfiles.main - DEBUG - 1 change detected: {(<Change.modified: 2>, '/workspace/app/backend/logs/app_20260527_132536.log')}
2026-05-27 13:30:01,625 - watchfiles.main - DEBUG - 1 change detected: {(<Change.modified: 2>, '/workspace/app/backend/logs/app_20260527_132536.log')}
2026-05-27 13:30:01,977 - watchfiles.main - DEBUG - 1 change detected: {(<Change.modified: 2>, '/workspace/app/backend/logs/app_20260527_132536.log')}
2026-05-27 13:30:02,328 - watchfiles.main - DEBUG - 1 change detected: {(<Change.modified: 2>, '/workspace/app/backend/logs/app_20260527_132536.log')}
2026-05-27 13:30:02,679 - watchfiles.main - DEBUG - 1 change detected: {(<Change.modified: 2>, '/workspace/app/backend/logs/app_20260527_132536.log')}
2026-05-27 13:30:03,030 - watchfiles.main - DEBUG - 1 change detected: {(<Change.modified: 2>, '/workspace/app/backend/logs/app_20260527_132536.log')}
2026-05-27 13:30:03,381 - watchfiles.main - DEBUG - 1 change detected: {(<Change.modified: 2>, '/workspace/app/backend/logs/app_20260527_132536.log')}
2026-05-27 13:30:03,732 - watchfiles.main - DEBUG - 1 change detected: {(<Change.modified: 2>, '/workspace/app/backend/logs/app_20260527_132536.log')}
2026-05-27 13:30:04,083 - watchfiles.main - DEBUG - 1 change detected: {(<Change.modified: 2>, '/workspace/app/backend/logs/app_20260527_132536.log')}
2026-05-27 13:30:04,434 - watchfiles.main - DEBUG - 1 change detected: {(<Change.modified: 2>, '/workspace/app/backend/logs/app_20260527_132536.log')}
2026-05-27 13:30:04,785 - watchfiles.main - DEBUG - 1 change detected: {(<Change.modified: 2>, '/workspace/app/backend/logs/app_20260527_132536.log')}
2026-05-27 13:30:05,136 - watchfiles.main - DEBUG - 1 change detected: {(<Change.modified: 2>, '/workspace/app/backend/logs/app_20260527_132536.log')}
2026-05-27 13:30:05,487 - watchfiles.main - DEBUG - 1 change detected: {(<Change.modified: 2>, '/workspace/app/backend/logs/app_20260527_132536.log')}
2026-05-27 13:30:05,838 - watchfiles.main - DEBUG - 1 change detected: {(<Change.modified: 2>, '/workspace/app/backend/logs/app_20260527_132536.log')}
2026-05-27 13:30:06,190 - watchfiles.main - DEBUG - 1 change detected: {(<Change.modified: 2>, '/workspace/app/backend/logs/app_20260527_132536.log')}
2026-05-27 13:30:06,541 - watchfiles.main - DEBUG - 1 change detected: {(<Change.modified: 2>, '/workspace/app/backend/logs/app_20260527_132536.log')}
2026-05-27 13:30:06,896 - watchfiles.main - DEBUG - 1 change detected: {(<Change.modified: 2>, '/workspace/app/backend/logs/app_20260527_132536.log')}
2026-05-27 13:30:07,247 - watchfiles.main - DEBUG - 1 change detected: {(<Change.modified: 2>, '/workspace/app/backend/logs/app_20260527_132536.log')}
2026-05-27 13:30:07,598 - watchfiles.main - DEBUG - 1 change detected: {(<Change.modified: 2>, '/workspace/app/backend/logs/app_20260527_132536.log')}
2026-05-27 13:30:07,949 - watchfiles.main - DEBUG - 1 change detected: {(<Change.modified: 2>, '/workspace/app/backend/logs/app_20260527_132536.log')}
2026-05-27 13:30:08,300 - watchfiles.main - DEBUG - 1 change detected: {(<Change.modified: 2>, '/workspace/app/backend/logs/app_20260527_132536.log')}
2026-05-27 13:30:08,651 - watchfiles.main - DEBUG - 1 change detected: {(<Change.modified: 2>, '/workspace/app/backend/logs/app_20260527_132536.log')}
2026-05-27 13:30:09,002 - watchfiles.main - DEBUG - 1 change detected: {(<Change.modified: 2>, '/workspace/app/backend/logs/app_20260527_132536.log')}
2026-05-27 13:30:09,353 - watchfiles.main - DEBUG - 1 change detected: {(<Change.modified: 2>, '/workspace/app/backend/logs/app_20260527_132536.log')}
2026-05-27 13:30:09,704 - watchfiles.main - DEBUG - 1 change detected: {(<Change.modified: 2>, '/workspace/app/backend/logs/app_20260527_132536.log')}
2026-05-27 13:30:10,055 - watchfiles.main - DEBUG - 1 change detected: {(<Change.modified: 2>, '/workspace/app/backend/logs/app_20260527_132536.log')}
2026-05-27 13:30:10,406 - watchfiles.main - DEBUG - 1 change detected: {(<Change.modified: 2>, '/workspace/app/backend/logs/app_20260527_132536.log')}
2026-05-27 13:30:10,757 - watchfiles.main - DEBUG - 1 change detected: {(<Change.modified: 2>, '/workspace/app/backend/logs/app_20260527_132536.log')}
2026-05-27 13:30:11,108 - watchfiles.main - DEBUG - 1 change detected: {(<Change.modified: 2>, '/workspace/app/backend/logs/app_20260527_132536.log')}
2026-05-27 13:30:11,459 - watchfiles.main - DEBUG - 1 change detected: {(<Change.modified: 2>, '/workspace/app/backend/logs/app_20260527_132536.log')}
2026-05-27 13:30:11,810 - watchfiles.main - DEBUG - 1 change detected: {(<Change.modified: 2>, '/workspace/app/backend/logs/app_20260527_132536.log')}
2026-05-27 13:30:12,160 - watchfiles.main - DEBUG - 1 change detected: {(<Change.modified: 2>, '/workspace/app/backend/logs/app_20260527_132536.log')}
2026-05-27 13:30:12,511 - watchfiles.main - DEBUG - 1 change detected: {(<Change.modified: 2>, '/workspace/app/backend/logs/app_20260527_132536.log')}
2026-05-27 13:30:12,862 - watchfiles.main - DEBUG - 1 change detected: {(<Change.modified: 2>, '/workspace/app/backend/logs/app_20260527_132536.log')}
2026-05-27 13:30:13,213 - watchfiles.main - DEBUG - 1 change detected: {(<Change.modified: 2>, '/workspace/app/backend/logs/app_20260527_132536.log')}
2026-05-27 13:30:13,564 - watchfiles.main - DEBUG - 1 change detected: {(<Change.modified: 2>, '/workspace/app/backend/logs/app_20260527_132536.log')}
2026-05-27 13:30:13,915 - watchfiles.main - DEBUG - 1 change detected: {(<Change.modified: 2>, '/workspace/app/backend/logs/app_20260527_132536.log')}
2026-05-27 13:30:14,266 - watchfiles.main - DEBUG - 1 change detected: {(<Change.modified: 2>, '/workspace/app/backend/logs/app_20260527_132536.log')}
2026-05-27 13:30:14,617 - watchfiles.main - DEBUG - 1 change detected: {(<Change.modified: 2>, '/workspace/app/backend/logs/app_20260527_132536.log')}
2026-05-27 13:30:14,969 - watchfiles.main - DEBUG - 1 change detected: {(<Change.modified: 2>, '/workspace/app/backend/logs/app_20260527_132536.log')}
2026-05-27 13:30:15,320 - watchfiles.main - DEBUG - 1 change detected: {(<Change.modified: 2>, '/workspace/app/backend/logs/app_20260527_132536.log')}
2026-05-27 13:30:15,671 - watchfiles.main - DEBUG - 1 change detected: {(<Change.modified: 2>, '/workspace/app/backend/logs/app_20260527_132536.log')}
2026-05-27 13:30:16,022 - watchfiles.main - DEBUG - 1 change detected: {(<Change.modified: 2>, '/workspace/app/backend/logs/app_20260527_132536.log')}
2026-05-27 13:30:16,373 - watchfiles.main - DEBUG - 1 change detected: {(<Change.modified: 2>, '/workspace/app/backend/logs/app_20260527_132536.log')}
2026-05-27 13:30:16,724 - watchfiles.main - DEBUG - 1 change detected: {(<Change.modified: 2>, '/workspace/app/backend/logs/app_20260527_132536.log')}
2026-05-27 13:30:17,075 - watchfiles.main - DEBUG - 1 change detected: {(<Change.modified: 2>, '/workspace/app/backend/logs/app_20260527_132536.log')}
2026-05-27 13:30:17,426 - watchfiles.main - DEBUG - 1 change detected: {(<Change.modified: 2>, '/workspace/app/backend/logs/app_20260527_132536.log')}
2026-05-27 13:30:17,777 - watchfiles.main - DEBUG - 1 change detected: {(<Change.modified: 2>, '/workspace/app/backend/logs/app_20260527_132536.log')}
2026-05-27 13:30:18,128 - watchfiles.main - DEBUG - 1 change detected: {(<Change.modified: 2>, '/workspace/app/backend/logs/app_20260527_132536.log')}
2026-05-27 13:30:18,479 - watchfiles.main - DEBUG - 1 change detected: {(<Change.modified: 2>, '/workspace/app/backend/logs/app_20260527_132536.log')}
2026-05-27 13:30:18,830 - watchfiles.main - DEBUG - 1 change detected: {(<Change.modified: 2>, '/workspace/app/backend/logs/app_20260527_132536.log')}
2026-05-27 13:30:19,181 - watchfiles.main - DEBUG - 1 change detected: {(<Change.modified: 2>, '/workspace/app/backend/logs/app_20260527_132536.log')}
2026-05-27 13:30:19,532 - watchfiles.main - DEBUG - 1 change detected: {(<Change.modified: 2>, '/workspace/app/backend/logs/app_20260527_132536.log')}
2026-05-27 13:30:19,883 - watchfiles.main - DEBUG - 1 change detected: {(<Change.modified: 2>, '/workspace/app/backend/logs/app_20260527_132536.log')}
2026-05-27 13:30:20,235 - watchfiles.main - DEBUG - 1 change detected: {(<Change.modified: 2>, '/workspace/app/backend/logs/app_20260527_132536.log')}
2026-05-27 13:30:20,586 - watchfiles.main - DEBUG - 1 change detected: {(<Change.modified: 2>, '/workspace/app/backend/logs/app_20260527_132536.log')}
2026-05-27 13:30:20,937 - watchfiles.main - DEBUG - 2 changes detected: {(<Change.modified: 2>, '/workspace/app/backend/logs/app_20260527_132536.log'), (<Change.modified: 2>, '/workspace/app/backend/logs/app_20260527_132539.log')}
2026-05-27 13:30:21,288 - watchfiles.main - DEBUG - 2 changes detected: {(<Change.modified: 2>, '/workspace/app/backend/logs/app_20260527_132536.log'), (<Change.modified: 2>, '/workspace/app/backend/logs/app_20260527_132539.log')}
2026-05-27 13:30:21,640 - watchfiles.main - DEBUG - 1 change detected: {(<Change.modified: 2>, '/workspace/app/backend/logs/app_20260527_132536.log')}
2026-05-27 13:30:21,991 - watchfiles.main - DEBUG - 1 change detected: {(<Change.modified: 2>, '/workspace/app/backend/logs/app_20260527_132536.log')}
2026-05-27 13:30:22,342 - watchfiles.main - DEBUG - 1 change detected: {(<Change.modified: 2>, '/workspace/app/backend/logs/app_20260527_132536.log')}
2026-05-27 13:30:22,693 - watchfiles.main - DEBUG - 1 change detected: {(<Change.modified: 2>, '/workspace/app/backend/logs/app_20260527_132536.log')}
2026-05-27 13:30:23,044 - watchfiles.main - DEBUG - 1 change detected: {(<Change.modified: 2>, '/workspace/app/backend/logs/app_20260527_132536.log')}
2026-05-27 13:30:23,395 - watchfiles.main - DEBUG - 1 change detected: {(<Change.modified: 2>, '/workspace/app/backend/logs/app_20260527_132536.log')}
2026-05-27 13:30:23,746 - watchfiles.main - DEBUG - 1 change detected: {(<Change.modified: 2>, '/workspace/app/backend/logs/app_20260527_132536.log')}
2026-05-27 13:30:24,097 - watchfiles.main - DEBUG - 1 change detected: {(<Change.modified: 2>, '/workspace/app/backend/logs/app_20260527_132536.log')}
2026-05-27 13:30:24,448 - watchfiles.main - DEBUG - 1 change detected: {(<Change.modified: 2>, '/workspace/app/backend/logs/app_20260527_132536.log')}
2026-05-27 13:30:24,799 - watchfiles.main - DEBUG - 1 change detected: {(<Change.modified: 2>, '/workspace/app/backend/logs/app_20260527_132536.log')}
2026-05-27 13:30:25,150 - watchfiles.main - DEBUG - 1 change detected: {(<Change.modified: 2>, '/workspace/app/backend/logs/app_20260527_132536.log')}
2026-05-27 13:30:25,501 - watchfiles.main - DEBUG - 1 change detected: {(<Change.modified: 2>, '/workspace/app/backend/logs/app_20260527_132536.log')}
2026-05-27 13:30:25,852 - watchfiles.main - DEBUG - 1 change detected: {(<Change.modified: 2>, '/workspace/app/backend/logs/app_20260527_132536.log')}
2026-05-27 13:30:26,203 - watchfiles.main - DEBUG - 1 change detected: {(<Change.modified: 2>, '/workspace/app/backend/logs/app_20260527_132536.log')}
2026-05-27 13:30:26,554 - watchfiles.main - DEBUG - 1 change detected: {(<Change.modified: 2>, '/workspace/app/backend/logs/app_20260527_132536.log')}
2026-05-27 13:30:26,905 - watchfiles.main - DEBUG - 1 change detected: {(<Change.modified: 2>, '/workspace/app/backend/logs/app_20260527_132536.log')}
2026-05-27 13:30:27,256 - watchfiles.main - DEBUG - 1 change detected: {(<Change.modified: 2>, '/workspace/app/backend/logs/app_20260527_132536.log')}
2026-05-27 13:30:27,607 - watchfiles.main - DEBUG - 1 change detected: {(<Change.modified: 2>, '/workspace/app/backend/logs/app_20260527_132536.log')}
2026-05-27 13:30:27,958 - watchfiles.main - DEBUG - 1 change detected: {(<Change.modified: 2>, '/workspace/app/backend/logs/app_20260527_132536.log')}
2026-05-27 13:30:28,309 - watchfiles.main - DEBUG - 1 change detected: {(<Change.modified: 2>, '/workspace/app/backend/logs/app_20260527_132536.log')}
2026-05-27 13:30:28,661 - watchfiles.main - DEBUG - 1 change detected: {(<Change.modified: 2>, '/workspace/app/backend/logs/app_20260527_132536.log')}
2026-05-27 13:30:29,012 - watchfiles.main - DEBUG - 1 change detected: {(<Change.modified: 2>, '/workspace/app/backend/logs/app_20260527_132536.log')}
2026-05-27 13:30:29,363 - watchfiles.main - DEBUG - 1 change detected: {(<Change.modified: 2>, '/workspace/app/backend/logs/app_20260527_132536.log')}
2026-05-27 13:30:29,714 - watchfiles.main - DEBUG - 1 change detected: {(<Change.modified: 2>, '/workspace/app/backend/logs/app_20260527_132536.log')}
2026-05-27 13:30:30,065 - watchfiles.main - DEBUG - 1 change detected: {(<Change.modified: 2>, '/workspace/app/backend/logs/app_20260527_132536.log')}
2026-05-27 13:30:30,416 - watchfiles.main - DEBUG - 1 change detected: {(<Change.modified: 2>, '/workspace/app/backend/logs/app_20260527_132536.log')}
2026-05-27 13:30:30,767 - watchfiles.main - DEBUG - 1 change detected: {(<Change.modified: 2>, '/workspace/app/backend/logs/app_20260527_132536.log')}
2026-05-27 13:30:31,118 - watchfiles.main - DEBUG - 1 change detected: {(<Change.modified: 2>, '/workspace/app/backend/logs/app_20260527_132536.log')}
2026-05-27 13:30:31,469 - watchfiles.main - DEBUG - 1 change detected: {(<Change.modified: 2>, '/workspace/app/backend/logs/app_20260527_132536.log')}
2026-05-27 13:30:31,820 - watchfiles.main - DEBUG - 1 change detected: {(<Change.modified: 2>, '/workspace/app/backend/logs/app_20260527_132536.log')}
2026-05-27 13:30:32,171 - watchfiles.main - DEBUG - 1 change detected: {(<Change.modified: 2>, '/workspace/app/backend/logs/app_20260527_132536.log')}
2026-05-27 13:30:32,522 - watchfiles.main - DEBUG - 1 change detected: {(<Change.modified: 2>, '/workspace/app/backend/logs/app_20260527_132536.log')}
2026-05-27 13:30:32,873 - watchfiles.main - DEBUG - 1 change detected: {(<Change.modified: 2>, '/workspace/app/backend/logs/app_20260527_132536.log')}
2026-05-27 13:30:33,224 - watchfiles.main - DEBUG - 1 change detected: {(<Change.modified: 2>, '/workspace/app/backend/logs/app_20260527_132536.log')}
2026-05-27 13:30:33,576 - watchfiles.main - DEBUG - 1 change detected: {(<Change.modified: 2>, '/workspace/app/backend/logs/app_20260527_132536.log')}
2026-05-27 13:30:33,929 - watchfiles.main - DEBUG - 1 change detected: {(<Change.modified: 2>, '/workspace/app/backend/logs/app_20260527_132536.log')}
2026-05-27 13:30:34,280 - watchfiles.main - DEBUG - 1 change detected: {(<Change.modified: 2>, '/workspace/app/backend/logs/app_20260527_132536.log')}
2026-05-27 13:30:34,631 - watchfiles.main - DEBUG - 1 change detected: {(<Change.modified: 2>, '/workspace/app/backend/logs/app_20260527_132536.log')}
2026-05-27 13:30:34,982 - watchfiles.main - DEBUG - 1 change detected: {(<Change.modified: 2>, '/workspace/app/backend/logs/app_20260527_132536.log')}
2026-05-27 13:30:35,333 - watchfiles.main - DEBUG - 1 change detected: {(<Change.modified: 2>, '/workspace/app/backend/logs/app_20260527_132536.log')}
2026-05-27 13:30:35,684 - watchfiles.main - DEBUG - 1 change detected: {(<Change.modified: 2>, '/workspace/app/backend/logs/app_20260527_132536.log')}
2026-05-27 13:30:36,035 - watchfiles.main - DEBUG - 1 change detected: {(<Change.modified: 2>, '/workspace/app/backend/logs/app_20260527_132536.log')}
2026-05-27 13:30:36,387 - watchfiles.main - DEBUG - 1 change detected: {(<Change.modified: 2>, '/workspace/app/backend/logs/app_20260527_132536.log')}
2026-05-27 13:30:36,738 - watchfiles.main - DEBUG - 1 change detected: {(<Change.modified: 2>, '/workspace/app/backend/logs/app_20260527_132536.log')}
2026-05-27 13:30:37,089 - watchfiles.main - DEBUG - 1 change detected: {(<Change.modified: 2>, '/workspace/app/backend/logs/app_20260527_132536.log')}
2026-05-27 13:30:37,440 - watchfiles.main - DEBUG - 1 change detected: {(<Change.modified: 2>, '/workspace/app/backend/logs/app_20260527_132536.log')}
2026-05-27 13:30:37,791 - watchfiles.main - DEBUG - 1 change detected: {(<Change.modified: 2>, '/workspace/app/backend/logs/app_20260527_132536.log')}
2026-05-27 13:30:38,142 - watchfiles.main - DEBUG - 1 change detected: {(<Change.modified: 2>, '/workspace/app/backend/logs/app_20260527_132536.log')}
2026-05-27 13:30:38,493 - watchfiles.main - DEBUG - 1 change detected: {(<Change.modified: 2>, '/workspace/app/backend/logs/app_20260527_132536.log')}
2026-05-27 13:30:38,844 - watchfiles.main - DEBUG - 1 change detected: {(<Change.modified: 2>, '/workspace/app/backend/logs/app_20260527_132536.log')}
2026-05-27 13:30:39,195 - watchfiles.main - DEBUG - 1 change detected: {(<Change.modified: 2>, '/workspace/app/backend/logs/app_20260527_132536.log')}
2026-05-27 13:30:39,547 - watchfiles.main - DEBUG - 1 change detected: {(<Change.modified: 2>, '/workspace/app/backend/logs/app_20260527_132536.log')}
2026-05-27 13:30:39,898 - watchfiles.main - DEBUG - 1 change detected: {(<Change.modified: 2>, '/workspace/app/backend/logs/app_20260527_132536.log')}
2026-05-27 13:30:40,249 - watchfiles.main - DEBUG - 1 change detected: {(<Change.modified: 2>, '/workspace/app/backend/logs/app_20260527_132536.log')}
2026-05-27 13:30:40,600 - watchfiles.main - DEBUG - 1 change detected: {(<Change.modified: 2>, '/workspace/app/backend/logs/app_20260527_132536.log')}
2026-05-27 13:30:40,951 - watchfiles.main - DEBUG - 1 change detected: {(<Change.modified: 2>, '/workspace/app/backend/logs/app_20260527_132536.log')}
2026-05-27 13:30:41,302 - watchfiles.main - DEBUG - 1 change detected: {(<Change.modified: 2>, '/workspace/app/backend/logs/app_20260527_132536.log')}
2026-05-27 13:30:41,653 - watchfiles.main - DEBUG - 1 change detected: {(<Change.modified: 2>, '/workspace/app/backend/logs/app_20260527_132536.log')}
2026-05-27 13:30:42,004 - watchfiles.main - DEBUG - 1 change detected: {(<Change.modified: 2>, '/workspace/app/backend/logs/app_20260527_132536.log')}
2026-05-27 13:30:42,356 - watchfiles.main - DEBUG - 1 change detected: {(<Change.modified: 2>, '/workspace/app/backend/logs/app_20260527_132536.log')}
2026-05-27 13:30:42,706 - watchfiles.main - DEBUG - 1 change detected: {(<Change.modified: 2>, '/workspace/app/backend/logs/app_20260527_132536.log')}
2026-05-27 13:30:43,057 - watchfiles.main - DEBUG - 1 change detected: {(<Change.modified: 2>, '/workspace/app/backend/logs/app_20260527_132536.log')}
2026-05-27 13:30:43,409 - watchfiles.main - DEBUG - 1 change detected: {(<Change.modified: 2>, '/workspace/app/backend/logs/app_20260527_132536.log')}
2026-05-27 13:30:43,760 - watchfiles.main - DEBUG - 1 change detected: {(<Change.modified: 2>, '/workspace/app/backend/logs/app_20260527_132536.log')}
2026-05-27 13:30:44,111 - watchfiles.main - DEBUG - 1 change detected: {(<Change.modified: 2>, '/workspace/app/backend/logs/app_20260527_132536.log')}
2026-05-27 13:30:44,462 - watchfiles.main - DEBUG - 1 change detected: {(<Change.modified: 2>, '/workspace/app/backend/logs/app_20260527_132536.log')}
2026-05-27 13:30:44,813 - watchfiles.main - DEBUG - 1 change detected: {(<Change.modified: 2>, '/workspace/app/backend/logs/app_20260527_132536.log')}
2026-05-27 13:30:45,164 - watchfiles.main - DEBUG - 1 change detected: {(<Change.modified: 2>, '/workspace/app/backend/logs/app_20260527_132536.log')}
2026-05-27 13:30:45,515 - watchfiles.main - DEBUG - 1 change detected: {(<Change.modified: 2>, '/workspace/app/backend/logs/app_20260527_132536.log')}
2026-05-27 13:30:45,866 - watchfiles.main - DEBUG - 1 change detected: {(<Change.modified: 2>, '/workspace/app/backend/logs/app_20260527_132536.log')}
2026-05-27 13:30:46,217 - watchfiles.main - DEBUG - 1 change detected: {(<Change.modified: 2>, '/workspace/app/backend/logs/app_20260527_132536.log')}
2026-05-27 13:30:46,568 - watchfiles.main - DEBUG - 1 change detected: {(<Change.modified: 2>, '/workspace/app/backend/logs/app_20260527_132536.log')}
2026-05-27 13:30:46,919 - watchfiles.main - DEBUG - 1 change detected: {(<Change.modified: 2>, '/workspace/app/backend/logs/app_20260527_132536.log')}
2026-05-27 13:30:47,274 - watchfiles.main - DEBUG - 1 change detected: {(<Change.modified: 2>, '/workspace/app/backend/logs/app_20260527_132536.log')}
2026-05-27 13:30:47,625 - watchfiles.main - DEBUG - 1 change detected: {(<Change.modified: 2>, '/workspace/app/backend/logs/app_20260527_132536.log')}
2026-05-27 13:30:47,976 - watchfiles.main - DEBUG - 1 change detected: {(<Change.modified: 2>, '/workspace/app/backend/logs/app_20260527_132536.log')}
2026-05-27 13:30:48,327 - watchfiles.main - DEBUG - 1 change detected: {(<Change.modified: 2>, '/workspace/app/backend/logs/app_20260527_132536.log')}
2026-05-27 13:30:48,678 - watchfiles.main - DEBUG - 1 change detected: {(<Change.modified: 2>, '/workspace/app/backend/logs/app_20260527_132536.log')}
2026-05-27 13:30:49,029 - watchfiles.main - DEBUG - 1 change detected: {(<Change.modified: 2>, '/workspace/app/backend/logs/app_20260527_132536.log')}
2026-05-27 13:30:49,380 - watchfiles.main - DEBUG - 1 change detected: {(<Change.modified: 2>, '/workspace/app/backend/logs/app_20260527_132536.log')}
2026-05-27 13:30:49,731 - watchfiles.main - DEBUG - 1 change detected: {(<Change.modified: 2>, '/workspace/app/backend/logs/app_20260527_132536.log')}
2026-05-27 13:30:50,082 - watchfiles.main - DEBUG - 1 change detected: {(<Change.modified: 2>, '/workspace/app/backend/logs/app_20260527_132536.log')}
2026-05-27 13:30:50,433 - watchfiles.main - DEBUG - 1 change detected: {(<Change.modified: 2>, '/workspace/app/backend/logs/app_20260527_132536.log')}
2026-05-27 13:30:50,784 - watchfiles.main - DEBUG - 2 changes detected: {(<Change.modified: 2>, '/workspace/app/backend/logs/app_20260527_132536.log'), (<Change.modified: 2>, '/workspace/app/backend/logs/app_20260527_132539.log')}
2026-05-27 13:30:51,135 - watchfiles.main - DEBUG - 2 changes detected: {(<Change.modified: 2>, '/workspace/app/backend/logs/app_20260527_132536.log'), (<Change.modified: 2>, '/workspace/app/backend/logs/app_20260527_132539.log')}
2026-05-27 13:30:51,486 - watchfiles.main - DEBUG - 1 change detected: {(<Change.modified: 2>, '/workspace/app/backend/logs/app_20260527_132536.log')}
2026-05-27 13:30:51,837 - watchfiles.main - DEBUG - 1 change detected: {(<Change.modified: 2>, '/workspace/app/backend/logs/app_20260527_132536.log')}
2026-05-27 13:30:52,188 - watchfiles.main - DEBUG - 1 change detected: {(<Change.modified: 2>, '/workspace/app/backend/logs/app_20260527_132536.log')}
2026-05-27 13:30:52,539 - watchfiles.main - DEBUG - 1 change detected: {(<Change.modified: 2>, '/workspace/app/backend/logs/app_20260527_132536.log')}
2026-05-27 13:30:52,890 - watchfiles.main - DEBUG - 1 change detected: {(<Change.modified: 2>, '/workspace/app/backend/logs/app_20260527_132536.log')}
2026-05-27 13:30:53,241 - watchfiles.main - DEBUG - 1 change detected: {(<Change.modified: 2>, '/workspace/app/backend/logs/app_20260527_132536.log')}
2026-05-27 13:30:53,592 - watchfiles.main - DEBUG - 1 change detected: {(<Change.modified: 2>, '/workspace/app/backend/logs/app_20260527_132536.log')}
2026-05-27 13:30:53,943 - watchfiles.main - DEBUG - 1 change detected: {(<Change.modified: 2>, '/workspace/app/backend/logs/app_20260527_132536.log')}
2026-05-27 13:30:54,294 - watchfiles.main - DEBUG - 1 change detected: {(<Change.modified: 2>, '/workspace/app/backend/logs/app_20260527_132536.log')}
2026-05-27 13:30:54,645 - watchfiles.main - DEBUG - 1 change detected: {(<Change.modified: 2>, '/workspace/app/backend/logs/app_20260527_132536.log')}
2026-05-27 13:30:54,996 - watchfiles.main - DEBUG - 1 change detected: {(<Change.modified: 2>, '/workspace/app/backend/logs/app_20260527_132536.log')}
2026-05-27 13:30:55,347 - watchfiles.main - DEBUG - 1 change detected: {(<Change.modified: 2>, '/workspace/app/backend/logs/app_20260527_132536.log')}
2026-05-27 13:30:55,698 - watchfiles.main - DEBUG - 1 change detected: {(<Change.modified: 2>, '/workspace/app/backend/logs/app_20260527_132536.log')}
2026-05-27 13:30:56,048 - watchfiles.main - DEBUG - 1 change detected: {(<Change.modified: 2>, '/workspace/app/backend/logs/app_20260527_132536.log')}
2026-05-27 13:30:56,399 - watchfiles.main - DEBUG - 1 change detected: {(<Change.modified: 2>, '/workspace/app/backend/logs/app_20260527_132536.log')}
2026-05-27 13:30:56,750 - watchfiles.main - DEBUG - 1 change detected: {(<Change.modified: 2>, '/workspace/app/backend/logs/app_20260527_132536.log')}
2026-05-27 13:30:57,101 - watchfiles.main - DEBUG - 1 change detected: {(<Change.modified: 2>, '/workspace/app/backend/logs/app_20260527_132536.log')}
2026-05-27 13:30:57,452 - watchfiles.main - DEBUG - 1 change detected: {(<Change.modified: 2>, '/workspace/app/backend/logs/app_20260527_132536.log')}
2026-05-27 13:30:57,803 - watchfiles.main - DEBUG - 1 change detected: {(<Change.modified: 2>, '/workspace/app/backend/logs/app_20260527_132536.log')}
2026-05-27 13:30:58,154 - watchfiles.main - DEBUG - 1 change detected: {(<Change.modified: 2>, '/workspace/app/backend/logs/app_20260527_132536.log')}
2026-05-27 13:30:58,505 - watchfiles.main - DEBUG - 1 change detected: {(<Change.modified: 2>, '/workspace/app/backend/logs/app_20260527_132536.log')}
2026-05-27 13:30:58,856 - watchfiles.main - DEBUG - 1 change detected: {(<Change.modified: 2>, '/workspace/app/backend/logs/app_20260527_132536.log')}
2026-05-27 13:30:59,207 - watchfiles.main - DEBUG - 1 change detected: {(<Change.modified: 2>, '/workspace/app/backend/logs/app_20260527_132536.log')}
2026-05-27 13:30:59,558 - watchfiles.main - DEBUG - 1 change detected: {(<Change.modified: 2>, '/workspace/app/backend/logs/app_20260527_132536.log')}
2026-05-27 13:30:59,909 - watchfiles.main - DEBUG - 1 change detected: {(<Change.modified: 2>, '/workspace/app/backend/logs/app_20260527_132536.log')}
2026-05-27 13:31:00,260 - watchfiles.main - DEBUG - 1 change detected: {(<Change.modified: 2>, '/workspace/app/backend/logs/app_20260527_132536.log')}
2026-05-27 13:31:00,611 - watchfiles.main - DEBUG - 1 change detected: {(<Change.modified: 2>, '/workspace/app/backend/logs/app_20260527_132536.log')}
2026-05-27 13:31:00,962 - watchfiles.main - DEBUG - 1 change detected: {(<Change.modified: 2>, '/workspace/app/backend/logs/app_20260527_132536.log')}
2026-05-27 13:31:01,313 - watchfiles.main - DEBUG - 1 change detected: {(<Change.modified: 2>, '/workspace/app/backend/logs/app_20260527_132536.log')}
2026-05-27 13:31:01,664 - watchfiles.main - DEBUG - 1 change detected: {(<Change.modified: 2>, '/workspace/app/backend/logs/app_20260527_132536.log')}
2026-05-27 13:31:02,015 - watchfiles.main - DEBUG - 1 change detected: {(<Change.modified: 2>, '/workspace/app/backend/logs/app_20260527_132536.log')}
2026-05-27 13:31:02,366 - watchfiles.main - DEBUG - 1 change detected: {(<Change.modified: 2>, '/workspace/app/backend/logs/app_20260527_132536.log')}
2026-05-27 13:31:02,717 - watchfiles.main - DEBUG - 1 change detected: {(<Change.modified: 2>, '/workspace/app/backend/logs/app_20260527_132536.log')}
2026-05-27 13:31:03,068 - watchfiles.main - DEBUG - 1 change detected: {(<Change.modified: 2>, '/workspace/app/backend/logs/app_20260527_132536.log')}
2026-05-27 13:31:03,419 - watchfiles.main - DEBUG - 1 change detected: {(<Change.modified: 2>, '/workspace/app/backend/logs/app_20260527_132536.log')}
2026-05-27 13:31:03,770 - watchfiles.main - DEBUG - 1 change detected: {(<Change.modified: 2>, '/workspace/app/backend/logs/app_20260527_132536.log')}
2026-05-27 13:31:04,121 - watchfiles.main - DEBUG - 1 change detected: {(<Change.modified: 2>, '/workspace/app/backend/logs/app_20260527_132536.log')}
2026-05-27 13:31:04,473 - watchfiles.main - DEBUG - 1 change detected: {(<Change.modified: 2>, '/workspace/app/backend/logs/app_20260527_132536.log')}
2026-05-27 13:31:04,824 - watchfiles.main - DEBUG - 1 change detected: {(<Change.modified: 2>, '/workspace/app/backend/logs/app_20260527_132536.log')}
2026-05-27 13:31:05,175 - watchfiles.main - DEBUG - 1 change detected: {(<Change.modified: 2>, '/workspace/app/backend/logs/app_20260527_132536.log')}
2026-05-27 13:31:05,526 - watchfiles.main - DEBUG - 1 change detected: {(<Change.modified: 2>, '/workspace/app/backend/logs/app_20260527_132536.log')}
2026-05-27 13:31:05,877 - watchfiles.main - DEBUG - 1 change detected: {(<Change.modified: 2>, '/workspace/app/backend/logs/app_20260527_132536.log')}
2026-05-27 13:31:06,228 - watchfiles.main - DEBUG - 1 change detected: {(<Change.modified: 2>, '/workspace/app/backend/logs/app_20260527_132536.log')}
2026-05-27 13:31:06,579 - watchfiles.main - DEBUG - 1 change detected: {(<Change.modified: 2>, '/workspace/app/backend/logs/app_20260527_132536.log')}
2026-05-27 13:31:06,930 - watchfiles.main - DEBUG - 1 change detected: {(<Change.modified: 2>, '/workspace/app/backend/logs/app_20260527_132536.log')}
2026-05-27 13:31:07,281 - watchfiles.main - DEBUG - 1 change detected: {(<Change.modified: 2>, '/workspace/app/backend/logs/app_20260527_132536.log')}
2026-05-27 13:31:07,632 - watchfiles.main - DEBUG - 1 change detected: {(<Change.modified: 2>, '/workspace/app/backend/logs/app_20260527_132536.log')}
2026-05-27 13:31:07,984 - watchfiles.main - DEBUG - 1 change detected: {(<Change.modified: 2>, '/workspace/app/backend/logs/app_20260527_132536.log')}
2026-05-27 13:31:08,335 - watchfiles.main - DEBUG - 1 change detected: {(<Change.modified: 2>, '/workspace/app/backend/logs/app_20260527_132536.log')}
2026-05-27 13:31:08,686 - watchfiles.main - DEBUG - 1 change detected: {(<Change.modified: 2>, '/workspace/app/backend/logs/app_20260527_132536.log')}
2026-05-27 13:31:09,037 - watchfiles.main - DEBUG - 1 change detected: {(<Change.modified: 2>, '/workspace/app/backend/logs/app_20260527_132536.log')}
2026-05-27 13:31:09,388 - watchfiles.main - DEBUG - 1 change detected: {(<Change.modified: 2>, '/workspace/app/backend/logs/app_20260527_132536.log')}
2026-05-27 13:31:09,738 - watchfiles.main - DEBUG - 1 change detected: {(<Change.modified: 2>, '/workspace/app/backend/logs/app_20260527_132536.log')}
2026-05-27 13:31:10,090 - watchfiles.main - DEBUG - 1 change detected: {(<Change.modified: 2>, '/workspace/app/backend/logs/app_20260527_132536.log')}
2026-05-27 13:31:10,441 - watchfiles.main - DEBUG - 1 change detected: {(<Change.modified: 2>, '/workspace/app/backend/logs/app_20260527_132536.log')}
2026-05-27 13:31:10,792 - watchfiles.main - DEBUG - 1 change detected: {(<Change.modified: 2>, '/workspace/app/backend/logs/app_20260527_132536.log')}
2026-05-27 13:31:11,143 - watchfiles.main - DEBUG - 1 change detected: {(<Change.modified: 2>, '/workspace/app/backend/logs/app_20260527_132536.log')}
2026-05-27 13:31:11,494 - watchfiles.main - DEBUG - 1 change detected: {(<Change.modified: 2>, '/workspace/app/backend/logs/app_20260527_132536.log')}
2026-05-27 13:31:11,845 - watchfiles.main - DEBUG - 1 change detected: {(<Change.modified: 2>, '/workspace/app/backend/logs/app_20260527_132536.log')}
2026-05-27 13:31:12,196 - watchfiles.main - DEBUG - 1 change detected: {(<Change.modified: 2>, '/workspace/app/backend/logs/app_20260527_132536.log')}
2026-05-27 13:31:12,547 - watchfiles.main - DEBUG - 1 change detected: {(<Change.modified: 2>, '/workspace/app/backend/logs/app_20260527_132536.log')}
2026-05-27 13:31:12,898 - watchfiles.main - DEBUG - 1 change detected: {(<Change.modified: 2>, '/workspace/app/backend/logs/app_20260527_132536.log')}
2026-05-27 13:31:13,249 - watchfiles.main - DEBUG - 1 change detected: {(<Change.modified: 2>, '/workspace/app/backend/logs/app_20260527_132536.log')}
2026-05-27 13:31:13,599 - watchfiles.main - DEBUG - 1 change detected: {(<Change.modified: 2>, '/workspace/app/backend/logs/app_20260527_132536.log')}
2026-05-27 13:31:13,950 - watchfiles.main - DEBUG - 1 change detected: {(<Change.modified: 2>, '/workspace/app/backend/logs/app_20260527_132536.log')}
2026-05-27 13:31:14,301 - watchfiles.main - DEBUG - 1 change detected: {(<Change.modified: 2>, '/workspace/app/backend/logs/app_20260527_132536.log')}
2026-05-27 13:31:14,652 - watchfiles.main - DEBUG - 1 change detected: {(<Change.modified: 2>, '/workspace/app/backend/logs/app_20260527_132536.log')}
2026-05-27 13:31:15,003 - watchfiles.main - DEBUG - 1 change detected: {(<Change.modified: 2>, '/workspace/app/backend/logs/app_20260527_132536.log')}
2026-05-27 13:31:15,354 - watchfiles.main - DEBUG - 1 change detected: {(<Change.modified: 2>, '/workspace/app/backend/logs/app_20260527_132536.log')}
2026-05-27 13:31:15,706 - watchfiles.main - DEBUG - 1 change detected: {(<Change.modified: 2>, '/workspace/app/backend/logs/app_20260527_132536.log')}
2026-05-27 13:31:16,057 - watchfiles.main - DEBUG - 1 change detected: {(<Change.modified: 2>, '/workspace/app/backend/logs/app_20260527_132536.log')}
2026-05-27 13:31:16,408 - watchfiles.main - DEBUG - 1 change detected: {(<Change.modified: 2>, '/workspace/app/backend/logs/app_20260527_132536.log')}
2026-05-27 13:31:16,759 - watchfiles.main - DEBUG - 1 change detected: {(<Change.modified: 2>, '/workspace/app/backend/logs/app_20260527_132536.log')}
2026-05-27 13:31:17,111 - watchfiles.main - DEBUG - 1 change detected: {(<Change.modified: 2>, '/workspace/app/backend/logs/app_20260527_132536.log')}
2026-05-27 13:31:17,461 - watchfiles.main - DEBUG - 1 change detected: {(<Change.modified: 2>, '/workspace/app/backend/logs/app_20260527_132536.log')}
2026-05-27 13:31:17,813 - watchfiles.main - DEBUG - 1 change detected: {(<Change.modified: 2>, '/workspace/app/backend/logs/app_20260527_132536.log')}
2026-05-27 13:31:18,164 - watchfiles.main - DEBUG - 1 change detected: {(<Change.modified: 2>, '/workspace/app/backend/logs/app_20260527_132536.log')}
2026-05-27 13:31:18,515 - watchfiles.main - DEBUG - 1 change detected: {(<Change.modified: 2>, '/workspace/app/backend/logs/app_20260527_132536.log')}
2026-05-27 13:31:18,866 - watchfiles.main - DEBUG - 1 change detected: {(<Change.modified: 2>, '/workspace/app/backend/logs/app_20260527_132536.log')}
2026-05-27 13:31:19,217 - watchfiles.main - DEBUG - 1 change detected: {(<Change.modified: 2>, '/workspace/app/backend/logs/app_20260527_132536.log')}
2026-05-27 13:31:19,568 - watchfiles.main - DEBUG - 1 change detected: {(<Change.modified: 2>, '/workspace/app/backend/logs/app_20260527_132536.log')}
2026-05-27 13:31:19,919 - watchfiles.main - DEBUG - 1 change detected: {(<Change.modified: 2>, '/workspace/app/backend/logs/app_20260527_132536.log')}
2026-05-27 13:31:20,270 - watchfiles.main - DEBUG - 1 change detected: {(<Change.modified: 2>, '/workspace/app/backend/logs/app_20260527_132536.log')}
2026-05-27 13:31:20,621 - watchfiles.main - DEBUG - 1 change detected: {(<Change.modified: 2>, '/workspace/app/backend/logs/app_20260527_132536.log')}
2026-05-27 13:31:20,972 - watchfiles.main - DEBUG - 2 changes detected: {(<Change.modified: 2>, '/workspace/app/backend/logs/app_20260527_132536.log'), (<Change.modified: 2>, '/workspace/app/backend/logs/app_20260527_132539.log')}
2026-05-27 13:31:21,323 - watchfiles.main - DEBUG - 2 changes detected: {(<Change.modified: 2>, '/workspace/app/backend/logs/app_20260527_132536.log'), (<Change.modified: 2>, '/workspace/app/backend/logs/app_20260527_132539.log')}
2026-05-27 13:31:21,674 - watchfiles.main - DEBUG - 1 change detected: {(<Change.modified: 2>, '/workspace/app/backend/logs/app_20260527_132536.log')}
2026-05-27 13:31:22,025 - watchfiles.main - DEBUG - 1 change detected: {(<Change.modified: 2>, '/workspace/app/backend/logs/app_20260527_132536.log')}
2026-05-27 13:31:22,376 - watchfiles.main - DEBUG - 1 change detected: {(<Change.modified: 2>, '/workspace/app/backend/logs/app_20260527_132536.log')}
2026-05-27 13:31:22,727 - watchfiles.main - DEBUG - 1 change detected: {(<Change.modified: 2>, '/workspace/app/backend/logs/app_20260527_132536.log')}
2026-05-27 13:31:23,078 - watchfiles.main - DEBUG - 1 change detected: {(<Change.modified: 2>, '/workspace/app/backend/logs/app_20260527_132536.log')}
2026-05-27 13:31:23,429 - watchfiles.main - DEBUG - 1 change detected: {(<Change.modified: 2>, '/workspace/app/backend/logs/app_20260527_132536.log')}
2026-05-27 13:31:23,780 - watchfiles.main - DEBUG - 1 change detected: {(<Change.modified: 2>, '/workspace/app/backend/logs/app_20260527_132536.log')}
2026-05-27 13:31:24,131 - watchfiles.main - DEBUG - 1 change detected: {(<Change.modified: 2>, '/workspace/app/backend/logs/app_20260527_132536.log')}
2026-05-27 13:31:24,482 - watchfiles.main - DEBUG - 1 change detected: {(<Change.modified: 2>, '/workspace/app/backend/logs/app_20260527_132536.log')}
2026-05-27 13:31:24,833 - watchfiles.main - DEBUG - 1 change detected: {(<Change.modified: 2>, '/workspace/app/backend/logs/app_20260527_132536.log')}
2026-05-27 13:31:25,184 - watchfiles.main - DEBUG - 1 change detected: {(<Change.modified: 2>, '/workspace/app/backend/logs/app_20260527_132536.log')}
2026-05-27 13:31:25,535 - watchfiles.main - DEBUG - 1 change detected: {(<Change.modified: 2>, '/workspace/app/backend/logs/app_20260527_132536.log')}
2026-05-27 13:31:25,886 - watchfiles.main - DEBUG - 1 change detected: {(<Change.modified: 2>, '/workspace/app/backend/logs/app_20260527_132536.log')}
2026-05-27 13:31:26,237 - watchfiles.main - DEBUG - 1 change detected: {(<Change.modified: 2>, '/workspace/app/backend/logs/app_20260527_132536.log')}
2026-05-27 13:31:26,588 - watchfiles.main - DEBUG - 1 change detected: {(<Change.modified: 2>, '/workspace/app/backend/logs/app_20260527_132536.log')}
2026-05-27 13:31:26,939 - watchfiles.main - DEBUG - 1 change detected: {(<Change.modified: 2>, '/workspace/app/backend/logs/app_20260527_132536.log')}
2026-05-27 13:31:27,290 - watchfiles.main - DEBUG - 1 change detected: {(<Change.modified: 2>, '/workspace/app/backend/logs/app_20260527_132536.log')}
2026-05-27 13:31:27,641 - watchfiles.main - DEBUG - 1 change detected: {(<Change.modified: 2>, '/workspace/app/backend/logs/app_20260527_132536.log')}
2026-05-27 13:31:27,992 - watchfiles.main - DEBUG - 1 change detected: {(<Change.modified: 2>, '/workspace/app/backend/logs/app_20260527_132536.log')}
2026-05-27 13:31:28,343 - watchfiles.main - DEBUG - 1 change detected: {(<Change.modified: 2>, '/workspace/app/backend/logs/app_20260527_132536.log')}
2026-05-27 13:31:28,694 - watchfiles.main - DEBUG - 1 change detected: {(<Change.modified: 2>, '/workspace/app/backend/logs/app_20260527_132536.log')}
2026-05-27 13:31:29,045 - watchfiles.main - DEBUG - 1 change detected: {(<Change.modified: 2>, '/workspace/app/backend/logs/app_20260527_132536.log')}
2026-05-27 13:31:29,396 - watchfiles.main - DEBUG - 1 change detected: {(<Change.modified: 2>, '/workspace/app/backend/logs/app_20260527_132536.log')}
2026-05-27 13:31:29,747 - watchfiles.main - DEBUG - 1 change detected: {(<Change.modified: 2>, '/workspace/app/backend/logs/app_20260527_132536.log')}
2026-05-27 13:31:30,098 - watchfiles.main - DEBUG - 1 change detected: {(<Change.modified: 2>, '/workspace/app/backend/logs/app_20260527_132536.log')}
2026-05-27 13:31:30,449 - watchfiles.main - DEBUG - 1 change detected: {(<Change.modified: 2>, '/workspace/app/backend/logs/app_20260527_132536.log')}
2026-05-27 13:31:30,800 - watchfiles.main - DEBUG - 1 change detected: {(<Change.modified: 2>, '/workspace/app/backend/logs/app_20260527_132536.log')}
2026-05-27 13:31:31,151 - watchfiles.main - DEBUG - 1 change detected: {(<Change.modified: 2>, '/workspace/app/backend/logs/app_20260527_132536.log')}
2026-05-27 13:31:31,502 - watchfiles.main - DEBUG - 1 change detected: {(<Change.modified: 2>, '/workspace/app/backend/logs/app_20260527_132536.log')}
2026-05-27 13:31:31,853 - watchfiles.main - DEBUG - 1 change detected: {(<Change.modified: 2>, '/workspace/app/backend/logs/app_20260527_132536.log')}
2026-05-27 13:31:32,204 - watchfiles.main - DEBUG - 1 change detected: {(<Change.modified: 2>, '/workspace/app/backend/logs/app_20260527_132536.log')}
2026-05-27 13:31:32,555 - watchfiles.main - DEBUG - 1 change detected: {(<Change.modified: 2>, '/workspace/app/backend/logs/app_20260527_132536.log')}
2026-05-27 13:31:32,906 - watchfiles.main - DEBUG - 1 change detected: {(<Change.modified: 2>, '/workspace/app/backend/logs/app_20260527_132536.log')}
2026-05-27 13:31:33,257 - watchfiles.main - DEBUG - 1 change detected: {(<Change.modified: 2>, '/workspace/app/backend/logs/app_20260527_132536.log')}
2026-05-27 13:31:33,608 - watchfiles.main - DEBUG - 1 change detected: {(<Change.modified: 2>, '/workspace/app/backend/logs/app_20260527_132536.log')}
2026-05-27 13:31:33,959 - watchfiles.main - DEBUG - 1 change detected: {(<Change.modified: 2>, '/workspace/app/backend/logs/app_20260527_132536.log')}
2026-05-27 13:31:34,310 - watchfiles.main - DEBUG - 1 change detected: {(<Change.modified: 2>, '/workspace/app/backend/logs/app_20260527_132536.log')}
2026-05-27 13:31:34,661 - watchfiles.main - DEBUG - 1 change detected: {(<Change.modified: 2>, '/workspace/app/backend/logs/app_20260527_132536.log')}
2026-05-27 13:31:35,012 - watchfiles.main - DEBUG - 1 change detected: {(<Change.modified: 2>, '/workspace/app/backend/logs/app_20260527_132536.log')}
2026-05-27 13:31:35,363 - watchfiles.main - DEBUG - 1 change detected: {(<Change.modified: 2>, '/workspace/app/backend/logs/app_20260527_132536.log')}
2026-05-27 13:31:35,713 - watchfiles.main - DEBUG - 1 change detected: {(<Change.modified: 2>, '/workspace/app/backend/logs/app_20260527_132536.log')}
2026-05-27 13:31:36,064 - watchfiles.main - DEBUG - 1 change detected: {(<Change.modified: 2>, '/workspace/app/backend/logs/app_20260527_132536.log')}
2026-05-27 13:31:36,415 - watchfiles.main - DEBUG - 1 change detected: {(<Change.modified: 2>, '/workspace/app/backend/logs/app_20260527_132536.log')}
2026-05-27 13:31:36,766 - watchfiles.main - DEBUG - 1 change detected: {(<Change.modified: 2>, '/workspace/app/backend/logs/app_20260527_132536.log')}
2026-05-27 13:31:37,117 - watchfiles.main - DEBUG - 1 change detected: {(<Change.modified: 2>, '/workspace/app/backend/logs/app_20260527_132536.log')}
2026-05-27 13:31:37,468 - watchfiles.main - DEBUG - 1 change detected: {(<Change.modified: 2>, '/workspace/app/backend/logs/app_20260527_132536.log')}
2026-05-27 13:31:37,820 - watchfiles.main - DEBUG - 1 change detected: {(<Change.modified: 2>, '/workspace/app/backend/logs/app_20260527_132536.log')}
2026-05-27 13:31:38,170 - watchfiles.main - DEBUG - 1 change detected: {(<Change.modified: 2>, '/workspace/app/backend/logs/app_20260527_132536.log')}
2026-05-27 13:31:38,521 - watchfiles.main - DEBUG - 1 change detected: {(<Change.modified: 2>, '/workspace/app/backend/logs/app_20260527_132536.log')}
2026-05-27 13:31:38,872 - watchfiles.main - DEBUG - 1 change detected: {(<Change.modified: 2>, '/workspace/app/backend/logs/app_20260527_132536.log')}
2026-05-27 13:31:39,223 - watchfiles.main - DEBUG - 1 change detected: {(<Change.modified: 2>, '/workspace/app/backend/logs/app_20260527_132536.log')}
2026-05-27 13:31:39,574 - watchfiles.main - DEBUG - 1 change detected: {(<Change.modified: 2>, '/workspace/app/backend/logs/app_20260527_132536.log')}
2026-05-27 13:31:39,925 - watchfiles.main - DEBUG - 1 change detected: {(<Change.modified: 2>, '/workspace/app/backend/logs/app_20260527_132536.log')}
2026-05-27 13:31:40,276 - watchfiles.main - DEBUG - 1 change detected: {(<Change.modified: 2>, '/workspace/app/backend/logs/app_20260527_132536.log')}
2026-05-27 13:31:40,627 - watchfiles.main - DEBUG - 1 change detected: {(<Change.modified: 2>, '/workspace/app/backend/logs/app_20260527_132536.log')}
2026-05-27 13:31:40,978 - watchfiles.main - DEBUG - 1 change detected: {(<Change.modified: 2>, '/workspace/app/backend/logs/app_20260527_132536.log')}
2026-05-27 13:31:41,329 - watchfiles.main - DEBUG - 1 change detected: {(<Change.modified: 2>, '/workspace/app/backend/logs/app_20260527_132536.log')}
2026-05-27 13:31:41,680 - watchfiles.main - DEBUG - 1 change detected: {(<Change.modified: 2>, '/workspace/app/backend/logs/app_20260527_132536.log')}
2026-05-27 13:31:42,031 - watchfiles.main - DEBUG - 1 change detected: {(<Change.modified: 2>, '/workspace/app/backend/logs/app_20260527_132536.log')}
2026-05-27 13:31:42,382 - watchfiles.main - DEBUG - 1 change detected: {(<Change.modified: 2>, '/workspace/app/backend/logs/app_20260527_132536.log')}
2026-05-27 13:31:42,732 - watchfiles.main - DEBUG - 1 change detected: {(<Change.modified: 2>, '/workspace/app/backend/logs/app_20260527_132536.log')}
2026-05-27 13:31:43,083 - watchfiles.main - DEBUG - 1 change detected: {(<Change.modified: 2>, '/workspace/app/backend/logs/app_20260527_132536.log')}
2026-05-27 13:31:43,435 - watchfiles.main - DEBUG - 1 change detected: {(<Change.modified: 2>, '/workspace/app/backend/logs/app_20260527_132536.log')}
2026-05-27 13:31:43,785 - watchfiles.main - DEBUG - 1 change detected: {(<Change.modified: 2>, '/workspace/app/backend/logs/app_20260527_132536.log')}
2026-05-27 13:31:44,136 - watchfiles.main - DEBUG - 1 change detected: {(<Change.modified: 2>, '/workspace/app/backend/logs/app_20260527_132536.log')}
2026-05-27 13:31:44,487 - watchfiles.main - DEBUG - 1 change detected: {(<Change.modified: 2>, '/workspace/app/backend/logs/app_20260527_132536.log')}
2026-05-27 13:31:44,838 - watchfiles.main - DEBUG - 1 change detected: {(<Change.modified: 2>, '/workspace/app/backend/logs/app_20260527_132536.log')}
2026-05-27 13:31:45,189 - watchfiles.main - DEBUG - 1 change detected: {(<Change.modified: 2>, '/workspace/app/backend/logs/app_20260527_132536.log')}
2026-05-27 13:31:45,540 - watchfiles.main - DEBUG - 1 change detected: {(<Change.modified: 2>, '/workspace/app/backend/logs/app_20260527_132536.log')}
2026-05-27 13:31:45,891 - watchfiles.main - DEBUG - 1 change detected: {(<Change.modified: 2>, '/workspace/app/backend/logs/app_20260527_132536.log')}
2026-05-27 13:31:46,242 - watchfiles.main - DEBUG - 1 change detected: {(<Change.modified: 2>, '/workspace/app/backend/logs/app_20260527_132536.log')}
2026-05-27 13:31:46,593 - watchfiles.main - DEBUG - 1 change detected: {(<Change.modified: 2>, '/workspace/app/backend/logs/app_20260527_132536.log')}
2026-05-27 13:31:46,944 - watchfiles.main - DEBUG - 1 change detected: {(<Change.modified: 2>, '/workspace/app/backend/logs/app_20260527_132536.log')}
2026-05-27 13:31:47,295 - watchfiles.main - DEBUG - 1 change detected: {(<Change.modified: 2>, '/workspace/app/backend/logs/app_20260527_132536.log')}
2026-05-27 13:31:47,646 - watchfiles.main - DEBUG - 1 change detected: {(<Change.modified: 2>, '/workspace/app/backend/logs/app_20260527_132536.log')}
2026-05-27 13:31:47,997 - watchfiles.main - DEBUG - 1 change detected: {(<Change.modified: 2>, '/workspace/app/backend/logs/app_20260527_132536.log')}
2026-05-27 13:31:48,348 - watchfiles.main - DEBUG - 1 change detected: {(<Change.modified: 2>, '/workspace/app/backend/logs/app_20260527_132536.log')}
2026-05-27 13:31:48,699 - watchfiles.main - DEBUG - 1 change detected: {(<Change.modified: 2>, '/workspace/app/backend/logs/app_20260527_132536.log')}
2026-05-27 13:31:49,050 - watchfiles.main - DEBUG - 1 change detected: {(<Change.modified: 2>, '/workspace/app/backend/logs/app_20260527_132536.log')}
2026-05-27 13:31:49,401 - watchfiles.main - DEBUG - 1 change detected: {(<Change.modified: 2>, '/workspace/app/backend/logs/app_20260527_132536.log')}
2026-05-27 13:31:49,752 - watchfiles.main - DEBUG - 1 change detected: {(<Change.modified: 2>, '/workspace/app/backend/logs/app_20260527_132536.log')}
2026-05-27 13:31:50,103 - watchfiles.main - DEBUG - 1 change detected: {(<Change.modified: 2>, '/workspace/app/backend/logs/app_20260527_132536.log')}
2026-05-27 13:31:50,454 - watchfiles.main - DEBUG - 1 change detected: {(<Change.modified: 2>, '/workspace/app/backend/logs/app_20260527_132536.log')}
2026-05-27 13:31:50,805 - watchfiles.main - DEBUG - 2 changes detected: {(<Change.modified: 2>, '/workspace/app/backend/logs/app_20260527_132536.log'), (<Change.modified: 2>, '/workspace/app/backend/logs/app_20260527_132539.log')}
2026-05-27 13:31:51,206 - watchfiles.main - DEBUG - 2 changes detected: {(<Change.modified: 2>, '/workspace/app/backend/logs/app_20260527_132536.log'), (<Change.modified: 2>, '/workspace/app/backend/logs/app_20260527_132539.log')}
2026-05-27 13:31:51,558 - watchfiles.main - DEBUG - 1 change detected: {(<Change.modified: 2>, '/workspace/app/backend/logs/app_20260527_132536.log')}
2026-05-27 13:31:51,909 - watchfiles.main - DEBUG - 1 change detected: {(<Change.modified: 2>, '/workspace/app/backend/logs/app_20260527_132536.log')}
2026-05-27 13:31:52,260 - watchfiles.main - DEBUG - 1 change detected: {(<Change.modified: 2>, '/workspace/app/backend/logs/app_20260527_132536.log')}
2026-05-27 13:31:52,611 - watchfiles.main - DEBUG - 1 change detected: {(<Change.modified: 2>, '/workspace/app/backend/logs/app_20260527_132536.log')}
2026-05-27 13:31:52,962 - watchfiles.main - DEBUG - 1 change detected: {(<Change.modified: 2>, '/workspace/app/backend/logs/app_20260527_132536.log')}
2026-05-27 13:31:53,313 - watchfiles.main - DEBUG - 1 change detected: {(<Change.modified: 2>, '/workspace/app/backend/logs/app_20260527_132536.log')}
2026-05-27 13:31:53,664 - watchfiles.main - DEBUG - 1 change detected: {(<Change.modified: 2>, '/workspace/app/backend/logs/app_20260527_132536.log')}
2026-05-27 13:31:54,015 - watchfiles.main - DEBUG - 1 change detected: {(<Change.modified: 2>, '/workspace/app/backend/logs/app_20260527_132536.log')}
2026-05-27 13:31:54,366 - watchfiles.main - DEBUG - 1 change detected: {(<Change.modified: 2>, '/workspace/app/backend/logs/app_20260527_132536.log')}
2026-05-27 13:31:54,717 - watchfiles.main - DEBUG - 1 change detected: {(<Change.modified: 2>, '/workspace/app/backend/logs/app_20260527_132536.log')}
2026-05-27 13:31:55,068 - watchfiles.main - DEBUG - 1 change detected: {(<Change.modified: 2>, '/workspace/app/backend/logs/app_20260527_132536.log')}
2026-05-27 13:31:55,419 - watchfiles.main - DEBUG - 1 change detected: {(<Change.modified: 2>, '/workspace/app/backend/logs/app_20260527_132536.log')}
2026-05-27 13:31:55,770 - watchfiles.main - DEBUG - 1 change detected: {(<Change.modified: 2>, '/workspace/app/backend/logs/app_20260527_132536.log')}
2026-05-27 13:31:56,120 - watchfiles.main - DEBUG - 1 change detected: {(<Change.modified: 2>, '/workspace/app/backend/logs/app_20260527_132536.log')}
2026-05-27 13:31:56,471 - watchfiles.main - DEBUG - 1 change detected: {(<Change.modified: 2>, '/workspace/app/backend/logs/app_20260527_132536.log')}
2026-05-27 13:31:56,822 - watchfiles.main - DEBUG - 1 change detected: {(<Change.modified: 2>, '/workspace/app/backend/logs/app_20260527_132536.log')}
2026-05-27 13:31:57,173 - watchfiles.main - DEBUG - 1 change detected: {(<Change.modified: 2>, '/workspace/app/backend/logs/app_20260527_132536.log')}
2026-05-27 13:31:57,524 - watchfiles.main - DEBUG - 1 change detected: {(<Change.modified: 2>, '/workspace/app/backend/logs/app_20260527_132536.log')}
2026-05-27 13:31:57,875 - watchfiles.main - DEBUG - 1 change detected: {(<Change.modified: 2>, '/workspace/app/backend/logs/app_20260527_132536.log')}
2026-05-27 13:31:58,226 - watchfiles.main - DEBUG - 1 change detected: {(<Change.modified: 2>, '/workspace/app/backend/logs/app_20260527_132536.log')}
2026-05-27 13:31:58,577 - watchfiles.main - DEBUG - 1 change detected: {(<Change.modified: 2>, '/workspace/app/backend/logs/app_20260527_132536.log')}
2026-05-27 13:31:58,928 - watchfiles.main - DEBUG - 1 change detected: {(<Change.modified: 2>, '/workspace/app/backend/logs/app_20260527_132536.log')}
2026-05-27 13:31:59,279 - watchfiles.main - DEBUG - 1 change detected: {(<Change.modified: 2>, '/workspace/app/backend/logs/app_20260527_132536.log')}
2026-05-27 13:31:59,630 - watchfiles.main - DEBUG - 1 change detected: {(<Change.modified: 2>, '/workspace/app/backend/logs/app_20260527_132536.log')}
2026-05-27 13:31:59,981 - watchfiles.main - DEBUG - 1 change detected: {(<Change.modified: 2>, '/workspace/app/backend/logs/app_20260527_132536.log')}
2026-05-27 13:32:00,332 - watchfiles.main - DEBUG - 1 change detected: {(<Change.modified: 2>, '/workspace/app/backend/logs/app_20260527_132536.log')}
2026-05-27 13:32:00,683 - watchfiles.main - DEBUG - 1 change detected: {(<Change.modified: 2>, '/workspace/app/backend/logs/app_20260527_132536.log')}
2026-05-27 13:32:01,034 - watchfiles.main - DEBUG - 1 change detected: {(<Change.modified: 2>, '/workspace/app/backend/logs/app_20260527_132536.log')}
2026-05-27 13:32:01,385 - watchfiles.main - DEBUG - 1 change detected: {(<Change.modified: 2>, '/workspace/app/backend/logs/app_20260527_132536.log')}
2026-05-27 13:32:01,736 - watchfiles.main - DEBUG - 1 change detected: {(<Change.modified: 2>, '/workspace/app/backend/logs/app_20260527_132536.log')}
2026-05-27 13:32:02,087 - watchfiles.main - DEBUG - 1 change detected: {(<Change.modified: 2>, '/workspace/app/backend/logs/app_20260527_132536.log')}
2026-05-27 13:32:02,438 - watchfiles.main - DEBUG - 1 change detected: {(<Change.modified: 2>, '/workspace/app/backend/logs/app_20260527_132536.log')}
2026-05-27 13:32:02,789 - watchfiles.main - DEBUG - 1 change detected: {(<Change.modified: 2>, '/workspace/app/backend/logs/app_20260527_132536.log')}
2026-05-27 13:32:03,140 - watchfiles.main - DEBUG - 1 change detected: {(<Change.modified: 2>, '/workspace/app/backend/logs/app_20260527_132536.log')}
2026-05-27 13:32:03,491 - watchfiles.main - DEBUG - 1 change detected: {(<Change.modified: 2>, '/workspace/app/backend/logs/app_20260527_132536.log')}
2026-05-27 13:32:03,842 - watchfiles.main - DEBUG - 1 change detected: {(<Change.modified: 2>, '/workspace/app/backend/logs/app_20260527_132536.log')}
2026-05-27 13:32:04,193 - watchfiles.main - DEBUG - 1 change detected: {(<Change.modified: 2>, '/workspace/app/backend/logs/app_20260527_132536.log')}
2026-05-27 13:32:04,544 - watchfiles.main - DEBUG - 1 change detected: {(<Change.modified: 2>, '/workspace/app/backend/logs/app_20260527_132536.log')}
2026-05-27 13:32:04,895 - watchfiles.main - DEBUG - 1 change detected: {(<Change.modified: 2>, '/workspace/app/backend/logs/app_20260527_132536.log')}
2026-05-27 13:32:05,246 - watchfiles.main - DEBUG - 1 change detected: {(<Change.modified: 2>, '/workspace/app/backend/logs/app_20260527_132536.log')}
2026-05-27 13:32:05,597 - watchfiles.main - DEBUG - 1 change detected: {(<Change.modified: 2>, '/workspace/app/backend/logs/app_20260527_132536.log')}
2026-05-27 13:32:05,948 - watchfiles.main - DEBUG - 1 change detected: {(<Change.modified: 2>, '/workspace/app/backend/logs/app_20260527_132536.log')}
2026-05-27 13:32:06,299 - watchfiles.main - DEBUG - 1 change detected: {(<Change.modified: 2>, '/workspace/app/backend/logs/app_20260527_132536.log')}
2026-05-27 13:32:06,650 - watchfiles.main - DEBUG - 1 change detected: {(<Change.modified: 2>, '/workspace/app/backend/logs/app_20260527_132536.log')}
2026-05-27 13:32:07,001 - watchfiles.main - DEBUG - 1 change detected: {(<Change.modified: 2>, '/workspace/app/backend/logs/app_20260527_132536.log')}
2026-05-27 13:32:07,351 - watchfiles.main - DEBUG - 1 change detected: {(<Change.modified: 2>, '/workspace/app/backend/logs/app_20260527_132536.log')}
2026-05-27 13:32:07,702 - watchfiles.main - DEBUG - 1 change detected: {(<Change.modified: 2>, '/workspace/app/backend/logs/app_20260527_132536.log')}
2026-05-27 13:32:08,053 - watchfiles.main - DEBUG - 1 change detected: {(<Change.modified: 2>, '/workspace/app/backend/logs/app_20260527_132536.log')}
2026-05-27 13:32:08,404 - watchfiles.main - DEBUG - 1 change detected: {(<Change.modified: 2>, '/workspace/app/backend/logs/app_20260527_132536.log')}
2026-05-27 13:32:08,755 - watchfiles.main - DEBUG - 1 change detected: {(<Change.modified: 2>, '/workspace/app/backend/logs/app_20260527_132536.log')}
2026-05-27 13:32:09,107 - watchfiles.main - DEBUG - 1 change detected: {(<Change.modified: 2>, '/workspace/app/backend/logs/app_20260527_132536.log')}
2026-05-27 13:32:09,457 - watchfiles.main - DEBUG - 1 change detected: {(<Change.modified: 2>, '/workspace/app/backend/logs/app_20260527_132536.log')}
2026-05-27 13:32:09,808 - watchfiles.main - DEBUG - 1 change detected: {(<Change.modified: 2>, '/workspace/app/backend/logs/app_20260527_132536.log')}
2026-05-27 13:32:10,159 - watchfiles.main - DEBUG - 1 change detected: {(<Change.modified: 2>, '/workspace/app/backend/logs/app_20260527_132536.log')}
2026-05-27 13:32:10,510 - watchfiles.main - DEBUG - 1 change detected: {(<Change.modified: 2>, '/workspace/app/backend/logs/app_20260527_132536.log')}
2026-05-27 13:32:10,861 - watchfiles.main - DEBUG - 1 change detected: {(<Change.modified: 2>, '/workspace/app/backend/logs/app_20260527_132536.log')}
2026-05-27 13:32:11,212 - watchfiles.main - DEBUG - 1 change detected: {(<Change.modified: 2>, '/workspace/app/backend/logs/app_20260527_132536.log')}
2026-05-27 13:32:11,563 - watchfiles.main - DEBUG - 1 change detected: {(<Change.modified: 2>, '/workspace/app/backend/logs/app_20260527_132536.log')}
2026-05-27 13:32:11,914 - watchfiles.main - DEBUG - 1 change detected: {(<Change.modified: 2>, '/workspace/app/backend/logs/app_20260527_132536.log')}
2026-05-27 13:32:12,265 - watchfiles.main - DEBUG - 1 change detected: {(<Change.modified: 2>, '/workspace/app/backend/logs/app_20260527_132536.log')}
2026-05-27 13:32:12,616 - watchfiles.main - DEBUG - 1 change detected: {(<Change.modified: 2>, '/workspace/app/backend/logs/app_20260527_132536.log')}
2026-05-27 13:32:12,967 - watchfiles.main - DEBUG - 1 change detected: {(<Change.modified: 2>, '/workspace/app/backend/logs/app_20260527_132536.log')}
2026-05-27 13:32:13,318 - watchfiles.main - DEBUG - 1 change detected: {(<Change.modified: 2>, '/workspace/app/backend/logs/app_20260527_132536.log')}
2026-05-27 13:32:13,669 - watchfiles.main - DEBUG - 1 change detected: {(<Change.modified: 2>, '/workspace/app/backend/logs/app_20260527_132536.log')}
2026-05-27 13:32:14,020 - watchfiles.main - DEBUG - 1 change detected: {(<Change.modified: 2>, '/workspace/app/backend/logs/app_20260527_132536.log')}
2026-05-27 13:32:14,372 - watchfiles.main - DEBUG - 1 change detected: {(<Change.modified: 2>, '/workspace/app/backend/logs/app_20260527_132536.log')}
2026-05-27 13:32:14,723 - watchfiles.main - DEBUG - 1 change detected: {(<Change.modified: 2>, '/workspace/app/backend/logs/app_20260527_132536.log')}
2026-05-27 13:32:15,074 - watchfiles.main - DEBUG - 1 change detected: {(<Change.modified: 2>, '/workspace/app/backend/logs/app_20260527_132536.log')}
2026-05-27 13:32:15,425 - watchfiles.main - DEBUG - 1 change detected: {(<Change.modified: 2>, '/workspace/app/backend/logs/app_20260527_132536.log')}
2026-05-27 13:32:15,776 - watchfiles.main - DEBUG - 1 change detected: {(<Change.modified: 2>, '/workspace/app/backend/logs/app_20260527_132536.log')}
2026-05-27 13:32:16,127 - watchfiles.main - DEBUG - 1 change detected: {(<Change.modified: 2>, '/workspace/app/backend/logs/app_20260527_132536.log')}
2026-05-27 13:32:16,478 - watchfiles.main - DEBUG - 1 change detected: {(<Change.modified: 2>, '/workspace/app/backend/logs/app_20260527_132536.log')}
2026-05-27 13:32:16,829 - watchfiles.main - DEBUG - 1 change detected: {(<Change.modified: 2>, '/workspace/app/backend/logs/app_20260527_132536.log')}
2026-05-27 13:32:17,180 - watchfiles.main - DEBUG - 1 change detected: {(<Change.modified: 2>, '/workspace/app/backend/logs/app_20260527_132536.log')}
2026-05-27 13:32:17,531 - watchfiles.main - DEBUG - 1 change detected: {(<Change.modified: 2>, '/workspace/app/backend/logs/app_20260527_132536.log')}
2026-05-27 13:32:17,881 - watchfiles.main - DEBUG - 1 change detected: {(<Change.modified: 2>, '/workspace/app/backend/logs/app_20260527_132536.log')}
2026-05-27 13:32:18,232 - watchfiles.main - DEBUG - 1 change detected: {(<Change.modified: 2>, '/workspace/app/backend/logs/app_20260527_132536.log')}
2026-05-27 13:32:18,583 - watchfiles.main - DEBUG - 1 change detected: {(<Change.modified: 2>, '/workspace/app/backend/logs/app_20260527_132536.log')}
2026-05-27 13:32:18,934 - watchfiles.main - DEBUG - 1 change detected: {(<Change.modified: 2>, '/workspace/app/backend/logs/app_20260527_132536.log')}
2026-05-27 13:32:19,285 - watchfiles.main - DEBUG - 1 change detected: {(<Change.modified: 2>, '/workspace/app/backend/logs/app_20260527_132536.log')}
2026-05-27 13:32:19,636 - watchfiles.main - DEBUG - 1 change detected: {(<Change.modified: 2>, '/workspace/app/backend/logs/app_20260527_132536.log')}
2026-05-27 13:32:19,987 - watchfiles.main - DEBUG - 1 change detected: {(<Change.modified: 2>, '/workspace/app/backend/logs/app_20260527_132536.log')}
2026-05-27 13:32:20,338 - watchfiles.main - DEBUG - 1 change detected: {(<Change.modified: 2>, '/workspace/app/backend/logs/app_20260527_132536.log')}
2026-05-27 13:32:20,740 - watchfiles.main - DEBUG - 2 changes detected: {(<Change.modified: 2>, '/workspace/app/backend/logs/app_20260527_132536.log'), (<Change.modified: 2>, '/workspace/app/backend/logs/app_20260527_132539.log')}
2026-05-27 13:32:21,091 - watchfiles.main - DEBUG - 1 change detected: {(<Change.modified: 2>, '/workspace/app/backend/logs/app_20260527_132536.log')}
2026-05-27 13:32:21,441 - watchfiles.main - DEBUG - 2 changes detected: {(<Change.modified: 2>, '/workspace/app/backend/logs/app_20260527_132536.log'), (<Change.modified: 2>, '/workspace/app/backend/logs/app_20260527_132539.log')}
2026-05-27 13:32:21,792 - watchfiles.main - DEBUG - 1 change detected: {(<Change.modified: 2>, '/workspace/app/backend/logs/app_20260527_132536.log')}
2026-05-27 13:32:22,144 - watchfiles.main - DEBUG - 1 change detected: {(<Change.modified: 2>, '/workspace/app/backend/logs/app_20260527_132536.log')}
2026-05-27 13:32:22,495 - watchfiles.main - DEBUG - 1 change detected: {(<Change.modified: 2>, '/workspace/app/backend/logs/app_20260527_132536.log')}
2026-05-27 13:32:22,846 - watchfiles.main - DEBUG - 1 change detected: {(<Change.modified: 2>, '/workspace/app/backend/logs/app_20260527_132536.log')}
2026-05-27 13:32:23,197 - watchfiles.main - DEBUG - 1 change detected: {(<Change.modified: 2>, '/workspace/app/backend/logs/app_20260527_132536.log')}
2026-05-27 13:32:23,548 - watchfiles.main - DEBUG - 1 change detected: {(<Change.modified: 2>, '/workspace/app/backend/logs/app_20260527_132536.log')}
2026-05-27 13:32:23,899 - watchfiles.main - DEBUG - 1 change detected: {(<Change.modified: 2>, '/workspace/app/backend/logs/app_20260527_132536.log')}
2026-05-27 13:32:24,250 - watchfiles.main - DEBUG - 1 change detected: {(<Change.modified: 2>, '/workspace/app/backend/logs/app_20260527_132536.log')}
2026-05-27 13:32:24,601 - watchfiles.main - DEBUG - 1 change detected: {(<Change.modified: 2>, '/workspace/app/backend/logs/app_20260527_132536.log')}
2026-05-27 13:32:24,952 - watchfiles.main - DEBUG - 1 change detected: {(<Change.modified: 2>, '/workspace/app/backend/logs/app_20260527_132536.log')}
2026-05-27 13:32:25,303 - watchfiles.main - DEBUG - 1 change detected: {(<Change.modified: 2>, '/workspace/app/backend/logs/app_20260527_132536.log')}
2026-05-27 13:32:25,654 - watchfiles.main - DEBUG - 1 change detected: {(<Change.modified: 2>, '/workspace/app/backend/logs/app_20260527_132536.log')}
2026-05-27 13:32:26,005 - watchfiles.main - DEBUG - 1 change detected: {(<Change.modified: 2>, '/workspace/app/backend/logs/app_20260527_132536.log')}
2026-05-27 13:32:26,356 - watchfiles.main - DEBUG - 1 change detected: {(<Change.modified: 2>, '/workspace/app/backend/logs/app_20260527_132536.log')}
2026-05-27 13:32:26,707 - watchfiles.main - DEBUG - 1 change detected: {(<Change.modified: 2>, '/workspace/app/backend/logs/app_20260527_132536.log')}
2026-05-27 13:32:27,058 - watchfiles.main - DEBUG - 1 change detected: {(<Change.modified: 2>, '/workspace/app/backend/logs/app_20260527_132536.log')}
2026-05-27 13:32:27,409 - watchfiles.main - DEBUG - 1 change detected: {(<Change.modified: 2>, '/workspace/app/backend/logs/app_20260527_132536.log')}
2026-05-27 13:32:27,760 - watchfiles.main - DEBUG - 1 change detected: {(<Change.modified: 2>, '/workspace/app/backend/logs/app_20260527_132536.log')}
2026-05-27 13:32:28,111 - watchfiles.main - DEBUG - 1 change detected: {(<Change.modified: 2>, '/workspace/app/backend/logs/app_20260527_132536.log')}
2026-05-27 13:32:28,462 - watchfiles.main - DEBUG - 1 change detected: {(<Change.modified: 2>, '/workspace/app/backend/logs/app_20260527_132536.log')}
2026-05-27 13:32:28,813 - watchfiles.main - DEBUG - 1 change detected: {(<Change.modified: 2>, '/workspace/app/backend/logs/app_20260527_132536.log')}
2026-05-27 13:32:29,164 - watchfiles.main - DEBUG - 1 change detected: {(<Change.modified: 2>, '/workspace/app/backend/logs/app_20260527_132536.log')}
2026-05-27 13:32:29,515 - watchfiles.main - DEBUG - 1 change detected: {(<Change.modified: 2>, '/workspace/app/backend/logs/app_20260527_132536.log')}
2026-05-27 13:32:29,866 - watchfiles.main - DEBUG - 1 change detected: {(<Change.modified: 2>, '/workspace/app/backend/logs/app_20260527_132536.log')}
2026-05-27 13:32:30,217 - watchfiles.main - DEBUG - 1 change detected: {(<Change.modified: 2>, '/workspace/app/backend/logs/app_20260527_132536.log')}
2026-05-27 13:32:30,568 - watchfiles.main - DEBUG - 1 change detected: {(<Change.modified: 2>, '/workspace/app/backend/logs/app_20260527_132536.log')}
2026-05-27 13:32:30,919 - watchfiles.main - DEBUG - 1 change detected: {(<Change.modified: 2>, '/workspace/app/backend/logs/app_20260527_132536.log')}
2026-05-27 13:32:31,270 - watchfiles.main - DEBUG - 1 change detected: {(<Change.modified: 2>, '/workspace/app/backend/logs/app_20260527_132536.log')}
2026-05-27 13:32:31,622 - watchfiles.main - DEBUG - 1 change detected: {(<Change.modified: 2>, '/workspace/app/backend/logs/app_20260527_132536.log')}
2026-05-27 13:32:31,972 - watchfiles.main - DEBUG - 1 change detected: {(<Change.modified: 2>, '/workspace/app/backend/logs/app_20260527_132536.log')}
2026-05-27 13:32:32,324 - watchfiles.main - DEBUG - 1 change detected: {(<Change.modified: 2>, '/workspace/app/backend/logs/app_20260527_132536.log')}
2026-05-27 13:32:32,674 - watchfiles.main - DEBUG - 1 change detected: {(<Change.modified: 2>, '/workspace/app/backend/logs/app_20260527_132536.log')}
2026-05-27 13:32:33,025 - watchfiles.main - DEBUG - 1 change detected: {(<Change.modified: 2>, '/workspace/app/backend/logs/app_20260527_132536.log')}
2026-05-27 13:32:33,376 - watchfiles.main - DEBUG - 1 change detected: {(<Change.modified: 2>, '/workspace/app/backend/logs/app_20260527_132536.log')}
2026-05-27 13:32:33,727 - watchfiles.main - DEBUG - 1 change detected: {(<Change.modified: 2>, '/workspace/app/backend/logs/app_20260527_132536.log')}
2026-05-27 13:32:34,078 - watchfiles.main - DEBUG - 1 change detected: {(<Change.modified: 2>, '/workspace/app/backend/logs/app_20260527_132536.log')}
2026-05-27 13:32:34,429 - watchfiles.main - DEBUG - 1 change detected: {(<Change.modified: 2>, '/workspace/app/backend/logs/app_20260527_132536.log')}
2026-05-27 13:32:34,781 - watchfiles.main - DEBUG - 1 change detected: {(<Change.modified: 2>, '/workspace/app/backend/logs/app_20260527_132536.log')}
2026-05-27 13:32:35,132 - watchfiles.main - DEBUG - 1 change detected: {(<Change.modified: 2>, '/workspace/app/backend/logs/app_20260527_132536.log')}
2026-05-27 13:32:35,482 - watchfiles.main - DEBUG - 1 change detected: {(<Change.modified: 2>, '/workspace/app/backend/logs/app_20260527_132536.log')}
2026-05-27 13:32:35,833 - watchfiles.main - DEBUG - 1 change detected: {(<Change.modified: 2>, '/workspace/app/backend/logs/app_20260527_132536.log')}
2026-05-27 13:32:36,184 - watchfiles.main - DEBUG - 1 change detected: {(<Change.modified: 2>, '/workspace/app/backend/logs/app_20260527_132536.log')}
2026-05-27 13:32:36,535 - watchfiles.main - DEBUG - 1 change detected: {(<Change.modified: 2>, '/workspace/app/backend/logs/app_20260527_132536.log')}
2026-05-27 13:32:36,886 - watchfiles.main - DEBUG - 1 change detected: {(<Change.modified: 2>, '/workspace/app/backend/logs/app_20260527_132536.log')}
2026-05-27 13:32:37,237 - watchfiles.main - DEBUG - 1 change detected: {(<Change.modified: 2>, '/workspace/app/backend/logs/app_20260527_132536.log')}
2026-05-27 13:32:37,588 - watchfiles.main - DEBUG - 1 change detected: {(<Change.modified: 2>, '/workspace/app/backend/logs/app_20260527_132536.log')}
2026-05-27 13:32:37,940 - watchfiles.main - DEBUG - 1 change detected: {(<Change.modified: 2>, '/workspace/app/backend/logs/app_20260527_132536.log')}
2026-05-27 13:32:38,291 - watchfiles.main - DEBUG - 1 change detected: {(<Change.modified: 2>, '/workspace/app/backend/logs/app_20260527_132536.log')}
2026-05-27 13:32:38,642 - watchfiles.main - DEBUG - 1 change detected: {(<Change.modified: 2>, '/workspace/app/backend/logs/app_20260527_132536.log')}
2026-05-27 13:32:38,993 - watchfiles.main - DEBUG - 1 change detected: {(<Change.modified: 2>, '/workspace/app/backend/logs/app_20260527_132536.log')}
2026-05-27 13:32:39,343 - watchfiles.main - DEBUG - 1 change detected: {(<Change.modified: 2>, '/workspace/app/backend/logs/app_20260527_132536.log')}
2026-05-27 13:32:39,694 - watchfiles.main - DEBUG - 1 change detected: {(<Change.modified: 2>, '/workspace/app/backend/logs/app_20260527_132536.log')}
2026-05-27 13:32:40,045 - watchfiles.main - DEBUG - 1 change detected: {(<Change.modified: 2>, '/workspace/app/backend/logs/app_20260527_132536.log')}
2026-05-27 13:32:40,396 - watchfiles.main - DEBUG - 1 change detected: {(<Change.modified: 2>, '/workspace/app/backend/logs/app_20260527_132536.log')}
2026-05-27 13:32:40,747 - watchfiles.main - DEBUG - 1 change detected: {(<Change.modified: 2>, '/workspace/app/backend/logs/app_20260527_132536.log')}
2026-05-27 13:32:41,098 - watchfiles.main - DEBUG - 1 change detected: {(<Change.modified: 2>, '/workspace/app/backend/logs/app_20260527_132536.log')}
2026-05-27 13:32:41,449 - watchfiles.main - DEBUG - 1 change detected: {(<Change.modified: 2>, '/workspace/app/backend/logs/app_20260527_132536.log')}
2026-05-27 13:32:41,800 - watchfiles.main - DEBUG - 1 change detected: {(<Change.modified: 2>, '/workspace/app/backend/logs/app_20260527_132536.log')}
2026-05-27 13:32:42,151 - watchfiles.main - DEBUG - 1 change detected: {(<Change.modified: 2>, '/workspace/app/backend/logs/app_20260527_132536.log')}
2026-05-27 13:32:42,502 - watchfiles.main - DEBUG - 1 change detected: {(<Change.modified: 2>, '/workspace/app/backend/logs/app_20260527_132536.log')}
2026-05-27 13:32:42,853 - watchfiles.main - DEBUG - 1 change detected: {(<Change.modified: 2>, '/workspace/app/backend/logs/app_20260527_132536.log')}
2026-05-27 13:32:43,204 - watchfiles.main - DEBUG - 1 change detected: {(<Change.modified: 2>, '/workspace/app/backend/logs/app_20260527_132536.log')}
2026-05-27 13:32:43,556 - watchfiles.main - DEBUG - 1 change detected: {(<Change.modified: 2>, '/workspace/app/backend/logs/app_20260527_132536.log')}
2026-05-27 13:32:43,907 - watchfiles.main - DEBUG - 1 change detected: {(<Change.modified: 2>, '/workspace/app/backend/logs/app_20260527_132536.log')}
2026-05-27 13:32:44,258 - watchfiles.main - DEBUG - 1 change detected: {(<Change.modified: 2>, '/workspace/app/backend/logs/app_20260527_132536.log')}
2026-05-27 13:32:44,608 - watchfiles.main - DEBUG - 1 change detected: {(<Change.modified: 2>, '/workspace/app/backend/logs/app_20260527_132536.log')}
2026-05-27 13:32:44,960 - watchfiles.main - DEBUG - 1 change detected: {(<Change.modified: 2>, '/workspace/app/backend/logs/app_20260527_132536.log')}
2026-05-27 13:32:45,311 - watchfiles.main - DEBUG - 1 change detected: {(<Change.modified: 2>, '/workspace/app/backend/logs/app_20260527_132536.log')}
2026-05-27 13:32:45,662 - watchfiles.main - DEBUG - 1 change detected: {(<Change.modified: 2>, '/workspace/app/backend/logs/app_20260527_132536.log')}
2026-05-27 13:32:46,013 - watchfiles.main - DEBUG - 1 change detected: {(<Change.modified: 2>, '/workspace/app/backend/logs/app_20260527_132536.log')}
2026-05-27 13:32:46,364 - watchfiles.main - DEBUG - 1 change detected: {(<Change.modified: 2>, '/workspace/app/backend/logs/app_20260527_132536.log')}
2026-05-27 13:32:46,715 - watchfiles.main - DEBUG - 1 change detected: {(<Change.modified: 2>, '/workspace/app/backend/logs/app_20260527_132536.log')}
2026-05-27 13:32:47,066 - watchfiles.main - DEBUG - 1 change detected: {(<Change.modified: 2>, '/workspace/app/backend/logs/app_20260527_132536.log')}
2026-05-27 13:32:47,417 - watchfiles.main - DEBUG - 1 change detected: {(<Change.modified: 2>, '/workspace/app/backend/logs/app_20260527_132536.log')}
2026-05-27 13:32:47,768 - watchfiles.main - DEBUG - 1 change detected: {(<Change.modified: 2>, '/workspace/app/backend/logs/app_20260527_132536.log')}
2026-05-27 13:32:48,119 - watchfiles.main - DEBUG - 1 change detected: {(<Change.modified: 2>, '/workspace/app/backend/logs/app_20260527_132536.log')}
2026-05-27 13:32:48,470 - watchfiles.main - DEBUG - 1 change detected: {(<Change.modified: 2>, '/workspace/app/backend/logs/app_20260527_132536.log')}
2026-05-27 13:32:48,821 - watchfiles.main - DEBUG - 1 change detected: {(<Change.modified: 2>, '/workspace/app/backend/logs/app_20260527_132536.log')}
2026-05-27 13:32:49,172 - watchfiles.main - DEBUG - 1 change detected: {(<Change.modified: 2>, '/workspace/app/backend/logs/app_20260527_132536.log')}
2026-05-27 13:32:49,524 - watchfiles.main - DEBUG - 1 change detected: {(<Change.modified: 2>, '/workspace/app/backend/logs/app_20260527_132536.log')}
2026-05-27 13:32:49,875 - watchfiles.main - DEBUG - 1 change detected: {(<Change.modified: 2>, '/workspace/app/backend/logs/app_20260527_132536.log')}
2026-05-27 13:32:50,226 - watchfiles.main - DEBUG - 1 change detected: {(<Change.modified: 2>, '/workspace/app/backend/logs/app_20260527_132536.log')}
2026-05-27 13:32:50,577 - watchfiles.main - DEBUG - 1 change detected: {(<Change.modified: 2>, '/workspace/app/backend/logs/app_20260527_132536.log')}
2026-05-27 13:32:50,928 - watchfiles.main - DEBUG - 2 changes detected: {(<Change.modified: 2>, '/workspace/app/backend/logs/app_20260527_132536.log'), (<Change.modified: 2>, '/workspace/app/backend/logs/app_20260527_132539.log')}
2026-05-27 13:32:51,279 - watchfiles.main - DEBUG - 2 changes detected: {(<Change.modified: 2>, '/workspace/app/backend/logs/app_20260527_132536.log'), (<Change.modified: 2>, '/workspace/app/backend/logs/app_20260527_132539.log')}
2026-05-27 13:32:51,630 - watchfiles.main - DEBUG - 1 change detected: {(<Change.modified: 2>, '/workspace/app/backend/logs/app_20260527_132536.log')}
2026-05-27 13:32:51,981 - watchfiles.main - DEBUG - 1 change detected: {(<Change.modified: 2>, '/workspace/app/backend/logs/app_20260527_132536.log')}
2026-05-27 13:32:52,332 - watchfiles.main - DEBUG - 1 change detected: {(<Change.modified: 2>, '/workspace/app/backend/logs/app_20260527_132536.log')}
2026-05-27 13:32:52,683 - watchfiles.main - DEBUG - 1 change detected: {(<Change.modified: 2>, '/workspace/app/backend/logs/app_20260527_132536.log')}
2026-05-27 13:32:53,034 - watchfiles.main - DEBUG - 1 change detected: {(<Change.modified: 2>, '/workspace/app/backend/logs/app_20260527_132536.log')}
2026-05-27 13:32:53,386 - watchfiles.main - DEBUG - 1 change detected: {(<Change.modified: 2>, '/workspace/app/backend/logs/app_20260527_132536.log')}
2026-05-27 13:32:53,737 - watchfiles.main - DEBUG - 1 change detected: {(<Change.modified: 2>, '/workspace/app/backend/logs/app_20260527_132536.log')}
2026-05-27 13:32:54,088 - watchfiles.main - DEBUG - 1 change detected: {(<Change.modified: 2>, '/workspace/app/backend/logs/app_20260527_132536.log')}
2026-05-27 13:32:54,438 - watchfiles.main - DEBUG - 1 change detected: {(<Change.modified: 2>, '/workspace/app/backend/logs/app_20260527_132536.log')}
2026-05-27 13:32:54,789 - watchfiles.main - DEBUG - 1 change detected: {(<Change.modified: 2>, '/workspace/app/backend/logs/app_20260527_132536.log')}
2026-05-27 13:32:55,140 - watchfiles.main - DEBUG - 1 change detected: {(<Change.modified: 2>, '/workspace/app/backend/logs/app_20260527_132536.log')}
2026-05-27 13:32:55,491 - watchfiles.main - DEBUG - 1 change detected: {(<Change.modified: 2>, '/workspace/app/backend/logs/app_20260527_132536.log')}
2026-05-27 13:32:55,842 - watchfiles.main - DEBUG - 1 change detected: {(<Change.modified: 2>, '/workspace/app/backend/logs/app_20260527_132536.log')}
2026-05-27 13:32:56,193 - watchfiles.main - DEBUG - 1 change detected: {(<Change.modified: 2>, '/workspace/app/backend/logs/app_20260527_132536.log')}
2026-05-27 13:32:56,545 - watchfiles.main - DEBUG - 1 change detected: {(<Change.modified: 2>, '/workspace/app/backend/logs/app_20260527_132536.log')}
2026-05-27 13:32:56,896 - watchfiles.main - DEBUG - 1 change detected: {(<Change.modified: 2>, '/workspace/app/backend/logs/app_20260527_132536.log')}
2026-05-27 13:32:57,246 - watchfiles.main - DEBUG - 1 change detected: {(<Change.modified: 2>, '/workspace/app/backend/logs/app_20260527_132536.log')}
2026-05-27 13:32:57,597 - watchfiles.main - DEBUG - 1 change detected: {(<Change.modified: 2>, '/workspace/app/backend/logs/app_20260527_132536.log')}
2026-05-27 13:32:57,948 - watchfiles.main - DEBUG - 1 change detected: {(<Change.modified: 2>, '/workspace/app/backend/logs/app_20260527_132536.log')}
2026-05-27 13:32:58,299 - watchfiles.main - DEBUG - 1 change detected: {(<Change.modified: 2>, '/workspace/app/backend/logs/app_20260527_132536.log')}
2026-05-27 13:32:58,650 - watchfiles.main - DEBUG - 1 change detected: {(<Change.modified: 2>, '/workspace/app/backend/logs/app_20260527_132536.log')}
2026-05-27 13:32:59,001 - watchfiles.main - DEBUG - 1 change detected: {(<Change.modified: 2>, '/workspace/app/backend/logs/app_20260527_132536.log')}
2026-05-27 13:32:59,352 - watchfiles.main - DEBUG - 1 change detected: {(<Change.modified: 2>, '/workspace/app/backend/logs/app_20260527_132536.log')}
2026-05-27 13:32:59,703 - watchfiles.main - DEBUG - 1 change detected: {(<Change.modified: 2>, '/workspace/app/backend/logs/app_20260527_132536.log')}
2026-05-27 13:33:00,054 - watchfiles.main - DEBUG - 1 change detected: {(<Change.modified: 2>, '/workspace/app/backend/logs/app_20260527_132536.log')}
2026-05-27 13:33:00,405 - watchfiles.main - DEBUG - 1 change detected: {(<Change.modified: 2>, '/workspace/app/backend/logs/app_20260527_132536.log')}
2026-05-27 13:33:00,756 - watchfiles.main - DEBUG - 1 change detected: {(<Change.modified: 2>, '/workspace/app/backend/logs/app_20260527_132536.log')}
2026-05-27 13:33:01,107 - watchfiles.main - DEBUG - 1 change detected: {(<Change.modified: 2>, '/workspace/app/backend/logs/app_20260527_132536.log')}
2026-05-27 13:33:01,458 - watchfiles.main - DEBUG - 1 change detected: {(<Change.modified: 2>, '/workspace/app/backend/logs/app_20260527_132536.log')}
2026-05-27 13:33:01,809 - watchfiles.main - DEBUG - 1 change detected: {(<Change.modified: 2>, '/workspace/app/backend/logs/app_20260527_132536.log')}
2026-05-27 13:33:02,160 - watchfiles.main - DEBUG - 1 change detected: {(<Change.modified: 2>, '/workspace/app/backend/logs/app_20260527_132536.log')}
2026-05-27 13:33:02,511 - watchfiles.main - DEBUG - 1 change detected: {(<Change.modified: 2>, '/workspace/app/backend/logs/app_20260527_132536.log')}
2026-05-27 13:33:02,862 - watchfiles.main - DEBUG - 1 change detected: {(<Change.modified: 2>, '/workspace/app/backend/logs/app_20260527_132536.log')}
2026-05-27 13:33:03,213 - watchfiles.main - DEBUG - 1 change detected: {(<Change.modified: 2>, '/workspace/app/backend/logs/app_20260527_132536.log')}
2026-05-27 13:33:03,564 - watchfiles.main - DEBUG - 1 change detected: {(<Change.modified: 2>, '/workspace/app/backend/logs/app_20260527_132536.log')}
2026-05-27 13:33:03,915 - watchfiles.main - DEBUG - 1 change detected: {(<Change.modified: 2>, '/workspace/app/backend/logs/app_20260527_132536.log')}
2026-05-27 13:33:04,266 - watchfiles.main - DEBUG - 1 change detected: {(<Change.modified: 2>, '/workspace/app/backend/logs/app_20260527_132536.log')}
2026-05-27 13:33:04,617 - watchfiles.main - DEBUG - 1 change detected: {(<Change.modified: 2>, '/workspace/app/backend/logs/app_20260527_132536.log')}
2026-05-27 13:33:04,967 - watchfiles.main - DEBUG - 1 change detected: {(<Change.modified: 2>, '/workspace/app/backend/logs/app_20260527_132536.log')}
2026-05-27 13:33:05,318 - watchfiles.main - DEBUG - 1 change detected: {(<Change.modified: 2>, '/workspace/app/backend/logs/app_20260527_132536.log')}
2026-05-27 13:33:05,669 - watchfiles.main - DEBUG - 1 change detected: {(<Change.modified: 2>, '/workspace/app/backend/logs/app_20260527_132536.log')}
2026-05-27 13:33:06,021 - watchfiles.main - DEBUG - 1 change detected: {(<Change.modified: 2>, '/workspace/app/backend/logs/app_20260527_132536.log')}
2026-05-27 13:33:06,372 - watchfiles.main - DEBUG - 1 change detected: {(<Change.modified: 2>, '/workspace/app/backend/logs/app_20260527_132536.log')}
2026-05-27 13:33:06,723 - watchfiles.main - DEBUG - 1 change detected: {(<Change.modified: 2>, '/workspace/app/backend/logs/app_20260527_132536.log')}
2026-05-27 13:33:07,074 - watchfiles.main - DEBUG - 1 change detected: {(<Change.modified: 2>, '/workspace/app/backend/logs/app_20260527_132536.log')}
2026-05-27 13:33:07,425 - watchfiles.main - DEBUG - 1 change detected: {(<Change.modified: 2>, '/workspace/app/backend/logs/app_20260527_132536.log')}
2026-05-27 13:33:07,776 - watchfiles.main - DEBUG - 1 change detected: {(<Change.modified: 2>, '/workspace/app/backend/logs/app_20260527_132536.log')}
2026-05-27 13:33:08,127 - watchfiles.main - DEBUG - 1 change detected: {(<Change.modified: 2>, '/workspace/app/backend/logs/app_20260527_132536.log')}
2026-05-27 13:33:08,478 - watchfiles.main - DEBUG - 1 change detected: {(<Change.modified: 2>, '/workspace/app/backend/logs/app_20260527_132536.log')}
2026-05-27 13:33:08,829 - watchfiles.main - DEBUG - 1 change detected: {(<Change.modified: 2>, '/workspace/app/backend/logs/app_20260527_132536.log')}
2026-05-27 13:33:09,180 - watchfiles.main - DEBUG - 1 change detected: {(<Change.modified: 2>, '/workspace/app/backend/logs/app_20260527_132536.log')}
2026-05-27 13:33:09,531 - watchfiles.main - DEBUG - 1 change detected: {(<Change.modified: 2>, '/workspace/app/backend/logs/app_20260527_132536.log')}
2026-05-27 13:33:09,882 - watchfiles.main - DEBUG - 1 change detected: {(<Change.modified: 2>, '/workspace/app/backend/logs/app_20260527_132536.log')}
2026-05-27 13:33:10,233 - watchfiles.main - DEBUG - 1 change detected: {(<Change.modified: 2>, '/workspace/app/backend/logs/app_20260527_132536.log')}
2026-05-27 13:33:10,584 - watchfiles.main - DEBUG - 1 change detected: {(<Change.modified: 2>, '/workspace/app/backend/logs/app_20260527_132536.log')}
2026-05-27 13:33:10,935 - watchfiles.main - DEBUG - 1 change detected: {(<Change.modified: 2>, '/workspace/app/backend/logs/app_20260527_132536.log')}
2026-05-27 13:33:11,287 - watchfiles.main - DEBUG - 1 change detected: {(<Change.modified: 2>, '/workspace/app/backend/logs/app_20260527_132536.log')}
2026-05-27 13:33:11,638 - watchfiles.main - DEBUG - 1 change detected: {(<Change.modified: 2>, '/workspace/app/backend/logs/app_20260527_132536.log')}
