2026-05-27 16:19:40,209 - main - INFO - === Logging system initialized ===
2026-05-27 16:19:40,210 - main - INFO - Log file: logs/app_20260527_161940.log
2026-05-27 16:19:40,210 - main - INFO - Log level: INFO
2026-05-27 16:19:40,210 - main - INFO - Timestamp: 20260527_161940
2026-05-27 16:19:41,204 - main - INFO - Included router: routers.aihub.router
2026-05-27 16:19:41,226 - main - INFO - Included router: routers.auth.router
2026-05-27 16:19:41,283 - main - INFO - Included router: routers.clients.router
2026-05-27 16:19:41,300 - main - INFO - Included router: routers.google_calendar.router
2026-05-27 16:19:41,303 - main - INFO - Included router: routers.health.router
2026-05-27 16:19:41,358 - main - INFO - Included router: routers.printer_settings.router
2026-05-27 16:19:41,420 - main - INFO - Included router: routers.reservations.router
2026-05-27 16:19:41,467 - main - INFO - Included router: routers.salons.router
2026-05-27 16:19:41,501 - main - INFO - Included router: routers.settings.router
2026-05-27 16:19:41,558 - main - INFO - Included router: routers.storage.router
2026-05-27 16:19:41,571 - main - INFO - Included router: routers.user.router
2026-05-27 16:19:43,041 - watchfiles.main - DEBUG - 1 change detected: {(<Change.added: 1>, '/workspace/app/backend/logs/app_20260527_161942.log')}
2026-05-27 16:19:43,392 - watchfiles.main - DEBUG - 1 change detected: {(<Change.modified: 2>, '/workspace/app/backend/logs/app_20260527_161940.log')}
2026-05-27 16:19:43,743 - watchfiles.main - DEBUG - 1 change detected: {(<Change.modified: 2>, '/workspace/app/backend/logs/app_20260527_161940.log')}
2026-05-27 16:19:44,094 - watchfiles.main - DEBUG - 2 changes detected: {(<Change.modified: 2>, '/workspace/app/backend/logs/app_20260527_161942.log'), (<Change.modified: 2>, '/workspace/app/backend/logs/app_20260527_161940.log')}
2026-05-27 16:19:44,445 - watchfiles.main - DEBUG - 2 changes detected: {(<Change.modified: 2>, '/workspace/app/backend/logs/app_20260527_161942.log'), (<Change.modified: 2>, '/workspace/app/backend/logs/app_20260527_161940.log')}
2026-05-27 16:19:44,796 - watchfiles.main - DEBUG - 1 change detected: {(<Change.modified: 2>, '/workspace/app/backend/logs/app_20260527_161940.log')}
2026-05-27 16:19:45,147 - watchfiles.main - DEBUG - 1 change detected: {(<Change.modified: 2>, '/workspace/app/backend/logs/app_20260527_161940.log')}
2026-05-27 16:19:45,498 - watchfiles.main - DEBUG - 1 change detected: {(<Change.modified: 2>, '/workspace/app/backend/logs/app_20260527_161940.log')}
2026-05-27 16:19:45,849 - watchfiles.main - DEBUG - 1 change detected: {(<Change.modified: 2>, '/workspace/app/backend/logs/app_20260527_161940.log')}
2026-05-27 16:19:46,200 - watchfiles.main - DEBUG - 1 change detected: {(<Change.modified: 2>, '/workspace/app/backend/logs/app_20260527_161940.log')}
2026-05-27 16:19:46,551 - watchfiles.main - DEBUG - 1 change detected: {(<Change.modified: 2>, '/workspace/app/backend/logs/app_20260527_161940.log')}
2026-05-27 16:19:46,902 - watchfiles.main - DEBUG - 1 change detected: {(<Change.modified: 2>, '/workspace/app/backend/logs/app_20260527_161940.log')}
2026-05-27 16:19:47,253 - watchfiles.main - DEBUG - 1 change detected: {(<Change.modified: 2>, '/workspace/app/backend/logs/app_20260527_161940.log')}
2026-05-27 16:19:47,604 - watchfiles.main - DEBUG - 1 change detected: {(<Change.modified: 2>, '/workspace/app/backend/logs/app_20260527_161940.log')}
2026-05-27 16:19:47,955 - watchfiles.main - DEBUG - 1 change detected: {(<Change.modified: 2>, '/workspace/app/backend/logs/app_20260527_161940.log')}
2026-05-27 16:19:48,306 - watchfiles.main - DEBUG - 1 change detected: {(<Change.modified: 2>, '/workspace/app/backend/logs/app_20260527_161940.log')}
2026-05-27 16:19:48,657 - watchfiles.main - DEBUG - 1 change detected: {(<Change.modified: 2>, '/workspace/app/backend/logs/app_20260527_161940.log')}
2026-05-27 16:19:49,008 - watchfiles.main - DEBUG - 1 change detected: {(<Change.modified: 2>, '/workspace/app/backend/logs/app_20260527_161940.log')}
2026-05-27 16:19:49,359 - watchfiles.main - DEBUG - 1 change detected: {(<Change.modified: 2>, '/workspace/app/backend/logs/app_20260527_161940.log')}
2026-05-27 16:19:49,710 - watchfiles.main - DEBUG - 1 change detected: {(<Change.modified: 2>, '/workspace/app/backend/logs/app_20260527_161940.log')}
2026-05-27 16:19:50,061 - watchfiles.main - DEBUG - 1 change detected: {(<Change.modified: 2>, '/workspace/app/backend/logs/app_20260527_161940.log')}
2026-05-27 16:19:50,412 - watchfiles.main - DEBUG - 1 change detected: {(<Change.modified: 2>, '/workspace/app/backend/logs/app_20260527_161940.log')}
2026-05-27 16:19:50,763 - watchfiles.main - DEBUG - 1 change detected: {(<Change.modified: 2>, '/workspace/app/backend/logs/app_20260527_161940.log')}
2026-05-27 16:19:51,114 - watchfiles.main - DEBUG - 1 change detected: {(<Change.modified: 2>, '/workspace/app/backend/logs/app_20260527_161940.log')}
2026-05-27 16:19:51,465 - watchfiles.main - DEBUG - 1 change detected: {(<Change.modified: 2>, '/workspace/app/backend/logs/app_20260527_161940.log')}
2026-05-27 16:19:51,816 - watchfiles.main - DEBUG - 1 change detected: {(<Change.modified: 2>, '/workspace/app/backend/logs/app_20260527_161940.log')}
2026-05-27 16:19:52,168 - watchfiles.main - DEBUG - 1 change detected: {(<Change.modified: 2>, '/workspace/app/backend/logs/app_20260527_161940.log')}
2026-05-27 16:19:52,519 - watchfiles.main - DEBUG - 1 change detected: {(<Change.modified: 2>, '/workspace/app/backend/logs/app_20260527_161940.log')}
2026-05-27 16:19:52,870 - watchfiles.main - DEBUG - 1 change detected: {(<Change.modified: 2>, '/workspace/app/backend/logs/app_20260527_161940.log')}
2026-05-27 16:19:53,220 - watchfiles.main - DEBUG - 1 change detected: {(<Change.modified: 2>, '/workspace/app/backend/logs/app_20260527_161940.log')}
2026-05-27 16:19:53,571 - watchfiles.main - DEBUG - 1 change detected: {(<Change.modified: 2>, '/workspace/app/backend/logs/app_20260527_161940.log')}
2026-05-27 16:19:53,923 - watchfiles.main - DEBUG - 1 change detected: {(<Change.modified: 2>, '/workspace/app/backend/logs/app_20260527_161940.log')}
2026-05-27 16:19:54,274 - watchfiles.main - DEBUG - 1 change detected: {(<Change.modified: 2>, '/workspace/app/backend/logs/app_20260527_161940.log')}
2026-05-27 16:19:54,625 - watchfiles.main - DEBUG - 1 change detected: {(<Change.modified: 2>, '/workspace/app/backend/logs/app_20260527_161940.log')}
2026-05-27 16:19:54,976 - watchfiles.main - DEBUG - 1 change detected: {(<Change.modified: 2>, '/workspace/app/backend/logs/app_20260527_161940.log')}
2026-05-27 16:19:55,327 - watchfiles.main - DEBUG - 1 change detected: {(<Change.modified: 2>, '/workspace/app/backend/logs/app_20260527_161940.log')}
2026-05-27 16:19:55,678 - watchfiles.main - DEBUG - 1 change detected: {(<Change.modified: 2>, '/workspace/app/backend/logs/app_20260527_161940.log')}
2026-05-27 16:19:56,029 - watchfiles.main - DEBUG - 1 change detected: {(<Change.modified: 2>, '/workspace/app/backend/logs/app_20260527_161940.log')}
2026-05-27 16:19:56,380 - watchfiles.main - DEBUG - 1 change detected: {(<Change.modified: 2>, '/workspace/app/backend/logs/app_20260527_161940.log')}
2026-05-27 16:19:56,731 - watchfiles.main - DEBUG - 1 change detected: {(<Change.modified: 2>, '/workspace/app/backend/logs/app_20260527_161940.log')}
2026-05-27 16:19:57,082 - watchfiles.main - DEBUG - 1 change detected: {(<Change.modified: 2>, '/workspace/app/backend/logs/app_20260527_161940.log')}
2026-05-27 16:19:57,433 - watchfiles.main - DEBUG - 1 change detected: {(<Change.modified: 2>, '/workspace/app/backend/logs/app_20260527_161940.log')}
2026-05-27 16:19:57,784 - watchfiles.main - DEBUG - 1 change detected: {(<Change.modified: 2>, '/workspace/app/backend/logs/app_20260527_161940.log')}
2026-05-27 16:19:58,135 - watchfiles.main - DEBUG - 1 change detected: {(<Change.modified: 2>, '/workspace/app/backend/logs/app_20260527_161940.log')}
2026-05-27 16:19:58,486 - watchfiles.main - DEBUG - 1 change detected: {(<Change.modified: 2>, '/workspace/app/backend/logs/app_20260527_161940.log')}
2026-05-27 16:19:58,837 - watchfiles.main - DEBUG - 1 change detected: {(<Change.modified: 2>, '/workspace/app/backend/logs/app_20260527_161940.log')}
2026-05-27 16:19:59,188 - watchfiles.main - DEBUG - 1 change detected: {(<Change.modified: 2>, '/workspace/app/backend/logs/app_20260527_161940.log')}
2026-05-27 16:19:59,539 - watchfiles.main - DEBUG - 1 change detected: {(<Change.modified: 2>, '/workspace/app/backend/logs/app_20260527_161940.log')}
2026-05-27 16:19:59,890 - watchfiles.main - DEBUG - 1 change detected: {(<Change.modified: 2>, '/workspace/app/backend/logs/app_20260527_161940.log')}
2026-05-27 16:20:00,241 - watchfiles.main - DEBUG - 1 change detected: {(<Change.modified: 2>, '/workspace/app/backend/logs/app_20260527_161940.log')}
2026-05-27 16:20:00,593 - watchfiles.main - DEBUG - 1 change detected: {(<Change.modified: 2>, '/workspace/app/backend/logs/app_20260527_161940.log')}
2026-05-27 16:20:00,944 - watchfiles.main - DEBUG - 1 change detected: {(<Change.modified: 2>, '/workspace/app/backend/logs/app_20260527_161940.log')}
2026-05-27 16:20:01,294 - watchfiles.main - DEBUG - 1 change detected: {(<Change.modified: 2>, '/workspace/app/backend/logs/app_20260527_161940.log')}
2026-05-27 16:20:01,645 - watchfiles.main - DEBUG - 1 change detected: {(<Change.modified: 2>, '/workspace/app/backend/logs/app_20260527_161940.log')}
2026-05-27 16:20:01,996 - watchfiles.main - DEBUG - 1 change detected: {(<Change.modified: 2>, '/workspace/app/backend/logs/app_20260527_161940.log')}
2026-05-27 16:20:02,347 - watchfiles.main - DEBUG - 1 change detected: {(<Change.modified: 2>, '/workspace/app/backend/logs/app_20260527_161940.log')}
2026-05-27 16:20:02,699 - watchfiles.main - DEBUG - 1 change detected: {(<Change.modified: 2>, '/workspace/app/backend/logs/app_20260527_161940.log')}
2026-05-27 16:20:03,050 - watchfiles.main - DEBUG - 1 change detected: {(<Change.modified: 2>, '/workspace/app/backend/logs/app_20260527_161940.log')}
2026-05-27 16:20:03,401 - watchfiles.main - DEBUG - 1 change detected: {(<Change.modified: 2>, '/workspace/app/backend/logs/app_20260527_161940.log')}
2026-05-27 16:20:03,752 - watchfiles.main - DEBUG - 1 change detected: {(<Change.modified: 2>, '/workspace/app/backend/logs/app_20260527_161940.log')}
2026-05-27 16:20:04,103 - watchfiles.main - DEBUG - 1 change detected: {(<Change.modified: 2>, '/workspace/app/backend/logs/app_20260527_161940.log')}
2026-05-27 16:20:04,454 - watchfiles.main - DEBUG - 1 change detected: {(<Change.modified: 2>, '/workspace/app/backend/logs/app_20260527_161940.log')}
2026-05-27 16:20:04,805 - watchfiles.main - DEBUG - 1 change detected: {(<Change.modified: 2>, '/workspace/app/backend/logs/app_20260527_161940.log')}
2026-05-27 16:20:05,156 - watchfiles.main - DEBUG - 1 change detected: {(<Change.modified: 2>, '/workspace/app/backend/logs/app_20260527_161940.log')}
2026-05-27 16:20:05,507 - watchfiles.main - DEBUG - 1 change detected: {(<Change.modified: 2>, '/workspace/app/backend/logs/app_20260527_161940.log')}
2026-05-27 16:20:05,858 - watchfiles.main - DEBUG - 1 change detected: {(<Change.modified: 2>, '/workspace/app/backend/logs/app_20260527_161940.log')}
2026-05-27 16:20:06,209 - watchfiles.main - DEBUG - 1 change detected: {(<Change.modified: 2>, '/workspace/app/backend/logs/app_20260527_161940.log')}
2026-05-27 16:20:06,560 - watchfiles.main - DEBUG - 1 change detected: {(<Change.modified: 2>, '/workspace/app/backend/logs/app_20260527_161940.log')}
2026-05-27 16:20:06,911 - watchfiles.main - DEBUG - 1 change detected: {(<Change.modified: 2>, '/workspace/app/backend/logs/app_20260527_161940.log')}
2026-05-27 16:20:07,262 - watchfiles.main - DEBUG - 1 change detected: {(<Change.modified: 2>, '/workspace/app/backend/logs/app_20260527_161940.log')}
2026-05-27 16:20:07,613 - watchfiles.main - DEBUG - 1 change detected: {(<Change.modified: 2>, '/workspace/app/backend/logs/app_20260527_161940.log')}
2026-05-27 16:20:07,964 - watchfiles.main - DEBUG - 1 change detected: {(<Change.modified: 2>, '/workspace/app/backend/logs/app_20260527_161940.log')}
2026-05-27 16:20:08,316 - watchfiles.main - DEBUG - 1 change detected: {(<Change.modified: 2>, '/workspace/app/backend/logs/app_20260527_161940.log')}
2026-05-27 16:20:08,667 - watchfiles.main - DEBUG - 1 change detected: {(<Change.modified: 2>, '/workspace/app/backend/logs/app_20260527_161940.log')}
2026-05-27 16:20:09,018 - watchfiles.main - DEBUG - 1 change detected: {(<Change.modified: 2>, '/workspace/app/backend/logs/app_20260527_161940.log')}
2026-05-27 16:20:09,369 - watchfiles.main - DEBUG - 1 change detected: {(<Change.modified: 2>, '/workspace/app/backend/logs/app_20260527_161940.log')}
2026-05-27 16:20:09,721 - watchfiles.main - DEBUG - 1 change detected: {(<Change.modified: 2>, '/workspace/app/backend/logs/app_20260527_161940.log')}
2026-05-27 16:20:10,072 - watchfiles.main - DEBUG - 1 change detected: {(<Change.modified: 2>, '/workspace/app/backend/logs/app_20260527_161940.log')}
2026-05-27 16:20:10,423 - watchfiles.main - DEBUG - 1 change detected: {(<Change.modified: 2>, '/workspace/app/backend/logs/app_20260527_161940.log')}
2026-05-27 16:20:10,774 - watchfiles.main - DEBUG - 1 change detected: {(<Change.modified: 2>, '/workspace/app/backend/logs/app_20260527_161940.log')}
2026-05-27 16:20:11,125 - watchfiles.main - DEBUG - 1 change detected: {(<Change.modified: 2>, '/workspace/app/backend/logs/app_20260527_161940.log')}
2026-05-27 16:20:11,476 - watchfiles.main - DEBUG - 1 change detected: {(<Change.modified: 2>, '/workspace/app/backend/logs/app_20260527_161940.log')}
2026-05-27 16:20:11,827 - watchfiles.main - DEBUG - 1 change detected: {(<Change.modified: 2>, '/workspace/app/backend/logs/app_20260527_161940.log')}
2026-05-27 16:20:12,178 - watchfiles.main - DEBUG - 1 change detected: {(<Change.modified: 2>, '/workspace/app/backend/logs/app_20260527_161940.log')}
2026-05-27 16:20:12,529 - watchfiles.main - DEBUG - 1 change detected: {(<Change.modified: 2>, '/workspace/app/backend/logs/app_20260527_161940.log')}
2026-05-27 16:20:12,880 - watchfiles.main - DEBUG - 1 change detected: {(<Change.modified: 2>, '/workspace/app/backend/logs/app_20260527_161940.log')}
2026-05-27 16:20:13,232 - watchfiles.main - DEBUG - 1 change detected: {(<Change.modified: 2>, '/workspace/app/backend/logs/app_20260527_161940.log')}
2026-05-27 16:20:13,582 - watchfiles.main - DEBUG - 1 change detected: {(<Change.modified: 2>, '/workspace/app/backend/logs/app_20260527_161940.log')}
2026-05-27 16:20:13,934 - watchfiles.main - DEBUG - 1 change detected: {(<Change.modified: 2>, '/workspace/app/backend/logs/app_20260527_161940.log')}
2026-05-27 16:20:14,285 - watchfiles.main - DEBUG - 1 change detected: {(<Change.modified: 2>, '/workspace/app/backend/logs/app_20260527_161940.log')}
2026-05-27 16:20:14,636 - watchfiles.main - DEBUG - 1 change detected: {(<Change.modified: 2>, '/workspace/app/backend/logs/app_20260527_161940.log')}
2026-05-27 16:20:14,991 - watchfiles.main - DEBUG - 1 change detected: {(<Change.modified: 2>, '/workspace/app/backend/logs/app_20260527_161940.log')}
2026-05-27 16:20:15,341 - watchfiles.main - DEBUG - 1 change detected: {(<Change.modified: 2>, '/workspace/app/backend/logs/app_20260527_161940.log')}
2026-05-27 16:20:15,692 - watchfiles.main - DEBUG - 1 change detected: {(<Change.modified: 2>, '/workspace/app/backend/logs/app_20260527_161940.log')}
2026-05-27 16:20:16,043 - watchfiles.main - DEBUG - 1 change detected: {(<Change.modified: 2>, '/workspace/app/backend/logs/app_20260527_161940.log')}
2026-05-27 16:20:16,394 - watchfiles.main - DEBUG - 1 change detected: {(<Change.modified: 2>, '/workspace/app/backend/logs/app_20260527_161940.log')}
2026-05-27 16:20:16,745 - watchfiles.main - DEBUG - 1 change detected: {(<Change.modified: 2>, '/workspace/app/backend/logs/app_20260527_161940.log')}
2026-05-27 16:20:17,096 - watchfiles.main - DEBUG - 1 change detected: {(<Change.modified: 2>, '/workspace/app/backend/logs/app_20260527_161940.log')}
2026-05-27 16:20:17,447 - watchfiles.main - DEBUG - 1 change detected: {(<Change.modified: 2>, '/workspace/app/backend/logs/app_20260527_161940.log')}
2026-05-27 16:20:17,798 - watchfiles.main - DEBUG - 1 change detected: {(<Change.modified: 2>, '/workspace/app/backend/logs/app_20260527_161940.log')}
2026-05-27 16:20:18,149 - watchfiles.main - DEBUG - 1 change detected: {(<Change.modified: 2>, '/workspace/app/backend/logs/app_20260527_161940.log')}
2026-05-27 16:20:18,500 - watchfiles.main - DEBUG - 1 change detected: {(<Change.modified: 2>, '/workspace/app/backend/logs/app_20260527_161940.log')}
2026-05-27 16:20:18,851 - watchfiles.main - DEBUG - 1 change detected: {(<Change.modified: 2>, '/workspace/app/backend/logs/app_20260527_161940.log')}
2026-05-27 16:20:19,202 - watchfiles.main - DEBUG - 1 change detected: {(<Change.modified: 2>, '/workspace/app/backend/logs/app_20260527_161940.log')}
2026-05-27 16:20:19,553 - watchfiles.main - DEBUG - 1 change detected: {(<Change.modified: 2>, '/workspace/app/backend/logs/app_20260527_161940.log')}
2026-05-27 16:20:19,904 - watchfiles.main - DEBUG - 1 change detected: {(<Change.modified: 2>, '/workspace/app/backend/logs/app_20260527_161940.log')}
2026-05-27 16:20:20,255 - watchfiles.main - DEBUG - 1 change detected: {(<Change.modified: 2>, '/workspace/app/backend/logs/app_20260527_161940.log')}
2026-05-27 16:20:20,606 - watchfiles.main - DEBUG - 1 change detected: {(<Change.modified: 2>, '/workspace/app/backend/logs/app_20260527_161940.log')}
2026-05-27 16:20:20,972 - watchfiles.main - DEBUG - 1 change detected: {(<Change.modified: 2>, '/workspace/app/backend/logs/app_20260527_161940.log')}
2026-05-27 16:20:21,323 - watchfiles.main - DEBUG - 1 change detected: {(<Change.modified: 2>, '/workspace/app/backend/logs/app_20260527_161940.log')}
2026-05-27 16:20:21,674 - watchfiles.main - DEBUG - 1 change detected: {(<Change.modified: 2>, '/workspace/app/backend/logs/app_20260527_161940.log')}
2026-05-27 16:20:22,025 - watchfiles.main - DEBUG - 1 change detected: {(<Change.modified: 2>, '/workspace/app/backend/logs/app_20260527_161940.log')}
2026-05-27 16:20:22,376 - watchfiles.main - DEBUG - 1 change detected: {(<Change.modified: 2>, '/workspace/app/backend/logs/app_20260527_161940.log')}
2026-05-27 16:20:22,727 - watchfiles.main - DEBUG - 1 change detected: {(<Change.modified: 2>, '/workspace/app/backend/logs/app_20260527_161940.log')}
2026-05-27 16:20:23,077 - watchfiles.main - DEBUG - 1 change detected: {(<Change.modified: 2>, '/workspace/app/backend/logs/app_20260527_161940.log')}
2026-05-27 16:20:23,429 - watchfiles.main - DEBUG - 1 change detected: {(<Change.modified: 2>, '/workspace/app/backend/logs/app_20260527_161940.log')}
2026-05-27 16:20:23,780 - watchfiles.main - DEBUG - 1 change detected: {(<Change.modified: 2>, '/workspace/app/backend/logs/app_20260527_161940.log')}
2026-05-27 16:20:24,131 - watchfiles.main - DEBUG - 1 change detected: {(<Change.modified: 2>, '/workspace/app/backend/logs/app_20260527_161940.log')}
2026-05-27 16:20:24,482 - watchfiles.main - DEBUG - 1 change detected: {(<Change.modified: 2>, '/workspace/app/backend/logs/app_20260527_161940.log')}
2026-05-27 16:20:24,833 - watchfiles.main - DEBUG - 1 change detected: {(<Change.modified: 2>, '/workspace/app/backend/logs/app_20260527_161940.log')}
2026-05-27 16:20:25,183 - watchfiles.main - DEBUG - 1 change detected: {(<Change.modified: 2>, '/workspace/app/backend/logs/app_20260527_161940.log')}
2026-05-27 16:20:25,535 - watchfiles.main - DEBUG - 1 change detected: {(<Change.modified: 2>, '/workspace/app/backend/logs/app_20260527_161940.log')}
2026-05-27 16:20:25,886 - watchfiles.main - DEBUG - 1 change detected: {(<Change.modified: 2>, '/workspace/app/backend/logs/app_20260527_161940.log')}
2026-05-27 16:20:26,237 - watchfiles.main - DEBUG - 1 change detected: {(<Change.modified: 2>, '/workspace/app/backend/logs/app_20260527_161940.log')}
2026-05-27 16:20:26,589 - watchfiles.main - DEBUG - 1 change detected: {(<Change.modified: 2>, '/workspace/app/backend/logs/app_20260527_161940.log')}
2026-05-27 16:20:26,941 - watchfiles.main - DEBUG - 1 change detected: {(<Change.modified: 2>, '/workspace/app/backend/logs/app_20260527_161940.log')}
2026-05-27 16:20:27,292 - watchfiles.main - DEBUG - 1 change detected: {(<Change.modified: 2>, '/workspace/app/backend/logs/app_20260527_161940.log')}
2026-05-27 16:20:27,643 - watchfiles.main - DEBUG - 1 change detected: {(<Change.modified: 2>, '/workspace/app/backend/logs/app_20260527_161940.log')}
2026-05-27 16:20:27,994 - watchfiles.main - DEBUG - 1 change detected: {(<Change.modified: 2>, '/workspace/app/backend/logs/app_20260527_161940.log')}
2026-05-27 16:20:28,345 - watchfiles.main - DEBUG - 1 change detected: {(<Change.modified: 2>, '/workspace/app/backend/logs/app_20260527_161940.log')}
2026-05-27 16:20:28,696 - watchfiles.main - DEBUG - 1 change detected: {(<Change.modified: 2>, '/workspace/app/backend/logs/app_20260527_161940.log')}
2026-05-27 16:20:29,047 - watchfiles.main - DEBUG - 1 change detected: {(<Change.modified: 2>, '/workspace/app/backend/logs/app_20260527_161940.log')}
2026-05-27 16:20:29,398 - watchfiles.main - DEBUG - 1 change detected: {(<Change.modified: 2>, '/workspace/app/backend/logs/app_20260527_161940.log')}
2026-05-27 16:20:29,749 - watchfiles.main - DEBUG - 1 change detected: {(<Change.modified: 2>, '/workspace/app/backend/logs/app_20260527_161940.log')}
2026-05-27 16:20:30,100 - watchfiles.main - DEBUG - 1 change detected: {(<Change.modified: 2>, '/workspace/app/backend/logs/app_20260527_161940.log')}
2026-05-27 16:20:30,451 - watchfiles.main - DEBUG - 1 change detected: {(<Change.modified: 2>, '/workspace/app/backend/logs/app_20260527_161940.log')}
2026-05-27 16:20:30,802 - watchfiles.main - DEBUG - 1 change detected: {(<Change.modified: 2>, '/workspace/app/backend/logs/app_20260527_161940.log')}
2026-05-27 16:20:31,153 - watchfiles.main - DEBUG - 1 change detected: {(<Change.modified: 2>, '/workspace/app/backend/logs/app_20260527_161940.log')}
2026-05-27 16:20:31,504 - watchfiles.main - DEBUG - 1 change detected: {(<Change.modified: 2>, '/workspace/app/backend/logs/app_20260527_161940.log')}
2026-05-27 16:20:31,856 - watchfiles.main - DEBUG - 1 change detected: {(<Change.modified: 2>, '/workspace/app/backend/logs/app_20260527_161940.log')}
2026-05-27 16:20:32,209 - watchfiles.main - DEBUG - 1 change detected: {(<Change.modified: 2>, '/workspace/app/backend/logs/app_20260527_161940.log')}
2026-05-27 16:20:32,560 - watchfiles.main - DEBUG - 1 change detected: {(<Change.modified: 2>, '/workspace/app/backend/logs/app_20260527_161940.log')}
2026-05-27 16:20:32,911 - watchfiles.main - DEBUG - 1 change detected: {(<Change.modified: 2>, '/workspace/app/backend/logs/app_20260527_161940.log')}
2026-05-27 16:20:33,262 - watchfiles.main - DEBUG - 1 change detected: {(<Change.modified: 2>, '/workspace/app/backend/logs/app_20260527_161940.log')}
2026-05-27 16:20:33,613 - watchfiles.main - DEBUG - 1 change detected: {(<Change.modified: 2>, '/workspace/app/backend/logs/app_20260527_161940.log')}
2026-05-27 16:20:33,964 - watchfiles.main - DEBUG - 1 change detected: {(<Change.modified: 2>, '/workspace/app/backend/logs/app_20260527_161940.log')}
2026-05-27 16:20:34,315 - watchfiles.main - DEBUG - 1 change detected: {(<Change.modified: 2>, '/workspace/app/backend/logs/app_20260527_161940.log')}
2026-05-27 16:20:34,666 - watchfiles.main - DEBUG - 1 change detected: {(<Change.modified: 2>, '/workspace/app/backend/logs/app_20260527_161940.log')}
2026-05-27 16:20:35,017 - watchfiles.main - DEBUG - 1 change detected: {(<Change.modified: 2>, '/workspace/app/backend/logs/app_20260527_161940.log')}
2026-05-27 16:20:35,368 - watchfiles.main - DEBUG - 1 change detected: {(<Change.modified: 2>, '/workspace/app/backend/logs/app_20260527_161940.log')}
2026-05-27 16:20:35,719 - watchfiles.main - DEBUG - 1 change detected: {(<Change.modified: 2>, '/workspace/app/backend/logs/app_20260527_161940.log')}
2026-05-27 16:20:36,070 - watchfiles.main - DEBUG - 1 change detected: {(<Change.modified: 2>, '/workspace/app/backend/logs/app_20260527_161940.log')}
2026-05-27 16:20:36,421 - watchfiles.main - DEBUG - 1 change detected: {(<Change.modified: 2>, '/workspace/app/backend/logs/app_20260527_161940.log')}
2026-05-27 16:20:36,773 - watchfiles.main - DEBUG - 1 change detected: {(<Change.modified: 2>, '/workspace/app/backend/logs/app_20260527_161940.log')}
2026-05-27 16:20:37,127 - watchfiles.main - DEBUG - 1 change detected: {(<Change.modified: 2>, '/workspace/app/backend/logs/app_20260527_161940.log')}
2026-05-27 16:20:37,478 - watchfiles.main - DEBUG - 1 change detected: {(<Change.modified: 2>, '/workspace/app/backend/logs/app_20260527_161940.log')}
2026-05-27 16:20:37,829 - watchfiles.main - DEBUG - 1 change detected: {(<Change.modified: 2>, '/workspace/app/backend/logs/app_20260527_161940.log')}
2026-05-27 16:20:38,180 - watchfiles.main - DEBUG - 1 change detected: {(<Change.modified: 2>, '/workspace/app/backend/logs/app_20260527_161940.log')}
2026-05-27 16:20:38,531 - watchfiles.main - DEBUG - 1 change detected: {(<Change.modified: 2>, '/workspace/app/backend/logs/app_20260527_161940.log')}
2026-05-27 16:20:38,882 - watchfiles.main - DEBUG - 1 change detected: {(<Change.modified: 2>, '/workspace/app/backend/logs/app_20260527_161940.log')}
2026-05-27 16:20:39,233 - watchfiles.main - DEBUG - 1 change detected: {(<Change.modified: 2>, '/workspace/app/backend/logs/app_20260527_161940.log')}
2026-05-27 16:20:39,584 - watchfiles.main - DEBUG - 1 change detected: {(<Change.modified: 2>, '/workspace/app/backend/logs/app_20260527_161940.log')}
2026-05-27 16:20:39,935 - watchfiles.main - DEBUG - 1 change detected: {(<Change.modified: 2>, '/workspace/app/backend/logs/app_20260527_161940.log')}
2026-05-27 16:20:40,286 - watchfiles.main - DEBUG - 1 change detected: {(<Change.modified: 2>, '/workspace/app/backend/logs/app_20260527_161940.log')}
2026-05-27 16:20:40,638 - watchfiles.main - DEBUG - 1 change detected: {(<Change.modified: 2>, '/workspace/app/backend/logs/app_20260527_161940.log')}
2026-05-27 16:20:40,988 - watchfiles.main - DEBUG - 1 change detected: {(<Change.modified: 2>, '/workspace/app/backend/logs/app_20260527_161940.log')}
2026-05-27 16:20:41,340 - watchfiles.main - DEBUG - 1 change detected: {(<Change.modified: 2>, '/workspace/app/backend/logs/app_20260527_161940.log')}
2026-05-27 16:20:41,691 - watchfiles.main - DEBUG - 1 change detected: {(<Change.modified: 2>, '/workspace/app/backend/logs/app_20260527_161940.log')}
2026-05-27 16:20:42,043 - watchfiles.main - DEBUG - 1 change detected: {(<Change.modified: 2>, '/workspace/app/backend/logs/app_20260527_161940.log')}
2026-05-27 16:20:42,394 - watchfiles.main - DEBUG - 1 change detected: {(<Change.modified: 2>, '/workspace/app/backend/logs/app_20260527_161940.log')}
2026-05-27 16:20:42,745 - watchfiles.main - DEBUG - 1 change detected: {(<Change.modified: 2>, '/workspace/app/backend/logs/app_20260527_161940.log')}
2026-05-27 16:20:43,096 - watchfiles.main - DEBUG - 1 change detected: {(<Change.modified: 2>, '/workspace/app/backend/logs/app_20260527_161940.log')}
2026-05-27 16:20:43,447 - watchfiles.main - DEBUG - 1 change detected: {(<Change.modified: 2>, '/workspace/app/backend/logs/app_20260527_161940.log')}
2026-05-27 16:20:43,798 - watchfiles.main - DEBUG - 1 change detected: {(<Change.modified: 2>, '/workspace/app/backend/logs/app_20260527_161940.log')}
2026-05-27 16:20:44,149 - watchfiles.main - DEBUG - 1 change detected: {(<Change.modified: 2>, '/workspace/app/backend/logs/app_20260527_161940.log')}
2026-05-27 16:20:44,500 - watchfiles.main - DEBUG - 1 change detected: {(<Change.modified: 2>, '/workspace/app/backend/logs/app_20260527_161940.log')}
2026-05-27 16:20:44,851 - watchfiles.main - DEBUG - 1 change detected: {(<Change.modified: 2>, '/workspace/app/backend/logs/app_20260527_161940.log')}
2026-05-27 16:20:45,202 - watchfiles.main - DEBUG - 1 change detected: {(<Change.modified: 2>, '/workspace/app/backend/logs/app_20260527_161940.log')}
2026-05-27 16:20:45,554 - watchfiles.main - DEBUG - 1 change detected: {(<Change.modified: 2>, '/workspace/app/backend/logs/app_20260527_161940.log')}
2026-05-27 16:20:45,906 - watchfiles.main - DEBUG - 1 change detected: {(<Change.modified: 2>, '/workspace/app/backend/logs/app_20260527_161940.log')}
2026-05-27 16:20:46,256 - watchfiles.main - DEBUG - 1 change detected: {(<Change.modified: 2>, '/workspace/app/backend/logs/app_20260527_161940.log')}
2026-05-27 16:20:46,608 - watchfiles.main - DEBUG - 1 change detected: {(<Change.modified: 2>, '/workspace/app/backend/logs/app_20260527_161940.log')}
2026-05-27 16:20:46,959 - watchfiles.main - DEBUG - 1 change detected: {(<Change.modified: 2>, '/workspace/app/backend/logs/app_20260527_161940.log')}
2026-05-27 16:20:47,310 - watchfiles.main - DEBUG - 1 change detected: {(<Change.modified: 2>, '/workspace/app/backend/logs/app_20260527_161940.log')}
2026-05-27 16:20:47,661 - watchfiles.main - DEBUG - 1 change detected: {(<Change.modified: 2>, '/workspace/app/backend/logs/app_20260527_161940.log')}
2026-05-27 16:20:48,012 - watchfiles.main - DEBUG - 1 change detected: {(<Change.modified: 2>, '/workspace/app/backend/logs/app_20260527_161940.log')}
2026-05-27 16:20:48,363 - watchfiles.main - DEBUG - 1 change detected: {(<Change.modified: 2>, '/workspace/app/backend/logs/app_20260527_161940.log')}
2026-05-27 16:20:48,714 - watchfiles.main - DEBUG - 1 change detected: {(<Change.modified: 2>, '/workspace/app/backend/logs/app_20260527_161940.log')}
2026-05-27 16:20:49,065 - watchfiles.main - DEBUG - 1 change detected: {(<Change.modified: 2>, '/workspace/app/backend/logs/app_20260527_161940.log')}
2026-05-27 16:20:49,416 - watchfiles.main - DEBUG - 1 change detected: {(<Change.modified: 2>, '/workspace/app/backend/logs/app_20260527_161940.log')}
2026-05-27 16:20:49,767 - watchfiles.main - DEBUG - 1 change detected: {(<Change.modified: 2>, '/workspace/app/backend/logs/app_20260527_161940.log')}
2026-05-27 16:20:50,118 - watchfiles.main - DEBUG - 1 change detected: {(<Change.modified: 2>, '/workspace/app/backend/logs/app_20260527_161940.log')}
2026-05-27 16:20:50,469 - watchfiles.main - DEBUG - 1 change detected: {(<Change.modified: 2>, '/workspace/app/backend/logs/app_20260527_161940.log')}
2026-05-27 16:20:50,820 - watchfiles.main - DEBUG - 1 change detected: {(<Change.modified: 2>, '/workspace/app/backend/logs/app_20260527_161940.log')}
2026-05-27 16:20:51,171 - watchfiles.main - DEBUG - 1 change detected: {(<Change.modified: 2>, '/workspace/app/backend/logs/app_20260527_161940.log')}
2026-05-27 16:20:51,522 - watchfiles.main - DEBUG - 1 change detected: {(<Change.modified: 2>, '/workspace/app/backend/logs/app_20260527_161940.log')}
2026-05-27 16:20:51,873 - watchfiles.main - DEBUG - 1 change detected: {(<Change.modified: 2>, '/workspace/app/backend/logs/app_20260527_161940.log')}
2026-05-27 16:20:52,224 - watchfiles.main - DEBUG - 1 change detected: {(<Change.modified: 2>, '/workspace/app/backend/logs/app_20260527_161940.log')}
2026-05-27 16:20:52,575 - watchfiles.main - DEBUG - 1 change detected: {(<Change.modified: 2>, '/workspace/app/backend/logs/app_20260527_161940.log')}
2026-05-27 16:20:52,926 - watchfiles.main - DEBUG - 1 change detected: {(<Change.modified: 2>, '/workspace/app/backend/logs/app_20260527_161940.log')}
2026-05-27 16:20:53,277 - watchfiles.main - DEBUG - 1 change detected: {(<Change.modified: 2>, '/workspace/app/backend/logs/app_20260527_161940.log')}
2026-05-27 16:20:53,628 - watchfiles.main - DEBUG - 1 change detected: {(<Change.modified: 2>, '/workspace/app/backend/logs/app_20260527_161940.log')}
2026-05-27 16:20:53,979 - watchfiles.main - DEBUG - 1 change detected: {(<Change.modified: 2>, '/workspace/app/backend/logs/app_20260527_161940.log')}
2026-05-27 16:20:54,330 - watchfiles.main - DEBUG - 1 change detected: {(<Change.modified: 2>, '/workspace/app/backend/logs/app_20260527_161940.log')}
2026-05-27 16:20:54,681 - watchfiles.main - DEBUG - 1 change detected: {(<Change.modified: 2>, '/workspace/app/backend/logs/app_20260527_161940.log')}
2026-05-27 16:20:55,032 - watchfiles.main - DEBUG - 1 change detected: {(<Change.modified: 2>, '/workspace/app/backend/logs/app_20260527_161940.log')}
2026-05-27 16:20:55,383 - watchfiles.main - DEBUG - 1 change detected: {(<Change.modified: 2>, '/workspace/app/backend/logs/app_20260527_161940.log')}
2026-05-27 16:20:55,734 - watchfiles.main - DEBUG - 1 change detected: {(<Change.modified: 2>, '/workspace/app/backend/logs/app_20260527_161940.log')}
2026-05-27 16:20:56,085 - watchfiles.main - DEBUG - 1 change detected: {(<Change.modified: 2>, '/workspace/app/backend/logs/app_20260527_161940.log')}
2026-05-27 16:20:56,436 - watchfiles.main - DEBUG - 1 change detected: {(<Change.modified: 2>, '/workspace/app/backend/logs/app_20260527_161940.log')}
2026-05-27 16:20:56,787 - watchfiles.main - DEBUG - 1 change detected: {(<Change.modified: 2>, '/workspace/app/backend/logs/app_20260527_161940.log')}
2026-05-27 16:20:57,138 - watchfiles.main - DEBUG - 1 change detected: {(<Change.modified: 2>, '/workspace/app/backend/logs/app_20260527_161940.log')}
2026-05-27 16:20:57,489 - watchfiles.main - DEBUG - 1 change detected: {(<Change.modified: 2>, '/workspace/app/backend/logs/app_20260527_161940.log')}
2026-05-27 16:20:57,840 - watchfiles.main - DEBUG - 1 change detected: {(<Change.modified: 2>, '/workspace/app/backend/logs/app_20260527_161940.log')}
2026-05-27 16:20:58,191 - watchfiles.main - DEBUG - 1 change detected: {(<Change.modified: 2>, '/workspace/app/backend/logs/app_20260527_161940.log')}
2026-05-27 16:20:58,542 - watchfiles.main - DEBUG - 1 change detected: {(<Change.modified: 2>, '/workspace/app/backend/logs/app_20260527_161940.log')}
2026-05-27 16:20:58,893 - watchfiles.main - DEBUG - 1 change detected: {(<Change.modified: 2>, '/workspace/app/backend/logs/app_20260527_161940.log')}
2026-05-27 16:20:59,244 - watchfiles.main - DEBUG - 1 change detected: {(<Change.modified: 2>, '/workspace/app/backend/logs/app_20260527_161940.log')}
2026-05-27 16:20:59,595 - watchfiles.main - DEBUG - 1 change detected: {(<Change.modified: 2>, '/workspace/app/backend/logs/app_20260527_161940.log')}
2026-05-27 16:20:59,946 - watchfiles.main - DEBUG - 1 change detected: {(<Change.modified: 2>, '/workspace/app/backend/logs/app_20260527_161940.log')}
2026-05-27 16:21:00,297 - watchfiles.main - DEBUG - 1 change detected: {(<Change.modified: 2>, '/workspace/app/backend/logs/app_20260527_161940.log')}
2026-05-27 16:21:00,648 - watchfiles.main - DEBUG - 1 change detected: {(<Change.modified: 2>, '/workspace/app/backend/logs/app_20260527_161940.log')}
2026-05-27 16:21:00,999 - watchfiles.main - DEBUG - 1 change detected: {(<Change.modified: 2>, '/workspace/app/backend/logs/app_20260527_161940.log')}
2026-05-27 16:21:01,350 - watchfiles.main - DEBUG - 1 change detected: {(<Change.modified: 2>, '/workspace/app/backend/logs/app_20260527_161940.log')}
2026-05-27 16:21:01,700 - watchfiles.main - DEBUG - 1 change detected: {(<Change.modified: 2>, '/workspace/app/backend/logs/app_20260527_161940.log')}
2026-05-27 16:21:02,051 - watchfiles.main - DEBUG - 1 change detected: {(<Change.modified: 2>, '/workspace/app/backend/logs/app_20260527_161940.log')}
2026-05-27 16:21:02,402 - watchfiles.main - DEBUG - 1 change detected: {(<Change.modified: 2>, '/workspace/app/backend/logs/app_20260527_161940.log')}
2026-05-27 16:21:02,754 - watchfiles.main - DEBUG - 1 change detected: {(<Change.modified: 2>, '/workspace/app/backend/logs/app_20260527_161940.log')}
2026-05-27 16:21:03,105 - watchfiles.main - DEBUG - 1 change detected: {(<Change.modified: 2>, '/workspace/app/backend/logs/app_20260527_161940.log')}
2026-05-27 16:21:03,456 - watchfiles.main - DEBUG - 1 change detected: {(<Change.modified: 2>, '/workspace/app/backend/logs/app_20260527_161940.log')}
2026-05-27 16:21:03,807 - watchfiles.main - DEBUG - 1 change detected: {(<Change.modified: 2>, '/workspace/app/backend/logs/app_20260527_161940.log')}
2026-05-27 16:21:04,158 - watchfiles.main - DEBUG - 1 change detected: {(<Change.modified: 2>, '/workspace/app/backend/logs/app_20260527_161940.log')}
2026-05-27 16:21:04,509 - watchfiles.main - DEBUG - 1 change detected: {(<Change.modified: 2>, '/workspace/app/backend/logs/app_20260527_161940.log')}
2026-05-27 16:21:04,860 - watchfiles.main - DEBUG - 1 change detected: {(<Change.modified: 2>, '/workspace/app/backend/logs/app_20260527_161940.log')}
2026-05-27 16:21:05,211 - watchfiles.main - DEBUG - 1 change detected: {(<Change.modified: 2>, '/workspace/app/backend/logs/app_20260527_161940.log')}
2026-05-27 16:21:05,562 - watchfiles.main - DEBUG - 1 change detected: {(<Change.modified: 2>, '/workspace/app/backend/logs/app_20260527_161940.log')}
2026-05-27 16:21:05,913 - watchfiles.main - DEBUG - 1 change detected: {(<Change.modified: 2>, '/workspace/app/backend/logs/app_20260527_161940.log')}
2026-05-27 16:21:06,264 - watchfiles.main - DEBUG - 1 change detected: {(<Change.modified: 2>, '/workspace/app/backend/logs/app_20260527_161940.log')}
2026-05-27 16:21:06,615 - watchfiles.main - DEBUG - 1 change detected: {(<Change.modified: 2>, '/workspace/app/backend/logs/app_20260527_161940.log')}
2026-05-27 16:21:06,966 - watchfiles.main - DEBUG - 1 change detected: {(<Change.modified: 2>, '/workspace/app/backend/logs/app_20260527_161940.log')}
2026-05-27 16:21:07,317 - watchfiles.main - DEBUG - 1 change detected: {(<Change.modified: 2>, '/workspace/app/backend/logs/app_20260527_161940.log')}
2026-05-27 16:21:07,668 - watchfiles.main - DEBUG - 1 change detected: {(<Change.modified: 2>, '/workspace/app/backend/logs/app_20260527_161940.log')}
2026-05-27 16:21:08,019 - watchfiles.main - DEBUG - 1 change detected: {(<Change.modified: 2>, '/workspace/app/backend/logs/app_20260527_161940.log')}
2026-05-27 16:21:08,371 - watchfiles.main - DEBUG - 1 change detected: {(<Change.modified: 2>, '/workspace/app/backend/logs/app_20260527_161940.log')}
2026-05-27 16:21:08,722 - watchfiles.main - DEBUG - 1 change detected: {(<Change.modified: 2>, '/workspace/app/backend/logs/app_20260527_161940.log')}
2026-05-27 16:21:09,073 - watchfiles.main - DEBUG - 1 change detected: {(<Change.modified: 2>, '/workspace/app/backend/logs/app_20260527_161940.log')}
2026-05-27 16:21:09,423 - watchfiles.main - DEBUG - 1 change detected: {(<Change.modified: 2>, '/workspace/app/backend/logs/app_20260527_161940.log')}
2026-05-27 16:21:09,774 - watchfiles.main - DEBUG - 1 change detected: {(<Change.modified: 2>, '/workspace/app/backend/logs/app_20260527_161940.log')}
2026-05-27 16:21:10,125 - watchfiles.main - DEBUG - 1 change detected: {(<Change.modified: 2>, '/workspace/app/backend/logs/app_20260527_161940.log')}
2026-05-27 16:21:10,476 - watchfiles.main - DEBUG - 1 change detected: {(<Change.modified: 2>, '/workspace/app/backend/logs/app_20260527_161940.log')}
2026-05-27 16:21:10,827 - watchfiles.main - DEBUG - 1 change detected: {(<Change.modified: 2>, '/workspace/app/backend/logs/app_20260527_161940.log')}
2026-05-27 16:21:11,178 - watchfiles.main - DEBUG - 1 change detected: {(<Change.modified: 2>, '/workspace/app/backend/logs/app_20260527_161940.log')}
2026-05-27 16:21:11,529 - watchfiles.main - DEBUG - 1 change detected: {(<Change.modified: 2>, '/workspace/app/backend/logs/app_20260527_161940.log')}
2026-05-27 16:21:11,880 - watchfiles.main - DEBUG - 1 change detected: {(<Change.modified: 2>, '/workspace/app/backend/logs/app_20260527_161940.log')}
2026-05-27 16:21:12,231 - watchfiles.main - DEBUG - 1 change detected: {(<Change.modified: 2>, '/workspace/app/backend/logs/app_20260527_161940.log')}
2026-05-27 16:21:12,582 - watchfiles.main - DEBUG - 1 change detected: {(<Change.modified: 2>, '/workspace/app/backend/logs/app_20260527_161940.log')}
2026-05-27 16:21:12,933 - watchfiles.main - DEBUG - 1 change detected: {(<Change.modified: 2>, '/workspace/app/backend/logs/app_20260527_161940.log')}
2026-05-27 16:21:13,284 - watchfiles.main - DEBUG - 1 change detected: {(<Change.modified: 2>, '/workspace/app/backend/logs/app_20260527_161940.log')}
2026-05-27 16:21:13,635 - watchfiles.main - DEBUG - 1 change detected: {(<Change.modified: 2>, '/workspace/app/backend/logs/app_20260527_161940.log')}
2026-05-27 16:21:13,986 - watchfiles.main - DEBUG - 1 change detected: {(<Change.modified: 2>, '/workspace/app/backend/logs/app_20260527_161940.log')}
2026-05-27 16:21:14,337 - watchfiles.main - DEBUG - 1 change detected: {(<Change.modified: 2>, '/workspace/app/backend/logs/app_20260527_161940.log')}
2026-05-27 16:21:14,688 - watchfiles.main - DEBUG - 1 change detected: {(<Change.modified: 2>, '/workspace/app/backend/logs/app_20260527_161940.log')}
2026-05-27 16:21:15,039 - watchfiles.main - DEBUG - 1 change detected: {(<Change.modified: 2>, '/workspace/app/backend/logs/app_20260527_161940.log')}
2026-05-27 16:21:15,390 - watchfiles.main - DEBUG - 1 change detected: {(<Change.modified: 2>, '/workspace/app/backend/logs/app_20260527_161940.log')}
2026-05-27 16:21:15,741 - watchfiles.main - DEBUG - 1 change detected: {(<Change.modified: 2>, '/workspace/app/backend/logs/app_20260527_161940.log')}
2026-05-27 16:21:16,092 - watchfiles.main - DEBUG - 1 change detected: {(<Change.modified: 2>, '/workspace/app/backend/logs/app_20260527_161940.log')}
2026-05-27 16:21:16,443 - watchfiles.main - DEBUG - 1 change detected: {(<Change.modified: 2>, '/workspace/app/backend/logs/app_20260527_161940.log')}
2026-05-27 16:21:16,794 - watchfiles.main - DEBUG - 1 change detected: {(<Change.modified: 2>, '/workspace/app/backend/logs/app_20260527_161940.log')}
2026-05-27 16:21:17,145 - watchfiles.main - DEBUG - 1 change detected: {(<Change.modified: 2>, '/workspace/app/backend/logs/app_20260527_161940.log')}
2026-05-27 16:21:17,496 - watchfiles.main - DEBUG - 1 change detected: {(<Change.modified: 2>, '/workspace/app/backend/logs/app_20260527_161940.log')}
2026-05-27 16:21:17,847 - watchfiles.main - DEBUG - 1 change detected: {(<Change.modified: 2>, '/workspace/app/backend/logs/app_20260527_161940.log')}
2026-05-27 16:21:18,198 - watchfiles.main - DEBUG - 1 change detected: {(<Change.modified: 2>, '/workspace/app/backend/logs/app_20260527_161940.log')}
2026-05-27 16:21:18,549 - watchfiles.main - DEBUG - 1 change detected: {(<Change.modified: 2>, '/workspace/app/backend/logs/app_20260527_161940.log')}
2026-05-27 16:21:18,900 - watchfiles.main - DEBUG - 1 change detected: {(<Change.modified: 2>, '/workspace/app/backend/logs/app_20260527_161940.log')}
2026-05-27 16:21:19,251 - watchfiles.main - DEBUG - 1 change detected: {(<Change.modified: 2>, '/workspace/app/backend/logs/app_20260527_161940.log')}
2026-05-27 16:21:19,603 - watchfiles.main - DEBUG - 1 change detected: {(<Change.modified: 2>, '/workspace/app/backend/logs/app_20260527_161940.log')}
2026-05-27 16:21:19,954 - watchfiles.main - DEBUG - 1 change detected: {(<Change.modified: 2>, '/workspace/app/backend/logs/app_20260527_161940.log')}
2026-05-27 16:21:20,305 - watchfiles.main - DEBUG - 1 change detected: {(<Change.modified: 2>, '/workspace/app/backend/logs/app_20260527_161940.log')}
2026-05-27 16:21:20,656 - watchfiles.main - DEBUG - 1 change detected: {(<Change.modified: 2>, '/workspace/app/backend/logs/app_20260527_161940.log')}
2026-05-27 16:21:21,007 - watchfiles.main - DEBUG - 1 change detected: {(<Change.modified: 2>, '/workspace/app/backend/logs/app_20260527_161940.log')}
2026-05-27 16:21:21,358 - watchfiles.main - DEBUG - 1 change detected: {(<Change.modified: 2>, '/workspace/app/backend/logs/app_20260527_161940.log')}
2026-05-27 16:21:21,710 - watchfiles.main - DEBUG - 1 change detected: {(<Change.modified: 2>, '/workspace/app/backend/logs/app_20260527_161940.log')}
2026-05-27 16:21:22,061 - watchfiles.main - DEBUG - 1 change detected: {(<Change.modified: 2>, '/workspace/app/backend/logs/app_20260527_161940.log')}
2026-05-27 16:21:22,412 - watchfiles.main - DEBUG - 1 change detected: {(<Change.modified: 2>, '/workspace/app/backend/logs/app_20260527_161940.log')}
2026-05-27 16:21:22,763 - watchfiles.main - DEBUG - 1 change detected: {(<Change.modified: 2>, '/workspace/app/backend/logs/app_20260527_161940.log')}
2026-05-27 16:21:23,114 - watchfiles.main - DEBUG - 1 change detected: {(<Change.modified: 2>, '/workspace/app/backend/logs/app_20260527_161940.log')}
2026-05-27 16:21:23,466 - watchfiles.main - DEBUG - 1 change detected: {(<Change.modified: 2>, '/workspace/app/backend/logs/app_20260527_161940.log')}
2026-05-27 16:21:23,817 - watchfiles.main - DEBUG - 1 change detected: {(<Change.modified: 2>, '/workspace/app/backend/logs/app_20260527_161940.log')}
2026-05-27 16:21:24,168 - watchfiles.main - DEBUG - 1 change detected: {(<Change.modified: 2>, '/workspace/app/backend/logs/app_20260527_161940.log')}
2026-05-27 16:21:24,518 - watchfiles.main - DEBUG - 1 change detected: {(<Change.modified: 2>, '/workspace/app/backend/logs/app_20260527_161940.log')}
2026-05-27 16:21:24,869 - watchfiles.main - DEBUG - 1 change detected: {(<Change.modified: 2>, '/workspace/app/backend/logs/app_20260527_161940.log')}
2026-05-27 16:21:25,220 - watchfiles.main - DEBUG - 1 change detected: {(<Change.modified: 2>, '/workspace/app/backend/logs/app_20260527_161940.log')}
2026-05-27 16:21:25,571 - watchfiles.main - DEBUG - 1 change detected: {(<Change.modified: 2>, '/workspace/app/backend/logs/app_20260527_161940.log')}
2026-05-27 16:21:25,923 - watchfiles.main - DEBUG - 1 change detected: {(<Change.modified: 2>, '/workspace/app/backend/logs/app_20260527_161940.log')}
2026-05-27 16:21:26,274 - watchfiles.main - DEBUG - 1 change detected: {(<Change.modified: 2>, '/workspace/app/backend/logs/app_20260527_161940.log')}
2026-05-27 16:21:26,625 - watchfiles.main - DEBUG - 1 change detected: {(<Change.modified: 2>, '/workspace/app/backend/logs/app_20260527_161940.log')}
2026-05-27 16:21:26,976 - watchfiles.main - DEBUG - 1 change detected: {(<Change.modified: 2>, '/workspace/app/backend/logs/app_20260527_161940.log')}
2026-05-27 16:21:27,327 - watchfiles.main - DEBUG - 1 change detected: {(<Change.modified: 2>, '/workspace/app/backend/logs/app_20260527_161940.log')}
2026-05-27 16:21:27,678 - watchfiles.main - DEBUG - 1 change detected: {(<Change.modified: 2>, '/workspace/app/backend/logs/app_20260527_161940.log')}
2026-05-27 16:21:28,029 - watchfiles.main - DEBUG - 1 change detected: {(<Change.modified: 2>, '/workspace/app/backend/logs/app_20260527_161940.log')}
2026-05-27 16:21:28,380 - watchfiles.main - DEBUG - 1 change detected: {(<Change.modified: 2>, '/workspace/app/backend/logs/app_20260527_161940.log')}
2026-05-27 16:21:28,731 - watchfiles.main - DEBUG - 1 change detected: {(<Change.modified: 2>, '/workspace/app/backend/logs/app_20260527_161940.log')}
2026-05-27 16:21:29,082 - watchfiles.main - DEBUG - 1 change detected: {(<Change.modified: 2>, '/workspace/app/backend/logs/app_20260527_161940.log')}
2026-05-27 16:21:29,433 - watchfiles.main - DEBUG - 1 change detected: {(<Change.modified: 2>, '/workspace/app/backend/logs/app_20260527_161940.log')}
2026-05-27 16:21:29,784 - watchfiles.main - DEBUG - 1 change detected: {(<Change.modified: 2>, '/workspace/app/backend/logs/app_20260527_161940.log')}
2026-05-27 16:21:30,136 - watchfiles.main - DEBUG - 1 change detected: {(<Change.modified: 2>, '/workspace/app/backend/logs/app_20260527_161940.log')}
2026-05-27 16:21:30,487 - watchfiles.main - DEBUG - 1 change detected: {(<Change.modified: 2>, '/workspace/app/backend/logs/app_20260527_161940.log')}
2026-05-27 16:21:30,838 - watchfiles.main - DEBUG - 1 change detected: {(<Change.modified: 2>, '/workspace/app/backend/logs/app_20260527_161940.log')}
2026-05-27 16:21:31,189 - watchfiles.main - DEBUG - 1 change detected: {(<Change.modified: 2>, '/workspace/app/backend/logs/app_20260527_161940.log')}
2026-05-27 16:21:31,540 - watchfiles.main - DEBUG - 1 change detected: {(<Change.modified: 2>, '/workspace/app/backend/logs/app_20260527_161940.log')}
2026-05-27 16:21:31,891 - watchfiles.main - DEBUG - 1 change detected: {(<Change.modified: 2>, '/workspace/app/backend/logs/app_20260527_161940.log')}
2026-05-27 16:21:32,242 - watchfiles.main - DEBUG - 1 change detected: {(<Change.modified: 2>, '/workspace/app/backend/logs/app_20260527_161940.log')}
2026-05-27 16:21:32,593 - watchfiles.main - DEBUG - 1 change detected: {(<Change.modified: 2>, '/workspace/app/backend/logs/app_20260527_161940.log')}
2026-05-27 16:21:32,944 - watchfiles.main - DEBUG - 1 change detected: {(<Change.modified: 2>, '/workspace/app/backend/logs/app_20260527_161940.log')}
2026-05-27 16:21:33,295 - watchfiles.main - DEBUG - 1 change detected: {(<Change.modified: 2>, '/workspace/app/backend/logs/app_20260527_161940.log')}
2026-05-27 16:21:33,647 - watchfiles.main - DEBUG - 1 change detected: {(<Change.modified: 2>, '/workspace/app/backend/logs/app_20260527_161940.log')}
2026-05-27 16:21:33,998 - watchfiles.main - DEBUG - 1 change detected: {(<Change.modified: 2>, '/workspace/app/backend/logs/app_20260527_161940.log')}
2026-05-27 16:21:34,349 - watchfiles.main - DEBUG - 1 change detected: {(<Change.modified: 2>, '/workspace/app/backend/logs/app_20260527_161940.log')}
2026-05-27 16:21:34,700 - watchfiles.main - DEBUG - 1 change detected: {(<Change.modified: 2>, '/workspace/app/backend/logs/app_20260527_161940.log')}
2026-05-27 16:21:35,051 - watchfiles.main - DEBUG - 1 change detected: {(<Change.modified: 2>, '/workspace/app/backend/logs/app_20260527_161940.log')}
2026-05-27 16:21:35,402 - watchfiles.main - DEBUG - 1 change detected: {(<Change.modified: 2>, '/workspace/app/backend/logs/app_20260527_161940.log')}
2026-05-27 16:21:35,753 - watchfiles.main - DEBUG - 1 change detected: {(<Change.modified: 2>, '/workspace/app/backend/logs/app_20260527_161940.log')}
2026-05-27 16:21:36,104 - watchfiles.main - DEBUG - 1 change detected: {(<Change.modified: 2>, '/workspace/app/backend/logs/app_20260527_161940.log')}
2026-05-27 16:21:36,455 - watchfiles.main - DEBUG - 1 change detected: {(<Change.modified: 2>, '/workspace/app/backend/logs/app_20260527_161940.log')}
2026-05-27 16:21:36,806 - watchfiles.main - DEBUG - 1 change detected: {(<Change.modified: 2>, '/workspace/app/backend/logs/app_20260527_161940.log')}
2026-05-27 16:21:37,157 - watchfiles.main - DEBUG - 1 change detected: {(<Change.modified: 2>, '/workspace/app/backend/logs/app_20260527_161940.log')}
2026-05-27 16:21:37,508 - watchfiles.main - DEBUG - 2 changes detected: {(<Change.modified: 2>, '/workspace/app/backend/logs/app_20260527_161942.log'), (<Change.modified: 2>, '/workspace/app/backend/logs/app_20260527_161940.log')}
2026-05-27 16:21:37,859 - watchfiles.main - DEBUG - 2 changes detected: {(<Change.modified: 2>, '/workspace/app/backend/logs/app_20260527_161942.log'), (<Change.modified: 2>, '/workspace/app/backend/logs/app_20260527_161940.log')}
2026-05-27 16:21:38,210 - watchfiles.main - DEBUG - 1 change detected: {(<Change.modified: 2>, '/workspace/app/backend/logs/app_20260527_161940.log')}
2026-05-27 16:21:38,561 - watchfiles.main - DEBUG - 1 change detected: {(<Change.modified: 2>, '/workspace/app/backend/logs/app_20260527_161940.log')}
2026-05-27 16:21:38,912 - watchfiles.main - DEBUG - 1 change detected: {(<Change.modified: 2>, '/workspace/app/backend/logs/app_20260527_161940.log')}
2026-05-27 16:21:39,263 - watchfiles.main - DEBUG - 1 change detected: {(<Change.modified: 2>, '/workspace/app/backend/logs/app_20260527_161940.log')}
2026-05-27 16:21:39,614 - watchfiles.main - DEBUG - 2 changes detected: {(<Change.modified: 2>, '/workspace/app/backend/logs/app_20260527_161942.log'), (<Change.modified: 2>, '/workspace/app/backend/logs/app_20260527_161940.log')}
2026-05-27 16:21:39,965 - watchfiles.main - DEBUG - 1 change detected: {(<Change.modified: 2>, '/workspace/app/backend/logs/app_20260527_161940.log')}
2026-05-27 16:21:40,317 - watchfiles.main - DEBUG - 2 changes detected: {(<Change.modified: 2>, '/workspace/app/backend/logs/app_20260527_161942.log'), (<Change.modified: 2>, '/workspace/app/backend/logs/app_20260527_161940.log')}
2026-05-27 16:21:40,668 - watchfiles.main - DEBUG - 1 change detected: {(<Change.modified: 2>, '/workspace/app/backend/logs/app_20260527_161940.log')}
2026-05-27 16:21:41,019 - watchfiles.main - DEBUG - 1 change detected: {(<Change.modified: 2>, '/workspace/app/backend/logs/app_20260527_161940.log')}
2026-05-27 16:21:41,370 - watchfiles.main - DEBUG - 1 change detected: {(<Change.modified: 2>, '/workspace/app/backend/logs/app_20260527_161940.log')}
2026-05-27 16:21:41,722 - watchfiles.main - DEBUG - 1 change detected: {(<Change.modified: 2>, '/workspace/app/backend/logs/app_20260527_161940.log')}
2026-05-27 16:21:42,073 - watchfiles.main - DEBUG - 1 change detected: {(<Change.modified: 2>, '/workspace/app/backend/logs/app_20260527_161940.log')}
2026-05-27 16:21:42,424 - watchfiles.main - DEBUG - 1 change detected: {(<Change.modified: 2>, '/workspace/app/backend/logs/app_20260527_161940.log')}
2026-05-27 16:21:42,775 - watchfiles.main - DEBUG - 1 change detected: {(<Change.modified: 2>, '/workspace/app/backend/logs/app_20260527_161940.log')}
2026-05-27 16:21:43,126 - watchfiles.main - DEBUG - 1 change detected: {(<Change.modified: 2>, '/workspace/app/backend/logs/app_20260527_161940.log')}
2026-05-27 16:21:43,477 - watchfiles.main - DEBUG - 1 change detected: {(<Change.modified: 2>, '/workspace/app/backend/logs/app_20260527_161940.log')}
2026-05-27 16:21:43,828 - watchfiles.main - DEBUG - 1 change detected: {(<Change.modified: 2>, '/workspace/app/backend/logs/app_20260527_161940.log')}
2026-05-27 16:21:44,179 - watchfiles.main - DEBUG - 1 change detected: {(<Change.modified: 2>, '/workspace/app/backend/logs/app_20260527_161940.log')}
2026-05-27 16:21:44,530 - watchfiles.main - DEBUG - 1 change detected: {(<Change.modified: 2>, '/workspace/app/backend/logs/app_20260527_161940.log')}
2026-05-27 16:21:44,881 - watchfiles.main - DEBUG - 1 change detected: {(<Change.modified: 2>, '/workspace/app/backend/logs/app_20260527_161940.log')}
2026-05-27 16:21:45,232 - watchfiles.main - DEBUG - 1 change detected: {(<Change.modified: 2>, '/workspace/app/backend/logs/app_20260527_161940.log')}
2026-05-27 16:21:45,583 - watchfiles.main - DEBUG - 1 change detected: {(<Change.modified: 2>, '/workspace/app/backend/logs/app_20260527_161940.log')}
2026-05-27 16:21:45,934 - watchfiles.main - DEBUG - 1 change detected: {(<Change.modified: 2>, '/workspace/app/backend/logs/app_20260527_161940.log')}
2026-05-27 16:21:46,285 - watchfiles.main - DEBUG - 1 change detected: {(<Change.modified: 2>, '/workspace/app/backend/logs/app_20260527_161940.log')}
2026-05-27 16:21:46,637 - watchfiles.main - DEBUG - 1 change detected: {(<Change.modified: 2>, '/workspace/app/backend/logs/app_20260527_161940.log')}
2026-05-27 16:21:46,988 - watchfiles.main - DEBUG - 1 change detected: {(<Change.modified: 2>, '/workspace/app/backend/logs/app_20260527_161940.log')}
2026-05-27 16:21:47,339 - watchfiles.main - DEBUG - 1 change detected: {(<Change.modified: 2>, '/workspace/app/backend/logs/app_20260527_161940.log')}
2026-05-27 16:21:47,690 - watchfiles.main - DEBUG - 1 change detected: {(<Change.modified: 2>, '/workspace/app/backend/logs/app_20260527_161940.log')}
2026-05-27 16:21:48,041 - watchfiles.main - DEBUG - 1 change detected: {(<Change.modified: 2>, '/workspace/app/backend/logs/app_20260527_161940.log')}
2026-05-27 16:21:48,393 - watchfiles.main - DEBUG - 1 change detected: {(<Change.modified: 2>, '/workspace/app/backend/logs/app_20260527_161940.log')}
2026-05-27 16:21:48,744 - watchfiles.main - DEBUG - 1 change detected: {(<Change.modified: 2>, '/workspace/app/backend/logs/app_20260527_161940.log')}
2026-05-27 16:21:49,095 - watchfiles.main - DEBUG - 1 change detected: {(<Change.modified: 2>, '/workspace/app/backend/logs/app_20260527_161940.log')}
2026-05-27 16:21:49,446 - watchfiles.main - DEBUG - 1 change detected: {(<Change.modified: 2>, '/workspace/app/backend/logs/app_20260527_161940.log')}
2026-05-27 16:21:49,796 - watchfiles.main - DEBUG - 1 change detected: {(<Change.modified: 2>, '/workspace/app/backend/logs/app_20260527_161940.log')}
2026-05-27 16:21:50,147 - watchfiles.main - DEBUG - 1 change detected: {(<Change.modified: 2>, '/workspace/app/backend/logs/app_20260527_161940.log')}
2026-05-27 16:21:50,498 - watchfiles.main - DEBUG - 1 change detected: {(<Change.modified: 2>, '/workspace/app/backend/logs/app_20260527_161940.log')}
2026-05-27 16:21:50,850 - watchfiles.main - DEBUG - 1 change detected: {(<Change.modified: 2>, '/workspace/app/backend/logs/app_20260527_161940.log')}
2026-05-27 16:21:51,201 - watchfiles.main - DEBUG - 1 change detected: {(<Change.modified: 2>, '/workspace/app/backend/logs/app_20260527_161940.log')}
2026-05-27 16:21:51,552 - watchfiles.main - DEBUG - 1 change detected: {(<Change.modified: 2>, '/workspace/app/backend/logs/app_20260527_161940.log')}
2026-05-27 16:21:51,903 - watchfiles.main - DEBUG - 1 change detected: {(<Change.modified: 2>, '/workspace/app/backend/logs/app_20260527_161940.log')}
2026-05-27 16:21:52,254 - watchfiles.main - DEBUG - 1 change detected: {(<Change.modified: 2>, '/workspace/app/backend/logs/app_20260527_161940.log')}
2026-05-27 16:21:52,605 - watchfiles.main - DEBUG - 1 change detected: {(<Change.modified: 2>, '/workspace/app/backend/logs/app_20260527_161940.log')}
2026-05-27 16:21:52,956 - watchfiles.main - DEBUG - 1 change detected: {(<Change.modified: 2>, '/workspace/app/backend/logs/app_20260527_161940.log')}
2026-05-27 16:21:53,307 - watchfiles.main - DEBUG - 1 change detected: {(<Change.modified: 2>, '/workspace/app/backend/logs/app_20260527_161940.log')}
2026-05-27 16:21:53,658 - watchfiles.main - DEBUG - 1 change detected: {(<Change.modified: 2>, '/workspace/app/backend/logs/app_20260527_161940.log')}
2026-05-27 16:21:54,009 - watchfiles.main - DEBUG - 1 change detected: {(<Change.modified: 2>, '/workspace/app/backend/logs/app_20260527_161940.log')}
2026-05-27 16:21:54,360 - watchfiles.main - DEBUG - 1 change detected: {(<Change.modified: 2>, '/workspace/app/backend/logs/app_20260527_161940.log')}
2026-05-27 16:21:54,711 - watchfiles.main - DEBUG - 1 change detected: {(<Change.modified: 2>, '/workspace/app/backend/logs/app_20260527_161940.log')}
2026-05-27 16:21:55,062 - watchfiles.main - DEBUG - 1 change detected: {(<Change.modified: 2>, '/workspace/app/backend/logs/app_20260527_161940.log')}
2026-05-27 16:21:55,413 - watchfiles.main - DEBUG - 1 change detected: {(<Change.modified: 2>, '/workspace/app/backend/logs/app_20260527_161940.log')}
2026-05-27 16:21:55,764 - watchfiles.main - DEBUG - 1 change detected: {(<Change.modified: 2>, '/workspace/app/backend/logs/app_20260527_161940.log')}
2026-05-27 16:21:56,115 - watchfiles.main - DEBUG - 1 change detected: {(<Change.modified: 2>, '/workspace/app/backend/logs/app_20260527_161940.log')}
2026-05-27 16:21:56,466 - watchfiles.main - DEBUG - 1 change detected: {(<Change.modified: 2>, '/workspace/app/backend/logs/app_20260527_161940.log')}
2026-05-27 16:21:56,817 - watchfiles.main - DEBUG - 1 change detected: {(<Change.modified: 2>, '/workspace/app/backend/logs/app_20260527_161940.log')}
2026-05-27 16:21:57,168 - watchfiles.main - DEBUG - 1 change detected: {(<Change.modified: 2>, '/workspace/app/backend/logs/app_20260527_161940.log')}
2026-05-27 16:21:57,519 - watchfiles.main - DEBUG - 1 change detected: {(<Change.modified: 2>, '/workspace/app/backend/logs/app_20260527_161940.log')}
2026-05-27 16:21:57,870 - watchfiles.main - DEBUG - 1 change detected: {(<Change.modified: 2>, '/workspace/app/backend/logs/app_20260527_161940.log')}
2026-05-27 16:21:58,221 - watchfiles.main - DEBUG - 1 change detected: {(<Change.modified: 2>, '/workspace/app/backend/logs/app_20260527_161940.log')}
2026-05-27 16:21:58,572 - watchfiles.main - DEBUG - 1 change detected: {(<Change.modified: 2>, '/workspace/app/backend/logs/app_20260527_161940.log')}
2026-05-27 16:21:58,923 - watchfiles.main - DEBUG - 1 change detected: {(<Change.modified: 2>, '/workspace/app/backend/logs/app_20260527_161940.log')}
2026-05-27 16:21:59,274 - watchfiles.main - DEBUG - 1 change detected: {(<Change.modified: 2>, '/workspace/app/backend/logs/app_20260527_161940.log')}
2026-05-27 16:21:59,625 - watchfiles.main - DEBUG - 1 change detected: {(<Change.modified: 2>, '/workspace/app/backend/logs/app_20260527_161940.log')}
2026-05-27 16:21:59,976 - watchfiles.main - DEBUG - 1 change detected: {(<Change.modified: 2>, '/workspace/app/backend/logs/app_20260527_161940.log')}
2026-05-27 16:22:00,327 - watchfiles.main - DEBUG - 1 change detected: {(<Change.modified: 2>, '/workspace/app/backend/logs/app_20260527_161940.log')}
2026-05-27 16:22:00,678 - watchfiles.main - DEBUG - 1 change detected: {(<Change.modified: 2>, '/workspace/app/backend/logs/app_20260527_161940.log')}
2026-05-27 16:22:01,029 - watchfiles.main - DEBUG - 1 change detected: {(<Change.modified: 2>, '/workspace/app/backend/logs/app_20260527_161940.log')}
2026-05-27 16:22:01,380 - watchfiles.main - DEBUG - 1 change detected: {(<Change.modified: 2>, '/workspace/app/backend/logs/app_20260527_161940.log')}
2026-05-27 16:22:01,731 - watchfiles.main - DEBUG - 1 change detected: {(<Change.modified: 2>, '/workspace/app/backend/logs/app_20260527_161940.log')}
2026-05-27 16:22:02,083 - watchfiles.main - DEBUG - 1 change detected: {(<Change.modified: 2>, '/workspace/app/backend/logs/app_20260527_161940.log')}
2026-05-27 16:22:02,434 - watchfiles.main - DEBUG - 1 change detected: {(<Change.modified: 2>, '/workspace/app/backend/logs/app_20260527_161940.log')}
2026-05-27 16:22:02,785 - watchfiles.main - DEBUG - 1 change detected: {(<Change.modified: 2>, '/workspace/app/backend/logs/app_20260527_161940.log')}
2026-05-27 16:22:03,136 - watchfiles.main - DEBUG - 1 change detected: {(<Change.modified: 2>, '/workspace/app/backend/logs/app_20260527_161940.log')}
2026-05-27 16:22:03,487 - watchfiles.main - DEBUG - 1 change detected: {(<Change.modified: 2>, '/workspace/app/backend/logs/app_20260527_161940.log')}
2026-05-27 16:22:03,838 - watchfiles.main - DEBUG - 1 change detected: {(<Change.modified: 2>, '/workspace/app/backend/logs/app_20260527_161940.log')}
2026-05-27 16:22:04,189 - watchfiles.main - DEBUG - 1 change detected: {(<Change.modified: 2>, '/workspace/app/backend/logs/app_20260527_161940.log')}
2026-05-27 16:22:04,540 - watchfiles.main - DEBUG - 1 change detected: {(<Change.modified: 2>, '/workspace/app/backend/logs/app_20260527_161940.log')}
2026-05-27 16:22:04,891 - watchfiles.main - DEBUG - 1 change detected: {(<Change.modified: 2>, '/workspace/app/backend/logs/app_20260527_161940.log')}
2026-05-27 16:22:05,243 - watchfiles.main - DEBUG - 1 change detected: {(<Change.modified: 2>, '/workspace/app/backend/logs/app_20260527_161940.log')}
2026-05-27 16:22:05,594 - watchfiles.main - DEBUG - 1 change detected: {(<Change.modified: 2>, '/workspace/app/backend/logs/app_20260527_161940.log')}
2026-05-27 16:22:05,944 - watchfiles.main - DEBUG - 1 change detected: {(<Change.modified: 2>, '/workspace/app/backend/logs/app_20260527_161940.log')}
2026-05-27 16:22:06,295 - watchfiles.main - DEBUG - 1 change detected: {(<Change.modified: 2>, '/workspace/app/backend/logs/app_20260527_161940.log')}
2026-05-27 16:22:06,646 - watchfiles.main - DEBUG - 1 change detected: {(<Change.modified: 2>, '/workspace/app/backend/logs/app_20260527_161940.log')}
2026-05-27 16:22:06,998 - watchfiles.main - DEBUG - 1 change detected: {(<Change.modified: 2>, '/workspace/app/backend/logs/app_20260527_161940.log')}
2026-05-27 16:22:07,349 - watchfiles.main - DEBUG - 1 change detected: {(<Change.modified: 2>, '/workspace/app/backend/logs/app_20260527_161940.log')}
2026-05-27 16:22:07,751 - watchfiles.main - DEBUG - 2 changes detected: {(<Change.modified: 2>, '/workspace/app/backend/logs/app_20260527_161942.log'), (<Change.modified: 2>, '/workspace/app/backend/logs/app_20260527_161940.log')}
2026-05-27 16:22:08,102 - watchfiles.main - DEBUG - 1 change detected: {(<Change.modified: 2>, '/workspace/app/backend/logs/app_20260527_161940.log')}
2026-05-27 16:22:08,453 - watchfiles.main - DEBUG - 2 changes detected: {(<Change.modified: 2>, '/workspace/app/backend/logs/app_20260527_161942.log'), (<Change.modified: 2>, '/workspace/app/backend/logs/app_20260527_161940.log')}
2026-05-27 16:22:08,804 - watchfiles.main - DEBUG - 1 change detected: {(<Change.modified: 2>, '/workspace/app/backend/logs/app_20260527_161940.log')}
2026-05-27 16:22:09,155 - watchfiles.main - DEBUG - 1 change detected: {(<Change.modified: 2>, '/workspace/app/backend/logs/app_20260527_161940.log')}
2026-05-27 16:22:09,506 - watchfiles.main - DEBUG - 1 change detected: {(<Change.modified: 2>, '/workspace/app/backend/logs/app_20260527_161940.log')}
2026-05-27 16:22:09,857 - watchfiles.main - DEBUG - 1 change detected: {(<Change.modified: 2>, '/workspace/app/backend/logs/app_20260527_161940.log')}
2026-05-27 16:22:10,208 - watchfiles.main - DEBUG - 1 change detected: {(<Change.modified: 2>, '/workspace/app/backend/logs/app_20260527_161940.log')}
2026-05-27 16:22:10,559 - watchfiles.main - DEBUG - 1 change detected: {(<Change.modified: 2>, '/workspace/app/backend/logs/app_20260527_161940.log')}
2026-05-27 16:22:10,910 - watchfiles.main - DEBUG - 1 change detected: {(<Change.modified: 2>, '/workspace/app/backend/logs/app_20260527_161940.log')}
2026-05-27 16:22:11,261 - watchfiles.main - DEBUG - 1 change detected: {(<Change.modified: 2>, '/workspace/app/backend/logs/app_20260527_161940.log')}
2026-05-27 16:22:11,612 - watchfiles.main - DEBUG - 1 change detected: {(<Change.modified: 2>, '/workspace/app/backend/logs/app_20260527_161940.log')}
2026-05-27 16:22:11,963 - watchfiles.main - DEBUG - 1 change detected: {(<Change.modified: 2>, '/workspace/app/backend/logs/app_20260527_161940.log')}
2026-05-27 16:22:12,314 - watchfiles.main - DEBUG - 1 change detected: {(<Change.modified: 2>, '/workspace/app/backend/logs/app_20260527_161940.log')}
2026-05-27 16:22:12,665 - watchfiles.main - DEBUG - 1 change detected: {(<Change.modified: 2>, '/workspace/app/backend/logs/app_20260527_161940.log')}
2026-05-27 16:22:13,015 - watchfiles.main - DEBUG - 1 change detected: {(<Change.modified: 2>, '/workspace/app/backend/logs/app_20260527_161940.log')}
2026-05-27 16:22:13,366 - watchfiles.main - DEBUG - 1 change detected: {(<Change.modified: 2>, '/workspace/app/backend/logs/app_20260527_161940.log')}
2026-05-27 16:22:13,717 - watchfiles.main - DEBUG - 1 change detected: {(<Change.modified: 2>, '/workspace/app/backend/logs/app_20260527_161940.log')}
2026-05-27 16:22:14,068 - watchfiles.main - DEBUG - 1 change detected: {(<Change.modified: 2>, '/workspace/app/backend/logs/app_20260527_161940.log')}
2026-05-27 16:22:14,419 - watchfiles.main - DEBUG - 1 change detected: {(<Change.modified: 2>, '/workspace/app/backend/logs/app_20260527_161940.log')}
2026-05-27 16:22:14,770 - watchfiles.main - DEBUG - 1 change detected: {(<Change.modified: 2>, '/workspace/app/backend/logs/app_20260527_161940.log')}
2026-05-27 16:22:15,121 - watchfiles.main - DEBUG - 1 change detected: {(<Change.modified: 2>, '/workspace/app/backend/logs/app_20260527_161940.log')}
2026-05-27 16:22:15,472 - watchfiles.main - DEBUG - 1 change detected: {(<Change.modified: 2>, '/workspace/app/backend/logs/app_20260527_161940.log')}
2026-05-27 16:22:15,823 - watchfiles.main - DEBUG - 1 change detected: {(<Change.modified: 2>, '/workspace/app/backend/logs/app_20260527_161940.log')}
2026-05-27 16:22:16,174 - watchfiles.main - DEBUG - 1 change detected: {(<Change.modified: 2>, '/workspace/app/backend/logs/app_20260527_161940.log')}
2026-05-27 16:22:16,525 - watchfiles.main - DEBUG - 1 change detected: {(<Change.modified: 2>, '/workspace/app/backend/logs/app_20260527_161940.log')}
2026-05-27 16:22:16,876 - watchfiles.main - DEBUG - 1 change detected: {(<Change.modified: 2>, '/workspace/app/backend/logs/app_20260527_161940.log')}
2026-05-27 16:22:17,227 - watchfiles.main - DEBUG - 1 change detected: {(<Change.modified: 2>, '/workspace/app/backend/logs/app_20260527_161940.log')}
2026-05-27 16:22:17,578 - watchfiles.main - DEBUG - 1 change detected: {(<Change.modified: 2>, '/workspace/app/backend/logs/app_20260527_161940.log')}
2026-05-27 16:22:17,929 - watchfiles.main - DEBUG - 1 change detected: {(<Change.modified: 2>, '/workspace/app/backend/logs/app_20260527_161940.log')}
2026-05-27 16:22:18,280 - watchfiles.main - DEBUG - 1 change detected: {(<Change.modified: 2>, '/workspace/app/backend/logs/app_20260527_161940.log')}
2026-05-27 16:22:18,631 - watchfiles.main - DEBUG - 1 change detected: {(<Change.modified: 2>, '/workspace/app/backend/logs/app_20260527_161940.log')}
2026-05-27 16:22:18,982 - watchfiles.main - DEBUG - 1 change detected: {(<Change.modified: 2>, '/workspace/app/backend/logs/app_20260527_161940.log')}
2026-05-27 16:22:19,333 - watchfiles.main - DEBUG - 1 change detected: {(<Change.modified: 2>, '/workspace/app/backend/logs/app_20260527_161940.log')}
2026-05-27 16:22:19,684 - watchfiles.main - DEBUG - 1 change detected: {(<Change.modified: 2>, '/workspace/app/backend/logs/app_20260527_161940.log')}
2026-05-27 16:22:20,035 - watchfiles.main - DEBUG - 1 change detected: {(<Change.modified: 2>, '/workspace/app/backend/logs/app_20260527_161940.log')}
2026-05-27 16:22:20,386 - watchfiles.main - DEBUG - 1 change detected: {(<Change.modified: 2>, '/workspace/app/backend/logs/app_20260527_161940.log')}
2026-05-27 16:22:20,737 - watchfiles.main - DEBUG - 1 change detected: {(<Change.modified: 2>, '/workspace/app/backend/logs/app_20260527_161940.log')}
2026-05-27 16:22:21,088 - watchfiles.main - DEBUG - 1 change detected: {(<Change.modified: 2>, '/workspace/app/backend/logs/app_20260527_161940.log')}
2026-05-27 16:22:21,439 - watchfiles.main - DEBUG - 1 change detected: {(<Change.modified: 2>, '/workspace/app/backend/logs/app_20260527_161940.log')}
2026-05-27 16:22:21,790 - watchfiles.main - DEBUG - 1 change detected: {(<Change.modified: 2>, '/workspace/app/backend/logs/app_20260527_161940.log')}
2026-05-27 16:22:22,141 - watchfiles.main - DEBUG - 1 change detected: {(<Change.modified: 2>, '/workspace/app/backend/logs/app_20260527_161940.log')}
2026-05-27 16:22:22,492 - watchfiles.main - DEBUG - 1 change detected: {(<Change.modified: 2>, '/workspace/app/backend/logs/app_20260527_161940.log')}
2026-05-27 16:22:22,843 - watchfiles.main - DEBUG - 1 change detected: {(<Change.modified: 2>, '/workspace/app/backend/logs/app_20260527_161940.log')}
2026-05-27 16:22:23,194 - watchfiles.main - DEBUG - 1 change detected: {(<Change.modified: 2>, '/workspace/app/backend/logs/app_20260527_161940.log')}
2026-05-27 16:22:23,545 - watchfiles.main - DEBUG - 1 change detected: {(<Change.modified: 2>, '/workspace/app/backend/logs/app_20260527_161940.log')}
2026-05-27 16:22:23,896 - watchfiles.main - DEBUG - 1 change detected: {(<Change.modified: 2>, '/workspace/app/backend/logs/app_20260527_161940.log')}
2026-05-27 16:22:24,247 - watchfiles.main - DEBUG - 1 change detected: {(<Change.modified: 2>, '/workspace/app/backend/logs/app_20260527_161940.log')}
2026-05-27 16:22:24,598 - watchfiles.main - DEBUG - 1 change detected: {(<Change.modified: 2>, '/workspace/app/backend/logs/app_20260527_161940.log')}
2026-05-27 16:22:24,949 - watchfiles.main - DEBUG - 1 change detected: {(<Change.modified: 2>, '/workspace/app/backend/logs/app_20260527_161940.log')}
2026-05-27 16:22:25,300 - watchfiles.main - DEBUG - 1 change detected: {(<Change.modified: 2>, '/workspace/app/backend/logs/app_20260527_161940.log')}
2026-05-27 16:22:25,651 - watchfiles.main - DEBUG - 1 change detected: {(<Change.modified: 2>, '/workspace/app/backend/logs/app_20260527_161940.log')}
2026-05-27 16:22:26,002 - watchfiles.main - DEBUG - 1 change detected: {(<Change.modified: 2>, '/workspace/app/backend/logs/app_20260527_161940.log')}
2026-05-27 16:22:26,353 - watchfiles.main - DEBUG - 1 change detected: {(<Change.modified: 2>, '/workspace/app/backend/logs/app_20260527_161940.log')}
2026-05-27 16:22:26,704 - watchfiles.main - DEBUG - 1 change detected: {(<Change.modified: 2>, '/workspace/app/backend/logs/app_20260527_161940.log')}
2026-05-27 16:22:27,055 - watchfiles.main - DEBUG - 1 change detected: {(<Change.modified: 2>, '/workspace/app/backend/logs/app_20260527_161940.log')}
2026-05-27 16:22:27,406 - watchfiles.main - DEBUG - 1 change detected: {(<Change.modified: 2>, '/workspace/app/backend/logs/app_20260527_161940.log')}
2026-05-27 16:22:27,757 - watchfiles.main - DEBUG - 1 change detected: {(<Change.modified: 2>, '/workspace/app/backend/logs/app_20260527_161940.log')}
2026-05-27 16:22:28,108 - watchfiles.main - DEBUG - 1 change detected: {(<Change.modified: 2>, '/workspace/app/backend/logs/app_20260527_161940.log')}
2026-05-27 16:22:28,459 - watchfiles.main - DEBUG - 1 change detected: {(<Change.modified: 2>, '/workspace/app/backend/logs/app_20260527_161940.log')}
2026-05-27 16:22:28,810 - watchfiles.main - DEBUG - 1 change detected: {(<Change.modified: 2>, '/workspace/app/backend/logs/app_20260527_161940.log')}
2026-05-27 16:22:29,161 - watchfiles.main - DEBUG - 1 change detected: {(<Change.modified: 2>, '/workspace/app/backend/logs/app_20260527_161940.log')}
2026-05-27 16:22:29,512 - watchfiles.main - DEBUG - 1 change detected: {(<Change.modified: 2>, '/workspace/app/backend/logs/app_20260527_161940.log')}
2026-05-27 16:22:29,863 - watchfiles.main - DEBUG - 1 change detected: {(<Change.modified: 2>, '/workspace/app/backend/logs/app_20260527_161940.log')}
2026-05-27 16:22:30,214 - watchfiles.main - DEBUG - 1 change detected: {(<Change.modified: 2>, '/workspace/app/backend/logs/app_20260527_161940.log')}
2026-05-27 16:22:30,566 - watchfiles.main - DEBUG - 1 change detected: {(<Change.modified: 2>, '/workspace/app/backend/logs/app_20260527_161940.log')}
2026-05-27 16:22:30,916 - watchfiles.main - DEBUG - 1 change detected: {(<Change.modified: 2>, '/workspace/app/backend/logs/app_20260527_161940.log')}
2026-05-27 16:22:31,267 - watchfiles.main - DEBUG - 1 change detected: {(<Change.modified: 2>, '/workspace/app/backend/logs/app_20260527_161940.log')}
2026-05-27 16:22:31,618 - watchfiles.main - DEBUG - 1 change detected: {(<Change.modified: 2>, '/workspace/app/backend/logs/app_20260527_161940.log')}
2026-05-27 16:22:31,969 - watchfiles.main - DEBUG - 1 change detected: {(<Change.modified: 2>, '/workspace/app/backend/logs/app_20260527_161940.log')}
2026-05-27 16:22:32,320 - watchfiles.main - DEBUG - 1 change detected: {(<Change.modified: 2>, '/workspace/app/backend/logs/app_20260527_161940.log')}
2026-05-27 16:22:32,671 - watchfiles.main - DEBUG - 1 change detected: {(<Change.modified: 2>, '/workspace/app/backend/logs/app_20260527_161940.log')}
2026-05-27 16:22:33,022 - watchfiles.main - DEBUG - 1 change detected: {(<Change.modified: 2>, '/workspace/app/backend/logs/app_20260527_161940.log')}
2026-05-27 16:22:33,373 - watchfiles.main - DEBUG - 1 change detected: {(<Change.modified: 2>, '/workspace/app/backend/logs/app_20260527_161940.log')}
2026-05-27 16:22:33,725 - watchfiles.main - DEBUG - 1 change detected: {(<Change.modified: 2>, '/workspace/app/backend/logs/app_20260527_161940.log')}
2026-05-27 16:22:34,076 - watchfiles.main - DEBUG - 1 change detected: {(<Change.modified: 2>, '/workspace/app/backend/logs/app_20260527_161940.log')}
2026-05-27 16:22:34,427 - watchfiles.main - DEBUG - 1 change detected: {(<Change.modified: 2>, '/workspace/app/backend/logs/app_20260527_161940.log')}
2026-05-27 16:22:34,779 - watchfiles.main - DEBUG - 1 change detected: {(<Change.modified: 2>, '/workspace/app/backend/logs/app_20260527_161940.log')}
2026-05-27 16:22:35,130 - watchfiles.main - DEBUG - 1 change detected: {(<Change.modified: 2>, '/workspace/app/backend/logs/app_20260527_161940.log')}
2026-05-27 16:22:35,481 - watchfiles.main - DEBUG - 1 change detected: {(<Change.modified: 2>, '/workspace/app/backend/logs/app_20260527_161940.log')}
2026-05-27 16:22:35,832 - watchfiles.main - DEBUG - 1 change detected: {(<Change.modified: 2>, '/workspace/app/backend/logs/app_20260527_161940.log')}
2026-05-27 16:22:36,183 - watchfiles.main - DEBUG - 1 change detected: {(<Change.modified: 2>, '/workspace/app/backend/logs/app_20260527_161940.log')}
2026-05-27 16:22:36,534 - watchfiles.main - DEBUG - 1 change detected: {(<Change.modified: 2>, '/workspace/app/backend/logs/app_20260527_161940.log')}
2026-05-27 16:22:36,885 - watchfiles.main - DEBUG - 1 change detected: {(<Change.modified: 2>, '/workspace/app/backend/logs/app_20260527_161940.log')}
2026-05-27 16:22:37,236 - watchfiles.main - DEBUG - 1 change detected: {(<Change.modified: 2>, '/workspace/app/backend/logs/app_20260527_161940.log')}
2026-05-27 16:22:37,587 - watchfiles.main - DEBUG - 1 change detected: {(<Change.modified: 2>, '/workspace/app/backend/logs/app_20260527_161940.log')}
2026-05-27 16:22:37,938 - watchfiles.main - DEBUG - 2 changes detected: {(<Change.modified: 2>, '/workspace/app/backend/logs/app_20260527_161942.log'), (<Change.modified: 2>, '/workspace/app/backend/logs/app_20260527_161940.log')}
2026-05-27 16:22:38,289 - watchfiles.main - DEBUG - 2 changes detected: {(<Change.modified: 2>, '/workspace/app/backend/logs/app_20260527_161942.log'), (<Change.modified: 2>, '/workspace/app/backend/logs/app_20260527_161940.log')}
2026-05-27 16:22:38,640 - watchfiles.main - DEBUG - 1 change detected: {(<Change.modified: 2>, '/workspace/app/backend/logs/app_20260527_161940.log')}
2026-05-27 16:22:38,991 - watchfiles.main - DEBUG - 1 change detected: {(<Change.modified: 2>, '/workspace/app/backend/logs/app_20260527_161940.log')}
2026-05-27 16:22:39,342 - watchfiles.main - DEBUG - 1 change detected: {(<Change.modified: 2>, '/workspace/app/backend/logs/app_20260527_161940.log')}
2026-05-27 16:22:39,694 - watchfiles.main - DEBUG - 1 change detected: {(<Change.modified: 2>, '/workspace/app/backend/logs/app_20260527_161940.log')}
2026-05-27 16:22:40,045 - watchfiles.main - DEBUG - 1 change detected: {(<Change.modified: 2>, '/workspace/app/backend/logs/app_20260527_161940.log')}
2026-05-27 16:22:40,396 - watchfiles.main - DEBUG - 1 change detected: {(<Change.modified: 2>, '/workspace/app/backend/logs/app_20260527_161940.log')}
2026-05-27 16:22:40,748 - watchfiles.main - DEBUG - 1 change detected: {(<Change.modified: 2>, '/workspace/app/backend/logs/app_20260527_161940.log')}
2026-05-27 16:22:41,099 - watchfiles.main - DEBUG - 1 change detected: {(<Change.modified: 2>, '/workspace/app/backend/logs/app_20260527_161940.log')}
2026-05-27 16:22:41,451 - watchfiles.main - DEBUG - 1 change detected: {(<Change.modified: 2>, '/workspace/app/backend/logs/app_20260527_161940.log')}
2026-05-27 16:22:41,802 - watchfiles.main - DEBUG - 1 change detected: {(<Change.modified: 2>, '/workspace/app/backend/logs/app_20260527_161940.log')}
2026-05-27 16:22:42,154 - watchfiles.main - DEBUG - 1 change detected: {(<Change.modified: 2>, '/workspace/app/backend/logs/app_20260527_161940.log')}
2026-05-27 16:22:42,505 - watchfiles.main - DEBUG - 1 change detected: {(<Change.modified: 2>, '/workspace/app/backend/logs/app_20260527_161940.log')}
2026-05-27 16:22:42,856 - watchfiles.main - DEBUG - 1 change detected: {(<Change.modified: 2>, '/workspace/app/backend/logs/app_20260527_161940.log')}
2026-05-27 16:22:43,208 - watchfiles.main - DEBUG - 1 change detected: {(<Change.modified: 2>, '/workspace/app/backend/logs/app_20260527_161940.log')}
2026-05-27 16:22:43,559 - watchfiles.main - DEBUG - 1 change detected: {(<Change.modified: 2>, '/workspace/app/backend/logs/app_20260527_161940.log')}
2026-05-27 16:22:43,910 - watchfiles.main - DEBUG - 1 change detected: {(<Change.modified: 2>, '/workspace/app/backend/logs/app_20260527_161940.log')}
2026-05-27 16:22:44,261 - watchfiles.main - DEBUG - 1 change detected: {(<Change.modified: 2>, '/workspace/app/backend/logs/app_20260527_161940.log')}
2026-05-27 16:22:44,612 - watchfiles.main - DEBUG - 1 change detected: {(<Change.modified: 2>, '/workspace/app/backend/logs/app_20260527_161940.log')}
2026-05-27 16:22:44,963 - watchfiles.main - DEBUG - 1 change detected: {(<Change.modified: 2>, '/workspace/app/backend/logs/app_20260527_161940.log')}
2026-05-27 16:22:45,314 - watchfiles.main - DEBUG - 1 change detected: {(<Change.modified: 2>, '/workspace/app/backend/logs/app_20260527_161940.log')}
2026-05-27 16:22:45,665 - watchfiles.main - DEBUG - 1 change detected: {(<Change.modified: 2>, '/workspace/app/backend/logs/app_20260527_161940.log')}
2026-05-27 16:22:46,016 - watchfiles.main - DEBUG - 1 change detected: {(<Change.modified: 2>, '/workspace/app/backend/logs/app_20260527_161940.log')}
2026-05-27 16:22:46,367 - watchfiles.main - DEBUG - 1 change detected: {(<Change.modified: 2>, '/workspace/app/backend/logs/app_20260527_161940.log')}
2026-05-27 16:22:46,718 - watchfiles.main - DEBUG - 1 change detected: {(<Change.modified: 2>, '/workspace/app/backend/logs/app_20260527_161940.log')}
2026-05-27 16:22:47,069 - watchfiles.main - DEBUG - 1 change detected: {(<Change.modified: 2>, '/workspace/app/backend/logs/app_20260527_161940.log')}
2026-05-27 16:22:47,420 - watchfiles.main - DEBUG - 1 change detected: {(<Change.modified: 2>, '/workspace/app/backend/logs/app_20260527_161940.log')}
2026-05-27 16:22:47,771 - watchfiles.main - DEBUG - 1 change detected: {(<Change.modified: 2>, '/workspace/app/backend/logs/app_20260527_161940.log')}
2026-05-27 16:22:48,122 - watchfiles.main - DEBUG - 2 changes detected: {(<Change.modified: 2>, '/workspace/app/backend/logs/app_20260527_161942.log'), (<Change.modified: 2>, '/workspace/app/backend/logs/app_20260527_161940.log')}
2026-05-27 16:22:48,473 - watchfiles.main - DEBUG - 1 change detected: {(<Change.modified: 2>, '/workspace/app/backend/logs/app_20260527_161940.log')}
2026-05-27 16:22:48,824 - watchfiles.main - DEBUG - 2 changes detected: {(<Change.modified: 2>, '/workspace/app/backend/logs/app_20260527_161942.log'), (<Change.modified: 2>, '/workspace/app/backend/logs/app_20260527_161940.log')}
2026-05-27 16:22:49,176 - watchfiles.main - DEBUG - 1 change detected: {(<Change.modified: 2>, '/workspace/app/backend/logs/app_20260527_161940.log')}
2026-05-27 16:22:49,527 - watchfiles.main - DEBUG - 1 change detected: {(<Change.modified: 2>, '/workspace/app/backend/logs/app_20260527_161940.log')}
2026-05-27 16:22:49,878 - watchfiles.main - DEBUG - 1 change detected: {(<Change.modified: 2>, '/workspace/app/backend/logs/app_20260527_161940.log')}
2026-05-27 16:22:50,229 - watchfiles.main - DEBUG - 2 changes detected: {(<Change.modified: 2>, '/workspace/app/backend/logs/app_20260527_161942.log'), (<Change.modified: 2>, '/workspace/app/backend/logs/app_20260527_161940.log')}
2026-05-27 16:22:50,580 - watchfiles.main - DEBUG - 1 change detected: {(<Change.modified: 2>, '/workspace/app/backend/logs/app_20260527_161940.log')}
2026-05-27 16:22:50,931 - watchfiles.main - DEBUG - 2 changes detected: {(<Change.modified: 2>, '/workspace/app/backend/logs/app_20260527_161942.log'), (<Change.modified: 2>, '/workspace/app/backend/logs/app_20260527_161940.log')}
2026-05-27 16:22:51,282 - watchfiles.main - DEBUG - 1 change detected: {(<Change.modified: 2>, '/workspace/app/backend/logs/app_20260527_161940.log')}
2026-05-27 16:22:51,633 - watchfiles.main - DEBUG - 1 change detected: {(<Change.modified: 2>, '/workspace/app/backend/logs/app_20260527_161940.log')}
2026-05-27 16:22:51,984 - watchfiles.main - DEBUG - 1 change detected: {(<Change.modified: 2>, '/workspace/app/backend/logs/app_20260527_161940.log')}
2026-05-27 16:22:52,335 - watchfiles.main - DEBUG - 1 change detected: {(<Change.modified: 2>, '/workspace/app/backend/logs/app_20260527_161940.log')}
2026-05-27 16:22:52,686 - watchfiles.main - DEBUG - 1 change detected: {(<Change.modified: 2>, '/workspace/app/backend/logs/app_20260527_161940.log')}
2026-05-27 16:22:53,037 - watchfiles.main - DEBUG - 1 change detected: {(<Change.modified: 2>, '/workspace/app/backend/logs/app_20260527_161940.log')}
2026-05-27 16:22:53,388 - watchfiles.main - DEBUG - 1 change detected: {(<Change.modified: 2>, '/workspace/app/backend/logs/app_20260527_161940.log')}
2026-05-27 16:22:53,739 - watchfiles.main - DEBUG - 1 change detected: {(<Change.modified: 2>, '/workspace/app/backend/logs/app_20260527_161940.log')}
2026-05-27 16:22:54,090 - watchfiles.main - DEBUG - 1 change detected: {(<Change.modified: 2>, '/workspace/app/backend/logs/app_20260527_161940.log')}
2026-05-27 16:22:54,441 - watchfiles.main - DEBUG - 1 change detected: {(<Change.modified: 2>, '/workspace/app/backend/logs/app_20260527_161940.log')}
2026-05-27 16:22:54,792 - watchfiles.main - DEBUG - 1 change detected: {(<Change.modified: 2>, '/workspace/app/backend/logs/app_20260527_161940.log')}
2026-05-27 16:22:55,144 - watchfiles.main - DEBUG - 1 change detected: {(<Change.modified: 2>, '/workspace/app/backend/logs/app_20260527_161940.log')}
2026-05-27 16:22:55,495 - watchfiles.main - DEBUG - 1 change detected: {(<Change.modified: 2>, '/workspace/app/backend/logs/app_20260527_161940.log')}
2026-05-27 16:22:55,846 - watchfiles.main - DEBUG - 1 change detected: {(<Change.modified: 2>, '/workspace/app/backend/logs/app_20260527_161940.log')}
2026-05-27 16:22:56,197 - watchfiles.main - DEBUG - 1 change detected: {(<Change.modified: 2>, '/workspace/app/backend/logs/app_20260527_161940.log')}
2026-05-27 16:22:56,548 - watchfiles.main - DEBUG - 1 change detected: {(<Change.modified: 2>, '/workspace/app/backend/logs/app_20260527_161940.log')}
2026-05-27 16:22:56,899 - watchfiles.main - DEBUG - 1 change detected: {(<Change.modified: 2>, '/workspace/app/backend/logs/app_20260527_161940.log')}
2026-05-27 16:22:57,250 - watchfiles.main - DEBUG - 1 change detected: {(<Change.modified: 2>, '/workspace/app/backend/logs/app_20260527_161940.log')}
2026-05-27 16:22:57,601 - watchfiles.main - DEBUG - 1 change detected: {(<Change.modified: 2>, '/workspace/app/backend/logs/app_20260527_161940.log')}
2026-05-27 16:22:57,952 - watchfiles.main - DEBUG - 1 change detected: {(<Change.modified: 2>, '/workspace/app/backend/logs/app_20260527_161940.log')}
2026-05-27 16:22:58,304 - watchfiles.main - DEBUG - 1 change detected: {(<Change.modified: 2>, '/workspace/app/backend/logs/app_20260527_161940.log')}
2026-05-27 16:22:58,655 - watchfiles.main - DEBUG - 1 change detected: {(<Change.modified: 2>, '/workspace/app/backend/logs/app_20260527_161940.log')}
2026-05-27 16:22:59,006 - watchfiles.main - DEBUG - 1 change detected: {(<Change.modified: 2>, '/workspace/app/backend/logs/app_20260527_161940.log')}
2026-05-27 16:22:59,357 - watchfiles.main - DEBUG - 2 changes detected: {(<Change.modified: 2>, '/workspace/app/backend/logs/app_20260527_161942.log'), (<Change.modified: 2>, '/workspace/app/backend/logs/app_20260527_161940.log')}
2026-05-27 16:22:59,708 - watchfiles.main - DEBUG - 1 change detected: {(<Change.modified: 2>, '/workspace/app/backend/logs/app_20260527_161940.log')}
2026-05-27 16:23:00,060 - watchfiles.main - DEBUG - 2 changes detected: {(<Change.modified: 2>, '/workspace/app/backend/logs/app_20260527_161942.log'), (<Change.modified: 2>, '/workspace/app/backend/logs/app_20260527_161940.log')}
2026-05-27 16:23:00,411 - watchfiles.main - DEBUG - 2 changes detected: {(<Change.modified: 2>, '/workspace/app/backend/logs/app_20260527_161942.log'), (<Change.modified: 2>, '/workspace/app/backend/logs/app_20260527_161940.log')}
2026-05-27 16:23:00,762 - watchfiles.main - DEBUG - 2 changes detected: {(<Change.modified: 2>, '/workspace/app/backend/logs/app_20260527_161942.log'), (<Change.modified: 2>, '/workspace/app/backend/logs/app_20260527_161940.log')}
2026-05-27 16:23:01,114 - watchfiles.main - DEBUG - 1 change detected: {(<Change.modified: 2>, '/workspace/app/backend/logs/app_20260527_161940.log')}
2026-05-27 16:23:01,465 - watchfiles.main - DEBUG - 2 changes detected: {(<Change.modified: 2>, '/workspace/app/backend/logs/app_20260527_161942.log'), (<Change.modified: 2>, '/workspace/app/backend/logs/app_20260527_161940.log')}
2026-05-27 16:23:01,816 - watchfiles.main - DEBUG - 2 changes detected: {(<Change.modified: 2>, '/workspace/app/backend/logs/app_20260527_161942.log'), (<Change.modified: 2>, '/workspace/app/backend/logs/app_20260527_161940.log')}
2026-05-27 16:23:02,167 - watchfiles.main - DEBUG - 1 change detected: {(<Change.modified: 2>, '/workspace/app/backend/logs/app_20260527_161940.log')}
2026-05-27 16:23:02,568 - watchfiles.main - DEBUG - 2 changes detected: {(<Change.modified: 2>, '/workspace/app/backend/logs/app_20260527_161942.log'), (<Change.modified: 2>, '/workspace/app/backend/logs/app_20260527_161940.log')}
2026-05-27 16:23:02,919 - watchfiles.main - DEBUG - 2 changes detected: {(<Change.modified: 2>, '/workspace/app/backend/logs/app_20260527_161942.log'), (<Change.modified: 2>, '/workspace/app/backend/logs/app_20260527_161940.log')}
2026-05-27 16:23:03,270 - watchfiles.main - DEBUG - 2 changes detected: {(<Change.modified: 2>, '/workspace/app/backend/logs/app_20260527_161942.log'), (<Change.modified: 2>, '/workspace/app/backend/logs/app_20260527_161940.log')}
2026-05-27 16:23:03,621 - watchfiles.main - DEBUG - 2 changes detected: {(<Change.modified: 2>, '/workspace/app/backend/logs/app_20260527_161942.log'), (<Change.modified: 2>, '/workspace/app/backend/logs/app_20260527_161940.log')}
2026-05-27 16:23:03,973 - watchfiles.main - DEBUG - 1 change detected: {(<Change.modified: 2>, '/workspace/app/backend/logs/app_20260527_161940.log')}
2026-05-27 16:23:04,324 - watchfiles.main - DEBUG - 2 changes detected: {(<Change.modified: 2>, '/workspace/app/backend/logs/app_20260527_161942.log'), (<Change.modified: 2>, '/workspace/app/backend/logs/app_20260527_161940.log')}
2026-05-27 16:23:04,675 - watchfiles.main - DEBUG - 1 change detected: {(<Change.modified: 2>, '/workspace/app/backend/logs/app_20260527_161940.log')}
2026-05-27 16:23:05,028 - watchfiles.main - DEBUG - 1 change detected: {(<Change.modified: 2>, '/workspace/app/backend/logs/app_20260527_161940.log')}
2026-05-27 16:23:05,380 - watchfiles.main - DEBUG - 1 change detected: {(<Change.modified: 2>, '/workspace/app/backend/logs/app_20260527_161940.log')}
2026-05-27 16:23:05,731 - watchfiles.main - DEBUG - 1 change detected: {(<Change.modified: 2>, '/workspace/app/backend/logs/app_20260527_161940.log')}
2026-05-27 16:23:06,082 - watchfiles.main - DEBUG - 1 change detected: {(<Change.modified: 2>, '/workspace/app/backend/logs/app_20260527_161940.log')}
2026-05-27 16:23:06,433 - watchfiles.main - DEBUG - 1 change detected: {(<Change.modified: 2>, '/workspace/app/backend/logs/app_20260527_161940.log')}
2026-05-27 16:23:06,784 - watchfiles.main - DEBUG - 1 change detected: {(<Change.modified: 2>, '/workspace/app/backend/logs/app_20260527_161940.log')}
2026-05-27 16:23:07,135 - watchfiles.main - DEBUG - 1 change detected: {(<Change.modified: 2>, '/workspace/app/backend/logs/app_20260527_161940.log')}
2026-05-27 16:23:07,486 - watchfiles.main - DEBUG - 1 change detected: {(<Change.modified: 2>, '/workspace/app/backend/logs/app_20260527_161940.log')}
2026-05-27 16:23:07,838 - watchfiles.main - DEBUG - 1 change detected: {(<Change.modified: 2>, '/workspace/app/backend/logs/app_20260527_161940.log')}
2026-05-27 16:23:08,189 - watchfiles.main - DEBUG - 1 change detected: {(<Change.modified: 2>, '/workspace/app/backend/logs/app_20260527_161940.log')}
2026-05-27 16:23:08,540 - watchfiles.main - DEBUG - 1 change detected: {(<Change.modified: 2>, '/workspace/app/backend/logs/app_20260527_161940.log')}
2026-05-27 16:23:08,891 - watchfiles.main - DEBUG - 1 change detected: {(<Change.modified: 2>, '/workspace/app/backend/logs/app_20260527_161940.log')}
2026-05-27 16:23:09,242 - watchfiles.main - DEBUG - 1 change detected: {(<Change.modified: 2>, '/workspace/app/backend/logs/app_20260527_161940.log')}
2026-05-27 16:23:09,593 - watchfiles.main - DEBUG - 1 change detected: {(<Change.modified: 2>, '/workspace/app/backend/logs/app_20260527_161940.log')}
2026-05-27 16:23:09,945 - watchfiles.main - DEBUG - 1 change detected: {(<Change.modified: 2>, '/workspace/app/backend/logs/app_20260527_161940.log')}
2026-05-27 16:23:10,296 - watchfiles.main - DEBUG - 1 change detected: {(<Change.modified: 2>, '/workspace/app/backend/logs/app_20260527_161940.log')}
2026-05-27 16:23:10,647 - watchfiles.main - DEBUG - 1 change detected: {(<Change.modified: 2>, '/workspace/app/backend/logs/app_20260527_161940.log')}
2026-05-27 16:23:10,999 - watchfiles.main - DEBUG - 1 change detected: {(<Change.modified: 2>, '/workspace/app/backend/logs/app_20260527_161940.log')}
2026-05-27 16:23:11,350 - watchfiles.main - DEBUG - 1 change detected: {(<Change.modified: 2>, '/workspace/app/backend/logs/app_20260527_161940.log')}
2026-05-27 16:23:11,701 - watchfiles.main - DEBUG - 1 change detected: {(<Change.modified: 2>, '/workspace/app/backend/logs/app_20260527_161940.log')}
2026-05-27 16:23:12,052 - watchfiles.main - DEBUG - 1 change detected: {(<Change.modified: 2>, '/workspace/app/backend/logs/app_20260527_161940.log')}
2026-05-27 16:23:12,404 - watchfiles.main - DEBUG - 1 change detected: {(<Change.modified: 2>, '/workspace/app/backend/logs/app_20260527_161940.log')}
2026-05-27 16:23:12,755 - watchfiles.main - DEBUG - 1 change detected: {(<Change.modified: 2>, '/workspace/app/backend/logs/app_20260527_161940.log')}
2026-05-27 16:23:13,106 - watchfiles.main - DEBUG - 1 change detected: {(<Change.modified: 2>, '/workspace/app/backend/logs/app_20260527_161940.log')}
2026-05-27 16:23:13,457 - watchfiles.main - DEBUG - 1 change detected: {(<Change.modified: 2>, '/workspace/app/backend/logs/app_20260527_161940.log')}
2026-05-27 16:23:13,808 - watchfiles.main - DEBUG - 1 change detected: {(<Change.modified: 2>, '/workspace/app/backend/logs/app_20260527_161940.log')}
2026-05-27 16:23:14,160 - watchfiles.main - DEBUG - 1 change detected: {(<Change.modified: 2>, '/workspace/app/backend/logs/app_20260527_161940.log')}
2026-05-27 16:23:14,511 - watchfiles.main - DEBUG - 1 change detected: {(<Change.modified: 2>, '/workspace/app/backend/logs/app_20260527_161940.log')}
2026-05-27 16:23:14,862 - watchfiles.main - DEBUG - 1 change detected: {(<Change.modified: 2>, '/workspace/app/backend/logs/app_20260527_161940.log')}
2026-05-27 16:23:15,213 - watchfiles.main - DEBUG - 1 change detected: {(<Change.modified: 2>, '/workspace/app/backend/logs/app_20260527_161940.log')}
2026-05-27 16:23:15,565 - watchfiles.main - DEBUG - 1 change detected: {(<Change.modified: 2>, '/workspace/app/backend/logs/app_20260527_161940.log')}
2026-05-27 16:23:15,916 - watchfiles.main - DEBUG - 1 change detected: {(<Change.modified: 2>, '/workspace/app/backend/logs/app_20260527_161940.log')}
2026-05-27 16:23:16,267 - watchfiles.main - DEBUG - 1 change detected: {(<Change.modified: 2>, '/workspace/app/backend/logs/app_20260527_161940.log')}
2026-05-27 16:23:16,619 - watchfiles.main - DEBUG - 1 change detected: {(<Change.modified: 2>, '/workspace/app/backend/logs/app_20260527_161940.log')}
2026-05-27 16:23:16,970 - watchfiles.main - DEBUG - 1 change detected: {(<Change.modified: 2>, '/workspace/app/backend/logs/app_20260527_161940.log')}
2026-05-27 16:23:17,321 - watchfiles.main - DEBUG - 1 change detected: {(<Change.modified: 2>, '/workspace/app/backend/logs/app_20260527_161940.log')}
2026-05-27 16:23:17,672 - watchfiles.main - DEBUG - 1 change detected: {(<Change.modified: 2>, '/workspace/app/backend/logs/app_20260527_161940.log')}
2026-05-27 16:23:18,024 - watchfiles.main - DEBUG - 1 change detected: {(<Change.modified: 2>, '/workspace/app/backend/logs/app_20260527_161940.log')}
2026-05-27 16:23:18,375 - watchfiles.main - DEBUG - 1 change detected: {(<Change.modified: 2>, '/workspace/app/backend/logs/app_20260527_161940.log')}
2026-05-27 16:23:18,726 - watchfiles.main - DEBUG - 1 change detected: {(<Change.modified: 2>, '/workspace/app/backend/logs/app_20260527_161940.log')}
2026-05-27 16:23:19,077 - watchfiles.main - DEBUG - 1 change detected: {(<Change.modified: 2>, '/workspace/app/backend/logs/app_20260527_161940.log')}
2026-05-27 16:23:19,428 - watchfiles.main - DEBUG - 1 change detected: {(<Change.modified: 2>, '/workspace/app/backend/logs/app_20260527_161940.log')}
2026-05-27 16:23:19,780 - watchfiles.main - DEBUG - 1 change detected: {(<Change.modified: 2>, '/workspace/app/backend/logs/app_20260527_161940.log')}
2026-05-27 16:23:20,133 - watchfiles.main - DEBUG - 1 change detected: {(<Change.modified: 2>, '/workspace/app/backend/logs/app_20260527_161940.log')}
2026-05-27 16:23:20,484 - watchfiles.main - DEBUG - 1 change detected: {(<Change.modified: 2>, '/workspace/app/backend/logs/app_20260527_161940.log')}
2026-05-27 16:23:20,835 - watchfiles.main - DEBUG - 1 change detected: {(<Change.modified: 2>, '/workspace/app/backend/logs/app_20260527_161940.log')}
2026-05-27 16:23:21,186 - watchfiles.main - DEBUG - 1 change detected: {(<Change.modified: 2>, '/workspace/app/backend/logs/app_20260527_161940.log')}
2026-05-27 16:23:21,537 - watchfiles.main - DEBUG - 1 change detected: {(<Change.modified: 2>, '/workspace/app/backend/logs/app_20260527_161940.log')}
2026-05-27 16:23:21,890 - watchfiles.main - DEBUG - 1 change detected: {(<Change.modified: 2>, '/workspace/app/backend/logs/app_20260527_161940.log')}
2026-05-27 16:23:22,241 - watchfiles.main - DEBUG - 1 change detected: {(<Change.modified: 2>, '/workspace/app/backend/logs/app_20260527_161940.log')}
2026-05-27 16:23:22,593 - watchfiles.main - DEBUG - 1 change detected: {(<Change.modified: 2>, '/workspace/app/backend/logs/app_20260527_161940.log')}
2026-05-27 16:23:22,944 - watchfiles.main - DEBUG - 1 change detected: {(<Change.modified: 2>, '/workspace/app/backend/logs/app_20260527_161940.log')}
2026-05-27 16:23:23,295 - watchfiles.main - DEBUG - 1 change detected: {(<Change.modified: 2>, '/workspace/app/backend/logs/app_20260527_161940.log')}
2026-05-27 16:23:23,646 - watchfiles.main - DEBUG - 1 change detected: {(<Change.modified: 2>, '/workspace/app/backend/logs/app_20260527_161940.log')}
2026-05-27 16:23:23,997 - watchfiles.main - DEBUG - 1 change detected: {(<Change.modified: 2>, '/workspace/app/backend/logs/app_20260527_161940.log')}
2026-05-27 16:23:24,348 - watchfiles.main - DEBUG - 1 change detected: {(<Change.modified: 2>, '/workspace/app/backend/logs/app_20260527_161940.log')}
2026-05-27 16:23:24,700 - watchfiles.main - DEBUG - 1 change detected: {(<Change.modified: 2>, '/workspace/app/backend/logs/app_20260527_161940.log')}
2026-05-27 16:23:25,051 - watchfiles.main - DEBUG - 1 change detected: {(<Change.modified: 2>, '/workspace/app/backend/logs/app_20260527_161940.log')}
2026-05-27 16:23:25,402 - watchfiles.main - DEBUG - 1 change detected: {(<Change.modified: 2>, '/workspace/app/backend/logs/app_20260527_161940.log')}
2026-05-27 16:23:25,753 - watchfiles.main - DEBUG - 1 change detected: {(<Change.modified: 2>, '/workspace/app/backend/logs/app_20260527_161940.log')}
2026-05-27 16:23:26,104 - watchfiles.main - DEBUG - 1 change detected: {(<Change.modified: 2>, '/workspace/app/backend/logs/app_20260527_161940.log')}
2026-05-27 16:23:26,455 - watchfiles.main - DEBUG - 1 change detected: {(<Change.modified: 2>, '/workspace/app/backend/logs/app_20260527_161940.log')}
2026-05-27 16:23:26,806 - watchfiles.main - DEBUG - 1 change detected: {(<Change.modified: 2>, '/workspace/app/backend/logs/app_20260527_161940.log')}
2026-05-27 16:23:27,157 - watchfiles.main - DEBUG - 1 change detected: {(<Change.modified: 2>, '/workspace/app/backend/logs/app_20260527_161940.log')}
2026-05-27 16:23:27,508 - watchfiles.main - DEBUG - 1 change detected: {(<Change.modified: 2>, '/workspace/app/backend/logs/app_20260527_161940.log')}
2026-05-27 16:23:27,859 - watchfiles.main - DEBUG - 1 change detected: {(<Change.modified: 2>, '/workspace/app/backend/logs/app_20260527_161940.log')}
2026-05-27 16:23:28,211 - watchfiles.main - DEBUG - 1 change detected: {(<Change.modified: 2>, '/workspace/app/backend/logs/app_20260527_161940.log')}
2026-05-27 16:23:28,562 - watchfiles.main - DEBUG - 1 change detected: {(<Change.modified: 2>, '/workspace/app/backend/logs/app_20260527_161940.log')}
2026-05-27 16:23:28,913 - watchfiles.main - DEBUG - 1 change detected: {(<Change.modified: 2>, '/workspace/app/backend/logs/app_20260527_161940.log')}
2026-05-27 16:23:29,264 - watchfiles.main - DEBUG - 1 change detected: {(<Change.modified: 2>, '/workspace/app/backend/logs/app_20260527_161940.log')}
2026-05-27 16:23:29,615 - watchfiles.main - DEBUG - 1 change detected: {(<Change.modified: 2>, '/workspace/app/backend/logs/app_20260527_161940.log')}
2026-05-27 16:23:29,967 - watchfiles.main - DEBUG - 1 change detected: {(<Change.modified: 2>, '/workspace/app/backend/logs/app_20260527_161940.log')}
2026-05-27 16:23:30,318 - watchfiles.main - DEBUG - 1 change detected: {(<Change.modified: 2>, '/workspace/app/backend/logs/app_20260527_161940.log')}
2026-05-27 16:23:30,669 - watchfiles.main - DEBUG - 1 change detected: {(<Change.modified: 2>, '/workspace/app/backend/logs/app_20260527_161940.log')}
2026-05-27 16:23:31,020 - watchfiles.main - DEBUG - 1 change detected: {(<Change.modified: 2>, '/workspace/app/backend/logs/app_20260527_161940.log')}
2026-05-27 16:23:31,371 - watchfiles.main - DEBUG - 1 change detected: {(<Change.modified: 2>, '/workspace/app/backend/logs/app_20260527_161940.log')}
2026-05-27 16:23:31,722 - watchfiles.main - DEBUG - 1 change detected: {(<Change.modified: 2>, '/workspace/app/backend/logs/app_20260527_161940.log')}
2026-05-27 16:23:32,073 - watchfiles.main - DEBUG - 1 change detected: {(<Change.modified: 2>, '/workspace/app/backend/logs/app_20260527_161940.log')}
2026-05-27 16:23:32,424 - watchfiles.main - DEBUG - 1 change detected: {(<Change.modified: 2>, '/workspace/app/backend/logs/app_20260527_161940.log')}
2026-05-27 16:23:32,775 - watchfiles.main - DEBUG - 1 change detected: {(<Change.modified: 2>, '/workspace/app/backend/logs/app_20260527_161940.log')}
2026-05-27 16:23:33,126 - watchfiles.main - DEBUG - 1 change detected: {(<Change.modified: 2>, '/workspace/app/backend/logs/app_20260527_161940.log')}
2026-05-27 16:23:33,477 - watchfiles.main - DEBUG - 1 change detected: {(<Change.modified: 2>, '/workspace/app/backend/logs/app_20260527_161940.log')}
2026-05-27 16:23:33,829 - watchfiles.main - DEBUG - 1 change detected: {(<Change.modified: 2>, '/workspace/app/backend/logs/app_20260527_161940.log')}
2026-05-27 16:23:34,180 - watchfiles.main - DEBUG - 1 change detected: {(<Change.modified: 2>, '/workspace/app/backend/logs/app_20260527_161940.log')}
2026-05-27 16:23:34,531 - watchfiles.main - DEBUG - 1 change detected: {(<Change.modified: 2>, '/workspace/app/backend/logs/app_20260527_161940.log')}
2026-05-27 16:23:34,882 - watchfiles.main - DEBUG - 1 change detected: {(<Change.modified: 2>, '/workspace/app/backend/logs/app_20260527_161940.log')}
2026-05-27 16:23:35,233 - watchfiles.main - DEBUG - 1 change detected: {(<Change.modified: 2>, '/workspace/app/backend/logs/app_20260527_161940.log')}
2026-05-27 16:23:35,585 - watchfiles.main - DEBUG - 1 change detected: {(<Change.modified: 2>, '/workspace/app/backend/logs/app_20260527_161940.log')}
2026-05-27 16:23:35,936 - watchfiles.main - DEBUG - 1 change detected: {(<Change.modified: 2>, '/workspace/app/backend/logs/app_20260527_161940.log')}
2026-05-27 16:23:36,287 - watchfiles.main - DEBUG - 1 change detected: {(<Change.modified: 2>, '/workspace/app/backend/logs/app_20260527_161940.log')}
2026-05-27 16:23:36,638 - watchfiles.main - DEBUG - 1 change detected: {(<Change.modified: 2>, '/workspace/app/backend/logs/app_20260527_161940.log')}
2026-05-27 16:23:36,989 - watchfiles.main - DEBUG - 1 change detected: {(<Change.modified: 2>, '/workspace/app/backend/logs/app_20260527_161940.log')}
2026-05-27 16:23:37,340 - watchfiles.main - DEBUG - 1 change detected: {(<Change.modified: 2>, '/workspace/app/backend/logs/app_20260527_161940.log')}
2026-05-27 16:23:37,692 - watchfiles.main - DEBUG - 1 change detected: {(<Change.modified: 2>, '/workspace/app/backend/logs/app_20260527_161940.log')}
2026-05-27 16:23:38,043 - watchfiles.main - DEBUG - 1 change detected: {(<Change.modified: 2>, '/workspace/app/backend/logs/app_20260527_161940.log')}
2026-05-27 16:23:38,394 - watchfiles.main - DEBUG - 1 change detected: {(<Change.modified: 2>, '/workspace/app/backend/logs/app_20260527_161940.log')}
2026-05-27 16:23:38,745 - watchfiles.main - DEBUG - 1 change detected: {(<Change.modified: 2>, '/workspace/app/backend/logs/app_20260527_161940.log')}
2026-05-27 16:23:39,096 - watchfiles.main - DEBUG - 1 change detected: {(<Change.modified: 2>, '/workspace/app/backend/logs/app_20260527_161940.log')}
2026-05-27 16:23:39,447 - watchfiles.main - DEBUG - 1 change detected: {(<Change.modified: 2>, '/workspace/app/backend/logs/app_20260527_161940.log')}
2026-05-27 16:23:39,798 - watchfiles.main - DEBUG - 1 change detected: {(<Change.modified: 2>, '/workspace/app/backend/logs/app_20260527_161940.log')}
2026-05-27 16:23:40,150 - watchfiles.main - DEBUG - 1 change detected: {(<Change.modified: 2>, '/workspace/app/backend/logs/app_20260527_161940.log')}
2026-05-27 16:23:40,501 - watchfiles.main - DEBUG - 1 change detected: {(<Change.modified: 2>, '/workspace/app/backend/logs/app_20260527_161940.log')}
2026-05-27 16:23:40,852 - watchfiles.main - DEBUG - 1 change detected: {(<Change.modified: 2>, '/workspace/app/backend/logs/app_20260527_161940.log')}
2026-05-27 16:23:41,203 - watchfiles.main - DEBUG - 1 change detected: {(<Change.modified: 2>, '/workspace/app/backend/logs/app_20260527_161940.log')}
2026-05-27 16:23:41,554 - watchfiles.main - DEBUG - 1 change detected: {(<Change.modified: 2>, '/workspace/app/backend/logs/app_20260527_161940.log')}
2026-05-27 16:23:41,906 - watchfiles.main - DEBUG - 1 change detected: {(<Change.modified: 2>, '/workspace/app/backend/logs/app_20260527_161940.log')}
2026-05-27 16:23:42,257 - watchfiles.main - DEBUG - 1 change detected: {(<Change.modified: 2>, '/workspace/app/backend/logs/app_20260527_161940.log')}
2026-05-27 16:23:42,608 - watchfiles.main - DEBUG - 1 change detected: {(<Change.modified: 2>, '/workspace/app/backend/logs/app_20260527_161940.log')}
2026-05-27 16:23:42,960 - watchfiles.main - DEBUG - 1 change detected: {(<Change.modified: 2>, '/workspace/app/backend/logs/app_20260527_161940.log')}
2026-05-27 16:23:43,310 - watchfiles.main - DEBUG - 1 change detected: {(<Change.modified: 2>, '/workspace/app/backend/logs/app_20260527_161940.log')}
2026-05-27 16:23:43,662 - watchfiles.main - DEBUG - 2 changes detected: {(<Change.modified: 2>, '/workspace/app/backend/logs/app_20260527_161942.log'), (<Change.modified: 2>, '/workspace/app/backend/logs/app_20260527_161940.log')}
2026-05-27 16:23:44,013 - watchfiles.main - DEBUG - 2 changes detected: {(<Change.modified: 2>, '/workspace/app/backend/logs/app_20260527_161942.log'), (<Change.modified: 2>, '/workspace/app/backend/logs/app_20260527_161940.log')}
2026-05-27 16:23:44,364 - watchfiles.main - DEBUG - 1 change detected: {(<Change.modified: 2>, '/workspace/app/backend/logs/app_20260527_161940.log')}
2026-05-27 16:23:44,715 - watchfiles.main - DEBUG - 1 change detected: {(<Change.modified: 2>, '/workspace/app/backend/logs/app_20260527_161940.log')}
2026-05-27 16:23:45,067 - watchfiles.main - DEBUG - 1 change detected: {(<Change.modified: 2>, '/workspace/app/backend/logs/app_20260527_161940.log')}
2026-05-27 16:23:45,418 - watchfiles.main - DEBUG - 1 change detected: {(<Change.modified: 2>, '/workspace/app/backend/logs/app_20260527_161940.log')}
2026-05-27 16:23:45,769 - watchfiles.main - DEBUG - 1 change detected: {(<Change.modified: 2>, '/workspace/app/backend/logs/app_20260527_161940.log')}
2026-05-27 16:23:46,120 - watchfiles.main - DEBUG - 1 change detected: {(<Change.modified: 2>, '/workspace/app/backend/logs/app_20260527_161940.log')}
2026-05-27 16:23:46,471 - watchfiles.main - DEBUG - 1 change detected: {(<Change.modified: 2>, '/workspace/app/backend/logs/app_20260527_161940.log')}
2026-05-27 16:23:46,822 - watchfiles.main - DEBUG - 2 changes detected: {(<Change.modified: 2>, '/workspace/app/backend/logs/app_20260527_161942.log'), (<Change.modified: 2>, '/workspace/app/backend/logs/app_20260527_161940.log')}
2026-05-27 16:23:47,173 - watchfiles.main - DEBUG - 2 changes detected: {(<Change.modified: 2>, '/workspace/app/backend/logs/app_20260527_161942.log'), (<Change.modified: 2>, '/workspace/app/backend/logs/app_20260527_161940.log')}
2026-05-27 16:23:47,524 - watchfiles.main - DEBUG - 1 change detected: {(<Change.modified: 2>, '/workspace/app/backend/logs/app_20260527_161940.log')}
2026-05-27 16:23:47,875 - watchfiles.main - DEBUG - 1 change detected: {(<Change.modified: 2>, '/workspace/app/backend/logs/app_20260527_161940.log')}
2026-05-27 16:23:48,226 - watchfiles.main - DEBUG - 1 change detected: {(<Change.modified: 2>, '/workspace/app/backend/logs/app_20260527_161940.log')}
2026-05-27 16:23:48,577 - watchfiles.main - DEBUG - 1 change detected: {(<Change.modified: 2>, '/workspace/app/backend/logs/app_20260527_161940.log')}
2026-05-27 16:23:48,928 - watchfiles.main - DEBUG - 1 change detected: {(<Change.modified: 2>, '/workspace/app/backend/logs/app_20260527_161940.log')}
2026-05-27 16:23:49,330 - watchfiles.main - DEBUG - 2 changes detected: {(<Change.modified: 2>, '/workspace/app/backend/logs/app_20260527_161942.log'), (<Change.modified: 2>, '/workspace/app/backend/logs/app_20260527_161940.log')}
2026-05-27 16:23:49,681 - watchfiles.main - DEBUG - 1 change detected: {(<Change.modified: 2>, '/workspace/app/backend/logs/app_20260527_161940.log')}
2026-05-27 16:23:50,032 - watchfiles.main - DEBUG - 1 change detected: {(<Change.modified: 2>, '/workspace/app/backend/logs/app_20260527_161940.log')}
2026-05-27 16:23:50,382 - watchfiles.main - DEBUG - 2 changes detected: {(<Change.modified: 2>, '/workspace/app/backend/logs/app_20260527_161942.log'), (<Change.modified: 2>, '/workspace/app/backend/logs/app_20260527_161940.log')}
2026-05-27 16:23:50,734 - watchfiles.main - DEBUG - 1 change detected: {(<Change.modified: 2>, '/workspace/app/backend/logs/app_20260527_161940.log')}
2026-05-27 16:23:51,085 - watchfiles.main - DEBUG - 2 changes detected: {(<Change.modified: 2>, '/workspace/app/backend/logs/app_20260527_161942.log'), (<Change.modified: 2>, '/workspace/app/backend/logs/app_20260527_161940.log')}
2026-05-27 16:23:51,436 - watchfiles.main - DEBUG - 1 change detected: {(<Change.modified: 2>, '/workspace/app/backend/logs/app_20260527_161940.log')}
2026-05-27 16:23:51,787 - watchfiles.main - DEBUG - 1 change detected: {(<Change.modified: 2>, '/workspace/app/backend/logs/app_20260527_161940.log')}
2026-05-27 16:23:52,139 - watchfiles.main - DEBUG - 1 change detected: {(<Change.modified: 2>, '/workspace/app/backend/logs/app_20260527_161940.log')}
2026-05-27 16:23:52,490 - watchfiles.main - DEBUG - 1 change detected: {(<Change.modified: 2>, '/workspace/app/backend/logs/app_20260527_161940.log')}
2026-05-27 16:23:52,841 - watchfiles.main - DEBUG - 1 change detected: {(<Change.modified: 2>, '/workspace/app/backend/logs/app_20260527_161940.log')}
2026-05-27 16:23:53,192 - watchfiles.main - DEBUG - 1 change detected: {(<Change.modified: 2>, '/workspace/app/backend/logs/app_20260527_161940.log')}
2026-05-27 16:23:53,543 - watchfiles.main - DEBUG - 1 change detected: {(<Change.modified: 2>, '/workspace/app/backend/logs/app_20260527_161940.log')}
2026-05-27 16:23:53,894 - watchfiles.main - DEBUG - 1 change detected: {(<Change.modified: 2>, '/workspace/app/backend/logs/app_20260527_161940.log')}
2026-05-27 16:23:54,245 - watchfiles.main - DEBUG - 1 change detected: {(<Change.modified: 2>, '/workspace/app/backend/logs/app_20260527_161940.log')}
2026-05-27 16:23:54,596 - watchfiles.main - DEBUG - 1 change detected: {(<Change.modified: 2>, '/workspace/app/backend/logs/app_20260527_161940.log')}
2026-05-27 16:23:54,947 - watchfiles.main - DEBUG - 1 change detected: {(<Change.modified: 2>, '/workspace/app/backend/logs/app_20260527_161940.log')}
2026-05-27 16:23:55,298 - watchfiles.main - DEBUG - 1 change detected: {(<Change.modified: 2>, '/workspace/app/backend/logs/app_20260527_161940.log')}
2026-05-27 16:23:55,649 - watchfiles.main - DEBUG - 1 change detected: {(<Change.modified: 2>, '/workspace/app/backend/logs/app_20260527_161940.log')}
2026-05-27 16:23:56,000 - watchfiles.main - DEBUG - 1 change detected: {(<Change.modified: 2>, '/workspace/app/backend/logs/app_20260527_161940.log')}
2026-05-27 16:23:56,351 - watchfiles.main - DEBUG - 1 change detected: {(<Change.modified: 2>, '/workspace/app/backend/logs/app_20260527_161940.log')}
2026-05-27 16:23:56,702 - watchfiles.main - DEBUG - 1 change detected: {(<Change.modified: 2>, '/workspace/app/backend/logs/app_20260527_161940.log')}
2026-05-27 16:23:57,053 - watchfiles.main - DEBUG - 1 change detected: {(<Change.modified: 2>, '/workspace/app/backend/logs/app_20260527_161940.log')}
2026-05-27 16:23:57,404 - watchfiles.main - DEBUG - 1 change detected: {(<Change.modified: 2>, '/workspace/app/backend/logs/app_20260527_161940.log')}
2026-05-27 16:23:57,755 - watchfiles.main - DEBUG - 1 change detected: {(<Change.modified: 2>, '/workspace/app/backend/logs/app_20260527_161940.log')}
2026-05-27 16:23:58,106 - watchfiles.main - DEBUG - 1 change detected: {(<Change.modified: 2>, '/workspace/app/backend/logs/app_20260527_161940.log')}
2026-05-27 16:23:58,458 - watchfiles.main - DEBUG - 1 change detected: {(<Change.modified: 2>, '/workspace/app/backend/logs/app_20260527_161940.log')}
2026-05-27 16:23:58,809 - watchfiles.main - DEBUG - 1 change detected: {(<Change.modified: 2>, '/workspace/app/backend/logs/app_20260527_161940.log')}
2026-05-27 16:23:59,160 - watchfiles.main - DEBUG - 1 change detected: {(<Change.modified: 2>, '/workspace/app/backend/logs/app_20260527_161940.log')}
2026-05-27 16:23:59,511 - watchfiles.main - DEBUG - 1 change detected: {(<Change.modified: 2>, '/workspace/app/backend/logs/app_20260527_161940.log')}
2026-05-27 16:23:59,862 - watchfiles.main - DEBUG - 1 change detected: {(<Change.modified: 2>, '/workspace/app/backend/logs/app_20260527_161940.log')}
2026-05-27 16:24:00,213 - watchfiles.main - DEBUG - 1 change detected: {(<Change.modified: 2>, '/workspace/app/backend/logs/app_20260527_161940.log')}
2026-05-27 16:24:00,564 - watchfiles.main - DEBUG - 1 change detected: {(<Change.modified: 2>, '/workspace/app/backend/logs/app_20260527_161940.log')}
2026-05-27 16:24:00,915 - watchfiles.main - DEBUG - 1 change detected: {(<Change.modified: 2>, '/workspace/app/backend/logs/app_20260527_161940.log')}
2026-05-27 16:24:01,266 - watchfiles.main - DEBUG - 1 change detected: {(<Change.modified: 2>, '/workspace/app/backend/logs/app_20260527_161940.log')}
2026-05-27 16:24:01,618 - watchfiles.main - DEBUG - 1 change detected: {(<Change.modified: 2>, '/workspace/app/backend/logs/app_20260527_161940.log')}
2026-05-27 16:24:01,969 - watchfiles.main - DEBUG - 1 change detected: {(<Change.modified: 2>, '/workspace/app/backend/logs/app_20260527_161940.log')}
2026-05-27 16:24:02,320 - watchfiles.main - DEBUG - 1 change detected: {(<Change.modified: 2>, '/workspace/app/backend/logs/app_20260527_161940.log')}
2026-05-27 16:24:02,671 - watchfiles.main - DEBUG - 1 change detected: {(<Change.modified: 2>, '/workspace/app/backend/logs/app_20260527_161940.log')}
2026-05-27 16:24:03,022 - watchfiles.main - DEBUG - 1 change detected: {(<Change.modified: 2>, '/workspace/app/backend/logs/app_20260527_161940.log')}
2026-05-27 16:24:03,373 - watchfiles.main - DEBUG - 1 change detected: {(<Change.modified: 2>, '/workspace/app/backend/logs/app_20260527_161940.log')}
2026-05-27 16:24:03,724 - watchfiles.main - DEBUG - 1 change detected: {(<Change.modified: 2>, '/workspace/app/backend/logs/app_20260527_161940.log')}
2026-05-27 16:24:04,075 - watchfiles.main - DEBUG - 1 change detected: {(<Change.modified: 2>, '/workspace/app/backend/logs/app_20260527_161940.log')}
2026-05-27 16:24:04,426 - watchfiles.main - DEBUG - 1 change detected: {(<Change.modified: 2>, '/workspace/app/backend/logs/app_20260527_161940.log')}
2026-05-27 16:24:04,777 - watchfiles.main - DEBUG - 1 change detected: {(<Change.modified: 2>, '/workspace/app/backend/logs/app_20260527_161940.log')}
2026-05-27 16:24:05,128 - watchfiles.main - DEBUG - 1 change detected: {(<Change.modified: 2>, '/workspace/app/backend/logs/app_20260527_161940.log')}
2026-05-27 16:24:05,479 - watchfiles.main - DEBUG - 1 change detected: {(<Change.modified: 2>, '/workspace/app/backend/logs/app_20260527_161940.log')}
2026-05-27 16:24:05,830 - watchfiles.main - DEBUG - 1 change detected: {(<Change.modified: 2>, '/workspace/app/backend/logs/app_20260527_161940.log')}
2026-05-27 16:24:06,181 - watchfiles.main - DEBUG - 1 change detected: {(<Change.modified: 2>, '/workspace/app/backend/logs/app_20260527_161940.log')}
2026-05-27 16:24:06,532 - watchfiles.main - DEBUG - 1 change detected: {(<Change.modified: 2>, '/workspace/app/backend/logs/app_20260527_161940.log')}
2026-05-27 16:24:06,883 - watchfiles.main - DEBUG - 1 change detected: {(<Change.modified: 2>, '/workspace/app/backend/logs/app_20260527_161940.log')}
2026-05-27 16:24:07,234 - watchfiles.main - DEBUG - 1 change detected: {(<Change.modified: 2>, '/workspace/app/backend/logs/app_20260527_161940.log')}
2026-05-27 16:24:07,585 - watchfiles.main - DEBUG - 1 change detected: {(<Change.modified: 2>, '/workspace/app/backend/logs/app_20260527_161940.log')}
2026-05-27 16:24:07,936 - watchfiles.main - DEBUG - 1 change detected: {(<Change.modified: 2>, '/workspace/app/backend/logs/app_20260527_161940.log')}
2026-05-27 16:24:08,287 - watchfiles.main - DEBUG - 1 change detected: {(<Change.modified: 2>, '/workspace/app/backend/logs/app_20260527_161940.log')}
2026-05-27 16:24:08,638 - watchfiles.main - DEBUG - 1 change detected: {(<Change.modified: 2>, '/workspace/app/backend/logs/app_20260527_161940.log')}
2026-05-27 16:24:08,989 - watchfiles.main - DEBUG - 1 change detected: {(<Change.modified: 2>, '/workspace/app/backend/logs/app_20260527_161940.log')}
2026-05-27 16:24:09,340 - watchfiles.main - DEBUG - 1 change detected: {(<Change.modified: 2>, '/workspace/app/backend/logs/app_20260527_161940.log')}
2026-05-27 16:24:09,691 - watchfiles.main - DEBUG - 1 change detected: {(<Change.modified: 2>, '/workspace/app/backend/logs/app_20260527_161940.log')}
2026-05-27 16:24:10,042 - watchfiles.main - DEBUG - 1 change detected: {(<Change.modified: 2>, '/workspace/app/backend/logs/app_20260527_161940.log')}
2026-05-27 16:24:10,393 - watchfiles.main - DEBUG - 1 change detected: {(<Change.modified: 2>, '/workspace/app/backend/logs/app_20260527_161940.log')}
2026-05-27 16:24:10,745 - watchfiles.main - DEBUG - 1 change detected: {(<Change.modified: 2>, '/workspace/app/backend/logs/app_20260527_161940.log')}
2026-05-27 16:24:11,096 - watchfiles.main - DEBUG - 1 change detected: {(<Change.modified: 2>, '/workspace/app/backend/logs/app_20260527_161940.log')}
2026-05-27 16:24:11,447 - watchfiles.main - DEBUG - 1 change detected: {(<Change.modified: 2>, '/workspace/app/backend/logs/app_20260527_161940.log')}
2026-05-27 16:24:11,798 - watchfiles.main - DEBUG - 1 change detected: {(<Change.modified: 2>, '/workspace/app/backend/logs/app_20260527_161940.log')}
2026-05-27 16:24:12,150 - watchfiles.main - DEBUG - 1 change detected: {(<Change.modified: 2>, '/workspace/app/backend/logs/app_20260527_161940.log')}
2026-05-27 16:24:12,500 - watchfiles.main - DEBUG - 1 change detected: {(<Change.modified: 2>, '/workspace/app/backend/logs/app_20260527_161940.log')}
2026-05-27 16:24:12,852 - watchfiles.main - DEBUG - 1 change detected: {(<Change.modified: 2>, '/workspace/app/backend/logs/app_20260527_161940.log')}
2026-05-27 16:24:13,203 - watchfiles.main - DEBUG - 1 change detected: {(<Change.modified: 2>, '/workspace/app/backend/logs/app_20260527_161940.log')}
2026-05-27 16:24:13,554 - watchfiles.main - DEBUG - 1 change detected: {(<Change.modified: 2>, '/workspace/app/backend/logs/app_20260527_161940.log')}
2026-05-27 16:24:13,905 - watchfiles.main - DEBUG - 1 change detected: {(<Change.modified: 2>, '/workspace/app/backend/logs/app_20260527_161940.log')}
2026-05-27 16:24:14,256 - watchfiles.main - DEBUG - 1 change detected: {(<Change.modified: 2>, '/workspace/app/backend/logs/app_20260527_161940.log')}
2026-05-27 16:24:14,607 - watchfiles.main - DEBUG - 1 change detected: {(<Change.modified: 2>, '/workspace/app/backend/logs/app_20260527_161940.log')}
2026-05-27 16:24:14,958 - watchfiles.main - DEBUG - 1 change detected: {(<Change.modified: 2>, '/workspace/app/backend/logs/app_20260527_161940.log')}
2026-05-27 16:24:15,309 - watchfiles.main - DEBUG - 1 change detected: {(<Change.modified: 2>, '/workspace/app/backend/logs/app_20260527_161940.log')}
2026-05-27 16:24:15,660 - watchfiles.main - DEBUG - 1 change detected: {(<Change.modified: 2>, '/workspace/app/backend/logs/app_20260527_161940.log')}
2026-05-27 16:24:16,011 - watchfiles.main - DEBUG - 1 change detected: {(<Change.modified: 2>, '/workspace/app/backend/logs/app_20260527_161940.log')}
2026-05-27 16:24:16,362 - watchfiles.main - DEBUG - 1 change detected: {(<Change.modified: 2>, '/workspace/app/backend/logs/app_20260527_161940.log')}
2026-05-27 16:24:16,713 - watchfiles.main - DEBUG - 1 change detected: {(<Change.modified: 2>, '/workspace/app/backend/logs/app_20260527_161940.log')}
2026-05-27 16:24:17,065 - watchfiles.main - DEBUG - 1 change detected: {(<Change.modified: 2>, '/workspace/app/backend/logs/app_20260527_161940.log')}
2026-05-27 16:24:17,416 - watchfiles.main - DEBUG - 1 change detected: {(<Change.modified: 2>, '/workspace/app/backend/logs/app_20260527_161940.log')}
2026-05-27 16:24:17,767 - watchfiles.main - DEBUG - 1 change detected: {(<Change.modified: 2>, '/workspace/app/backend/logs/app_20260527_161940.log')}
2026-05-27 16:24:18,118 - watchfiles.main - DEBUG - 1 change detected: {(<Change.modified: 2>, '/workspace/app/backend/logs/app_20260527_161940.log')}
2026-05-27 16:24:18,469 - watchfiles.main - DEBUG - 1 change detected: {(<Change.modified: 2>, '/workspace/app/backend/logs/app_20260527_161940.log')}
2026-05-27 16:24:18,820 - watchfiles.main - DEBUG - 1 change detected: {(<Change.modified: 2>, '/workspace/app/backend/logs/app_20260527_161940.log')}
2026-05-27 16:24:19,171 - watchfiles.main - DEBUG - 1 change detected: {(<Change.modified: 2>, '/workspace/app/backend/logs/app_20260527_161940.log')}
2026-05-27 16:24:19,522 - watchfiles.main - DEBUG - 1 change detected: {(<Change.modified: 2>, '/workspace/app/backend/logs/app_20260527_161940.log')}
2026-05-27 16:24:19,873 - watchfiles.main - DEBUG - 1 change detected: {(<Change.modified: 2>, '/workspace/app/backend/logs/app_20260527_161940.log')}
2026-05-27 16:24:20,224 - watchfiles.main - DEBUG - 1 change detected: {(<Change.modified: 2>, '/workspace/app/backend/logs/app_20260527_161940.log')}
2026-05-27 16:24:20,577 - watchfiles.main - DEBUG - 1 change detected: {(<Change.modified: 2>, '/workspace/app/backend/logs/app_20260527_161940.log')}
2026-05-27 16:24:20,928 - watchfiles.main - DEBUG - 1 change detected: {(<Change.modified: 2>, '/workspace/app/backend/logs/app_20260527_161940.log')}
2026-05-27 16:24:21,279 - watchfiles.main - DEBUG - 1 change detected: {(<Change.modified: 2>, '/workspace/app/backend/logs/app_20260527_161940.log')}
2026-05-27 16:24:21,630 - watchfiles.main - DEBUG - 1 change detected: {(<Change.modified: 2>, '/workspace/app/backend/logs/app_20260527_161940.log')}
2026-05-27 16:24:21,981 - watchfiles.main - DEBUG - 1 change detected: {(<Change.modified: 2>, '/workspace/app/backend/logs/app_20260527_161940.log')}
2026-05-27 16:24:22,332 - watchfiles.main - DEBUG - 1 change detected: {(<Change.modified: 2>, '/workspace/app/backend/logs/app_20260527_161940.log')}
2026-05-27 16:24:22,683 - watchfiles.main - DEBUG - 1 change detected: {(<Change.modified: 2>, '/workspace/app/backend/logs/app_20260527_161940.log')}
2026-05-27 16:24:23,034 - watchfiles.main - DEBUG - 1 change detected: {(<Change.modified: 2>, '/workspace/app/backend/logs/app_20260527_161940.log')}
2026-05-27 16:24:23,385 - watchfiles.main - DEBUG - 1 change detected: {(<Change.modified: 2>, '/workspace/app/backend/logs/app_20260527_161940.log')}
2026-05-27 16:24:23,736 - watchfiles.main - DEBUG - 1 change detected: {(<Change.modified: 2>, '/workspace/app/backend/logs/app_20260527_161940.log')}
2026-05-27 16:24:24,087 - watchfiles.main - DEBUG - 1 change detected: {(<Change.modified: 2>, '/workspace/app/backend/logs/app_20260527_161940.log')}
2026-05-27 16:24:24,438 - watchfiles.main - DEBUG - 1 change detected: {(<Change.modified: 2>, '/workspace/app/backend/logs/app_20260527_161940.log')}
2026-05-27 16:24:24,789 - watchfiles.main - DEBUG - 1 change detected: {(<Change.modified: 2>, '/workspace/app/backend/logs/app_20260527_161940.log')}
2026-05-27 16:24:25,140 - watchfiles.main - DEBUG - 1 change detected: {(<Change.modified: 2>, '/workspace/app/backend/logs/app_20260527_161940.log')}
2026-05-27 16:24:25,491 - watchfiles.main - DEBUG - 1 change detected: {(<Change.modified: 2>, '/workspace/app/backend/logs/app_20260527_161940.log')}
2026-05-27 16:24:25,842 - watchfiles.main - DEBUG - 1 change detected: {(<Change.modified: 2>, '/workspace/app/backend/logs/app_20260527_161940.log')}
2026-05-27 16:24:26,193 - watchfiles.main - DEBUG - 1 change detected: {(<Change.modified: 2>, '/workspace/app/backend/logs/app_20260527_161940.log')}
2026-05-27 16:24:26,544 - watchfiles.main - DEBUG - 1 change detected: {(<Change.modified: 2>, '/workspace/app/backend/logs/app_20260527_161940.log')}
2026-05-27 16:24:26,895 - watchfiles.main - DEBUG - 1 change detected: {(<Change.modified: 2>, '/workspace/app/backend/logs/app_20260527_161940.log')}
2026-05-27 16:24:27,246 - watchfiles.main - DEBUG - 1 change detected: {(<Change.modified: 2>, '/workspace/app/backend/logs/app_20260527_161940.log')}
2026-05-27 16:24:27,597 - watchfiles.main - DEBUG - 1 change detected: {(<Change.modified: 2>, '/workspace/app/backend/logs/app_20260527_161940.log')}
2026-05-27 16:24:27,948 - watchfiles.main - DEBUG - 1 change detected: {(<Change.modified: 2>, '/workspace/app/backend/logs/app_20260527_161940.log')}
2026-05-27 16:24:28,299 - watchfiles.main - DEBUG - 1 change detected: {(<Change.modified: 2>, '/workspace/app/backend/logs/app_20260527_161940.log')}
2026-05-27 16:24:28,650 - watchfiles.main - DEBUG - 1 change detected: {(<Change.modified: 2>, '/workspace/app/backend/logs/app_20260527_161940.log')}
2026-05-27 16:24:29,002 - watchfiles.main - DEBUG - 1 change detected: {(<Change.modified: 2>, '/workspace/app/backend/logs/app_20260527_161940.log')}
2026-05-27 16:24:29,353 - watchfiles.main - DEBUG - 1 change detected: {(<Change.modified: 2>, '/workspace/app/backend/logs/app_20260527_161940.log')}
2026-05-27 16:24:29,704 - watchfiles.main - DEBUG - 1 change detected: {(<Change.modified: 2>, '/workspace/app/backend/logs/app_20260527_161940.log')}
2026-05-27 16:24:30,055 - watchfiles.main - DEBUG - 1 change detected: {(<Change.modified: 2>, '/workspace/app/backend/logs/app_20260527_161940.log')}
2026-05-27 16:24:30,406 - watchfiles.main - DEBUG - 1 change detected: {(<Change.modified: 2>, '/workspace/app/backend/logs/app_20260527_161940.log')}
2026-05-27 16:24:30,757 - watchfiles.main - DEBUG - 1 change detected: {(<Change.modified: 2>, '/workspace/app/backend/logs/app_20260527_161940.log')}
2026-05-27 16:24:31,108 - watchfiles.main - DEBUG - 1 change detected: {(<Change.modified: 2>, '/workspace/app/backend/logs/app_20260527_161940.log')}
2026-05-27 16:24:31,459 - watchfiles.main - DEBUG - 1 change detected: {(<Change.modified: 2>, '/workspace/app/backend/logs/app_20260527_161940.log')}
2026-05-27 16:24:31,810 - watchfiles.main - DEBUG - 1 change detected: {(<Change.modified: 2>, '/workspace/app/backend/logs/app_20260527_161940.log')}
2026-05-27 16:24:32,162 - watchfiles.main - DEBUG - 1 change detected: {(<Change.modified: 2>, '/workspace/app/backend/logs/app_20260527_161940.log')}
2026-05-27 16:24:32,513 - watchfiles.main - DEBUG - 1 change detected: {(<Change.modified: 2>, '/workspace/app/backend/logs/app_20260527_161940.log')}
2026-05-27 16:24:32,864 - watchfiles.main - DEBUG - 1 change detected: {(<Change.modified: 2>, '/workspace/app/backend/logs/app_20260527_161940.log')}
2026-05-27 16:24:33,215 - watchfiles.main - DEBUG - 1 change detected: {(<Change.modified: 2>, '/workspace/app/backend/logs/app_20260527_161940.log')}
2026-05-27 16:24:33,566 - watchfiles.main - DEBUG - 1 change detected: {(<Change.modified: 2>, '/workspace/app/backend/logs/app_20260527_161940.log')}
2026-05-27 16:24:33,917 - watchfiles.main - DEBUG - 1 change detected: {(<Change.modified: 2>, '/workspace/app/backend/logs/app_20260527_161940.log')}
2026-05-27 16:24:34,268 - watchfiles.main - DEBUG - 1 change detected: {(<Change.modified: 2>, '/workspace/app/backend/logs/app_20260527_161940.log')}
2026-05-27 16:24:34,620 - watchfiles.main - DEBUG - 1 change detected: {(<Change.modified: 2>, '/workspace/app/backend/logs/app_20260527_161940.log')}
2026-05-27 16:24:34,971 - watchfiles.main - DEBUG - 1 change detected: {(<Change.modified: 2>, '/workspace/app/backend/logs/app_20260527_161940.log')}
2026-05-27 16:24:35,322 - watchfiles.main - DEBUG - 1 change detected: {(<Change.modified: 2>, '/workspace/app/backend/logs/app_20260527_161940.log')}
2026-05-27 16:24:35,673 - watchfiles.main - DEBUG - 1 change detected: {(<Change.modified: 2>, '/workspace/app/backend/logs/app_20260527_161940.log')}
2026-05-27 16:24:36,024 - watchfiles.main - DEBUG - 1 change detected: {(<Change.modified: 2>, '/workspace/app/backend/logs/app_20260527_161940.log')}
2026-05-27 16:24:36,375 - watchfiles.main - DEBUG - 1 change detected: {(<Change.modified: 2>, '/workspace/app/backend/logs/app_20260527_161940.log')}
2026-05-27 16:24:36,726 - watchfiles.main - DEBUG - 1 change detected: {(<Change.modified: 2>, '/workspace/app/backend/logs/app_20260527_161940.log')}
2026-05-27 16:24:37,077 - watchfiles.main - DEBUG - 1 change detected: {(<Change.modified: 2>, '/workspace/app/backend/logs/app_20260527_161940.log')}
2026-05-27 16:24:37,428 - watchfiles.main - DEBUG - 1 change detected: {(<Change.modified: 2>, '/workspace/app/backend/logs/app_20260527_161940.log')}
2026-05-27 16:24:37,779 - watchfiles.main - DEBUG - 1 change detected: {(<Change.modified: 2>, '/workspace/app/backend/logs/app_20260527_161940.log')}
2026-05-27 16:24:38,130 - watchfiles.main - DEBUG - 1 change detected: {(<Change.modified: 2>, '/workspace/app/backend/logs/app_20260527_161940.log')}
2026-05-27 16:24:38,481 - watchfiles.main - DEBUG - 1 change detected: {(<Change.modified: 2>, '/workspace/app/backend/logs/app_20260527_161940.log')}
2026-05-27 16:24:38,832 - watchfiles.main - DEBUG - 1 change detected: {(<Change.modified: 2>, '/workspace/app/backend/logs/app_20260527_161940.log')}
2026-05-27 16:24:39,183 - watchfiles.main - DEBUG - 1 change detected: {(<Change.modified: 2>, '/workspace/app/backend/logs/app_20260527_161940.log')}
2026-05-27 16:24:39,534 - watchfiles.main - DEBUG - 1 change detected: {(<Change.modified: 2>, '/workspace/app/backend/logs/app_20260527_161940.log')}
2026-05-27 16:24:39,886 - watchfiles.main - DEBUG - 1 change detected: {(<Change.modified: 2>, '/workspace/app/backend/logs/app_20260527_161940.log')}
2026-05-27 16:24:40,237 - watchfiles.main - DEBUG - 1 change detected: {(<Change.modified: 2>, '/workspace/app/backend/logs/app_20260527_161940.log')}
2026-05-27 16:24:40,588 - watchfiles.main - DEBUG - 1 change detected: {(<Change.modified: 2>, '/workspace/app/backend/logs/app_20260527_161940.log')}
2026-05-27 16:24:40,939 - watchfiles.main - DEBUG - 1 change detected: {(<Change.modified: 2>, '/workspace/app/backend/logs/app_20260527_161940.log')}
2026-05-27 16:24:41,290 - watchfiles.main - DEBUG - 1 change detected: {(<Change.modified: 2>, '/workspace/app/backend/logs/app_20260527_161940.log')}
2026-05-27 16:24:41,642 - watchfiles.main - DEBUG - 1 change detected: {(<Change.modified: 2>, '/workspace/app/backend/logs/app_20260527_161940.log')}
2026-05-27 16:24:41,993 - watchfiles.main - DEBUG - 1 change detected: {(<Change.modified: 2>, '/workspace/app/backend/logs/app_20260527_161940.log')}
2026-05-27 16:24:42,344 - watchfiles.main - DEBUG - 1 change detected: {(<Change.modified: 2>, '/workspace/app/backend/logs/app_20260527_161940.log')}
2026-05-27 16:24:42,695 - watchfiles.main - DEBUG - 1 change detected: {(<Change.modified: 2>, '/workspace/app/backend/logs/app_20260527_161940.log')}
2026-05-27 16:24:43,046 - watchfiles.main - DEBUG - 1 change detected: {(<Change.modified: 2>, '/workspace/app/backend/logs/app_20260527_161940.log')}
2026-05-27 16:24:43,398 - watchfiles.main - DEBUG - 1 change detected: {(<Change.modified: 2>, '/workspace/app/backend/logs/app_20260527_161940.log')}
2026-05-27 16:24:43,749 - watchfiles.main - DEBUG - 1 change detected: {(<Change.modified: 2>, '/workspace/app/backend/logs/app_20260527_161940.log')}
2026-05-27 16:24:44,100 - watchfiles.main - DEBUG - 1 change detected: {(<Change.modified: 2>, '/workspace/app/backend/logs/app_20260527_161940.log')}
2026-05-27 16:24:44,451 - watchfiles.main - DEBUG - 1 change detected: {(<Change.modified: 2>, '/workspace/app/backend/logs/app_20260527_161940.log')}
2026-05-27 16:24:44,802 - watchfiles.main - DEBUG - 1 change detected: {(<Change.modified: 2>, '/workspace/app/backend/logs/app_20260527_161940.log')}
2026-05-27 16:24:45,153 - watchfiles.main - DEBUG - 1 change detected: {(<Change.modified: 2>, '/workspace/app/backend/logs/app_20260527_161940.log')}
2026-05-27 16:24:45,504 - watchfiles.main - DEBUG - 1 change detected: {(<Change.modified: 2>, '/workspace/app/backend/logs/app_20260527_161940.log')}
2026-05-27 16:24:45,855 - watchfiles.main - DEBUG - 1 change detected: {(<Change.modified: 2>, '/workspace/app/backend/logs/app_20260527_161940.log')}
2026-05-27 16:24:46,206 - watchfiles.main - DEBUG - 1 change detected: {(<Change.modified: 2>, '/workspace/app/backend/logs/app_20260527_161940.log')}
2026-05-27 16:24:46,557 - watchfiles.main - DEBUG - 1 change detected: {(<Change.modified: 2>, '/workspace/app/backend/logs/app_20260527_161940.log')}
2026-05-27 16:24:46,908 - watchfiles.main - DEBUG - 1 change detected: {(<Change.modified: 2>, '/workspace/app/backend/logs/app_20260527_161940.log')}
2026-05-27 16:24:47,260 - watchfiles.main - DEBUG - 1 change detected: {(<Change.modified: 2>, '/workspace/app/backend/logs/app_20260527_161940.log')}
2026-05-27 16:24:47,610 - watchfiles.main - DEBUG - 1 change detected: {(<Change.modified: 2>, '/workspace/app/backend/logs/app_20260527_161940.log')}
2026-05-27 16:24:47,962 - watchfiles.main - DEBUG - 1 change detected: {(<Change.modified: 2>, '/workspace/app/backend/logs/app_20260527_161940.log')}
2026-05-27 16:24:48,314 - watchfiles.main - DEBUG - 1 change detected: {(<Change.modified: 2>, '/workspace/app/backend/logs/app_20260527_161940.log')}
2026-05-27 16:24:48,665 - watchfiles.main - DEBUG - 1 change detected: {(<Change.modified: 2>, '/workspace/app/backend/logs/app_20260527_161940.log')}
2026-05-27 16:24:49,016 - watchfiles.main - DEBUG - 1 change detected: {(<Change.modified: 2>, '/workspace/app/backend/logs/app_20260527_161940.log')}
2026-05-27 16:24:49,367 - watchfiles.main - DEBUG - 1 change detected: {(<Change.modified: 2>, '/workspace/app/backend/logs/app_20260527_161940.log')}
2026-05-27 16:24:49,718 - watchfiles.main - DEBUG - 1 change detected: {(<Change.modified: 2>, '/workspace/app/backend/logs/app_20260527_161940.log')}
2026-05-27 16:24:50,069 - watchfiles.main - DEBUG - 1 change detected: {(<Change.modified: 2>, '/workspace/app/backend/logs/app_20260527_161940.log')}
2026-05-27 16:24:50,420 - watchfiles.main - DEBUG - 1 change detected: {(<Change.modified: 2>, '/workspace/app/backend/logs/app_20260527_161940.log')}
2026-05-27 16:24:50,772 - watchfiles.main - DEBUG - 1 change detected: {(<Change.modified: 2>, '/workspace/app/backend/logs/app_20260527_161940.log')}
2026-05-27 16:24:51,123 - watchfiles.main - DEBUG - 1 change detected: {(<Change.modified: 2>, '/workspace/app/backend/logs/app_20260527_161940.log')}
2026-05-27 16:24:51,474 - watchfiles.main - DEBUG - 1 change detected: {(<Change.modified: 2>, '/workspace/app/backend/logs/app_20260527_161940.log')}
2026-05-27 16:24:51,825 - watchfiles.main - DEBUG - 1 change detected: {(<Change.modified: 2>, '/workspace/app/backend/logs/app_20260527_161940.log')}
2026-05-27 16:24:52,176 - watchfiles.main - DEBUG - 1 change detected: {(<Change.modified: 2>, '/workspace/app/backend/logs/app_20260527_161940.log')}
2026-05-27 16:24:52,528 - watchfiles.main - DEBUG - 1 change detected: {(<Change.modified: 2>, '/workspace/app/backend/logs/app_20260527_161940.log')}
2026-05-27 16:24:52,879 - watchfiles.main - DEBUG - 1 change detected: {(<Change.modified: 2>, '/workspace/app/backend/logs/app_20260527_161940.log')}
2026-05-27 16:24:53,230 - watchfiles.main - DEBUG - 1 change detected: {(<Change.modified: 2>, '/workspace/app/backend/logs/app_20260527_161940.log')}
2026-05-27 16:24:53,580 - watchfiles.main - DEBUG - 1 change detected: {(<Change.modified: 2>, '/workspace/app/backend/logs/app_20260527_161940.log')}
2026-05-27 16:24:53,931 - watchfiles.main - DEBUG - 1 change detected: {(<Change.modified: 2>, '/workspace/app/backend/logs/app_20260527_161940.log')}
2026-05-27 16:24:54,283 - watchfiles.main - DEBUG - 1 change detected: {(<Change.modified: 2>, '/workspace/app/backend/logs/app_20260527_161940.log')}
2026-05-27 16:24:54,634 - watchfiles.main - DEBUG - 1 change detected: {(<Change.modified: 2>, '/workspace/app/backend/logs/app_20260527_161940.log')}
2026-05-27 16:24:54,985 - watchfiles.main - DEBUG - 1 change detected: {(<Change.modified: 2>, '/workspace/app/backend/logs/app_20260527_161940.log')}
2026-05-27 16:24:55,336 - watchfiles.main - DEBUG - 1 change detected: {(<Change.modified: 2>, '/workspace/app/backend/logs/app_20260527_161940.log')}
2026-05-27 16:24:55,687 - watchfiles.main - DEBUG - 1 change detected: {(<Change.modified: 2>, '/workspace/app/backend/logs/app_20260527_161940.log')}
2026-05-27 16:24:56,038 - watchfiles.main - DEBUG - 1 change detected: {(<Change.modified: 2>, '/workspace/app/backend/logs/app_20260527_161940.log')}
2026-05-27 16:24:56,389 - watchfiles.main - DEBUG - 1 change detected: {(<Change.modified: 2>, '/workspace/app/backend/logs/app_20260527_161940.log')}
2026-05-27 16:24:56,741 - watchfiles.main - DEBUG - 1 change detected: {(<Change.modified: 2>, '/workspace/app/backend/logs/app_20260527_161940.log')}
2026-05-27 16:24:57,093 - watchfiles.main - DEBUG - 1 change detected: {(<Change.modified: 2>, '/workspace/app/backend/logs/app_20260527_161940.log')}
2026-05-27 16:24:57,443 - watchfiles.main - DEBUG - 1 change detected: {(<Change.modified: 2>, '/workspace/app/backend/logs/app_20260527_161940.log')}
2026-05-27 16:24:57,794 - watchfiles.main - DEBUG - 1 change detected: {(<Change.modified: 2>, '/workspace/app/backend/logs/app_20260527_161940.log')}
2026-05-27 16:24:58,146 - watchfiles.main - DEBUG - 1 change detected: {(<Change.modified: 2>, '/workspace/app/backend/logs/app_20260527_161940.log')}
2026-05-27 16:24:58,497 - watchfiles.main - DEBUG - 1 change detected: {(<Change.modified: 2>, '/workspace/app/backend/logs/app_20260527_161940.log')}
2026-05-27 16:24:58,848 - watchfiles.main - DEBUG - 1 change detected: {(<Change.modified: 2>, '/workspace/app/backend/logs/app_20260527_161940.log')}
2026-05-27 16:24:59,199 - watchfiles.main - DEBUG - 1 change detected: {(<Change.modified: 2>, '/workspace/app/backend/logs/app_20260527_161940.log')}
2026-05-27 16:24:59,550 - watchfiles.main - DEBUG - 1 change detected: {(<Change.modified: 2>, '/workspace/app/backend/logs/app_20260527_161940.log')}
2026-05-27 16:24:59,901 - watchfiles.main - DEBUG - 1 change detected: {(<Change.modified: 2>, '/workspace/app/backend/logs/app_20260527_161940.log')}
2026-05-27 16:25:00,252 - watchfiles.main - DEBUG - 1 change detected: {(<Change.modified: 2>, '/workspace/app/backend/logs/app_20260527_161940.log')}
2026-05-27 16:25:00,603 - watchfiles.main - DEBUG - 1 change detected: {(<Change.modified: 2>, '/workspace/app/backend/logs/app_20260527_161940.log')}
2026-05-27 16:25:00,954 - watchfiles.main - DEBUG - 1 change detected: {(<Change.modified: 2>, '/workspace/app/backend/logs/app_20260527_161940.log')}
2026-05-27 16:25:01,305 - watchfiles.main - DEBUG - 1 change detected: {(<Change.modified: 2>, '/workspace/app/backend/logs/app_20260527_161940.log')}
2026-05-27 16:25:01,656 - watchfiles.main - DEBUG - 1 change detected: {(<Change.modified: 2>, '/workspace/app/backend/logs/app_20260527_161940.log')}
2026-05-27 16:25:02,008 - watchfiles.main - DEBUG - 1 change detected: {(<Change.modified: 2>, '/workspace/app/backend/logs/app_20260527_161940.log')}
2026-05-27 16:25:02,359 - watchfiles.main - DEBUG - 1 change detected: {(<Change.modified: 2>, '/workspace/app/backend/logs/app_20260527_161940.log')}
2026-05-27 16:25:02,711 - watchfiles.main - DEBUG - 2 changes detected: {(<Change.modified: 2>, '/workspace/app/backend/logs/app_20260527_161942.log'), (<Change.modified: 2>, '/workspace/app/backend/logs/app_20260527_161940.log')}
2026-05-27 16:25:03,062 - watchfiles.main - DEBUG - 1 change detected: {(<Change.modified: 2>, '/workspace/app/backend/logs/app_20260527_161940.log')}
2026-05-27 16:25:03,413 - watchfiles.main - DEBUG - 2 changes detected: {(<Change.modified: 2>, '/workspace/app/backend/logs/app_20260527_161942.log'), (<Change.modified: 2>, '/workspace/app/backend/logs/app_20260527_161940.log')}
2026-05-27 16:25:03,764 - watchfiles.main - DEBUG - 2 changes detected: {(<Change.modified: 2>, '/workspace/app/backend/logs/app_20260527_161942.log'), (<Change.modified: 2>, '/workspace/app/backend/logs/app_20260527_161940.log')}
2026-05-27 16:25:04,115 - watchfiles.main - DEBUG - 2 changes detected: {(<Change.modified: 2>, '/workspace/app/backend/logs/app_20260527_161942.log'), (<Change.modified: 2>, '/workspace/app/backend/logs/app_20260527_161940.log')}
2026-05-27 16:25:04,466 - watchfiles.main - DEBUG - 1 change detected: {(<Change.modified: 2>, '/workspace/app/backend/logs/app_20260527_161940.log')}
2026-05-27 16:25:04,817 - watchfiles.main - DEBUG - 1 change detected: {(<Change.modified: 2>, '/workspace/app/backend/logs/app_20260527_161940.log')}
2026-05-27 16:25:05,169 - watchfiles.main - DEBUG - 1 change detected: {(<Change.modified: 2>, '/workspace/app/backend/logs/app_20260527_161940.log')}
2026-05-27 16:25:05,520 - watchfiles.main - DEBUG - 1 change detected: {(<Change.modified: 2>, '/workspace/app/backend/logs/app_20260527_161940.log')}
2026-05-27 16:25:05,871 - watchfiles.main - DEBUG - 1 change detected: {(<Change.modified: 2>, '/workspace/app/backend/logs/app_20260527_161940.log')}
2026-05-27 16:25:06,222 - watchfiles.main - DEBUG - 1 change detected: {(<Change.modified: 2>, '/workspace/app/backend/logs/app_20260527_161940.log')}
2026-05-27 16:25:06,573 - watchfiles.main - DEBUG - 1 change detected: {(<Change.modified: 2>, '/workspace/app/backend/logs/app_20260527_161940.log')}
2026-05-27 16:25:06,924 - watchfiles.main - DEBUG - 1 change detected: {(<Change.modified: 2>, '/workspace/app/backend/logs/app_20260527_161940.log')}
2026-05-27 16:25:07,275 - watchfiles.main - DEBUG - 1 change detected: {(<Change.modified: 2>, '/workspace/app/backend/logs/app_20260527_161940.log')}
2026-05-27 16:25:07,626 - watchfiles.main - DEBUG - 1 change detected: {(<Change.modified: 2>, '/workspace/app/backend/logs/app_20260527_161940.log')}
2026-05-27 16:25:07,977 - watchfiles.main - DEBUG - 1 change detected: {(<Change.modified: 2>, '/workspace/app/backend/logs/app_20260527_161940.log')}
2026-05-27 16:25:08,328 - watchfiles.main - DEBUG - 1 change detected: {(<Change.modified: 2>, '/workspace/app/backend/logs/app_20260527_161940.log')}
2026-05-27 16:25:08,679 - watchfiles.main - DEBUG - 1 change detected: {(<Change.modified: 2>, '/workspace/app/backend/logs/app_20260527_161940.log')}
2026-05-27 16:25:09,031 - watchfiles.main - DEBUG - 1 change detected: {(<Change.modified: 2>, '/workspace/app/backend/logs/app_20260527_161940.log')}
2026-05-27 16:25:09,382 - watchfiles.main - DEBUG - 1 change detected: {(<Change.modified: 2>, '/workspace/app/backend/logs/app_20260527_161940.log')}
2026-05-27 16:25:09,733 - watchfiles.main - DEBUG - 1 change detected: {(<Change.modified: 2>, '/workspace/app/backend/logs/app_20260527_161940.log')}
2026-05-27 16:25:10,084 - watchfiles.main - DEBUG - 1 change detected: {(<Change.modified: 2>, '/workspace/app/backend/logs/app_20260527_161940.log')}
2026-05-27 16:25:10,435 - watchfiles.main - DEBUG - 2 changes detected: {(<Change.modified: 2>, '/workspace/app/backend/logs/app_20260527_161942.log'), (<Change.modified: 2>, '/workspace/app/backend/logs/app_20260527_161940.log')}
2026-05-27 16:25:10,786 - watchfiles.main - DEBUG - 1 change detected: {(<Change.modified: 2>, '/workspace/app/backend/logs/app_20260527_161940.log')}
2026-05-27 16:25:11,137 - watchfiles.main - DEBUG - 2 changes detected: {(<Change.modified: 2>, '/workspace/app/backend/logs/app_20260527_161942.log'), (<Change.modified: 2>, '/workspace/app/backend/logs/app_20260527_161940.log')}
2026-05-27 16:25:11,488 - watchfiles.main - DEBUG - 2 changes detected: {(<Change.modified: 2>, '/workspace/app/backend/logs/app_20260527_161942.log'), (<Change.modified: 2>, '/workspace/app/backend/logs/app_20260527_161940.log')}
2026-05-27 16:25:11,839 - watchfiles.main - DEBUG - 2 changes detected: {(<Change.modified: 2>, '/workspace/app/backend/logs/app_20260527_161942.log'), (<Change.modified: 2>, '/workspace/app/backend/logs/app_20260527_161940.log')}
2026-05-27 16:25:12,191 - watchfiles.main - DEBUG - 1 change detected: {(<Change.modified: 2>, '/workspace/app/backend/logs/app_20260527_161940.log')}
2026-05-27 16:25:12,542 - watchfiles.main - DEBUG - 1 change detected: {(<Change.modified: 2>, '/workspace/app/backend/logs/app_20260527_161940.log')}
2026-05-27 16:25:12,893 - watchfiles.main - DEBUG - 1 change detected: {(<Change.modified: 2>, '/workspace/app/backend/logs/app_20260527_161940.log')}
2026-05-27 16:25:13,294 - watchfiles.main - DEBUG - 2 changes detected: {(<Change.modified: 2>, '/workspace/app/backend/logs/app_20260527_161942.log'), (<Change.modified: 2>, '/workspace/app/backend/logs/app_20260527_161940.log')}
2026-05-27 16:25:13,645 - watchfiles.main - DEBUG - 1 change detected: {(<Change.modified: 2>, '/workspace/app/backend/logs/app_20260527_161940.log')}
2026-05-27 16:25:13,996 - watchfiles.main - DEBUG - 1 change detected: {(<Change.modified: 2>, '/workspace/app/backend/logs/app_20260527_161940.log')}
2026-05-27 16:25:14,347 - watchfiles.main - DEBUG - 2 changes detected: {(<Change.modified: 2>, '/workspace/app/backend/logs/app_20260527_161942.log'), (<Change.modified: 2>, '/workspace/app/backend/logs/app_20260527_161940.log')}
2026-05-27 16:25:14,698 - watchfiles.main - DEBUG - 2 changes detected: {(<Change.modified: 2>, '/workspace/app/backend/logs/app_20260527_161942.log'), (<Change.modified: 2>, '/workspace/app/backend/logs/app_20260527_161940.log')}
2026-05-27 16:25:15,050 - watchfiles.main - DEBUG - 1 change detected: {(<Change.modified: 2>, '/workspace/app/backend/logs/app_20260527_161940.log')}
2026-05-27 16:25:15,401 - watchfiles.main - DEBUG - 1 change detected: {(<Change.modified: 2>, '/workspace/app/backend/logs/app_20260527_161940.log')}
2026-05-27 16:25:15,752 - watchfiles.main - DEBUG - 1 change detected: {(<Change.modified: 2>, '/workspace/app/backend/logs/app_20260527_161940.log')}
2026-05-27 16:25:16,103 - watchfiles.main - DEBUG - 1 change detected: {(<Change.modified: 2>, '/workspace/app/backend/logs/app_20260527_161940.log')}
2026-05-27 16:25:16,455 - watchfiles.main - DEBUG - 1 change detected: {(<Change.modified: 2>, '/workspace/app/backend/logs/app_20260527_161940.log')}
2026-05-27 16:25:16,806 - watchfiles.main - DEBUG - 1 change detected: {(<Change.modified: 2>, '/workspace/app/backend/logs/app_20260527_161940.log')}
2026-05-27 16:25:17,157 - watchfiles.main - DEBUG - 1 change detected: {(<Change.modified: 2>, '/workspace/app/backend/logs/app_20260527_161940.log')}
2026-05-27 16:25:17,508 - watchfiles.main - DEBUG - 1 change detected: {(<Change.modified: 2>, '/workspace/app/backend/logs/app_20260527_161940.log')}
2026-05-27 16:25:17,859 - watchfiles.main - DEBUG - 2 changes detected: {(<Change.modified: 2>, '/workspace/app/backend/logs/app_20260527_161942.log'), (<Change.modified: 2>, '/workspace/app/backend/logs/app_20260527_161940.log')}
2026-05-27 16:25:18,210 - watchfiles.main - DEBUG - 1 change detected: {(<Change.modified: 2>, '/workspace/app/backend/logs/app_20260527_161940.log')}
2026-05-27 16:25:18,561 - watchfiles.main - DEBUG - 2 changes detected: {(<Change.modified: 2>, '/workspace/app/backend/logs/app_20260527_161942.log'), (<Change.modified: 2>, '/workspace/app/backend/logs/app_20260527_161940.log')}
2026-05-27 16:25:18,912 - watchfiles.main - DEBUG - 2 changes detected: {(<Change.modified: 2>, '/workspace/app/backend/logs/app_20260527_161942.log'), (<Change.modified: 2>, '/workspace/app/backend/logs/app_20260527_161940.log')}
2026-05-27 16:25:19,263 - watchfiles.main - DEBUG - 2 changes detected: {(<Change.modified: 2>, '/workspace/app/backend/logs/app_20260527_161942.log'), (<Change.modified: 2>, '/workspace/app/backend/logs/app_20260527_161940.log')}
2026-05-27 16:25:19,614 - watchfiles.main - DEBUG - 1 change detected: {(<Change.modified: 2>, '/workspace/app/backend/logs/app_20260527_161940.log')}
2026-05-27 16:25:19,965 - watchfiles.main - DEBUG - 1 change detected: {(<Change.modified: 2>, '/workspace/app/backend/logs/app_20260527_161940.log')}
2026-05-27 16:25:20,316 - watchfiles.main - DEBUG - 1 change detected: {(<Change.modified: 2>, '/workspace/app/backend/logs/app_20260527_161940.log')}
2026-05-27 16:25:20,667 - watchfiles.main - DEBUG - 1 change detected: {(<Change.modified: 2>, '/workspace/app/backend/logs/app_20260527_161940.log')}
2026-05-27 16:25:21,018 - watchfiles.main - DEBUG - 1 change detected: {(<Change.modified: 2>, '/workspace/app/backend/logs/app_20260527_161940.log')}
2026-05-27 16:25:21,369 - watchfiles.main - DEBUG - 2 changes detected: {(<Change.modified: 2>, '/workspace/app/backend/logs/app_20260527_161942.log'), (<Change.modified: 2>, '/workspace/app/backend/logs/app_20260527_161940.log')}
2026-05-27 16:25:21,720 - watchfiles.main - DEBUG - 1 change detected: {(<Change.modified: 2>, '/workspace/app/backend/logs/app_20260527_161940.log')}
2026-05-27 16:25:22,121 - watchfiles.main - DEBUG - 2 changes detected: {(<Change.modified: 2>, '/workspace/app/backend/logs/app_20260527_161942.log'), (<Change.modified: 2>, '/workspace/app/backend/logs/app_20260527_161940.log')}
2026-05-27 16:25:22,472 - watchfiles.main - DEBUG - 2 changes detected: {(<Change.modified: 2>, '/workspace/app/backend/logs/app_20260527_161942.log'), (<Change.modified: 2>, '/workspace/app/backend/logs/app_20260527_161940.log')}
2026-05-27 16:25:22,823 - watchfiles.main - DEBUG - 2 changes detected: {(<Change.modified: 2>, '/workspace/app/backend/logs/app_20260527_161942.log'), (<Change.modified: 2>, '/workspace/app/backend/logs/app_20260527_161940.log')}
2026-05-27 16:25:23,175 - watchfiles.main - DEBUG - 1 change detected: {(<Change.modified: 2>, '/workspace/app/backend/logs/app_20260527_161940.log')}
2026-05-27 16:25:23,526 - watchfiles.main - DEBUG - 1 change detected: {(<Change.modified: 2>, '/workspace/app/backend/logs/app_20260527_161940.log')}
2026-05-27 16:25:23,877 - watchfiles.main - DEBUG - 1 change detected: {(<Change.modified: 2>, '/workspace/app/backend/logs/app_20260527_161940.log')}
2026-05-27 16:25:24,228 - watchfiles.main - DEBUG - 1 change detected: {(<Change.modified: 2>, '/workspace/app/backend/logs/app_20260527_161940.log')}
2026-05-27 16:25:24,579 - watchfiles.main - DEBUG - 1 change detected: {(<Change.modified: 2>, '/workspace/app/backend/logs/app_20260527_161940.log')}
2026-05-27 16:25:24,930 - watchfiles.main - DEBUG - 1 change detected: {(<Change.modified: 2>, '/workspace/app/backend/logs/app_20260527_161940.log')}
2026-05-27 16:25:25,332 - watchfiles.main - DEBUG - 2 changes detected: {(<Change.modified: 2>, '/workspace/app/backend/logs/app_20260527_161942.log'), (<Change.modified: 2>, '/workspace/app/backend/logs/app_20260527_161940.log')}
2026-05-27 16:25:25,683 - watchfiles.main - DEBUG - 1 change detected: {(<Change.modified: 2>, '/workspace/app/backend/logs/app_20260527_161940.log')}
2026-05-27 16:25:26,084 - watchfiles.main - DEBUG - 2 changes detected: {(<Change.modified: 2>, '/workspace/app/backend/logs/app_20260527_161942.log'), (<Change.modified: 2>, '/workspace/app/backend/logs/app_20260527_161940.log')}
2026-05-27 16:25:26,435 - watchfiles.main - DEBUG - 2 changes detected: {(<Change.modified: 2>, '/workspace/app/backend/logs/app_20260527_161942.log'), (<Change.modified: 2>, '/workspace/app/backend/logs/app_20260527_161940.log')}
2026-05-27 16:25:26,786 - watchfiles.main - DEBUG - 2 changes detected: {(<Change.modified: 2>, '/workspace/app/backend/logs/app_20260527_161942.log'), (<Change.modified: 2>, '/workspace/app/backend/logs/app_20260527_161940.log')}
2026-05-27 16:25:27,137 - watchfiles.main - DEBUG - 1 change detected: {(<Change.modified: 2>, '/workspace/app/backend/logs/app_20260527_161940.log')}
2026-05-27 16:25:27,488 - watchfiles.main - DEBUG - 1 change detected: {(<Change.modified: 2>, '/workspace/app/backend/logs/app_20260527_161940.log')}
2026-05-27 16:25:27,840 - watchfiles.main - DEBUG - 1 change detected: {(<Change.modified: 2>, '/workspace/app/backend/logs/app_20260527_161940.log')}
2026-05-27 16:25:28,193 - watchfiles.main - DEBUG - 1 change detected: {(<Change.modified: 2>, '/workspace/app/backend/logs/app_20260527_161940.log')}
2026-05-27 16:25:28,544 - watchfiles.main - DEBUG - 1 change detected: {(<Change.modified: 2>, '/workspace/app/backend/logs/app_20260527_161940.log')}
2026-05-27 16:25:28,895 - watchfiles.main - DEBUG - 1 change detected: {(<Change.modified: 2>, '/workspace/app/backend/logs/app_20260527_161940.log')}
2026-05-27 16:25:29,246 - watchfiles.main - DEBUG - 2 changes detected: {(<Change.modified: 2>, '/workspace/app/backend/logs/app_20260527_161942.log'), (<Change.modified: 2>, '/workspace/app/backend/logs/app_20260527_161940.log')}
2026-05-27 16:25:29,597 - watchfiles.main - DEBUG - 1 change detected: {(<Change.modified: 2>, '/workspace/app/backend/logs/app_20260527_161940.log')}
2026-05-27 16:25:29,948 - watchfiles.main - DEBUG - 2 changes detected: {(<Change.modified: 2>, '/workspace/app/backend/logs/app_20260527_161942.log'), (<Change.modified: 2>, '/workspace/app/backend/logs/app_20260527_161940.log')}
2026-05-27 16:25:30,299 - watchfiles.main - DEBUG - 2 changes detected: {(<Change.modified: 2>, '/workspace/app/backend/logs/app_20260527_161942.log'), (<Change.modified: 2>, '/workspace/app/backend/logs/app_20260527_161940.log')}
2026-05-27 16:25:30,650 - watchfiles.main - DEBUG - 2 changes detected: {(<Change.modified: 2>, '/workspace/app/backend/logs/app_20260527_161942.log'), (<Change.modified: 2>, '/workspace/app/backend/logs/app_20260527_161940.log')}
2026-05-27 16:25:31,001 - watchfiles.main - DEBUG - 1 change detected: {(<Change.modified: 2>, '/workspace/app/backend/logs/app_20260527_161940.log')}
2026-05-27 16:25:31,352 - watchfiles.main - DEBUG - 1 change detected: {(<Change.modified: 2>, '/workspace/app/backend/logs/app_20260527_161940.log')}
2026-05-27 16:25:31,703 - watchfiles.main - DEBUG - 1 change detected: {(<Change.modified: 2>, '/workspace/app/backend/logs/app_20260527_161940.log')}
2026-05-27 16:25:32,054 - watchfiles.main - DEBUG - 1 change detected: {(<Change.modified: 2>, '/workspace/app/backend/logs/app_20260527_161940.log')}
2026-05-27 16:25:32,405 - watchfiles.main - DEBUG - 1 change detected: {(<Change.modified: 2>, '/workspace/app/backend/logs/app_20260527_161940.log')}
2026-05-27 16:25:32,756 - watchfiles.main - DEBUG - 1 change detected: {(<Change.modified: 2>, '/workspace/app/backend/logs/app_20260527_161940.log')}
2026-05-27 16:25:33,107 - watchfiles.main - DEBUG - 2 changes detected: {(<Change.modified: 2>, '/workspace/app/backend/logs/app_20260527_161942.log'), (<Change.modified: 2>, '/workspace/app/backend/logs/app_20260527_161940.log')}
2026-05-27 16:25:33,458 - watchfiles.main - DEBUG - 1 change detected: {(<Change.modified: 2>, '/workspace/app/backend/logs/app_20260527_161940.log')}
2026-05-27 16:25:33,809 - watchfiles.main - DEBUG - 2 changes detected: {(<Change.modified: 2>, '/workspace/app/backend/logs/app_20260527_161942.log'), (<Change.modified: 2>, '/workspace/app/backend/logs/app_20260527_161940.log')}
2026-05-27 16:25:34,210 - watchfiles.main - DEBUG - 2 changes detected: {(<Change.modified: 2>, '/workspace/app/backend/logs/app_20260527_161942.log'), (<Change.modified: 2>, '/workspace/app/backend/logs/app_20260527_161940.log')}
2026-05-27 16:25:34,561 - watchfiles.main - DEBUG - 1 change detected: {(<Change.modified: 2>, '/workspace/app/backend/logs/app_20260527_161940.log')}
2026-05-27 16:25:34,913 - watchfiles.main - DEBUG - 1 change detected: {(<Change.modified: 2>, '/workspace/app/backend/logs/app_20260527_161940.log')}
2026-05-27 16:25:35,264 - watchfiles.main - DEBUG - 1 change detected: {(<Change.modified: 2>, '/workspace/app/backend/logs/app_20260527_161940.log')}
2026-05-27 16:25:35,615 - watchfiles.main - DEBUG - 1 change detected: {(<Change.modified: 2>, '/workspace/app/backend/logs/app_20260527_161940.log')}
2026-05-27 16:25:35,966 - watchfiles.main - DEBUG - 1 change detected: {(<Change.modified: 2>, '/workspace/app/backend/logs/app_20260527_161940.log')}
2026-05-27 16:25:36,317 - watchfiles.main - DEBUG - 1 change detected: {(<Change.modified: 2>, '/workspace/app/backend/logs/app_20260527_161940.log')}
2026-05-27 16:25:36,668 - watchfiles.main - DEBUG - 2 changes detected: {(<Change.modified: 2>, '/workspace/app/backend/logs/app_20260527_161942.log'), (<Change.modified: 2>, '/workspace/app/backend/logs/app_20260527_161940.log')}
2026-05-27 16:25:37,019 - watchfiles.main - DEBUG - 1 change detected: {(<Change.modified: 2>, '/workspace/app/backend/logs/app_20260527_161940.log')}
2026-05-27 16:25:37,371 - watchfiles.main - DEBUG - 2 changes detected: {(<Change.modified: 2>, '/workspace/app/backend/logs/app_20260527_161942.log'), (<Change.modified: 2>, '/workspace/app/backend/logs/app_20260527_161940.log')}
2026-05-27 16:25:37,722 - watchfiles.main - DEBUG - 2 changes detected: {(<Change.modified: 2>, '/workspace/app/backend/logs/app_20260527_161942.log'), (<Change.modified: 2>, '/workspace/app/backend/logs/app_20260527_161940.log')}
2026-05-27 16:25:38,073 - watchfiles.main - DEBUG - 2 changes detected: {(<Change.modified: 2>, '/workspace/app/backend/logs/app_20260527_161942.log'), (<Change.modified: 2>, '/workspace/app/backend/logs/app_20260527_161940.log')}
2026-05-27 16:25:38,424 - watchfiles.main - DEBUG - 1 change detected: {(<Change.modified: 2>, '/workspace/app/backend/logs/app_20260527_161940.log')}
2026-05-27 16:25:38,775 - watchfiles.main - DEBUG - 1 change detected: {(<Change.modified: 2>, '/workspace/app/backend/logs/app_20260527_161940.log')}
2026-05-27 16:25:39,126 - watchfiles.main - DEBUG - 1 change detected: {(<Change.modified: 2>, '/workspace/app/backend/logs/app_20260527_161940.log')}
2026-05-27 16:25:39,477 - watchfiles.main - DEBUG - 1 change detected: {(<Change.modified: 2>, '/workspace/app/backend/logs/app_20260527_161940.log')}
2026-05-27 16:25:39,828 - watchfiles.main - DEBUG - 1 change detected: {(<Change.modified: 2>, '/workspace/app/backend/logs/app_20260527_161940.log')}
2026-05-27 16:25:40,180 - watchfiles.main - DEBUG - 1 change detected: {(<Change.modified: 2>, '/workspace/app/backend/logs/app_20260527_161940.log')}
2026-05-27 16:25:40,531 - watchfiles.main - DEBUG - 1 change detected: {(<Change.modified: 2>, '/workspace/app/backend/logs/app_20260527_161940.log')}
2026-05-27 16:25:40,882 - watchfiles.main - DEBUG - 1 change detected: {(<Change.modified: 2>, '/workspace/app/backend/logs/app_20260527_161940.log')}
2026-05-27 16:25:41,233 - watchfiles.main - DEBUG - 1 change detected: {(<Change.modified: 2>, '/workspace/app/backend/logs/app_20260527_161940.log')}
2026-05-27 16:25:41,584 - watchfiles.main - DEBUG - 1 change detected: {(<Change.modified: 2>, '/workspace/app/backend/logs/app_20260527_161940.log')}
2026-05-27 16:25:41,935 - watchfiles.main - DEBUG - 1 change detected: {(<Change.modified: 2>, '/workspace/app/backend/logs/app_20260527_161940.log')}
2026-05-27 16:25:42,286 - watchfiles.main - DEBUG - 1 change detected: {(<Change.modified: 2>, '/workspace/app/backend/logs/app_20260527_161940.log')}
2026-05-27 16:25:42,637 - watchfiles.main - DEBUG - 1 change detected: {(<Change.modified: 2>, '/workspace/app/backend/logs/app_20260527_161940.log')}
2026-05-27 16:25:42,989 - watchfiles.main - DEBUG - 1 change detected: {(<Change.modified: 2>, '/workspace/app/backend/logs/app_20260527_161940.log')}
2026-05-27 16:25:43,340 - watchfiles.main - DEBUG - 1 change detected: {(<Change.modified: 2>, '/workspace/app/backend/logs/app_20260527_161940.log')}
2026-05-27 16:25:43,691 - watchfiles.main - DEBUG - 1 change detected: {(<Change.modified: 2>, '/workspace/app/backend/logs/app_20260527_161940.log')}
2026-05-27 16:25:44,042 - watchfiles.main - DEBUG - 1 change detected: {(<Change.modified: 2>, '/workspace/app/backend/logs/app_20260527_161940.log')}
2026-05-27 16:25:44,393 - watchfiles.main - DEBUG - 1 change detected: {(<Change.modified: 2>, '/workspace/app/backend/logs/app_20260527_161940.log')}
2026-05-27 16:25:44,744 - watchfiles.main - DEBUG - 1 change detected: {(<Change.modified: 2>, '/workspace/app/backend/logs/app_20260527_161940.log')}
2026-05-27 16:25:45,095 - watchfiles.main - DEBUG - 1 change detected: {(<Change.modified: 2>, '/workspace/app/backend/logs/app_20260527_161940.log')}
2026-05-27 16:25:45,446 - watchfiles.main - DEBUG - 1 change detected: {(<Change.modified: 2>, '/workspace/app/backend/logs/app_20260527_161940.log')}
2026-05-27 16:25:45,797 - watchfiles.main - DEBUG - 1 change detected: {(<Change.modified: 2>, '/workspace/app/backend/logs/app_20260527_161940.log')}
2026-05-27 16:25:46,148 - watchfiles.main - DEBUG - 1 change detected: {(<Change.modified: 2>, '/workspace/app/backend/logs/app_20260527_161940.log')}
2026-05-27 16:25:46,499 - watchfiles.main - DEBUG - 1 change detected: {(<Change.modified: 2>, '/workspace/app/backend/logs/app_20260527_161940.log')}
2026-05-27 16:25:46,850 - watchfiles.main - DEBUG - 1 change detected: {(<Change.modified: 2>, '/workspace/app/backend/logs/app_20260527_161940.log')}
2026-05-27 16:25:47,201 - watchfiles.main - DEBUG - 1 change detected: {(<Change.modified: 2>, '/workspace/app/backend/logs/app_20260527_161940.log')}
2026-05-27 16:25:47,552 - watchfiles.main - DEBUG - 1 change detected: {(<Change.modified: 2>, '/workspace/app/backend/logs/app_20260527_161940.log')}
2026-05-27 16:25:47,903 - watchfiles.main - DEBUG - 1 change detected: {(<Change.modified: 2>, '/workspace/app/backend/logs/app_20260527_161940.log')}
2026-05-27 16:25:48,254 - watchfiles.main - DEBUG - 1 change detected: {(<Change.modified: 2>, '/workspace/app/backend/logs/app_20260527_161940.log')}
2026-05-27 16:25:48,605 - watchfiles.main - DEBUG - 1 change detected: {(<Change.modified: 2>, '/workspace/app/backend/logs/app_20260527_161940.log')}
2026-05-27 16:25:48,956 - watchfiles.main - DEBUG - 1 change detected: {(<Change.modified: 2>, '/workspace/app/backend/logs/app_20260527_161940.log')}
2026-05-27 16:25:49,307 - watchfiles.main - DEBUG - 1 change detected: {(<Change.modified: 2>, '/workspace/app/backend/logs/app_20260527_161940.log')}
2026-05-27 16:25:49,658 - watchfiles.main - DEBUG - 1 change detected: {(<Change.modified: 2>, '/workspace/app/backend/logs/app_20260527_161940.log')}
2026-05-27 16:25:50,009 - watchfiles.main - DEBUG - 1 change detected: {(<Change.modified: 2>, '/workspace/app/backend/logs/app_20260527_161940.log')}
2026-05-27 16:25:50,361 - watchfiles.main - DEBUG - 1 change detected: {(<Change.modified: 2>, '/workspace/app/backend/logs/app_20260527_161940.log')}
2026-05-27 16:25:50,712 - watchfiles.main - DEBUG - 1 change detected: {(<Change.modified: 2>, '/workspace/app/backend/logs/app_20260527_161940.log')}
2026-05-27 16:25:51,063 - watchfiles.main - DEBUG - 1 change detected: {(<Change.modified: 2>, '/workspace/app/backend/logs/app_20260527_161940.log')}
2026-05-27 16:25:51,414 - watchfiles.main - DEBUG - 1 change detected: {(<Change.modified: 2>, '/workspace/app/backend/logs/app_20260527_161940.log')}
2026-05-27 16:25:51,765 - watchfiles.main - DEBUG - 1 change detected: {(<Change.modified: 2>, '/workspace/app/backend/logs/app_20260527_161940.log')}
2026-05-27 16:25:52,116 - watchfiles.main - DEBUG - 1 change detected: {(<Change.modified: 2>, '/workspace/app/backend/logs/app_20260527_161940.log')}
2026-05-27 16:25:52,468 - watchfiles.main - DEBUG - 1 change detected: {(<Change.modified: 2>, '/workspace/app/backend/logs/app_20260527_161940.log')}
2026-05-27 16:25:52,819 - watchfiles.main - DEBUG - 1 change detected: {(<Change.modified: 2>, '/workspace/app/backend/logs/app_20260527_161940.log')}
2026-05-27 16:25:53,170 - watchfiles.main - DEBUG - 1 change detected: {(<Change.modified: 2>, '/workspace/app/backend/logs/app_20260527_161940.log')}
2026-05-27 16:25:53,521 - watchfiles.main - DEBUG - 1 change detected: {(<Change.modified: 2>, '/workspace/app/backend/logs/app_20260527_161940.log')}
2026-05-27 16:25:53,872 - watchfiles.main - DEBUG - 1 change detected: {(<Change.modified: 2>, '/workspace/app/backend/logs/app_20260527_161940.log')}
2026-05-27 16:25:54,223 - watchfiles.main - DEBUG - 1 change detected: {(<Change.modified: 2>, '/workspace/app/backend/logs/app_20260527_161940.log')}
2026-05-27 16:25:54,574 - watchfiles.main - DEBUG - 1 change detected: {(<Change.modified: 2>, '/workspace/app/backend/logs/app_20260527_161940.log')}
2026-05-27 16:25:54,925 - watchfiles.main - DEBUG - 1 change detected: {(<Change.modified: 2>, '/workspace/app/backend/logs/app_20260527_161940.log')}
2026-05-27 16:25:55,276 - watchfiles.main - DEBUG - 1 change detected: {(<Change.modified: 2>, '/workspace/app/backend/logs/app_20260527_161940.log')}
2026-05-27 16:25:55,627 - watchfiles.main - DEBUG - 1 change detected: {(<Change.modified: 2>, '/workspace/app/backend/logs/app_20260527_161940.log')}
2026-05-27 16:25:55,978 - watchfiles.main - DEBUG - 1 change detected: {(<Change.modified: 2>, '/workspace/app/backend/logs/app_20260527_161940.log')}
2026-05-27 16:25:56,329 - watchfiles.main - DEBUG - 1 change detected: {(<Change.modified: 2>, '/workspace/app/backend/logs/app_20260527_161940.log')}
2026-05-27 16:25:56,680 - watchfiles.main - DEBUG - 1 change detected: {(<Change.modified: 2>, '/workspace/app/backend/logs/app_20260527_161940.log')}
2026-05-27 16:25:57,032 - watchfiles.main - DEBUG - 1 change detected: {(<Change.modified: 2>, '/workspace/app/backend/logs/app_20260527_161940.log')}
2026-05-27 16:25:57,383 - watchfiles.main - DEBUG - 1 change detected: {(<Change.modified: 2>, '/workspace/app/backend/logs/app_20260527_161940.log')}
2026-05-27 16:25:57,734 - watchfiles.main - DEBUG - 1 change detected: {(<Change.modified: 2>, '/workspace/app/backend/logs/app_20260527_161940.log')}
2026-05-27 16:25:58,085 - watchfiles.main - DEBUG - 1 change detected: {(<Change.modified: 2>, '/workspace/app/backend/logs/app_20260527_161940.log')}
2026-05-27 16:25:58,436 - watchfiles.main - DEBUG - 1 change detected: {(<Change.modified: 2>, '/workspace/app/backend/logs/app_20260527_161940.log')}
2026-05-27 16:25:58,788 - watchfiles.main - DEBUG - 1 change detected: {(<Change.modified: 2>, '/workspace/app/backend/logs/app_20260527_161940.log')}
2026-05-27 16:25:59,139 - watchfiles.main - DEBUG - 1 change detected: {(<Change.modified: 2>, '/workspace/app/backend/logs/app_20260527_161940.log')}
2026-05-27 16:25:59,490 - watchfiles.main - DEBUG - 1 change detected: {(<Change.modified: 2>, '/workspace/app/backend/logs/app_20260527_161940.log')}
2026-05-27 16:25:59,841 - watchfiles.main - DEBUG - 1 change detected: {(<Change.modified: 2>, '/workspace/app/backend/logs/app_20260527_161940.log')}
2026-05-27 16:26:00,192 - watchfiles.main - DEBUG - 1 change detected: {(<Change.modified: 2>, '/workspace/app/backend/logs/app_20260527_161940.log')}
2026-05-27 16:26:00,543 - watchfiles.main - DEBUG - 1 change detected: {(<Change.modified: 2>, '/workspace/app/backend/logs/app_20260527_161940.log')}
2026-05-27 16:26:00,894 - watchfiles.main - DEBUG - 1 change detected: {(<Change.modified: 2>, '/workspace/app/backend/logs/app_20260527_161940.log')}
2026-05-27 16:26:01,245 - watchfiles.main - DEBUG - 1 change detected: {(<Change.modified: 2>, '/workspace/app/backend/logs/app_20260527_161940.log')}
2026-05-27 16:26:01,596 - watchfiles.main - DEBUG - 1 change detected: {(<Change.modified: 2>, '/workspace/app/backend/logs/app_20260527_161940.log')}
2026-05-27 16:26:01,947 - watchfiles.main - DEBUG - 1 change detected: {(<Change.modified: 2>, '/workspace/app/backend/logs/app_20260527_161940.log')}
2026-05-27 16:26:02,298 - watchfiles.main - DEBUG - 1 change detected: {(<Change.modified: 2>, '/workspace/app/backend/logs/app_20260527_161940.log')}
2026-05-27 16:26:02,649 - watchfiles.main - DEBUG - 1 change detected: {(<Change.modified: 2>, '/workspace/app/backend/logs/app_20260527_161940.log')}
2026-05-27 16:26:03,000 - watchfiles.main - DEBUG - 1 change detected: {(<Change.modified: 2>, '/workspace/app/backend/logs/app_20260527_161940.log')}
2026-05-27 16:26:03,352 - watchfiles.main - DEBUG - 1 change detected: {(<Change.modified: 2>, '/workspace/app/backend/logs/app_20260527_161940.log')}
2026-05-27 16:26:03,703 - watchfiles.main - DEBUG - 1 change detected: {(<Change.modified: 2>, '/workspace/app/backend/logs/app_20260527_161940.log')}
2026-05-27 16:26:04,054 - watchfiles.main - DEBUG - 1 change detected: {(<Change.modified: 2>, '/workspace/app/backend/logs/app_20260527_161940.log')}
2026-05-27 16:26:04,405 - watchfiles.main - DEBUG - 1 change detected: {(<Change.modified: 2>, '/workspace/app/backend/logs/app_20260527_161940.log')}
2026-05-27 16:26:04,756 - watchfiles.main - DEBUG - 1 change detected: {(<Change.modified: 2>, '/workspace/app/backend/logs/app_20260527_161940.log')}
2026-05-27 16:26:05,107 - watchfiles.main - DEBUG - 1 change detected: {(<Change.modified: 2>, '/workspace/app/backend/logs/app_20260527_161940.log')}
2026-05-27 16:26:05,458 - watchfiles.main - DEBUG - 1 change detected: {(<Change.modified: 2>, '/workspace/app/backend/logs/app_20260527_161940.log')}
2026-05-27 16:26:05,809 - watchfiles.main - DEBUG - 1 change detected: {(<Change.modified: 2>, '/workspace/app/backend/logs/app_20260527_161940.log')}
2026-05-27 16:26:06,160 - watchfiles.main - DEBUG - 1 change detected: {(<Change.modified: 2>, '/workspace/app/backend/logs/app_20260527_161940.log')}
2026-05-27 16:26:06,511 - watchfiles.main - DEBUG - 1 change detected: {(<Change.modified: 2>, '/workspace/app/backend/logs/app_20260527_161940.log')}
2026-05-27 16:26:06,862 - watchfiles.main - DEBUG - 1 change detected: {(<Change.modified: 2>, '/workspace/app/backend/logs/app_20260527_161940.log')}
2026-05-27 16:26:07,216 - watchfiles.main - DEBUG - 1 change detected: {(<Change.modified: 2>, '/workspace/app/backend/logs/app_20260527_161940.log')}
2026-05-27 16:26:07,567 - watchfiles.main - DEBUG - 1 change detected: {(<Change.modified: 2>, '/workspace/app/backend/logs/app_20260527_161940.log')}
2026-05-27 16:26:07,918 - watchfiles.main - DEBUG - 1 change detected: {(<Change.modified: 2>, '/workspace/app/backend/logs/app_20260527_161940.log')}
2026-05-27 16:26:08,269 - watchfiles.main - DEBUG - 1 change detected: {(<Change.modified: 2>, '/workspace/app/backend/logs/app_20260527_161940.log')}
2026-05-27 16:26:08,620 - watchfiles.main - DEBUG - 1 change detected: {(<Change.modified: 2>, '/workspace/app/backend/logs/app_20260527_161940.log')}
2026-05-27 16:26:08,971 - watchfiles.main - DEBUG - 1 change detected: {(<Change.modified: 2>, '/workspace/app/backend/logs/app_20260527_161940.log')}
2026-05-27 16:26:09,323 - watchfiles.main - DEBUG - 1 change detected: {(<Change.modified: 2>, '/workspace/app/backend/logs/app_20260527_161940.log')}
2026-05-27 16:26:09,674 - watchfiles.main - DEBUG - 1 change detected: {(<Change.modified: 2>, '/workspace/app/backend/logs/app_20260527_161940.log')}
2026-05-27 16:26:10,025 - watchfiles.main - DEBUG - 1 change detected: {(<Change.modified: 2>, '/workspace/app/backend/logs/app_20260527_161940.log')}
2026-05-27 16:26:10,376 - watchfiles.main - DEBUG - 1 change detected: {(<Change.modified: 2>, '/workspace/app/backend/logs/app_20260527_161940.log')}
2026-05-27 16:26:10,727 - watchfiles.main - DEBUG - 1 change detected: {(<Change.modified: 2>, '/workspace/app/backend/logs/app_20260527_161940.log')}
2026-05-27 16:26:11,078 - watchfiles.main - DEBUG - 1 change detected: {(<Change.modified: 2>, '/workspace/app/backend/logs/app_20260527_161940.log')}
2026-05-27 16:26:11,429 - watchfiles.main - DEBUG - 1 change detected: {(<Change.modified: 2>, '/workspace/app/backend/logs/app_20260527_161940.log')}
2026-05-27 16:26:11,780 - watchfiles.main - DEBUG - 1 change detected: {(<Change.modified: 2>, '/workspace/app/backend/logs/app_20260527_161940.log')}
2026-05-27 16:26:12,131 - watchfiles.main - DEBUG - 1 change detected: {(<Change.modified: 2>, '/workspace/app/backend/logs/app_20260527_161940.log')}
2026-05-27 16:26:12,482 - watchfiles.main - DEBUG - 1 change detected: {(<Change.modified: 2>, '/workspace/app/backend/logs/app_20260527_161940.log')}
2026-05-27 16:26:12,833 - watchfiles.main - DEBUG - 1 change detected: {(<Change.modified: 2>, '/workspace/app/backend/logs/app_20260527_161940.log')}
2026-05-27 16:26:13,184 - watchfiles.main - DEBUG - 1 change detected: {(<Change.modified: 2>, '/workspace/app/backend/logs/app_20260527_161940.log')}
2026-05-27 16:26:13,535 - watchfiles.main - DEBUG - 1 change detected: {(<Change.modified: 2>, '/workspace/app/backend/logs/app_20260527_161940.log')}
2026-05-27 16:26:13,886 - watchfiles.main - DEBUG - 1 change detected: {(<Change.modified: 2>, '/workspace/app/backend/logs/app_20260527_161940.log')}
2026-05-27 16:26:14,237 - watchfiles.main - DEBUG - 1 change detected: {(<Change.modified: 2>, '/workspace/app/backend/logs/app_20260527_161940.log')}
2026-05-27 16:26:14,588 - watchfiles.main - DEBUG - 1 change detected: {(<Change.modified: 2>, '/workspace/app/backend/logs/app_20260527_161940.log')}
2026-05-27 16:26:14,945 - watchfiles.main - DEBUG - 1 change detected: {(<Change.modified: 2>, '/workspace/app/backend/logs/app_20260527_161940.log')}
2026-05-27 16:26:15,296 - watchfiles.main - DEBUG - 1 change detected: {(<Change.modified: 2>, '/workspace/app/backend/logs/app_20260527_161940.log')}
2026-05-27 16:26:15,647 - watchfiles.main - DEBUG - 1 change detected: {(<Change.modified: 2>, '/workspace/app/backend/logs/app_20260527_161940.log')}
2026-05-27 16:26:15,998 - watchfiles.main - DEBUG - 1 change detected: {(<Change.modified: 2>, '/workspace/app/backend/logs/app_20260527_161940.log')}
2026-05-27 16:26:16,349 - watchfiles.main - DEBUG - 1 change detected: {(<Change.modified: 2>, '/workspace/app/backend/logs/app_20260527_161940.log')}
2026-05-27 16:26:16,700 - watchfiles.main - DEBUG - 1 change detected: {(<Change.modified: 2>, '/workspace/app/backend/logs/app_20260527_161940.log')}
2026-05-27 16:26:17,051 - watchfiles.main - DEBUG - 1 change detected: {(<Change.modified: 2>, '/workspace/app/backend/logs/app_20260527_161940.log')}
2026-05-27 16:26:17,402 - watchfiles.main - DEBUG - 1 change detected: {(<Change.modified: 2>, '/workspace/app/backend/logs/app_20260527_161940.log')}
2026-05-27 16:26:17,753 - watchfiles.main - DEBUG - 1 change detected: {(<Change.modified: 2>, '/workspace/app/backend/logs/app_20260527_161940.log')}
2026-05-27 16:26:18,104 - watchfiles.main - DEBUG - 1 change detected: {(<Change.modified: 2>, '/workspace/app/backend/logs/app_20260527_161940.log')}
2026-05-27 16:26:18,455 - watchfiles.main - DEBUG - 1 change detected: {(<Change.modified: 2>, '/workspace/app/backend/logs/app_20260527_161940.log')}
2026-05-27 16:26:18,806 - watchfiles.main - DEBUG - 1 change detected: {(<Change.modified: 2>, '/workspace/app/backend/logs/app_20260527_161940.log')}
2026-05-27 16:26:19,157 - watchfiles.main - DEBUG - 1 change detected: {(<Change.modified: 2>, '/workspace/app/backend/logs/app_20260527_161940.log')}
2026-05-27 16:26:19,508 - watchfiles.main - DEBUG - 1 change detected: {(<Change.modified: 2>, '/workspace/app/backend/logs/app_20260527_161940.log')}
2026-05-27 16:26:19,859 - watchfiles.main - DEBUG - 1 change detected: {(<Change.modified: 2>, '/workspace/app/backend/logs/app_20260527_161940.log')}
2026-05-27 16:26:20,210 - watchfiles.main - DEBUG - 1 change detected: {(<Change.modified: 2>, '/workspace/app/backend/logs/app_20260527_161940.log')}
2026-05-27 16:26:20,561 - watchfiles.main - DEBUG - 1 change detected: {(<Change.modified: 2>, '/workspace/app/backend/logs/app_20260527_161940.log')}
2026-05-27 16:26:20,912 - watchfiles.main - DEBUG - 1 change detected: {(<Change.modified: 2>, '/workspace/app/backend/logs/app_20260527_161940.log')}
2026-05-27 16:26:21,263 - watchfiles.main - DEBUG - 1 change detected: {(<Change.modified: 2>, '/workspace/app/backend/logs/app_20260527_161940.log')}
2026-05-27 16:26:21,614 - watchfiles.main - DEBUG - 1 change detected: {(<Change.modified: 2>, '/workspace/app/backend/logs/app_20260527_161940.log')}
2026-05-27 16:26:21,965 - watchfiles.main - DEBUG - 1 change detected: {(<Change.modified: 2>, '/workspace/app/backend/logs/app_20260527_161940.log')}
2026-05-27 16:26:22,316 - watchfiles.main - DEBUG - 1 change detected: {(<Change.modified: 2>, '/workspace/app/backend/logs/app_20260527_161940.log')}
2026-05-27 16:26:22,667 - watchfiles.main - DEBUG - 1 change detected: {(<Change.modified: 2>, '/workspace/app/backend/logs/app_20260527_161940.log')}
2026-05-27 16:26:23,018 - watchfiles.main - DEBUG - 1 change detected: {(<Change.modified: 2>, '/workspace/app/backend/logs/app_20260527_161940.log')}
2026-05-27 16:26:23,369 - watchfiles.main - DEBUG - 1 change detected: {(<Change.modified: 2>, '/workspace/app/backend/logs/app_20260527_161940.log')}
2026-05-27 16:26:23,720 - watchfiles.main - DEBUG - 1 change detected: {(<Change.modified: 2>, '/workspace/app/backend/logs/app_20260527_161940.log')}
2026-05-27 16:26:24,071 - watchfiles.main - DEBUG - 1 change detected: {(<Change.modified: 2>, '/workspace/app/backend/logs/app_20260527_161940.log')}
2026-05-27 16:26:24,422 - watchfiles.main - DEBUG - 1 change detected: {(<Change.modified: 2>, '/workspace/app/backend/logs/app_20260527_161940.log')}
2026-05-27 16:26:24,773 - watchfiles.main - DEBUG - 1 change detected: {(<Change.modified: 2>, '/workspace/app/backend/logs/app_20260527_161940.log')}
2026-05-27 16:26:25,124 - watchfiles.main - DEBUG - 1 change detected: {(<Change.modified: 2>, '/workspace/app/backend/logs/app_20260527_161940.log')}
2026-05-27 16:26:25,475 - watchfiles.main - DEBUG - 1 change detected: {(<Change.modified: 2>, '/workspace/app/backend/logs/app_20260527_161940.log')}
2026-05-27 16:26:25,826 - watchfiles.main - DEBUG - 1 change detected: {(<Change.modified: 2>, '/workspace/app/backend/logs/app_20260527_161940.log')}
2026-05-27 16:26:26,177 - watchfiles.main - DEBUG - 1 change detected: {(<Change.modified: 2>, '/workspace/app/backend/logs/app_20260527_161940.log')}
2026-05-27 16:26:26,528 - watchfiles.main - DEBUG - 1 change detected: {(<Change.modified: 2>, '/workspace/app/backend/logs/app_20260527_161940.log')}
2026-05-27 16:26:26,879 - watchfiles.main - DEBUG - 1 change detected: {(<Change.modified: 2>, '/workspace/app/backend/logs/app_20260527_161940.log')}
2026-05-27 16:26:27,230 - watchfiles.main - DEBUG - 1 change detected: {(<Change.modified: 2>, '/workspace/app/backend/logs/app_20260527_161940.log')}
2026-05-27 16:26:27,581 - watchfiles.main - DEBUG - 1 change detected: {(<Change.modified: 2>, '/workspace/app/backend/logs/app_20260527_161940.log')}
2026-05-27 16:26:27,932 - watchfiles.main - DEBUG - 1 change detected: {(<Change.modified: 2>, '/workspace/app/backend/logs/app_20260527_161940.log')}
2026-05-27 16:26:28,283 - watchfiles.main - DEBUG - 1 change detected: {(<Change.modified: 2>, '/workspace/app/backend/logs/app_20260527_161940.log')}
2026-05-27 16:26:28,634 - watchfiles.main - DEBUG - 1 change detected: {(<Change.modified: 2>, '/workspace/app/backend/logs/app_20260527_161940.log')}
2026-05-27 16:26:28,985 - watchfiles.main - DEBUG - 1 change detected: {(<Change.modified: 2>, '/workspace/app/backend/logs/app_20260527_161940.log')}
2026-05-27 16:26:29,336 - watchfiles.main - DEBUG - 1 change detected: {(<Change.modified: 2>, '/workspace/app/backend/logs/app_20260527_161940.log')}
2026-05-27 16:26:29,687 - watchfiles.main - DEBUG - 1 change detected: {(<Change.modified: 2>, '/workspace/app/backend/logs/app_20260527_161940.log')}
2026-05-27 16:26:30,038 - watchfiles.main - DEBUG - 1 change detected: {(<Change.modified: 2>, '/workspace/app/backend/logs/app_20260527_161940.log')}
2026-05-27 16:26:30,390 - watchfiles.main - DEBUG - 1 change detected: {(<Change.modified: 2>, '/workspace/app/backend/logs/app_20260527_161940.log')}
2026-05-27 16:26:30,741 - watchfiles.main - DEBUG - 1 change detected: {(<Change.modified: 2>, '/workspace/app/backend/logs/app_20260527_161940.log')}
2026-05-27 16:26:31,092 - watchfiles.main - DEBUG - 1 change detected: {(<Change.modified: 2>, '/workspace/app/backend/logs/app_20260527_161940.log')}
2026-05-27 16:26:31,443 - watchfiles.main - DEBUG - 1 change detected: {(<Change.modified: 2>, '/workspace/app/backend/logs/app_20260527_161940.log')}
2026-05-27 16:26:31,794 - watchfiles.main - DEBUG - 1 change detected: {(<Change.modified: 2>, '/workspace/app/backend/logs/app_20260527_161940.log')}
2026-05-27 16:26:32,145 - watchfiles.main - DEBUG - 1 change detected: {(<Change.modified: 2>, '/workspace/app/backend/logs/app_20260527_161940.log')}
2026-05-27 16:26:32,496 - watchfiles.main - DEBUG - 1 change detected: {(<Change.modified: 2>, '/workspace/app/backend/logs/app_20260527_161940.log')}
2026-05-27 16:26:32,848 - watchfiles.main - DEBUG - 1 change detected: {(<Change.modified: 2>, '/workspace/app/backend/logs/app_20260527_161940.log')}
2026-05-27 16:26:33,198 - watchfiles.main - DEBUG - 1 change detected: {(<Change.modified: 2>, '/workspace/app/backend/logs/app_20260527_161940.log')}
2026-05-27 16:26:33,549 - watchfiles.main - DEBUG - 1 change detected: {(<Change.modified: 2>, '/workspace/app/backend/logs/app_20260527_161940.log')}
2026-05-27 16:26:33,900 - watchfiles.main - DEBUG - 1 change detected: {(<Change.modified: 2>, '/workspace/app/backend/logs/app_20260527_161940.log')}
2026-05-27 16:26:34,252 - watchfiles.main - DEBUG - 1 change detected: {(<Change.modified: 2>, '/workspace/app/backend/logs/app_20260527_161940.log')}
2026-05-27 16:26:34,603 - watchfiles.main - DEBUG - 1 change detected: {(<Change.modified: 2>, '/workspace/app/backend/logs/app_20260527_161940.log')}
2026-05-27 16:26:34,954 - watchfiles.main - DEBUG - 1 change detected: {(<Change.modified: 2>, '/workspace/app/backend/logs/app_20260527_161940.log')}
2026-05-27 16:26:35,305 - watchfiles.main - DEBUG - 1 change detected: {(<Change.modified: 2>, '/workspace/app/backend/logs/app_20260527_161940.log')}
2026-05-27 16:26:35,655 - watchfiles.main - DEBUG - 1 change detected: {(<Change.modified: 2>, '/workspace/app/backend/logs/app_20260527_161940.log')}
2026-05-27 16:26:36,006 - watchfiles.main - DEBUG - 1 change detected: {(<Change.modified: 2>, '/workspace/app/backend/logs/app_20260527_161940.log')}
2026-05-27 16:26:36,358 - watchfiles.main - DEBUG - 1 change detected: {(<Change.modified: 2>, '/workspace/app/backend/logs/app_20260527_161940.log')}
2026-05-27 16:26:36,708 - watchfiles.main - DEBUG - 1 change detected: {(<Change.modified: 2>, '/workspace/app/backend/logs/app_20260527_161940.log')}
2026-05-27 16:26:37,060 - watchfiles.main - DEBUG - 1 change detected: {(<Change.modified: 2>, '/workspace/app/backend/logs/app_20260527_161940.log')}
2026-05-27 16:26:37,411 - watchfiles.main - DEBUG - 1 change detected: {(<Change.modified: 2>, '/workspace/app/backend/logs/app_20260527_161940.log')}
2026-05-27 16:26:37,762 - watchfiles.main - DEBUG - 1 change detected: {(<Change.modified: 2>, '/workspace/app/backend/logs/app_20260527_161940.log')}
2026-05-27 16:26:38,113 - watchfiles.main - DEBUG - 1 change detected: {(<Change.modified: 2>, '/workspace/app/backend/logs/app_20260527_161940.log')}
2026-05-27 16:26:38,464 - watchfiles.main - DEBUG - 1 change detected: {(<Change.modified: 2>, '/workspace/app/backend/logs/app_20260527_161940.log')}
2026-05-27 16:26:38,815 - watchfiles.main - DEBUG - 1 change detected: {(<Change.modified: 2>, '/workspace/app/backend/logs/app_20260527_161940.log')}
2026-05-27 16:26:39,166 - watchfiles.main - DEBUG - 1 change detected: {(<Change.modified: 2>, '/workspace/app/backend/logs/app_20260527_161940.log')}
2026-05-27 16:26:39,517 - watchfiles.main - DEBUG - 1 change detected: {(<Change.modified: 2>, '/workspace/app/backend/logs/app_20260527_161940.log')}
2026-05-27 16:26:39,868 - watchfiles.main - DEBUG - 1 change detected: {(<Change.modified: 2>, '/workspace/app/backend/logs/app_20260527_161940.log')}
2026-05-27 16:26:40,219 - watchfiles.main - DEBUG - 1 change detected: {(<Change.modified: 2>, '/workspace/app/backend/logs/app_20260527_161940.log')}
2026-05-27 16:26:40,571 - watchfiles.main - DEBUG - 1 change detected: {(<Change.modified: 2>, '/workspace/app/backend/logs/app_20260527_161940.log')}
2026-05-27 16:26:40,922 - watchfiles.main - DEBUG - 1 change detected: {(<Change.modified: 2>, '/workspace/app/backend/logs/app_20260527_161940.log')}
2026-05-27 16:26:41,273 - watchfiles.main - DEBUG - 1 change detected: {(<Change.modified: 2>, '/workspace/app/backend/logs/app_20260527_161940.log')}
2026-05-27 16:26:41,624 - watchfiles.main - DEBUG - 1 change detected: {(<Change.modified: 2>, '/workspace/app/backend/logs/app_20260527_161940.log')}
2026-05-27 16:26:41,976 - watchfiles.main - DEBUG - 1 change detected: {(<Change.modified: 2>, '/workspace/app/backend/logs/app_20260527_161940.log')}
2026-05-27 16:26:42,327 - watchfiles.main - DEBUG - 1 change detected: {(<Change.modified: 2>, '/workspace/app/backend/logs/app_20260527_161940.log')}
2026-05-27 16:26:42,678 - watchfiles.main - DEBUG - 1 change detected: {(<Change.modified: 2>, '/workspace/app/backend/logs/app_20260527_161940.log')}
2026-05-27 16:26:43,030 - watchfiles.main - DEBUG - 1 change detected: {(<Change.modified: 2>, '/workspace/app/backend/logs/app_20260527_161940.log')}
2026-05-27 16:26:43,381 - watchfiles.main - DEBUG - 1 change detected: {(<Change.modified: 2>, '/workspace/app/backend/logs/app_20260527_161940.log')}
2026-05-27 16:26:43,732 - watchfiles.main - DEBUG - 1 change detected: {(<Change.modified: 2>, '/workspace/app/backend/logs/app_20260527_161940.log')}
2026-05-27 16:26:44,083 - watchfiles.main - DEBUG - 1 change detected: {(<Change.modified: 2>, '/workspace/app/backend/logs/app_20260527_161940.log')}
2026-05-27 16:26:44,434 - watchfiles.main - DEBUG - 1 change detected: {(<Change.modified: 2>, '/workspace/app/backend/logs/app_20260527_161940.log')}
2026-05-27 16:26:44,784 - watchfiles.main - DEBUG - 1 change detected: {(<Change.modified: 2>, '/workspace/app/backend/logs/app_20260527_161940.log')}
2026-05-27 16:26:45,136 - watchfiles.main - DEBUG - 1 change detected: {(<Change.modified: 2>, '/workspace/app/backend/logs/app_20260527_161940.log')}
2026-05-27 16:26:45,487 - watchfiles.main - DEBUG - 1 change detected: {(<Change.modified: 2>, '/workspace/app/backend/logs/app_20260527_161940.log')}
2026-05-27 16:26:45,838 - watchfiles.main - DEBUG - 1 change detected: {(<Change.modified: 2>, '/workspace/app/backend/logs/app_20260527_161940.log')}
2026-05-27 16:26:46,189 - watchfiles.main - DEBUG - 1 change detected: {(<Change.modified: 2>, '/workspace/app/backend/logs/app_20260527_161940.log')}
2026-05-27 16:26:46,540 - watchfiles.main - DEBUG - 1 change detected: {(<Change.modified: 2>, '/workspace/app/backend/logs/app_20260527_161940.log')}
2026-05-27 16:26:46,890 - watchfiles.main - DEBUG - 1 change detected: {(<Change.modified: 2>, '/workspace/app/backend/logs/app_20260527_161940.log')}
2026-05-27 16:26:47,241 - watchfiles.main - DEBUG - 1 change detected: {(<Change.modified: 2>, '/workspace/app/backend/logs/app_20260527_161940.log')}
2026-05-27 16:26:47,593 - watchfiles.main - DEBUG - 1 change detected: {(<Change.modified: 2>, '/workspace/app/backend/logs/app_20260527_161940.log')}
2026-05-27 16:26:47,944 - watchfiles.main - DEBUG - 1 change detected: {(<Change.modified: 2>, '/workspace/app/backend/logs/app_20260527_161940.log')}
2026-05-27 16:26:48,295 - watchfiles.main - DEBUG - 1 change detected: {(<Change.modified: 2>, '/workspace/app/backend/logs/app_20260527_161940.log')}
2026-05-27 16:26:48,646 - watchfiles.main - DEBUG - 1 change detected: {(<Change.modified: 2>, '/workspace/app/backend/logs/app_20260527_161940.log')}
2026-05-27 16:26:48,997 - watchfiles.main - DEBUG - 1 change detected: {(<Change.modified: 2>, '/workspace/app/backend/logs/app_20260527_161940.log')}
2026-05-27 16:26:49,348 - watchfiles.main - DEBUG - 1 change detected: {(<Change.modified: 2>, '/workspace/app/backend/logs/app_20260527_161940.log')}
2026-05-27 16:26:49,699 - watchfiles.main - DEBUG - 1 change detected: {(<Change.modified: 2>, '/workspace/app/backend/logs/app_20260527_161940.log')}
2026-05-27 16:26:50,050 - watchfiles.main - DEBUG - 1 change detected: {(<Change.modified: 2>, '/workspace/app/backend/logs/app_20260527_161940.log')}
2026-05-27 16:26:50,401 - watchfiles.main - DEBUG - 1 change detected: {(<Change.modified: 2>, '/workspace/app/backend/logs/app_20260527_161940.log')}
2026-05-27 16:26:50,752 - watchfiles.main - DEBUG - 1 change detected: {(<Change.modified: 2>, '/workspace/app/backend/logs/app_20260527_161940.log')}
2026-05-27 16:26:51,103 - watchfiles.main - DEBUG - 1 change detected: {(<Change.modified: 2>, '/workspace/app/backend/logs/app_20260527_161940.log')}
2026-05-27 16:26:51,454 - watchfiles.main - DEBUG - 1 change detected: {(<Change.modified: 2>, '/workspace/app/backend/logs/app_20260527_161940.log')}
2026-05-27 16:26:51,805 - watchfiles.main - DEBUG - 1 change detected: {(<Change.modified: 2>, '/workspace/app/backend/logs/app_20260527_161940.log')}
2026-05-27 16:26:52,156 - watchfiles.main - DEBUG - 1 change detected: {(<Change.modified: 2>, '/workspace/app/backend/logs/app_20260527_161940.log')}
2026-05-27 16:26:52,507 - watchfiles.main - DEBUG - 1 change detected: {(<Change.modified: 2>, '/workspace/app/backend/logs/app_20260527_161940.log')}
2026-05-27 16:26:52,858 - watchfiles.main - DEBUG - 1 change detected: {(<Change.modified: 2>, '/workspace/app/backend/logs/app_20260527_161940.log')}
2026-05-27 16:26:53,209 - watchfiles.main - DEBUG - 1 change detected: {(<Change.modified: 2>, '/workspace/app/backend/logs/app_20260527_161940.log')}
2026-05-27 16:26:53,561 - watchfiles.main - DEBUG - 1 change detected: {(<Change.modified: 2>, '/workspace/app/backend/logs/app_20260527_161940.log')}
2026-05-27 16:26:53,912 - watchfiles.main - DEBUG - 1 change detected: {(<Change.modified: 2>, '/workspace/app/backend/logs/app_20260527_161940.log')}
2026-05-27 16:26:54,263 - watchfiles.main - DEBUG - 1 change detected: {(<Change.modified: 2>, '/workspace/app/backend/logs/app_20260527_161940.log')}
2026-05-27 16:26:54,614 - watchfiles.main - DEBUG - 1 change detected: {(<Change.modified: 2>, '/workspace/app/backend/logs/app_20260527_161940.log')}
2026-05-27 16:26:54,965 - watchfiles.main - DEBUG - 1 change detected: {(<Change.modified: 2>, '/workspace/app/backend/logs/app_20260527_161940.log')}
2026-05-27 16:26:55,316 - watchfiles.main - DEBUG - 1 change detected: {(<Change.modified: 2>, '/workspace/app/backend/logs/app_20260527_161940.log')}
2026-05-27 16:26:55,666 - watchfiles.main - DEBUG - 1 change detected: {(<Change.modified: 2>, '/workspace/app/backend/logs/app_20260527_161940.log')}
2026-05-27 16:26:56,017 - watchfiles.main - DEBUG - 1 change detected: {(<Change.modified: 2>, '/workspace/app/backend/logs/app_20260527_161940.log')}
2026-05-27 16:26:56,368 - watchfiles.main - DEBUG - 1 change detected: {(<Change.modified: 2>, '/workspace/app/backend/logs/app_20260527_161940.log')}
2026-05-27 16:26:56,719 - watchfiles.main - DEBUG - 1 change detected: {(<Change.modified: 2>, '/workspace/app/backend/logs/app_20260527_161940.log')}
2026-05-27 16:26:57,070 - watchfiles.main - DEBUG - 1 change detected: {(<Change.modified: 2>, '/workspace/app/backend/logs/app_20260527_161940.log')}
2026-05-27 16:26:57,421 - watchfiles.main - DEBUG - 1 change detected: {(<Change.modified: 2>, '/workspace/app/backend/logs/app_20260527_161940.log')}
2026-05-27 16:26:57,772 - watchfiles.main - DEBUG - 1 change detected: {(<Change.modified: 2>, '/workspace/app/backend/logs/app_20260527_161940.log')}
2026-05-27 16:26:58,123 - watchfiles.main - DEBUG - 1 change detected: {(<Change.modified: 2>, '/workspace/app/backend/logs/app_20260527_161940.log')}
2026-05-27 16:26:58,474 - watchfiles.main - DEBUG - 1 change detected: {(<Change.modified: 2>, '/workspace/app/backend/logs/app_20260527_161940.log')}
2026-05-27 16:26:58,825 - watchfiles.main - DEBUG - 1 change detected: {(<Change.modified: 2>, '/workspace/app/backend/logs/app_20260527_161940.log')}
2026-05-27 16:26:59,176 - watchfiles.main - DEBUG - 1 change detected: {(<Change.modified: 2>, '/workspace/app/backend/logs/app_20260527_161940.log')}
2026-05-27 16:26:59,527 - watchfiles.main - DEBUG - 1 change detected: {(<Change.modified: 2>, '/workspace/app/backend/logs/app_20260527_161940.log')}
2026-05-27 16:26:59,878 - watchfiles.main - DEBUG - 1 change detected: {(<Change.modified: 2>, '/workspace/app/backend/logs/app_20260527_161940.log')}
2026-05-27 16:27:00,229 - watchfiles.main - DEBUG - 1 change detected: {(<Change.modified: 2>, '/workspace/app/backend/logs/app_20260527_161940.log')}
2026-05-27 16:27:00,580 - watchfiles.main - DEBUG - 1 change detected: {(<Change.modified: 2>, '/workspace/app/backend/logs/app_20260527_161940.log')}
2026-05-27 16:27:00,930 - watchfiles.main - DEBUG - 1 change detected: {(<Change.modified: 2>, '/workspace/app/backend/logs/app_20260527_161940.log')}
2026-05-27 16:27:01,281 - watchfiles.main - DEBUG - 1 change detected: {(<Change.modified: 2>, '/workspace/app/backend/logs/app_20260527_161940.log')}
2026-05-27 16:27:01,632 - watchfiles.main - DEBUG - 1 change detected: {(<Change.modified: 2>, '/workspace/app/backend/logs/app_20260527_161940.log')}
2026-05-27 16:27:01,983 - watchfiles.main - DEBUG - 1 change detected: {(<Change.modified: 2>, '/workspace/app/backend/logs/app_20260527_161940.log')}
2026-05-27 16:27:02,334 - watchfiles.main - DEBUG - 1 change detected: {(<Change.modified: 2>, '/workspace/app/backend/logs/app_20260527_161940.log')}
2026-05-27 16:27:02,685 - watchfiles.main - DEBUG - 1 change detected: {(<Change.modified: 2>, '/workspace/app/backend/logs/app_20260527_161940.log')}
2026-05-27 16:27:03,036 - watchfiles.main - DEBUG - 1 change detected: {(<Change.modified: 2>, '/workspace/app/backend/logs/app_20260527_161940.log')}
2026-05-27 16:27:03,388 - watchfiles.main - DEBUG - 1 change detected: {(<Change.modified: 2>, '/workspace/app/backend/logs/app_20260527_161940.log')}
2026-05-27 16:27:03,739 - watchfiles.main - DEBUG - 1 change detected: {(<Change.modified: 2>, '/workspace/app/backend/logs/app_20260527_161940.log')}
2026-05-27 16:27:04,090 - watchfiles.main - DEBUG - 1 change detected: {(<Change.modified: 2>, '/workspace/app/backend/logs/app_20260527_161940.log')}
2026-05-27 16:27:04,441 - watchfiles.main - DEBUG - 1 change detected: {(<Change.modified: 2>, '/workspace/app/backend/logs/app_20260527_161940.log')}
2026-05-27 16:27:04,792 - watchfiles.main - DEBUG - 1 change detected: {(<Change.modified: 2>, '/workspace/app/backend/logs/app_20260527_161940.log')}
2026-05-27 16:27:05,144 - watchfiles.main - DEBUG - 1 change detected: {(<Change.modified: 2>, '/workspace/app/backend/logs/app_20260527_161940.log')}
2026-05-27 16:27:05,495 - watchfiles.main - DEBUG - 1 change detected: {(<Change.modified: 2>, '/workspace/app/backend/logs/app_20260527_161940.log')}
2026-05-27 16:27:05,846 - watchfiles.main - DEBUG - 1 change detected: {(<Change.modified: 2>, '/workspace/app/backend/logs/app_20260527_161940.log')}
2026-05-27 16:27:06,197 - watchfiles.main - DEBUG - 1 change detected: {(<Change.modified: 2>, '/workspace/app/backend/logs/app_20260527_161940.log')}
2026-05-27 16:27:06,548 - watchfiles.main - DEBUG - 1 change detected: {(<Change.modified: 2>, '/workspace/app/backend/logs/app_20260527_161940.log')}
2026-05-27 16:27:06,899 - watchfiles.main - DEBUG - 1 change detected: {(<Change.modified: 2>, '/workspace/app/backend/logs/app_20260527_161940.log')}
2026-05-27 16:27:07,250 - watchfiles.main - DEBUG - 1 change detected: {(<Change.modified: 2>, '/workspace/app/backend/logs/app_20260527_161940.log')}
2026-05-27 16:27:07,601 - watchfiles.main - DEBUG - 1 change detected: {(<Change.modified: 2>, '/workspace/app/backend/logs/app_20260527_161940.log')}
2026-05-27 16:27:07,952 - watchfiles.main - DEBUG - 1 change detected: {(<Change.modified: 2>, '/workspace/app/backend/logs/app_20260527_161940.log')}
2026-05-27 16:27:08,303 - watchfiles.main - DEBUG - 1 change detected: {(<Change.modified: 2>, '/workspace/app/backend/logs/app_20260527_161940.log')}
2026-05-27 16:27:08,654 - watchfiles.main - DEBUG - 1 change detected: {(<Change.modified: 2>, '/workspace/app/backend/logs/app_20260527_161940.log')}
2026-05-27 16:27:09,005 - watchfiles.main - DEBUG - 1 change detected: {(<Change.modified: 2>, '/workspace/app/backend/logs/app_20260527_161940.log')}
2026-05-27 16:27:09,356 - watchfiles.main - DEBUG - 1 change detected: {(<Change.modified: 2>, '/workspace/app/backend/logs/app_20260527_161940.log')}
2026-05-27 16:27:09,707 - watchfiles.main - DEBUG - 1 change detected: {(<Change.modified: 2>, '/workspace/app/backend/logs/app_20260527_161940.log')}
2026-05-27 16:27:10,058 - watchfiles.main - DEBUG - 1 change detected: {(<Change.modified: 2>, '/workspace/app/backend/logs/app_20260527_161940.log')}
2026-05-27 16:27:10,409 - watchfiles.main - DEBUG - 1 change detected: {(<Change.modified: 2>, '/workspace/app/backend/logs/app_20260527_161940.log')}
2026-05-27 16:27:10,760 - watchfiles.main - DEBUG - 1 change detected: {(<Change.modified: 2>, '/workspace/app/backend/logs/app_20260527_161940.log')}
2026-05-27 16:27:11,111 - watchfiles.main - DEBUG - 1 change detected: {(<Change.modified: 2>, '/workspace/app/backend/logs/app_20260527_161940.log')}
2026-05-27 16:27:11,462 - watchfiles.main - DEBUG - 1 change detected: {(<Change.modified: 2>, '/workspace/app/backend/logs/app_20260527_161940.log')}
2026-05-27 16:27:11,813 - watchfiles.main - DEBUG - 1 change detected: {(<Change.modified: 2>, '/workspace/app/backend/logs/app_20260527_161940.log')}
2026-05-27 16:27:12,165 - watchfiles.main - DEBUG - 1 change detected: {(<Change.modified: 2>, '/workspace/app/backend/logs/app_20260527_161940.log')}
2026-05-27 16:27:12,516 - watchfiles.main - DEBUG - 1 change detected: {(<Change.modified: 2>, '/workspace/app/backend/logs/app_20260527_161940.log')}
2026-05-27 16:27:12,867 - watchfiles.main - DEBUG - 1 change detected: {(<Change.modified: 2>, '/workspace/app/backend/logs/app_20260527_161940.log')}
2026-05-27 16:27:13,218 - watchfiles.main - DEBUG - 1 change detected: {(<Change.modified: 2>, '/workspace/app/backend/logs/app_20260527_161940.log')}
2026-05-27 16:27:13,569 - watchfiles.main - DEBUG - 1 change detected: {(<Change.modified: 2>, '/workspace/app/backend/logs/app_20260527_161940.log')}
2026-05-27 16:27:13,920 - watchfiles.main - DEBUG - 1 change detected: {(<Change.modified: 2>, '/workspace/app/backend/logs/app_20260527_161940.log')}
2026-05-27 16:27:14,271 - watchfiles.main - DEBUG - 1 change detected: {(<Change.modified: 2>, '/workspace/app/backend/logs/app_20260527_161940.log')}
2026-05-27 16:27:14,622 - watchfiles.main - DEBUG - 1 change detected: {(<Change.modified: 2>, '/workspace/app/backend/logs/app_20260527_161940.log')}
2026-05-27 16:27:14,973 - watchfiles.main - DEBUG - 1 change detected: {(<Change.modified: 2>, '/workspace/app/backend/logs/app_20260527_161940.log')}
2026-05-27 16:27:15,324 - watchfiles.main - DEBUG - 1 change detected: {(<Change.modified: 2>, '/workspace/app/backend/logs/app_20260527_161940.log')}
2026-05-27 16:27:15,675 - watchfiles.main - DEBUG - 1 change detected: {(<Change.modified: 2>, '/workspace/app/backend/logs/app_20260527_161940.log')}
2026-05-27 16:27:16,026 - watchfiles.main - DEBUG - 1 change detected: {(<Change.modified: 2>, '/workspace/app/backend/logs/app_20260527_161940.log')}
2026-05-27 16:27:16,377 - watchfiles.main - DEBUG - 1 change detected: {(<Change.modified: 2>, '/workspace/app/backend/logs/app_20260527_161940.log')}
2026-05-27 16:27:16,729 - watchfiles.main - DEBUG - 1 change detected: {(<Change.modified: 2>, '/workspace/app/backend/logs/app_20260527_161940.log')}
2026-05-27 16:27:17,079 - watchfiles.main - DEBUG - 1 change detected: {(<Change.modified: 2>, '/workspace/app/backend/logs/app_20260527_161940.log')}
2026-05-27 16:27:17,430 - watchfiles.main - DEBUG - 1 change detected: {(<Change.modified: 2>, '/workspace/app/backend/logs/app_20260527_161940.log')}
2026-05-27 16:27:17,782 - watchfiles.main - DEBUG - 1 change detected: {(<Change.modified: 2>, '/workspace/app/backend/logs/app_20260527_161940.log')}
2026-05-27 16:27:18,133 - watchfiles.main - DEBUG - 1 change detected: {(<Change.modified: 2>, '/workspace/app/backend/logs/app_20260527_161940.log')}
2026-05-27 16:27:18,483 - watchfiles.main - DEBUG - 1 change detected: {(<Change.modified: 2>, '/workspace/app/backend/logs/app_20260527_161940.log')}
2026-05-27 16:27:18,834 - watchfiles.main - DEBUG - 1 change detected: {(<Change.modified: 2>, '/workspace/app/backend/logs/app_20260527_161940.log')}
2026-05-27 16:27:19,185 - watchfiles.main - DEBUG - 1 change detected: {(<Change.modified: 2>, '/workspace/app/backend/logs/app_20260527_161940.log')}
2026-05-27 16:27:19,536 - watchfiles.main - DEBUG - 1 change detected: {(<Change.modified: 2>, '/workspace/app/backend/logs/app_20260527_161940.log')}
2026-05-27 16:27:19,887 - watchfiles.main - DEBUG - 1 change detected: {(<Change.modified: 2>, '/workspace/app/backend/logs/app_20260527_161940.log')}
2026-05-27 16:27:20,238 - watchfiles.main - DEBUG - 1 change detected: {(<Change.modified: 2>, '/workspace/app/backend/logs/app_20260527_161940.log')}
2026-05-27 16:27:20,589 - watchfiles.main - DEBUG - 1 change detected: {(<Change.modified: 2>, '/workspace/app/backend/logs/app_20260527_161940.log')}
2026-05-27 16:27:20,940 - watchfiles.main - DEBUG - 1 change detected: {(<Change.modified: 2>, '/workspace/app/backend/logs/app_20260527_161940.log')}
2026-05-27 16:27:21,292 - watchfiles.main - DEBUG - 1 change detected: {(<Change.modified: 2>, '/workspace/app/backend/logs/app_20260527_161940.log')}
2026-05-27 16:27:21,643 - watchfiles.main - DEBUG - 1 change detected: {(<Change.modified: 2>, '/workspace/app/backend/logs/app_20260527_161940.log')}
2026-05-27 16:27:21,994 - watchfiles.main - DEBUG - 1 change detected: {(<Change.modified: 2>, '/workspace/app/backend/logs/app_20260527_161940.log')}
2026-05-27 16:27:22,345 - watchfiles.main - DEBUG - 1 change detected: {(<Change.modified: 2>, '/workspace/app/backend/logs/app_20260527_161940.log')}
2026-05-27 16:27:22,696 - watchfiles.main - DEBUG - 1 change detected: {(<Change.modified: 2>, '/workspace/app/backend/logs/app_20260527_161940.log')}
2026-05-27 16:27:23,047 - watchfiles.main - DEBUG - 1 change detected: {(<Change.modified: 2>, '/workspace/app/backend/logs/app_20260527_161940.log')}
2026-05-27 16:27:23,398 - watchfiles.main - DEBUG - 1 change detected: {(<Change.modified: 2>, '/workspace/app/backend/logs/app_20260527_161940.log')}
2026-05-27 16:27:23,749 - watchfiles.main - DEBUG - 1 change detected: {(<Change.modified: 2>, '/workspace/app/backend/logs/app_20260527_161940.log')}
2026-05-27 16:27:24,100 - watchfiles.main - DEBUG - 1 change detected: {(<Change.modified: 2>, '/workspace/app/backend/logs/app_20260527_161940.log')}
2026-05-27 16:27:24,451 - watchfiles.main - DEBUG - 1 change detected: {(<Change.modified: 2>, '/workspace/app/backend/logs/app_20260527_161940.log')}
2026-05-27 16:27:24,802 - watchfiles.main - DEBUG - 1 change detected: {(<Change.modified: 2>, '/workspace/app/backend/logs/app_20260527_161940.log')}
2026-05-27 16:27:25,153 - watchfiles.main - DEBUG - 1 change detected: {(<Change.modified: 2>, '/workspace/app/backend/logs/app_20260527_161940.log')}
2026-05-27 16:27:25,504 - watchfiles.main - DEBUG - 1 change detected: {(<Change.modified: 2>, '/workspace/app/backend/logs/app_20260527_161940.log')}
2026-05-27 16:27:25,855 - watchfiles.main - DEBUG - 1 change detected: {(<Change.modified: 2>, '/workspace/app/backend/logs/app_20260527_161940.log')}
2026-05-27 16:27:26,206 - watchfiles.main - DEBUG - 1 change detected: {(<Change.modified: 2>, '/workspace/app/backend/logs/app_20260527_161940.log')}
2026-05-27 16:27:26,557 - watchfiles.main - DEBUG - 1 change detected: {(<Change.modified: 2>, '/workspace/app/backend/logs/app_20260527_161940.log')}
2026-05-27 16:27:26,908 - watchfiles.main - DEBUG - 1 change detected: {(<Change.modified: 2>, '/workspace/app/backend/logs/app_20260527_161940.log')}
2026-05-27 16:27:27,259 - watchfiles.main - DEBUG - 1 change detected: {(<Change.modified: 2>, '/workspace/app/backend/logs/app_20260527_161940.log')}
2026-05-27 16:27:27,610 - watchfiles.main - DEBUG - 1 change detected: {(<Change.modified: 2>, '/workspace/app/backend/logs/app_20260527_161940.log')}
2026-05-27 16:27:27,962 - watchfiles.main - DEBUG - 1 change detected: {(<Change.modified: 2>, '/workspace/app/backend/logs/app_20260527_161940.log')}
2026-05-27 16:27:28,313 - watchfiles.main - DEBUG - 1 change detected: {(<Change.modified: 2>, '/workspace/app/backend/logs/app_20260527_161940.log')}
2026-05-27 16:27:28,664 - watchfiles.main - DEBUG - 1 change detected: {(<Change.modified: 2>, '/workspace/app/backend/logs/app_20260527_161940.log')}
2026-05-27 16:27:29,015 - watchfiles.main - DEBUG - 1 change detected: {(<Change.modified: 2>, '/workspace/app/backend/logs/app_20260527_161940.log')}
2026-05-27 16:27:29,366 - watchfiles.main - DEBUG - 1 change detected: {(<Change.modified: 2>, '/workspace/app/backend/logs/app_20260527_161940.log')}
2026-05-27 16:27:29,717 - watchfiles.main - DEBUG - 1 change detected: {(<Change.modified: 2>, '/workspace/app/backend/logs/app_20260527_161940.log')}
2026-05-27 16:27:30,068 - watchfiles.main - DEBUG - 1 change detected: {(<Change.modified: 2>, '/workspace/app/backend/logs/app_20260527_161940.log')}
2026-05-27 16:27:30,419 - watchfiles.main - DEBUG - 1 change detected: {(<Change.modified: 2>, '/workspace/app/backend/logs/app_20260527_161940.log')}
2026-05-27 16:27:30,770 - watchfiles.main - DEBUG - 1 change detected: {(<Change.modified: 2>, '/workspace/app/backend/logs/app_20260527_161940.log')}
2026-05-27 16:27:31,121 - watchfiles.main - DEBUG - 1 change detected: {(<Change.modified: 2>, '/workspace/app/backend/logs/app_20260527_161940.log')}
2026-05-27 16:27:31,472 - watchfiles.main - DEBUG - 1 change detected: {(<Change.modified: 2>, '/workspace/app/backend/logs/app_20260527_161940.log')}
2026-05-27 16:27:31,824 - watchfiles.main - DEBUG - 1 change detected: {(<Change.modified: 2>, '/workspace/app/backend/logs/app_20260527_161940.log')}
2026-05-27 16:27:32,175 - watchfiles.main - DEBUG - 1 change detected: {(<Change.modified: 2>, '/workspace/app/backend/logs/app_20260527_161940.log')}
2026-05-27 16:27:32,526 - watchfiles.main - DEBUG - 1 change detected: {(<Change.modified: 2>, '/workspace/app/backend/logs/app_20260527_161940.log')}
2026-05-27 16:27:32,877 - watchfiles.main - DEBUG - 1 change detected: {(<Change.modified: 2>, '/workspace/app/backend/logs/app_20260527_161940.log')}
2026-05-27 16:27:33,228 - watchfiles.main - DEBUG - 1 change detected: {(<Change.modified: 2>, '/workspace/app/backend/logs/app_20260527_161940.log')}
2026-05-27 16:27:33,579 - watchfiles.main - DEBUG - 1 change detected: {(<Change.modified: 2>, '/workspace/app/backend/logs/app_20260527_161940.log')}
2026-05-27 16:27:33,930 - watchfiles.main - DEBUG - 1 change detected: {(<Change.modified: 2>, '/workspace/app/backend/logs/app_20260527_161940.log')}
2026-05-27 16:27:34,281 - watchfiles.main - DEBUG - 1 change detected: {(<Change.modified: 2>, '/workspace/app/backend/logs/app_20260527_161940.log')}
2026-05-27 16:27:34,632 - watchfiles.main - DEBUG - 1 change detected: {(<Change.modified: 2>, '/workspace/app/backend/logs/app_20260527_161940.log')}
2026-05-27 16:27:34,983 - watchfiles.main - DEBUG - 1 change detected: {(<Change.modified: 2>, '/workspace/app/backend/logs/app_20260527_161940.log')}
2026-05-27 16:27:35,334 - watchfiles.main - DEBUG - 1 change detected: {(<Change.modified: 2>, '/workspace/app/backend/logs/app_20260527_161940.log')}
2026-05-27 16:27:35,685 - watchfiles.main - DEBUG - 1 change detected: {(<Change.modified: 2>, '/workspace/app/backend/logs/app_20260527_161940.log')}
2026-05-27 16:27:36,036 - watchfiles.main - DEBUG - 1 change detected: {(<Change.modified: 2>, '/workspace/app/backend/logs/app_20260527_161940.log')}
2026-05-27 16:27:36,387 - watchfiles.main - DEBUG - 1 change detected: {(<Change.modified: 2>, '/workspace/app/backend/logs/app_20260527_161940.log')}
2026-05-27 16:27:36,738 - watchfiles.main - DEBUG - 1 change detected: {(<Change.modified: 2>, '/workspace/app/backend/logs/app_20260527_161940.log')}
2026-05-27 16:27:37,089 - watchfiles.main - DEBUG - 1 change detected: {(<Change.modified: 2>, '/workspace/app/backend/logs/app_20260527_161940.log')}
2026-05-27 16:27:37,440 - watchfiles.main - DEBUG - 1 change detected: {(<Change.modified: 2>, '/workspace/app/backend/logs/app_20260527_161940.log')}
2026-05-27 16:27:37,791 - watchfiles.main - DEBUG - 1 change detected: {(<Change.modified: 2>, '/workspace/app/backend/logs/app_20260527_161940.log')}
2026-05-27 16:27:38,142 - watchfiles.main - DEBUG - 1 change detected: {(<Change.modified: 2>, '/workspace/app/backend/logs/app_20260527_161940.log')}
2026-05-27 16:27:38,492 - watchfiles.main - DEBUG - 1 change detected: {(<Change.modified: 2>, '/workspace/app/backend/logs/app_20260527_161940.log')}
2026-05-27 16:27:38,843 - watchfiles.main - DEBUG - 1 change detected: {(<Change.modified: 2>, '/workspace/app/backend/logs/app_20260527_161940.log')}
2026-05-27 16:27:39,194 - watchfiles.main - DEBUG - 1 change detected: {(<Change.modified: 2>, '/workspace/app/backend/logs/app_20260527_161940.log')}
2026-05-27 16:27:39,545 - watchfiles.main - DEBUG - 1 change detected: {(<Change.modified: 2>, '/workspace/app/backend/logs/app_20260527_161940.log')}
2026-05-27 16:27:39,896 - watchfiles.main - DEBUG - 1 change detected: {(<Change.modified: 2>, '/workspace/app/backend/logs/app_20260527_161940.log')}
2026-05-27 16:27:40,247 - watchfiles.main - DEBUG - 1 change detected: {(<Change.modified: 2>, '/workspace/app/backend/logs/app_20260527_161940.log')}
2026-05-27 16:27:40,598 - watchfiles.main - DEBUG - 1 change detected: {(<Change.modified: 2>, '/workspace/app/backend/logs/app_20260527_161940.log')}
2026-05-27 16:27:40,950 - watchfiles.main - DEBUG - 1 change detected: {(<Change.modified: 2>, '/workspace/app/backend/logs/app_20260527_161940.log')}
2026-05-27 16:27:41,301 - watchfiles.main - DEBUG - 1 change detected: {(<Change.modified: 2>, '/workspace/app/backend/logs/app_20260527_161940.log')}
2026-05-27 16:27:41,652 - watchfiles.main - DEBUG - 1 change detected: {(<Change.modified: 2>, '/workspace/app/backend/logs/app_20260527_161940.log')}
2026-05-27 16:27:42,003 - watchfiles.main - DEBUG - 1 change detected: {(<Change.modified: 2>, '/workspace/app/backend/logs/app_20260527_161940.log')}
2026-05-27 16:27:42,354 - watchfiles.main - DEBUG - 1 change detected: {(<Change.modified: 2>, '/workspace/app/backend/logs/app_20260527_161940.log')}
2026-05-27 16:27:42,705 - watchfiles.main - DEBUG - 1 change detected: {(<Change.modified: 2>, '/workspace/app/backend/logs/app_20260527_161940.log')}
2026-05-27 16:27:43,056 - watchfiles.main - DEBUG - 1 change detected: {(<Change.modified: 2>, '/workspace/app/backend/logs/app_20260527_161940.log')}
2026-05-27 16:27:43,407 - watchfiles.main - DEBUG - 1 change detected: {(<Change.modified: 2>, '/workspace/app/backend/logs/app_20260527_161940.log')}
2026-05-27 16:27:43,759 - watchfiles.main - DEBUG - 1 change detected: {(<Change.modified: 2>, '/workspace/app/backend/logs/app_20260527_161940.log')}
2026-05-27 16:27:44,110 - watchfiles.main - DEBUG - 1 change detected: {(<Change.modified: 2>, '/workspace/app/backend/logs/app_20260527_161940.log')}
2026-05-27 16:27:44,461 - watchfiles.main - DEBUG - 1 change detected: {(<Change.modified: 2>, '/workspace/app/backend/logs/app_20260527_161940.log')}
2026-05-27 16:27:44,812 - watchfiles.main - DEBUG - 1 change detected: {(<Change.modified: 2>, '/workspace/app/backend/logs/app_20260527_161940.log')}
2026-05-27 16:27:45,163 - watchfiles.main - DEBUG - 1 change detected: {(<Change.modified: 2>, '/workspace/app/backend/logs/app_20260527_161940.log')}
2026-05-27 16:27:45,514 - watchfiles.main - DEBUG - 1 change detected: {(<Change.modified: 2>, '/workspace/app/backend/logs/app_20260527_161940.log')}
2026-05-27 16:27:45,865 - watchfiles.main - DEBUG - 1 change detected: {(<Change.modified: 2>, '/workspace/app/backend/logs/app_20260527_161940.log')}
2026-05-27 16:27:46,216 - watchfiles.main - DEBUG - 1 change detected: {(<Change.modified: 2>, '/workspace/app/backend/logs/app_20260527_161940.log')}
2026-05-27 16:27:46,567 - watchfiles.main - DEBUG - 1 change detected: {(<Change.modified: 2>, '/workspace/app/backend/logs/app_20260527_161940.log')}
2026-05-27 16:27:46,918 - watchfiles.main - DEBUG - 1 change detected: {(<Change.modified: 2>, '/workspace/app/backend/logs/app_20260527_161940.log')}
2026-05-27 16:27:47,269 - watchfiles.main - DEBUG - 1 change detected: {(<Change.modified: 2>, '/workspace/app/backend/logs/app_20260527_161940.log')}
2026-05-27 16:27:47,620 - watchfiles.main - DEBUG - 1 change detected: {(<Change.modified: 2>, '/workspace/app/backend/logs/app_20260527_161940.log')}
2026-05-27 16:27:47,971 - watchfiles.main - DEBUG - 1 change detected: {(<Change.modified: 2>, '/workspace/app/backend/logs/app_20260527_161940.log')}
2026-05-27 16:27:48,322 - watchfiles.main - DEBUG - 1 change detected: {(<Change.modified: 2>, '/workspace/app/backend/logs/app_20260527_161940.log')}
2026-05-27 16:27:48,673 - watchfiles.main - DEBUG - 1 change detected: {(<Change.modified: 2>, '/workspace/app/backend/logs/app_20260527_161940.log')}
2026-05-27 16:27:49,024 - watchfiles.main - DEBUG - 1 change detected: {(<Change.modified: 2>, '/workspace/app/backend/logs/app_20260527_161940.log')}
2026-05-27 16:27:49,375 - watchfiles.main - DEBUG - 1 change detected: {(<Change.modified: 2>, '/workspace/app/backend/logs/app_20260527_161940.log')}
2026-05-27 16:27:49,726 - watchfiles.main - DEBUG - 1 change detected: {(<Change.modified: 2>, '/workspace/app/backend/logs/app_20260527_161940.log')}
2026-05-27 16:27:50,077 - watchfiles.main - DEBUG - 1 change detected: {(<Change.modified: 2>, '/workspace/app/backend/logs/app_20260527_161940.log')}
2026-05-27 16:27:50,428 - watchfiles.main - DEBUG - 1 change detected: {(<Change.modified: 2>, '/workspace/app/backend/logs/app_20260527_161940.log')}
2026-05-27 16:27:50,779 - watchfiles.main - DEBUG - 1 change detected: {(<Change.modified: 2>, '/workspace/app/backend/logs/app_20260527_161940.log')}
2026-05-27 16:27:51,130 - watchfiles.main - DEBUG - 1 change detected: {(<Change.modified: 2>, '/workspace/app/backend/logs/app_20260527_161940.log')}
2026-05-27 16:27:51,481 - watchfiles.main - DEBUG - 1 change detected: {(<Change.modified: 2>, '/workspace/app/backend/logs/app_20260527_161940.log')}
2026-05-27 16:27:51,832 - watchfiles.main - DEBUG - 1 change detected: {(<Change.modified: 2>, '/workspace/app/backend/logs/app_20260527_161940.log')}
2026-05-27 16:27:52,183 - watchfiles.main - DEBUG - 1 change detected: {(<Change.modified: 2>, '/workspace/app/backend/logs/app_20260527_161940.log')}
2026-05-27 16:27:52,534 - watchfiles.main - DEBUG - 1 change detected: {(<Change.modified: 2>, '/workspace/app/backend/logs/app_20260527_161940.log')}
2026-05-27 16:27:52,885 - watchfiles.main - DEBUG - 1 change detected: {(<Change.modified: 2>, '/workspace/app/backend/logs/app_20260527_161940.log')}
2026-05-27 16:27:53,236 - watchfiles.main - DEBUG - 1 change detected: {(<Change.modified: 2>, '/workspace/app/backend/logs/app_20260527_161940.log')}
2026-05-27 16:27:53,587 - watchfiles.main - DEBUG - 1 change detected: {(<Change.modified: 2>, '/workspace/app/backend/logs/app_20260527_161940.log')}
2026-05-27 16:27:53,938 - watchfiles.main - DEBUG - 1 change detected: {(<Change.modified: 2>, '/workspace/app/backend/logs/app_20260527_161940.log')}
2026-05-27 16:27:54,289 - watchfiles.main - DEBUG - 1 change detected: {(<Change.modified: 2>, '/workspace/app/backend/logs/app_20260527_161940.log')}
2026-05-27 16:27:54,640 - watchfiles.main - DEBUG - 1 change detected: {(<Change.modified: 2>, '/workspace/app/backend/logs/app_20260527_161940.log')}
2026-05-27 16:27:54,991 - watchfiles.main - DEBUG - 1 change detected: {(<Change.modified: 2>, '/workspace/app/backend/logs/app_20260527_161940.log')}
2026-05-27 16:27:55,342 - watchfiles.main - DEBUG - 1 change detected: {(<Change.modified: 2>, '/workspace/app/backend/logs/app_20260527_161940.log')}
2026-05-27 16:27:55,693 - watchfiles.main - DEBUG - 1 change detected: {(<Change.modified: 2>, '/workspace/app/backend/logs/app_20260527_161940.log')}
2026-05-27 16:27:56,044 - watchfiles.main - DEBUG - 1 change detected: {(<Change.modified: 2>, '/workspace/app/backend/logs/app_20260527_161940.log')}
2026-05-27 16:27:56,395 - watchfiles.main - DEBUG - 1 change detected: {(<Change.modified: 2>, '/workspace/app/backend/logs/app_20260527_161940.log')}
2026-05-27 16:27:56,746 - watchfiles.main - DEBUG - 1 change detected: {(<Change.modified: 2>, '/workspace/app/backend/logs/app_20260527_161940.log')}
2026-05-27 16:27:57,097 - watchfiles.main - DEBUG - 1 change detected: {(<Change.modified: 2>, '/workspace/app/backend/logs/app_20260527_161940.log')}
2026-05-27 16:27:57,449 - watchfiles.main - DEBUG - 1 change detected: {(<Change.modified: 2>, '/workspace/app/backend/logs/app_20260527_161940.log')}
2026-05-27 16:27:57,800 - watchfiles.main - DEBUG - 1 change detected: {(<Change.modified: 2>, '/workspace/app/backend/logs/app_20260527_161940.log')}
2026-05-27 16:27:58,151 - watchfiles.main - DEBUG - 1 change detected: {(<Change.modified: 2>, '/workspace/app/backend/logs/app_20260527_161940.log')}
2026-05-27 16:27:58,503 - watchfiles.main - DEBUG - 1 change detected: {(<Change.modified: 2>, '/workspace/app/backend/logs/app_20260527_161940.log')}
2026-05-27 16:27:58,854 - watchfiles.main - DEBUG - 1 change detected: {(<Change.modified: 2>, '/workspace/app/backend/logs/app_20260527_161940.log')}
2026-05-27 16:27:59,205 - watchfiles.main - DEBUG - 1 change detected: {(<Change.modified: 2>, '/workspace/app/backend/logs/app_20260527_161940.log')}
2026-05-27 16:27:59,556 - watchfiles.main - DEBUG - 1 change detected: {(<Change.modified: 2>, '/workspace/app/backend/logs/app_20260527_161940.log')}
2026-05-27 16:27:59,907 - watchfiles.main - DEBUG - 1 change detected: {(<Change.modified: 2>, '/workspace/app/backend/logs/app_20260527_161940.log')}
2026-05-27 16:28:00,258 - watchfiles.main - DEBUG - 1 change detected: {(<Change.modified: 2>, '/workspace/app/backend/logs/app_20260527_161940.log')}
2026-05-27 16:28:00,609 - watchfiles.main - DEBUG - 1 change detected: {(<Change.modified: 2>, '/workspace/app/backend/logs/app_20260527_161940.log')}
2026-05-27 16:28:00,960 - watchfiles.main - DEBUG - 1 change detected: {(<Change.modified: 2>, '/workspace/app/backend/logs/app_20260527_161940.log')}
2026-05-27 16:28:01,311 - watchfiles.main - DEBUG - 1 change detected: {(<Change.modified: 2>, '/workspace/app/backend/logs/app_20260527_161940.log')}
2026-05-27 16:28:01,662 - watchfiles.main - DEBUG - 1 change detected: {(<Change.modified: 2>, '/workspace/app/backend/logs/app_20260527_161940.log')}
2026-05-27 16:28:02,013 - watchfiles.main - DEBUG - 1 change detected: {(<Change.modified: 2>, '/workspace/app/backend/logs/app_20260527_161940.log')}
2026-05-27 16:28:02,364 - watchfiles.main - DEBUG - 1 change detected: {(<Change.modified: 2>, '/workspace/app/backend/logs/app_20260527_161940.log')}
2026-05-27 16:28:02,715 - watchfiles.main - DEBUG - 1 change detected: {(<Change.modified: 2>, '/workspace/app/backend/logs/app_20260527_161940.log')}
2026-05-27 16:28:03,066 - watchfiles.main - DEBUG - 1 change detected: {(<Change.modified: 2>, '/workspace/app/backend/logs/app_20260527_161940.log')}
2026-05-27 16:28:03,417 - watchfiles.main - DEBUG - 1 change detected: {(<Change.modified: 2>, '/workspace/app/backend/logs/app_20260527_161940.log')}
2026-05-27 16:28:03,768 - watchfiles.main - DEBUG - 1 change detected: {(<Change.modified: 2>, '/workspace/app/backend/logs/app_20260527_161940.log')}
2026-05-27 16:28:04,119 - watchfiles.main - DEBUG - 1 change detected: {(<Change.modified: 2>, '/workspace/app/backend/logs/app_20260527_161940.log')}
2026-05-27 16:28:04,470 - watchfiles.main - DEBUG - 1 change detected: {(<Change.modified: 2>, '/workspace/app/backend/logs/app_20260527_161940.log')}
2026-05-27 16:28:04,821 - watchfiles.main - DEBUG - 1 change detected: {(<Change.modified: 2>, '/workspace/app/backend/logs/app_20260527_161940.log')}
2026-05-27 16:28:05,173 - watchfiles.main - DEBUG - 1 change detected: {(<Change.modified: 2>, '/workspace/app/backend/logs/app_20260527_161940.log')}
2026-05-27 16:28:05,524 - watchfiles.main - DEBUG - 1 change detected: {(<Change.modified: 2>, '/workspace/app/backend/logs/app_20260527_161940.log')}
2026-05-27 16:28:05,875 - watchfiles.main - DEBUG - 1 change detected: {(<Change.modified: 2>, '/workspace/app/backend/logs/app_20260527_161940.log')}
2026-05-27 16:28:06,226 - watchfiles.main - DEBUG - 1 change detected: {(<Change.modified: 2>, '/workspace/app/backend/logs/app_20260527_161940.log')}
2026-05-27 16:28:06,577 - watchfiles.main - DEBUG - 1 change detected: {(<Change.modified: 2>, '/workspace/app/backend/logs/app_20260527_161940.log')}
2026-05-27 16:28:06,928 - watchfiles.main - DEBUG - 1 change detected: {(<Change.modified: 2>, '/workspace/app/backend/logs/app_20260527_161940.log')}
2026-05-27 16:28:07,279 - watchfiles.main - DEBUG - 1 change detected: {(<Change.modified: 2>, '/workspace/app/backend/logs/app_20260527_161940.log')}
2026-05-27 16:28:07,630 - watchfiles.main - DEBUG - 1 change detected: {(<Change.modified: 2>, '/workspace/app/backend/logs/app_20260527_161940.log')}
2026-05-27 16:28:07,981 - watchfiles.main - DEBUG - 1 change detected: {(<Change.modified: 2>, '/workspace/app/backend/logs/app_20260527_161940.log')}
2026-05-27 16:28:08,332 - watchfiles.main - DEBUG - 1 change detected: {(<Change.modified: 2>, '/workspace/app/backend/logs/app_20260527_161940.log')}
2026-05-27 16:28:08,683 - watchfiles.main - DEBUG - 1 change detected: {(<Change.modified: 2>, '/workspace/app/backend/logs/app_20260527_161940.log')}
2026-05-27 16:28:09,034 - watchfiles.main - DEBUG - 1 change detected: {(<Change.modified: 2>, '/workspace/app/backend/logs/app_20260527_161940.log')}
2026-05-27 16:28:09,385 - watchfiles.main - DEBUG - 1 change detected: {(<Change.modified: 2>, '/workspace/app/backend/logs/app_20260527_161940.log')}
2026-05-27 16:28:09,736 - watchfiles.main - DEBUG - 1 change detected: {(<Change.modified: 2>, '/workspace/app/backend/logs/app_20260527_161940.log')}
2026-05-27 16:28:10,087 - watchfiles.main - DEBUG - 1 change detected: {(<Change.modified: 2>, '/workspace/app/backend/logs/app_20260527_161940.log')}
2026-05-27 16:28:10,438 - watchfiles.main - DEBUG - 1 change detected: {(<Change.modified: 2>, '/workspace/app/backend/logs/app_20260527_161940.log')}
2026-05-27 16:28:10,789 - watchfiles.main - DEBUG - 1 change detected: {(<Change.modified: 2>, '/workspace/app/backend/logs/app_20260527_161940.log')}
2026-05-27 16:28:11,140 - watchfiles.main - DEBUG - 1 change detected: {(<Change.modified: 2>, '/workspace/app/backend/logs/app_20260527_161940.log')}
2026-05-27 16:28:11,491 - watchfiles.main - DEBUG - 1 change detected: {(<Change.modified: 2>, '/workspace/app/backend/logs/app_20260527_161940.log')}
2026-05-27 16:28:11,842 - watchfiles.main - DEBUG - 1 change detected: {(<Change.modified: 2>, '/workspace/app/backend/logs/app_20260527_161940.log')}
2026-05-27 16:28:12,193 - watchfiles.main - DEBUG - 1 change detected: {(<Change.modified: 2>, '/workspace/app/backend/logs/app_20260527_161940.log')}
2026-05-27 16:28:12,544 - watchfiles.main - DEBUG - 1 change detected: {(<Change.modified: 2>, '/workspace/app/backend/logs/app_20260527_161940.log')}
2026-05-27 16:28:12,895 - watchfiles.main - DEBUG - 1 change detected: {(<Change.modified: 2>, '/workspace/app/backend/logs/app_20260527_161940.log')}
2026-05-27 16:28:13,246 - watchfiles.main - DEBUG - 1 change detected: {(<Change.modified: 2>, '/workspace/app/backend/logs/app_20260527_161940.log')}
2026-05-27 16:28:13,597 - watchfiles.main - DEBUG - 1 change detected: {(<Change.modified: 2>, '/workspace/app/backend/logs/app_20260527_161940.log')}
2026-05-27 16:28:13,949 - watchfiles.main - DEBUG - 1 change detected: {(<Change.modified: 2>, '/workspace/app/backend/logs/app_20260527_161940.log')}
2026-05-27 16:28:14,300 - watchfiles.main - DEBUG - 1 change detected: {(<Change.modified: 2>, '/workspace/app/backend/logs/app_20260527_161940.log')}
2026-05-27 16:28:14,651 - watchfiles.main - DEBUG - 1 change detected: {(<Change.modified: 2>, '/workspace/app/backend/logs/app_20260527_161940.log')}
2026-05-27 16:28:15,002 - watchfiles.main - DEBUG - 1 change detected: {(<Change.modified: 2>, '/workspace/app/backend/logs/app_20260527_161940.log')}
2026-05-27 16:28:15,353 - watchfiles.main - DEBUG - 1 change detected: {(<Change.modified: 2>, '/workspace/app/backend/logs/app_20260527_161940.log')}
2026-05-27 16:28:15,704 - watchfiles.main - DEBUG - 1 change detected: {(<Change.modified: 2>, '/workspace/app/backend/logs/app_20260527_161940.log')}
2026-05-27 16:28:16,055 - watchfiles.main - DEBUG - 1 change detected: {(<Change.modified: 2>, '/workspace/app/backend/logs/app_20260527_161940.log')}
2026-05-27 16:28:16,406 - watchfiles.main - DEBUG - 1 change detected: {(<Change.modified: 2>, '/workspace/app/backend/logs/app_20260527_161940.log')}
2026-05-27 16:28:16,757 - watchfiles.main - DEBUG - 1 change detected: {(<Change.modified: 2>, '/workspace/app/backend/logs/app_20260527_161940.log')}
2026-05-27 16:28:17,108 - watchfiles.main - DEBUG - 1 change detected: {(<Change.modified: 2>, '/workspace/app/backend/logs/app_20260527_161940.log')}
2026-05-27 16:28:17,459 - watchfiles.main - DEBUG - 1 change detected: {(<Change.modified: 2>, '/workspace/app/backend/logs/app_20260527_161940.log')}
2026-05-27 16:28:17,810 - watchfiles.main - DEBUG - 1 change detected: {(<Change.modified: 2>, '/workspace/app/backend/logs/app_20260527_161940.log')}
2026-05-27 16:28:18,161 - watchfiles.main - DEBUG - 1 change detected: {(<Change.modified: 2>, '/workspace/app/backend/logs/app_20260527_161940.log')}
2026-05-27 16:28:18,512 - watchfiles.main - DEBUG - 1 change detected: {(<Change.modified: 2>, '/workspace/app/backend/logs/app_20260527_161940.log')}
2026-05-27 16:28:18,863 - watchfiles.main - DEBUG - 1 change detected: {(<Change.modified: 2>, '/workspace/app/backend/logs/app_20260527_161940.log')}
2026-05-27 16:28:19,214 - watchfiles.main - DEBUG - 1 change detected: {(<Change.modified: 2>, '/workspace/app/backend/logs/app_20260527_161940.log')}
2026-05-27 16:28:19,565 - watchfiles.main - DEBUG - 1 change detected: {(<Change.modified: 2>, '/workspace/app/backend/logs/app_20260527_161940.log')}
2026-05-27 16:28:19,916 - watchfiles.main - DEBUG - 1 change detected: {(<Change.modified: 2>, '/workspace/app/backend/logs/app_20260527_161940.log')}
2026-05-27 16:28:20,267 - watchfiles.main - DEBUG - 1 change detected: {(<Change.modified: 2>, '/workspace/app/backend/logs/app_20260527_161940.log')}
2026-05-27 16:28:20,618 - watchfiles.main - DEBUG - 1 change detected: {(<Change.modified: 2>, '/workspace/app/backend/logs/app_20260527_161940.log')}
2026-05-27 16:28:20,969 - watchfiles.main - DEBUG - 1 change detected: {(<Change.modified: 2>, '/workspace/app/backend/logs/app_20260527_161940.log')}
2026-05-27 16:28:21,320 - watchfiles.main - DEBUG - 1 change detected: {(<Change.modified: 2>, '/workspace/app/backend/logs/app_20260527_161940.log')}
2026-05-27 16:28:21,671 - watchfiles.main - DEBUG - 1 change detected: {(<Change.modified: 2>, '/workspace/app/backend/logs/app_20260527_161940.log')}
2026-05-27 16:28:22,022 - watchfiles.main - DEBUG - 1 change detected: {(<Change.modified: 2>, '/workspace/app/backend/logs/app_20260527_161940.log')}
2026-05-27 16:28:22,374 - watchfiles.main - DEBUG - 1 change detected: {(<Change.modified: 2>, '/workspace/app/backend/logs/app_20260527_161940.log')}
2026-05-27 16:28:22,725 - watchfiles.main - DEBUG - 1 change detected: {(<Change.modified: 2>, '/workspace/app/backend/logs/app_20260527_161940.log')}
2026-05-27 16:28:23,076 - watchfiles.main - DEBUG - 1 change detected: {(<Change.modified: 2>, '/workspace/app/backend/logs/app_20260527_161940.log')}
2026-05-27 16:28:23,427 - watchfiles.main - DEBUG - 1 change detected: {(<Change.modified: 2>, '/workspace/app/backend/logs/app_20260527_161940.log')}
2026-05-27 16:28:23,778 - watchfiles.main - DEBUG - 1 change detected: {(<Change.modified: 2>, '/workspace/app/backend/logs/app_20260527_161940.log')}
2026-05-27 16:28:24,129 - watchfiles.main - DEBUG - 1 change detected: {(<Change.modified: 2>, '/workspace/app/backend/logs/app_20260527_161940.log')}
2026-05-27 16:28:24,480 - watchfiles.main - DEBUG - 1 change detected: {(<Change.modified: 2>, '/workspace/app/backend/logs/app_20260527_161940.log')}
2026-05-27 16:28:24,831 - watchfiles.main - DEBUG - 1 change detected: {(<Change.modified: 2>, '/workspace/app/backend/logs/app_20260527_161940.log')}
2026-05-27 16:28:25,182 - watchfiles.main - DEBUG - 1 change detected: {(<Change.modified: 2>, '/workspace/app/backend/logs/app_20260527_161940.log')}
2026-05-27 16:28:25,533 - watchfiles.main - DEBUG - 1 change detected: {(<Change.modified: 2>, '/workspace/app/backend/logs/app_20260527_161940.log')}
2026-05-27 16:28:25,884 - watchfiles.main - DEBUG - 1 change detected: {(<Change.modified: 2>, '/workspace/app/backend/logs/app_20260527_161940.log')}
2026-05-27 16:28:26,235 - watchfiles.main - DEBUG - 1 change detected: {(<Change.modified: 2>, '/workspace/app/backend/logs/app_20260527_161940.log')}
2026-05-27 16:28:26,586 - watchfiles.main - DEBUG - 1 change detected: {(<Change.modified: 2>, '/workspace/app/backend/logs/app_20260527_161940.log')}
2026-05-27 16:28:26,937 - watchfiles.main - DEBUG - 1 change detected: {(<Change.modified: 2>, '/workspace/app/backend/logs/app_20260527_161940.log')}
2026-05-27 16:28:27,288 - watchfiles.main - DEBUG - 1 change detected: {(<Change.modified: 2>, '/workspace/app/backend/logs/app_20260527_161940.log')}
2026-05-27 16:28:27,639 - watchfiles.main - DEBUG - 2 changes detected: {(<Change.modified: 2>, '/workspace/app/backend/logs/app_20260527_161942.log'), (<Change.modified: 2>, '/workspace/app/backend/logs/app_20260527_161940.log')}
2026-05-27 16:28:27,990 - watchfiles.main - DEBUG - 2 changes detected: {(<Change.modified: 2>, '/workspace/app/backend/logs/app_20260527_161942.log'), (<Change.modified: 2>, '/workspace/app/backend/logs/app_20260527_161940.log')}
2026-05-27 16:28:28,341 - watchfiles.main - DEBUG - 1 change detected: {(<Change.modified: 2>, '/workspace/app/backend/logs/app_20260527_161940.log')}
2026-05-27 16:28:28,692 - watchfiles.main - DEBUG - 1 change detected: {(<Change.modified: 2>, '/workspace/app/backend/logs/app_20260527_161940.log')}
2026-05-27 16:28:29,043 - watchfiles.main - DEBUG - 1 change detected: {(<Change.modified: 2>, '/workspace/app/backend/logs/app_20260527_161940.log')}
2026-05-27 16:28:29,394 - watchfiles.main - DEBUG - 1 change detected: {(<Change.modified: 2>, '/workspace/app/backend/logs/app_20260527_161940.log')}
2026-05-27 16:28:29,745 - watchfiles.main - DEBUG - 1 change detected: {(<Change.modified: 2>, '/workspace/app/backend/logs/app_20260527_161940.log')}
2026-05-27 16:28:30,096 - watchfiles.main - DEBUG - 1 change detected: {(<Change.modified: 2>, '/workspace/app/backend/logs/app_20260527_161940.log')}
2026-05-27 16:28:30,447 - watchfiles.main - DEBUG - 1 change detected: {(<Change.modified: 2>, '/workspace/app/backend/logs/app_20260527_161940.log')}
2026-05-27 16:28:30,798 - watchfiles.main - DEBUG - 1 change detected: {(<Change.modified: 2>, '/workspace/app/backend/logs/app_20260527_161940.log')}
2026-05-27 16:28:31,149 - watchfiles.main - DEBUG - 1 change detected: {(<Change.modified: 2>, '/workspace/app/backend/logs/app_20260527_161940.log')}
2026-05-27 16:28:31,500 - watchfiles.main - DEBUG - 1 change detected: {(<Change.modified: 2>, '/workspace/app/backend/logs/app_20260527_161940.log')}
2026-05-27 16:28:31,851 - watchfiles.main - DEBUG - 1 change detected: {(<Change.modified: 2>, '/workspace/app/backend/logs/app_20260527_161940.log')}
2026-05-27 16:28:32,202 - watchfiles.main - DEBUG - 2 changes detected: {(<Change.modified: 2>, '/workspace/app/backend/logs/app_20260527_161942.log'), (<Change.modified: 2>, '/workspace/app/backend/logs/app_20260527_161940.log')}
2026-05-27 16:28:32,553 - watchfiles.main - DEBUG - 1 change detected: {(<Change.modified: 2>, '/workspace/app/backend/logs/app_20260527_161940.log')}
2026-05-27 16:28:32,904 - watchfiles.main - DEBUG - 2 changes detected: {(<Change.modified: 2>, '/workspace/app/backend/logs/app_20260527_161942.log'), (<Change.modified: 2>, '/workspace/app/backend/logs/app_20260527_161940.log')}
2026-05-27 16:28:33,255 - watchfiles.main - DEBUG - 2 changes detected: {(<Change.modified: 2>, '/workspace/app/backend/logs/app_20260527_161942.log'), (<Change.modified: 2>, '/workspace/app/backend/logs/app_20260527_161940.log')}
2026-05-27 16:28:33,606 - watchfiles.main - DEBUG - 2 changes detected: {(<Change.modified: 2>, '/workspace/app/backend/logs/app_20260527_161942.log'), (<Change.modified: 2>, '/workspace/app/backend/logs/app_20260527_161940.log')}
2026-05-27 16:28:33,957 - watchfiles.main - DEBUG - 1 change detected: {(<Change.modified: 2>, '/workspace/app/backend/logs/app_20260527_161940.log')}
2026-05-27 16:28:34,358 - watchfiles.main - DEBUG - 2 changes detected: {(<Change.modified: 2>, '/workspace/app/backend/logs/app_20260527_161942.log'), (<Change.modified: 2>, '/workspace/app/backend/logs/app_20260527_161940.log')}
2026-05-27 16:28:34,709 - watchfiles.main - DEBUG - 2 changes detected: {(<Change.modified: 2>, '/workspace/app/backend/logs/app_20260527_161942.log'), (<Change.modified: 2>, '/workspace/app/backend/logs/app_20260527_161940.log')}
2026-05-27 16:28:35,060 - watchfiles.main - DEBUG - 2 changes detected: {(<Change.modified: 2>, '/workspace/app/backend/logs/app_20260527_161942.log'), (<Change.modified: 2>, '/workspace/app/backend/logs/app_20260527_161940.log')}
2026-05-27 16:28:35,411 - watchfiles.main - DEBUG - 2 changes detected: {(<Change.modified: 2>, '/workspace/app/backend/logs/app_20260527_161942.log'), (<Change.modified: 2>, '/workspace/app/backend/logs/app_20260527_161940.log')}
2026-05-27 16:28:35,762 - watchfiles.main - DEBUG - 2 changes detected: {(<Change.modified: 2>, '/workspace/app/backend/logs/app_20260527_161942.log'), (<Change.modified: 2>, '/workspace/app/backend/logs/app_20260527_161940.log')}
2026-05-27 16:28:36,163 - watchfiles.main - DEBUG - 2 changes detected: {(<Change.modified: 2>, '/workspace/app/backend/logs/app_20260527_161942.log'), (<Change.modified: 2>, '/workspace/app/backend/logs/app_20260527_161940.log')}
2026-05-27 16:28:36,564 - watchfiles.main - DEBUG - 2 changes detected: {(<Change.modified: 2>, '/workspace/app/backend/logs/app_20260527_161942.log'), (<Change.modified: 2>, '/workspace/app/backend/logs/app_20260527_161940.log')}
2026-05-27 16:28:36,916 - watchfiles.main - DEBUG - 1 change detected: {(<Change.modified: 2>, '/workspace/app/backend/logs/app_20260527_161940.log')}
2026-05-27 16:28:37,267 - watchfiles.main - DEBUG - 2 changes detected: {(<Change.modified: 2>, '/workspace/app/backend/logs/app_20260527_161942.log'), (<Change.modified: 2>, '/workspace/app/backend/logs/app_20260527_161940.log')}
2026-05-27 16:28:37,618 - watchfiles.main - DEBUG - 2 changes detected: {(<Change.modified: 2>, '/workspace/app/backend/logs/app_20260527_161942.log'), (<Change.modified: 2>, '/workspace/app/backend/logs/app_20260527_161940.log')}
2026-05-27 16:28:37,969 - watchfiles.main - DEBUG - 2 changes detected: {(<Change.modified: 2>, '/workspace/app/backend/logs/app_20260527_161942.log'), (<Change.modified: 2>, '/workspace/app/backend/logs/app_20260527_161940.log')}
2026-05-27 16:28:38,320 - watchfiles.main - DEBUG - 1 change detected: {(<Change.modified: 2>, '/workspace/app/backend/logs/app_20260527_161940.log')}
2026-05-27 16:28:38,671 - watchfiles.main - DEBUG - 1 change detected: {(<Change.modified: 2>, '/workspace/app/backend/logs/app_20260527_161940.log')}
2026-05-27 16:28:39,022 - watchfiles.main - DEBUG - 1 change detected: {(<Change.modified: 2>, '/workspace/app/backend/logs/app_20260527_161940.log')}
2026-05-27 16:28:39,373 - watchfiles.main - DEBUG - 1 change detected: {(<Change.modified: 2>, '/workspace/app/backend/logs/app_20260527_161940.log')}
2026-05-27 16:28:39,724 - watchfiles.main - DEBUG - 1 change detected: {(<Change.modified: 2>, '/workspace/app/backend/logs/app_20260527_161940.log')}
2026-05-27 16:28:40,076 - watchfiles.main - DEBUG - 1 change detected: {(<Change.modified: 2>, '/workspace/app/backend/logs/app_20260527_161940.log')}
2026-05-27 16:28:40,427 - watchfiles.main - DEBUG - 1 change detected: {(<Change.modified: 2>, '/workspace/app/backend/logs/app_20260527_161940.log')}
2026-05-27 16:28:40,778 - watchfiles.main - DEBUG - 1 change detected: {(<Change.modified: 2>, '/workspace/app/backend/logs/app_20260527_161940.log')}
2026-05-27 16:28:41,129 - watchfiles.main - DEBUG - 1 change detected: {(<Change.modified: 2>, '/workspace/app/backend/logs/app_20260527_161940.log')}
2026-05-27 16:28:41,480 - watchfiles.main - DEBUG - 1 change detected: {(<Change.modified: 2>, '/workspace/app/backend/logs/app_20260527_161940.log')}
2026-05-27 16:28:41,832 - watchfiles.main - DEBUG - 1 change detected: {(<Change.modified: 2>, '/workspace/app/backend/logs/app_20260527_161940.log')}
2026-05-27 16:28:42,184 - watchfiles.main - DEBUG - 1 change detected: {(<Change.modified: 2>, '/workspace/app/backend/logs/app_20260527_161940.log')}
2026-05-27 16:28:42,535 - watchfiles.main - DEBUG - 1 change detected: {(<Change.modified: 2>, '/workspace/app/backend/logs/app_20260527_161940.log')}
2026-05-27 16:28:42,886 - watchfiles.main - DEBUG - 1 change detected: {(<Change.modified: 2>, '/workspace/app/backend/logs/app_20260527_161940.log')}
2026-05-27 16:28:43,237 - watchfiles.main - DEBUG - 1 change detected: {(<Change.modified: 2>, '/workspace/app/backend/logs/app_20260527_161940.log')}
2026-05-27 16:28:43,588 - watchfiles.main - DEBUG - 1 change detected: {(<Change.modified: 2>, '/workspace/app/backend/logs/app_20260527_161940.log')}
2026-05-27 16:28:43,939 - watchfiles.main - DEBUG - 1 change detected: {(<Change.modified: 2>, '/workspace/app/backend/logs/app_20260527_161940.log')}
2026-05-27 16:28:44,290 - watchfiles.main - DEBUG - 1 change detected: {(<Change.modified: 2>, '/workspace/app/backend/logs/app_20260527_161940.log')}
2026-05-27 16:28:44,641 - watchfiles.main - DEBUG - 1 change detected: {(<Change.modified: 2>, '/workspace/app/backend/logs/app_20260527_161940.log')}
2026-05-27 16:28:44,992 - watchfiles.main - DEBUG - 1 change detected: {(<Change.modified: 2>, '/workspace/app/backend/logs/app_20260527_161940.log')}
2026-05-27 16:28:45,343 - watchfiles.main - DEBUG - 1 change detected: {(<Change.modified: 2>, '/workspace/app/backend/logs/app_20260527_161940.log')}
2026-05-27 16:28:45,694 - watchfiles.main - DEBUG - 1 change detected: {(<Change.modified: 2>, '/workspace/app/backend/logs/app_20260527_161940.log')}
2026-05-27 16:28:46,045 - watchfiles.main - DEBUG - 1 change detected: {(<Change.modified: 2>, '/workspace/app/backend/logs/app_20260527_161940.log')}
2026-05-27 16:28:46,396 - watchfiles.main - DEBUG - 1 change detected: {(<Change.modified: 2>, '/workspace/app/backend/logs/app_20260527_161940.log')}
2026-05-27 16:28:46,747 - watchfiles.main - DEBUG - 1 change detected: {(<Change.modified: 2>, '/workspace/app/backend/logs/app_20260527_161940.log')}
2026-05-27 16:28:47,098 - watchfiles.main - DEBUG - 1 change detected: {(<Change.modified: 2>, '/workspace/app/backend/logs/app_20260527_161940.log')}
2026-05-27 16:28:47,449 - watchfiles.main - DEBUG - 1 change detected: {(<Change.modified: 2>, '/workspace/app/backend/logs/app_20260527_161940.log')}
2026-05-27 16:28:47,800 - watchfiles.main - DEBUG - 1 change detected: {(<Change.modified: 2>, '/workspace/app/backend/logs/app_20260527_161940.log')}
2026-05-27 16:28:48,151 - watchfiles.main - DEBUG - 1 change detected: {(<Change.modified: 2>, '/workspace/app/backend/logs/app_20260527_161940.log')}
2026-05-27 16:28:48,503 - watchfiles.main - DEBUG - 1 change detected: {(<Change.modified: 2>, '/workspace/app/backend/logs/app_20260527_161940.log')}
2026-05-27 16:28:48,854 - watchfiles.main - DEBUG - 1 change detected: {(<Change.modified: 2>, '/workspace/app/backend/logs/app_20260527_161940.log')}
2026-05-27 16:28:49,205 - watchfiles.main - DEBUG - 1 change detected: {(<Change.modified: 2>, '/workspace/app/backend/logs/app_20260527_161940.log')}
2026-05-27 16:28:49,556 - watchfiles.main - DEBUG - 1 change detected: {(<Change.modified: 2>, '/workspace/app/backend/logs/app_20260527_161940.log')}
2026-05-27 16:28:49,907 - watchfiles.main - DEBUG - 1 change detected: {(<Change.modified: 2>, '/workspace/app/backend/logs/app_20260527_161940.log')}
2026-05-27 16:28:50,258 - watchfiles.main - DEBUG - 1 change detected: {(<Change.modified: 2>, '/workspace/app/backend/logs/app_20260527_161940.log')}
2026-05-27 16:28:50,609 - watchfiles.main - DEBUG - 1 change detected: {(<Change.modified: 2>, '/workspace/app/backend/logs/app_20260527_161940.log')}
2026-05-27 16:28:50,960 - watchfiles.main - DEBUG - 1 change detected: {(<Change.modified: 2>, '/workspace/app/backend/logs/app_20260527_161940.log')}
2026-05-27 16:28:51,311 - watchfiles.main - DEBUG - 1 change detected: {(<Change.modified: 2>, '/workspace/app/backend/logs/app_20260527_161940.log')}
2026-05-27 16:28:51,662 - watchfiles.main - DEBUG - 1 change detected: {(<Change.modified: 2>, '/workspace/app/backend/logs/app_20260527_161940.log')}
2026-05-27 16:28:52,013 - watchfiles.main - DEBUG - 1 change detected: {(<Change.modified: 2>, '/workspace/app/backend/logs/app_20260527_161940.log')}
2026-05-27 16:28:52,364 - watchfiles.main - DEBUG - 1 change detected: {(<Change.modified: 2>, '/workspace/app/backend/logs/app_20260527_161940.log')}
2026-05-27 16:28:52,715 - watchfiles.main - DEBUG - 1 change detected: {(<Change.modified: 2>, '/workspace/app/backend/logs/app_20260527_161940.log')}
2026-05-27 16:28:53,066 - watchfiles.main - DEBUG - 1 change detected: {(<Change.modified: 2>, '/workspace/app/backend/logs/app_20260527_161940.log')}
2026-05-27 16:28:53,417 - watchfiles.main - DEBUG - 1 change detected: {(<Change.modified: 2>, '/workspace/app/backend/logs/app_20260527_161940.log')}
2026-05-27 16:28:53,768 - watchfiles.main - DEBUG - 1 change detected: {(<Change.modified: 2>, '/workspace/app/backend/logs/app_20260527_161940.log')}
2026-05-27 16:28:54,119 - watchfiles.main - DEBUG - 1 change detected: {(<Change.modified: 2>, '/workspace/app/backend/logs/app_20260527_161940.log')}
2026-05-27 16:28:54,470 - watchfiles.main - DEBUG - 1 change detected: {(<Change.modified: 2>, '/workspace/app/backend/logs/app_20260527_161940.log')}
2026-05-27 16:28:54,821 - watchfiles.main - DEBUG - 1 change detected: {(<Change.modified: 2>, '/workspace/app/backend/logs/app_20260527_161940.log')}
2026-05-27 16:28:55,172 - watchfiles.main - DEBUG - 1 change detected: {(<Change.modified: 2>, '/workspace/app/backend/logs/app_20260527_161940.log')}
2026-05-27 16:28:55,524 - watchfiles.main - DEBUG - 1 change detected: {(<Change.modified: 2>, '/workspace/app/backend/logs/app_20260527_161940.log')}
2026-05-27 16:28:55,875 - watchfiles.main - DEBUG - 1 change detected: {(<Change.modified: 2>, '/workspace/app/backend/logs/app_20260527_161940.log')}
2026-05-27 16:28:56,225 - watchfiles.main - DEBUG - 1 change detected: {(<Change.modified: 2>, '/workspace/app/backend/logs/app_20260527_161940.log')}
2026-05-27 16:28:56,576 - watchfiles.main - DEBUG - 1 change detected: {(<Change.modified: 2>, '/workspace/app/backend/logs/app_20260527_161940.log')}
2026-05-27 16:28:56,928 - watchfiles.main - DEBUG - 1 change detected: {(<Change.modified: 2>, '/workspace/app/backend/logs/app_20260527_161940.log')}
2026-05-27 16:28:57,279 - watchfiles.main - DEBUG - 1 change detected: {(<Change.modified: 2>, '/workspace/app/backend/logs/app_20260527_161940.log')}
2026-05-27 16:28:57,630 - watchfiles.main - DEBUG - 1 change detected: {(<Change.modified: 2>, '/workspace/app/backend/logs/app_20260527_161940.log')}
2026-05-27 16:28:57,981 - watchfiles.main - DEBUG - 1 change detected: {(<Change.modified: 2>, '/workspace/app/backend/logs/app_20260527_161940.log')}
2026-05-27 16:28:58,332 - watchfiles.main - DEBUG - 1 change detected: {(<Change.modified: 2>, '/workspace/app/backend/logs/app_20260527_161940.log')}
2026-05-27 16:28:58,683 - watchfiles.main - DEBUG - 1 change detected: {(<Change.modified: 2>, '/workspace/app/backend/logs/app_20260527_161940.log')}
2026-05-27 16:28:59,034 - watchfiles.main - DEBUG - 1 change detected: {(<Change.modified: 2>, '/workspace/app/backend/logs/app_20260527_161940.log')}
2026-05-27 16:28:59,385 - watchfiles.main - DEBUG - 1 change detected: {(<Change.modified: 2>, '/workspace/app/backend/logs/app_20260527_161940.log')}
2026-05-27 16:28:59,736 - watchfiles.main - DEBUG - 1 change detected: {(<Change.modified: 2>, '/workspace/app/backend/logs/app_20260527_161940.log')}
2026-05-27 16:29:00,088 - watchfiles.main - DEBUG - 1 change detected: {(<Change.modified: 2>, '/workspace/app/backend/logs/app_20260527_161940.log')}
2026-05-27 16:29:00,439 - watchfiles.main - DEBUG - 1 change detected: {(<Change.modified: 2>, '/workspace/app/backend/logs/app_20260527_161940.log')}
2026-05-27 16:29:00,790 - watchfiles.main - DEBUG - 1 change detected: {(<Change.modified: 2>, '/workspace/app/backend/logs/app_20260527_161940.log')}
2026-05-27 16:29:01,141 - watchfiles.main - DEBUG - 1 change detected: {(<Change.modified: 2>, '/workspace/app/backend/logs/app_20260527_161940.log')}
2026-05-27 16:29:01,492 - watchfiles.main - DEBUG - 1 change detected: {(<Change.modified: 2>, '/workspace/app/backend/logs/app_20260527_161940.log')}
2026-05-27 16:29:01,843 - watchfiles.main - DEBUG - 1 change detected: {(<Change.modified: 2>, '/workspace/app/backend/logs/app_20260527_161940.log')}
2026-05-27 16:29:02,195 - watchfiles.main - DEBUG - 1 change detected: {(<Change.modified: 2>, '/workspace/app/backend/logs/app_20260527_161940.log')}
2026-05-27 16:29:02,546 - watchfiles.main - DEBUG - 1 change detected: {(<Change.modified: 2>, '/workspace/app/backend/logs/app_20260527_161940.log')}
2026-05-27 16:29:02,897 - watchfiles.main - DEBUG - 1 change detected: {(<Change.modified: 2>, '/workspace/app/backend/logs/app_20260527_161940.log')}
2026-05-27 16:29:03,248 - watchfiles.main - DEBUG - 1 change detected: {(<Change.modified: 2>, '/workspace/app/backend/logs/app_20260527_161940.log')}
2026-05-27 16:29:03,598 - watchfiles.main - DEBUG - 1 change detected: {(<Change.modified: 2>, '/workspace/app/backend/logs/app_20260527_161940.log')}
2026-05-27 16:29:03,950 - watchfiles.main - DEBUG - 1 change detected: {(<Change.modified: 2>, '/workspace/app/backend/logs/app_20260527_161940.log')}
2026-05-27 16:29:04,301 - watchfiles.main - DEBUG - 1 change detected: {(<Change.modified: 2>, '/workspace/app/backend/logs/app_20260527_161940.log')}
2026-05-27 16:29:04,651 - watchfiles.main - DEBUG - 1 change detected: {(<Change.modified: 2>, '/workspace/app/backend/logs/app_20260527_161940.log')}
2026-05-27 16:29:05,003 - watchfiles.main - DEBUG - 1 change detected: {(<Change.modified: 2>, '/workspace/app/backend/logs/app_20260527_161940.log')}
2026-05-27 16:29:05,354 - watchfiles.main - DEBUG - 2 changes detected: {(<Change.modified: 2>, '/workspace/app/backend/logs/app_20260527_161942.log'), (<Change.modified: 2>, '/workspace/app/backend/logs/app_20260527_161940.log')}
2026-05-27 16:29:05,705 - watchfiles.main - DEBUG - 1 change detected: {(<Change.modified: 2>, '/workspace/app/backend/logs/app_20260527_161940.log')}
2026-05-27 16:29:06,056 - watchfiles.main - DEBUG - 2 changes detected: {(<Change.modified: 2>, '/workspace/app/backend/logs/app_20260527_161942.log'), (<Change.modified: 2>, '/workspace/app/backend/logs/app_20260527_161940.log')}
2026-05-27 16:29:06,407 - watchfiles.main - DEBUG - 2 changes detected: {(<Change.modified: 2>, '/workspace/app/backend/logs/app_20260527_161942.log'), (<Change.modified: 2>, '/workspace/app/backend/logs/app_20260527_161940.log')}
2026-05-27 16:29:06,758 - watchfiles.main - DEBUG - 2 changes detected: {(<Change.modified: 2>, '/workspace/app/backend/logs/app_20260527_161942.log'), (<Change.modified: 2>, '/workspace/app/backend/logs/app_20260527_161940.log')}
2026-05-27 16:29:07,109 - watchfiles.main - DEBUG - 1 change detected: {(<Change.modified: 2>, '/workspace/app/backend/logs/app_20260527_161940.log')}
2026-05-27 16:29:07,460 - watchfiles.main - DEBUG - 2 changes detected: {(<Change.modified: 2>, '/workspace/app/backend/logs/app_20260527_161942.log'), (<Change.modified: 2>, '/workspace/app/backend/logs/app_20260527_161940.log')}
2026-05-27 16:29:07,811 - watchfiles.main - DEBUG - 2 changes detected: {(<Change.modified: 2>, '/workspace/app/backend/logs/app_20260527_161942.log'), (<Change.modified: 2>, '/workspace/app/backend/logs/app_20260527_161940.log')}
2026-05-27 16:29:08,162 - watchfiles.main - DEBUG - 1 change detected: {(<Change.modified: 2>, '/workspace/app/backend/logs/app_20260527_161940.log')}
2026-05-27 16:29:08,513 - watchfiles.main - DEBUG - 2 changes detected: {(<Change.modified: 2>, '/workspace/app/backend/logs/app_20260527_161942.log'), (<Change.modified: 2>, '/workspace/app/backend/logs/app_20260527_161940.log')}
2026-05-27 16:29:08,915 - watchfiles.main - DEBUG - 2 changes detected: {(<Change.modified: 2>, '/workspace/app/backend/logs/app_20260527_161942.log'), (<Change.modified: 2>, '/workspace/app/backend/logs/app_20260527_161940.log')}
2026-05-27 16:29:09,266 - watchfiles.main - DEBUG - 2 changes detected: {(<Change.modified: 2>, '/workspace/app/backend/logs/app_20260527_161942.log'), (<Change.modified: 2>, '/workspace/app/backend/logs/app_20260527_161940.log')}
2026-05-27 16:29:09,617 - watchfiles.main - DEBUG - 1 change detected: {(<Change.modified: 2>, '/workspace/app/backend/logs/app_20260527_161940.log')}
2026-05-27 16:29:10,018 - watchfiles.main - DEBUG - 2 changes detected: {(<Change.modified: 2>, '/workspace/app/backend/logs/app_20260527_161942.log'), (<Change.modified: 2>, '/workspace/app/backend/logs/app_20260527_161940.log')}
2026-05-27 16:29:10,369 - watchfiles.main - DEBUG - 2 changes detected: {(<Change.modified: 2>, '/workspace/app/backend/logs/app_20260527_161942.log'), (<Change.modified: 2>, '/workspace/app/backend/logs/app_20260527_161940.log')}
2026-05-27 16:29:10,719 - watchfiles.main - DEBUG - 2 changes detected: {(<Change.modified: 2>, '/workspace/app/backend/logs/app_20260527_161942.log'), (<Change.modified: 2>, '/workspace/app/backend/logs/app_20260527_161940.log')}
2026-05-27 16:29:11,070 - watchfiles.main - DEBUG - 1 change detected: {(<Change.modified: 2>, '/workspace/app/backend/logs/app_20260527_161940.log')}
2026-05-27 16:29:11,421 - watchfiles.main - DEBUG - 1 change detected: {(<Change.modified: 2>, '/workspace/app/backend/logs/app_20260527_161940.log')}
2026-05-27 16:29:11,772 - watchfiles.main - DEBUG - 1 change detected: {(<Change.modified: 2>, '/workspace/app/backend/logs/app_20260527_161940.log')}
2026-05-27 16:29:12,123 - watchfiles.main - DEBUG - 1 change detected: {(<Change.modified: 2>, '/workspace/app/backend/logs/app_20260527_161940.log')}
2026-05-27 16:29:12,474 - watchfiles.main - DEBUG - 1 change detected: {(<Change.modified: 2>, '/workspace/app/backend/logs/app_20260527_161940.log')}
2026-05-27 16:29:12,825 - watchfiles.main - DEBUG - 1 change detected: {(<Change.modified: 2>, '/workspace/app/backend/logs/app_20260527_161940.log')}
2026-05-27 16:29:13,176 - watchfiles.main - DEBUG - 1 change detected: {(<Change.modified: 2>, '/workspace/app/backend/logs/app_20260527_161940.log')}
2026-05-27 16:29:13,527 - watchfiles.main - DEBUG - 1 change detected: {(<Change.modified: 2>, '/workspace/app/backend/logs/app_20260527_161940.log')}
2026-05-27 16:29:13,878 - watchfiles.main - DEBUG - 1 change detected: {(<Change.modified: 2>, '/workspace/app/backend/logs/app_20260527_161940.log')}
2026-05-27 16:29:14,229 - watchfiles.main - DEBUG - 1 change detected: {(<Change.modified: 2>, '/workspace/app/backend/logs/app_20260527_161940.log')}
2026-05-27 16:29:14,580 - watchfiles.main - DEBUG - 1 change detected: {(<Change.modified: 2>, '/workspace/app/backend/logs/app_20260527_161940.log')}
2026-05-27 16:29:14,931 - watchfiles.main - DEBUG - 1 change detected: {(<Change.modified: 2>, '/workspace/app/backend/logs/app_20260527_161940.log')}
2026-05-27 16:29:15,282 - watchfiles.main - DEBUG - 1 change detected: {(<Change.modified: 2>, '/workspace/app/backend/logs/app_20260527_161940.log')}
2026-05-27 16:29:15,633 - watchfiles.main - DEBUG - 1 change detected: {(<Change.modified: 2>, '/workspace/app/backend/logs/app_20260527_161940.log')}
2026-05-27 16:29:15,984 - watchfiles.main - DEBUG - 1 change detected: {(<Change.modified: 2>, '/workspace/app/backend/logs/app_20260527_161940.log')}
2026-05-27 16:29:16,335 - watchfiles.main - DEBUG - 1 change detected: {(<Change.modified: 2>, '/workspace/app/backend/logs/app_20260527_161940.log')}
2026-05-27 16:29:16,686 - watchfiles.main - DEBUG - 1 change detected: {(<Change.modified: 2>, '/workspace/app/backend/logs/app_20260527_161940.log')}
2026-05-27 16:29:17,037 - watchfiles.main - DEBUG - 1 change detected: {(<Change.modified: 2>, '/workspace/app/backend/logs/app_20260527_161940.log')}
2026-05-27 16:29:17,388 - watchfiles.main - DEBUG - 1 change detected: {(<Change.modified: 2>, '/workspace/app/backend/logs/app_20260527_161940.log')}
2026-05-27 16:29:17,739 - watchfiles.main - DEBUG - 1 change detected: {(<Change.modified: 2>, '/workspace/app/backend/logs/app_20260527_161940.log')}
2026-05-27 16:29:18,089 - watchfiles.main - DEBUG - 1 change detected: {(<Change.modified: 2>, '/workspace/app/backend/logs/app_20260527_161940.log')}
2026-05-27 16:29:18,440 - watchfiles.main - DEBUG - 1 change detected: {(<Change.modified: 2>, '/workspace/app/backend/logs/app_20260527_161940.log')}
2026-05-27 16:29:18,791 - watchfiles.main - DEBUG - 1 change detected: {(<Change.modified: 2>, '/workspace/app/backend/logs/app_20260527_161940.log')}
2026-05-27 16:29:19,142 - watchfiles.main - DEBUG - 1 change detected: {(<Change.modified: 2>, '/workspace/app/backend/logs/app_20260527_161940.log')}
2026-05-27 16:29:19,493 - watchfiles.main - DEBUG - 1 change detected: {(<Change.modified: 2>, '/workspace/app/backend/logs/app_20260527_161940.log')}
2026-05-27 16:29:19,843 - watchfiles.main - DEBUG - 1 change detected: {(<Change.modified: 2>, '/workspace/app/backend/logs/app_20260527_161940.log')}
2026-05-27 16:29:20,194 - watchfiles.main - DEBUG - 1 change detected: {(<Change.modified: 2>, '/workspace/app/backend/logs/app_20260527_161940.log')}
2026-05-27 16:29:20,545 - watchfiles.main - DEBUG - 1 change detected: {(<Change.modified: 2>, '/workspace/app/backend/logs/app_20260527_161940.log')}
2026-05-27 16:29:20,896 - watchfiles.main - DEBUG - 1 change detected: {(<Change.modified: 2>, '/workspace/app/backend/logs/app_20260527_161940.log')}
2026-05-27 16:29:21,248 - watchfiles.main - DEBUG - 1 change detected: {(<Change.modified: 2>, '/workspace/app/backend/logs/app_20260527_161940.log')}
2026-05-27 16:29:21,599 - watchfiles.main - DEBUG - 1 change detected: {(<Change.modified: 2>, '/workspace/app/backend/logs/app_20260527_161940.log')}
2026-05-27 16:29:21,949 - watchfiles.main - DEBUG - 1 change detected: {(<Change.modified: 2>, '/workspace/app/backend/logs/app_20260527_161940.log')}
2026-05-27 16:29:22,301 - watchfiles.main - DEBUG - 1 change detected: {(<Change.modified: 2>, '/workspace/app/backend/logs/app_20260527_161940.log')}
2026-05-27 16:29:22,652 - watchfiles.main - DEBUG - 1 change detected: {(<Change.modified: 2>, '/workspace/app/backend/logs/app_20260527_161940.log')}
2026-05-27 16:29:23,003 - watchfiles.main - DEBUG - 1 change detected: {(<Change.modified: 2>, '/workspace/app/backend/logs/app_20260527_161940.log')}
2026-05-27 16:29:23,354 - watchfiles.main - DEBUG - 1 change detected: {(<Change.modified: 2>, '/workspace/app/backend/logs/app_20260527_161940.log')}
2026-05-27 16:29:23,705 - watchfiles.main - DEBUG - 1 change detected: {(<Change.modified: 2>, '/workspace/app/backend/logs/app_20260527_161940.log')}
2026-05-27 16:29:24,056 - watchfiles.main - DEBUG - 1 change detected: {(<Change.modified: 2>, '/workspace/app/backend/logs/app_20260527_161940.log')}
2026-05-27 16:29:24,407 - watchfiles.main - DEBUG - 1 change detected: {(<Change.modified: 2>, '/workspace/app/backend/logs/app_20260527_161940.log')}
2026-05-27 16:29:24,758 - watchfiles.main - DEBUG - 1 change detected: {(<Change.modified: 2>, '/workspace/app/backend/logs/app_20260527_161940.log')}
2026-05-27 16:29:25,109 - watchfiles.main - DEBUG - 1 change detected: {(<Change.modified: 2>, '/workspace/app/backend/logs/app_20260527_161940.log')}
2026-05-27 16:29:25,460 - watchfiles.main - DEBUG - 1 change detected: {(<Change.modified: 2>, '/workspace/app/backend/logs/app_20260527_161940.log')}
2026-05-27 16:29:25,811 - watchfiles.main - DEBUG - 1 change detected: {(<Change.modified: 2>, '/workspace/app/backend/logs/app_20260527_161940.log')}
2026-05-27 16:29:26,162 - watchfiles.main - DEBUG - 1 change detected: {(<Change.modified: 2>, '/workspace/app/backend/logs/app_20260527_161940.log')}
2026-05-27 16:29:26,513 - watchfiles.main - DEBUG - 1 change detected: {(<Change.modified: 2>, '/workspace/app/backend/logs/app_20260527_161940.log')}
2026-05-27 16:29:26,864 - watchfiles.main - DEBUG - 1 change detected: {(<Change.modified: 2>, '/workspace/app/backend/logs/app_20260527_161940.log')}
2026-05-27 16:29:27,215 - watchfiles.main - DEBUG - 1 change detected: {(<Change.modified: 2>, '/workspace/app/backend/logs/app_20260527_161940.log')}
2026-05-27 16:29:27,566 - watchfiles.main - DEBUG - 1 change detected: {(<Change.modified: 2>, '/workspace/app/backend/logs/app_20260527_161940.log')}
2026-05-27 16:29:27,917 - watchfiles.main - DEBUG - 1 change detected: {(<Change.modified: 2>, '/workspace/app/backend/logs/app_20260527_161940.log')}
2026-05-27 16:29:28,268 - watchfiles.main - DEBUG - 1 change detected: {(<Change.modified: 2>, '/workspace/app/backend/logs/app_20260527_161940.log')}
2026-05-27 16:29:28,619 - watchfiles.main - DEBUG - 1 change detected: {(<Change.modified: 2>, '/workspace/app/backend/logs/app_20260527_161940.log')}
2026-05-27 16:29:28,970 - watchfiles.main - DEBUG - 1 change detected: {(<Change.modified: 2>, '/workspace/app/backend/logs/app_20260527_161940.log')}
2026-05-27 16:29:29,322 - watchfiles.main - DEBUG - 1 change detected: {(<Change.modified: 2>, '/workspace/app/backend/logs/app_20260527_161940.log')}
2026-05-27 16:29:29,673 - watchfiles.main - DEBUG - 1 change detected: {(<Change.modified: 2>, '/workspace/app/backend/logs/app_20260527_161940.log')}
2026-05-27 16:29:30,024 - watchfiles.main - DEBUG - 1 change detected: {(<Change.modified: 2>, '/workspace/app/backend/logs/app_20260527_161940.log')}
2026-05-27 16:29:30,375 - watchfiles.main - DEBUG - 1 change detected: {(<Change.modified: 2>, '/workspace/app/backend/logs/app_20260527_161940.log')}
2026-05-27 16:29:30,726 - watchfiles.main - DEBUG - 1 change detected: {(<Change.modified: 2>, '/workspace/app/backend/logs/app_20260527_161940.log')}
2026-05-27 16:29:31,077 - watchfiles.main - DEBUG - 1 change detected: {(<Change.modified: 2>, '/workspace/app/backend/logs/app_20260527_161940.log')}
2026-05-27 16:29:31,428 - watchfiles.main - DEBUG - 1 change detected: {(<Change.modified: 2>, '/workspace/app/backend/logs/app_20260527_161940.log')}
2026-05-27 16:29:31,779 - watchfiles.main - DEBUG - 1 change detected: {(<Change.modified: 2>, '/workspace/app/backend/logs/app_20260527_161940.log')}
2026-05-27 16:29:32,130 - watchfiles.main - DEBUG - 1 change detected: {(<Change.modified: 2>, '/workspace/app/backend/logs/app_20260527_161940.log')}
2026-05-27 16:29:32,481 - watchfiles.main - DEBUG - 1 change detected: {(<Change.modified: 2>, '/workspace/app/backend/logs/app_20260527_161940.log')}
2026-05-27 16:29:32,832 - watchfiles.main - DEBUG - 1 change detected: {(<Change.modified: 2>, '/workspace/app/backend/logs/app_20260527_161940.log')}
2026-05-27 16:29:33,183 - watchfiles.main - DEBUG - 1 change detected: {(<Change.modified: 2>, '/workspace/app/backend/logs/app_20260527_161940.log')}
2026-05-27 16:29:33,534 - watchfiles.main - DEBUG - 1 change detected: {(<Change.modified: 2>, '/workspace/app/backend/logs/app_20260527_161940.log')}
2026-05-27 16:29:33,885 - watchfiles.main - DEBUG - 1 change detected: {(<Change.modified: 2>, '/workspace/app/backend/logs/app_20260527_161940.log')}
2026-05-27 16:29:34,235 - watchfiles.main - DEBUG - 1 change detected: {(<Change.modified: 2>, '/workspace/app/backend/logs/app_20260527_161940.log')}
2026-05-27 16:29:34,587 - watchfiles.main - DEBUG - 1 change detected: {(<Change.modified: 2>, '/workspace/app/backend/logs/app_20260527_161940.log')}
2026-05-27 16:29:34,937 - watchfiles.main - DEBUG - 1 change detected: {(<Change.modified: 2>, '/workspace/app/backend/logs/app_20260527_161940.log')}
2026-05-27 16:29:35,288 - watchfiles.main - DEBUG - 1 change detected: {(<Change.modified: 2>, '/workspace/app/backend/logs/app_20260527_161940.log')}
2026-05-27 16:29:35,639 - watchfiles.main - DEBUG - 1 change detected: {(<Change.modified: 2>, '/workspace/app/backend/logs/app_20260527_161940.log')}
2026-05-27 16:29:35,990 - watchfiles.main - DEBUG - 1 change detected: {(<Change.modified: 2>, '/workspace/app/backend/logs/app_20260527_161940.log')}
2026-05-27 16:29:36,341 - watchfiles.main - DEBUG - 1 change detected: {(<Change.modified: 2>, '/workspace/app/backend/logs/app_20260527_161940.log')}
2026-05-27 16:29:36,692 - watchfiles.main - DEBUG - 1 change detected: {(<Change.modified: 2>, '/workspace/app/backend/logs/app_20260527_161940.log')}
2026-05-27 16:29:37,043 - watchfiles.main - DEBUG - 1 change detected: {(<Change.modified: 2>, '/workspace/app/backend/logs/app_20260527_161940.log')}
2026-05-27 16:29:37,394 - watchfiles.main - DEBUG - 1 change detected: {(<Change.modified: 2>, '/workspace/app/backend/logs/app_20260527_161940.log')}
2026-05-27 16:29:37,745 - watchfiles.main - DEBUG - 1 change detected: {(<Change.modified: 2>, '/workspace/app/backend/logs/app_20260527_161940.log')}
2026-05-27 16:29:38,096 - watchfiles.main - DEBUG - 1 change detected: {(<Change.modified: 2>, '/workspace/app/backend/logs/app_20260527_161940.log')}
2026-05-27 16:29:38,447 - watchfiles.main - DEBUG - 1 change detected: {(<Change.modified: 2>, '/workspace/app/backend/logs/app_20260527_161940.log')}
2026-05-27 16:29:38,798 - watchfiles.main - DEBUG - 1 change detected: {(<Change.modified: 2>, '/workspace/app/backend/logs/app_20260527_161940.log')}
2026-05-27 16:29:39,149 - watchfiles.main - DEBUG - 1 change detected: {(<Change.modified: 2>, '/workspace/app/backend/logs/app_20260527_161940.log')}
2026-05-27 16:29:39,500 - watchfiles.main - DEBUG - 1 change detected: {(<Change.modified: 2>, '/workspace/app/backend/logs/app_20260527_161940.log')}
2026-05-27 16:29:39,851 - watchfiles.main - DEBUG - 1 change detected: {(<Change.modified: 2>, '/workspace/app/backend/logs/app_20260527_161940.log')}
2026-05-27 16:29:40,202 - watchfiles.main - DEBUG - 1 change detected: {(<Change.modified: 2>, '/workspace/app/backend/logs/app_20260527_161940.log')}
2026-05-27 16:29:40,553 - watchfiles.main - DEBUG - 1 change detected: {(<Change.modified: 2>, '/workspace/app/backend/logs/app_20260527_161940.log')}
2026-05-27 16:29:40,904 - watchfiles.main - DEBUG - 1 change detected: {(<Change.modified: 2>, '/workspace/app/backend/logs/app_20260527_161940.log')}
2026-05-27 16:29:41,256 - watchfiles.main - DEBUG - 1 change detected: {(<Change.modified: 2>, '/workspace/app/backend/logs/app_20260527_161940.log')}
2026-05-27 16:29:41,607 - watchfiles.main - DEBUG - 1 change detected: {(<Change.modified: 2>, '/workspace/app/backend/logs/app_20260527_161940.log')}
2026-05-27 16:29:41,958 - watchfiles.main - DEBUG - 1 change detected: {(<Change.modified: 2>, '/workspace/app/backend/logs/app_20260527_161940.log')}
2026-05-27 16:29:42,309 - watchfiles.main - DEBUG - 1 change detected: {(<Change.modified: 2>, '/workspace/app/backend/logs/app_20260527_161940.log')}
2026-05-27 16:29:42,660 - watchfiles.main - DEBUG - 1 change detected: {(<Change.modified: 2>, '/workspace/app/backend/logs/app_20260527_161940.log')}
2026-05-27 16:29:43,011 - watchfiles.main - DEBUG - 1 change detected: {(<Change.modified: 2>, '/workspace/app/backend/logs/app_20260527_161940.log')}
2026-05-27 16:29:43,362 - watchfiles.main - DEBUG - 1 change detected: {(<Change.modified: 2>, '/workspace/app/backend/logs/app_20260527_161940.log')}
2026-05-27 16:29:43,713 - watchfiles.main - DEBUG - 1 change detected: {(<Change.modified: 2>, '/workspace/app/backend/logs/app_20260527_161940.log')}
2026-05-27 16:29:44,064 - watchfiles.main - DEBUG - 1 change detected: {(<Change.modified: 2>, '/workspace/app/backend/logs/app_20260527_161940.log')}
2026-05-27 16:29:44,415 - watchfiles.main - DEBUG - 1 change detected: {(<Change.modified: 2>, '/workspace/app/backend/logs/app_20260527_161940.log')}
2026-05-27 16:29:44,766 - watchfiles.main - DEBUG - 1 change detected: {(<Change.modified: 2>, '/workspace/app/backend/logs/app_20260527_161940.log')}
2026-05-27 16:29:45,117 - watchfiles.main - DEBUG - 1 change detected: {(<Change.modified: 2>, '/workspace/app/backend/logs/app_20260527_161940.log')}
2026-05-27 16:29:45,468 - watchfiles.main - DEBUG - 1 change detected: {(<Change.modified: 2>, '/workspace/app/backend/logs/app_20260527_161940.log')}
2026-05-27 16:29:45,819 - watchfiles.main - DEBUG - 1 change detected: {(<Change.modified: 2>, '/workspace/app/backend/logs/app_20260527_161940.log')}
2026-05-27 16:29:46,171 - watchfiles.main - DEBUG - 1 change detected: {(<Change.modified: 2>, '/workspace/app/backend/logs/app_20260527_161940.log')}
2026-05-27 16:29:46,522 - watchfiles.main - DEBUG - 1 change detected: {(<Change.modified: 2>, '/workspace/app/backend/logs/app_20260527_161940.log')}
2026-05-27 16:29:46,873 - watchfiles.main - DEBUG - 1 change detected: {(<Change.modified: 2>, '/workspace/app/backend/logs/app_20260527_161940.log')}
2026-05-27 16:29:47,225 - watchfiles.main - DEBUG - 1 change detected: {(<Change.modified: 2>, '/workspace/app/backend/logs/app_20260527_161940.log')}
2026-05-27 16:29:47,576 - watchfiles.main - DEBUG - 1 change detected: {(<Change.modified: 2>, '/workspace/app/backend/logs/app_20260527_161940.log')}
2026-05-27 16:29:47,927 - watchfiles.main - DEBUG - 1 change detected: {(<Change.modified: 2>, '/workspace/app/backend/logs/app_20260527_161940.log')}
2026-05-27 16:29:48,278 - watchfiles.main - DEBUG - 1 change detected: {(<Change.modified: 2>, '/workspace/app/backend/logs/app_20260527_161940.log')}
2026-05-27 16:29:48,629 - watchfiles.main - DEBUG - 1 change detected: {(<Change.modified: 2>, '/workspace/app/backend/logs/app_20260527_161940.log')}
2026-05-27 16:29:48,980 - watchfiles.main - DEBUG - 1 change detected: {(<Change.modified: 2>, '/workspace/app/backend/logs/app_20260527_161940.log')}
2026-05-27 16:29:49,331 - watchfiles.main - DEBUG - 2 changes detected: {(<Change.modified: 2>, '/workspace/app/backend/logs/app_20260527_161942.log'), (<Change.modified: 2>, '/workspace/app/backend/logs/app_20260527_161940.log')}
2026-05-27 16:29:49,682 - watchfiles.main - DEBUG - 2 changes detected: {(<Change.modified: 2>, '/workspace/app/backend/logs/app_20260527_161942.log'), (<Change.modified: 2>, '/workspace/app/backend/logs/app_20260527_161940.log')}
2026-05-27 16:29:50,032 - watchfiles.main - DEBUG - 1 change detected: {(<Change.modified: 2>, '/workspace/app/backend/logs/app_20260527_161940.log')}
2026-05-27 16:29:50,384 - watchfiles.main - DEBUG - 1 change detected: {(<Change.modified: 2>, '/workspace/app/backend/logs/app_20260527_161940.log')}
2026-05-27 16:29:50,735 - watchfiles.main - DEBUG - 1 change detected: {(<Change.modified: 2>, '/workspace/app/backend/logs/app_20260527_161940.log')}
2026-05-27 16:29:51,086 - watchfiles.main - DEBUG - 1 change detected: {(<Change.modified: 2>, '/workspace/app/backend/logs/app_20260527_161940.log')}
2026-05-27 16:29:51,437 - watchfiles.main - DEBUG - 1 change detected: {(<Change.modified: 2>, '/workspace/app/backend/logs/app_20260527_161940.log')}
2026-05-27 16:29:51,788 - watchfiles.main - DEBUG - 2 changes detected: {(<Change.modified: 2>, '/workspace/app/backend/logs/app_20260527_161942.log'), (<Change.modified: 2>, '/workspace/app/backend/logs/app_20260527_161940.log')}
2026-05-27 16:29:52,190 - watchfiles.main - DEBUG - 2 changes detected: {(<Change.modified: 2>, '/workspace/app/backend/logs/app_20260527_161942.log'), (<Change.modified: 2>, '/workspace/app/backend/logs/app_20260527_161940.log')}
2026-05-27 16:29:52,541 - watchfiles.main - DEBUG - 1 change detected: {(<Change.modified: 2>, '/workspace/app/backend/logs/app_20260527_161940.log')}
2026-05-27 16:29:52,892 - watchfiles.main - DEBUG - 1 change detected: {(<Change.modified: 2>, '/workspace/app/backend/logs/app_20260527_161940.log')}
2026-05-27 16:29:53,243 - watchfiles.main - DEBUG - 2 changes detected: {(<Change.modified: 2>, '/workspace/app/backend/logs/app_20260527_161942.log'), (<Change.modified: 2>, '/workspace/app/backend/logs/app_20260527_161940.log')}
2026-05-27 16:29:53,594 - watchfiles.main - DEBUG - 2 changes detected: {(<Change.modified: 2>, '/workspace/app/backend/logs/app_20260527_161942.log'), (<Change.modified: 2>, '/workspace/app/backend/logs/app_20260527_161940.log')}
2026-05-27 16:29:53,945 - watchfiles.main - DEBUG - 2 changes detected: {(<Change.modified: 2>, '/workspace/app/backend/logs/app_20260527_161942.log'), (<Change.modified: 2>, '/workspace/app/backend/logs/app_20260527_161940.log')}
2026-05-27 16:29:54,296 - watchfiles.main - DEBUG - 1 change detected: {(<Change.modified: 2>, '/workspace/app/backend/logs/app_20260527_161940.log')}
2026-05-27 16:29:54,647 - watchfiles.main - DEBUG - 1 change detected: {(<Change.modified: 2>, '/workspace/app/backend/logs/app_20260527_161940.log')}
2026-05-27 16:29:54,998 - watchfiles.main - DEBUG - 1 change detected: {(<Change.modified: 2>, '/workspace/app/backend/logs/app_20260527_161940.log')}
2026-05-27 16:29:55,349 - watchfiles.main - DEBUG - 1 change detected: {(<Change.modified: 2>, '/workspace/app/backend/logs/app_20260527_161940.log')}
2026-05-27 16:29:55,700 - watchfiles.main - DEBUG - 2 changes detected: {(<Change.modified: 2>, '/workspace/app/backend/logs/app_20260527_161942.log'), (<Change.modified: 2>, '/workspace/app/backend/logs/app_20260527_161940.log')}
2026-05-27 16:29:56,051 - watchfiles.main - DEBUG - 1 change detected: {(<Change.modified: 2>, '/workspace/app/backend/logs/app_20260527_161940.log')}
2026-05-27 16:29:56,402 - watchfiles.main - DEBUG - 2 changes detected: {(<Change.modified: 2>, '/workspace/app/backend/logs/app_20260527_161942.log'), (<Change.modified: 2>, '/workspace/app/backend/logs/app_20260527_161940.log')}
2026-05-27 16:29:56,753 - watchfiles.main - DEBUG - 2 changes detected: {(<Change.modified: 2>, '/workspace/app/backend/logs/app_20260527_161942.log'), (<Change.modified: 2>, '/workspace/app/backend/logs/app_20260527_161940.log')}
2026-05-27 16:29:57,104 - watchfiles.main - DEBUG - 2 changes detected: {(<Change.modified: 2>, '/workspace/app/backend/logs/app_20260527_161942.log'), (<Change.modified: 2>, '/workspace/app/backend/logs/app_20260527_161940.log')}
2026-05-27 16:29:57,455 - watchfiles.main - DEBUG - 2 changes detected: {(<Change.modified: 2>, '/workspace/app/backend/logs/app_20260527_161942.log'), (<Change.modified: 2>, '/workspace/app/backend/logs/app_20260527_161940.log')}
2026-05-27 16:29:57,856 - watchfiles.main - DEBUG - 2 changes detected: {(<Change.modified: 2>, '/workspace/app/backend/logs/app_20260527_161942.log'), (<Change.modified: 2>, '/workspace/app/backend/logs/app_20260527_161940.log')}
2026-05-27 16:29:58,207 - watchfiles.main - DEBUG - 2 changes detected: {(<Change.modified: 2>, '/workspace/app/backend/logs/app_20260527_161942.log'), (<Change.modified: 2>, '/workspace/app/backend/logs/app_20260527_161940.log')}
2026-05-27 16:29:58,558 - watchfiles.main - DEBUG - 2 changes detected: {(<Change.modified: 2>, '/workspace/app/backend/logs/app_20260527_161942.log'), (<Change.modified: 2>, '/workspace/app/backend/logs/app_20260527_161940.log')}
2026-05-27 16:29:58,909 - watchfiles.main - DEBUG - 2 changes detected: {(<Change.modified: 2>, '/workspace/app/backend/logs/app_20260527_161942.log'), (<Change.modified: 2>, '/workspace/app/backend/logs/app_20260527_161940.log')}
2026-05-27 16:29:59,260 - watchfiles.main - DEBUG - 1 change detected: {(<Change.modified: 2>, '/workspace/app/backend/logs/app_20260527_161940.log')}
2026-05-27 16:29:59,611 - watchfiles.main - DEBUG - 2 changes detected: {(<Change.modified: 2>, '/workspace/app/backend/logs/app_20260527_161942.log'), (<Change.modified: 2>, '/workspace/app/backend/logs/app_20260527_161940.log')}
2026-05-27 16:29:59,962 - watchfiles.main - DEBUG - 2 changes detected: {(<Change.modified: 2>, '/workspace/app/backend/logs/app_20260527_161942.log'), (<Change.modified: 2>, '/workspace/app/backend/logs/app_20260527_161940.log')}
2026-05-27 16:30:00,313 - watchfiles.main - DEBUG - 2 changes detected: {(<Change.modified: 2>, '/workspace/app/backend/logs/app_20260527_161942.log'), (<Change.modified: 2>, '/workspace/app/backend/logs/app_20260527_161940.log')}
2026-05-27 16:30:00,664 - watchfiles.main - DEBUG - 1 change detected: {(<Change.modified: 2>, '/workspace/app/backend/logs/app_20260527_161940.log')}
2026-05-27 16:30:01,015 - watchfiles.main - DEBUG - 1 change detected: {(<Change.modified: 2>, '/workspace/app/backend/logs/app_20260527_161940.log')}
2026-05-27 16:30:01,366 - watchfiles.main - DEBUG - 1 change detected: {(<Change.modified: 2>, '/workspace/app/backend/logs/app_20260527_161940.log')}
2026-05-27 16:30:01,717 - watchfiles.main - DEBUG - 1 change detected: {(<Change.modified: 2>, '/workspace/app/backend/logs/app_20260527_161940.log')}
2026-05-27 16:30:02,068 - watchfiles.main - DEBUG - 1 change detected: {(<Change.modified: 2>, '/workspace/app/backend/logs/app_20260527_161940.log')}
2026-05-27 16:30:02,419 - watchfiles.main - DEBUG - 1 change detected: {(<Change.modified: 2>, '/workspace/app/backend/logs/app_20260527_161940.log')}
2026-05-27 16:30:02,770 - watchfiles.main - DEBUG - 1 change detected: {(<Change.modified: 2>, '/workspace/app/backend/logs/app_20260527_161940.log')}
2026-05-27 16:30:03,121 - watchfiles.main - DEBUG - 1 change detected: {(<Change.modified: 2>, '/workspace/app/backend/logs/app_20260527_161940.log')}
2026-05-27 16:30:03,472 - watchfiles.main - DEBUG - 1 change detected: {(<Change.modified: 2>, '/workspace/app/backend/logs/app_20260527_161940.log')}
2026-05-27 16:30:03,823 - watchfiles.main - DEBUG - 1 change detected: {(<Change.modified: 2>, '/workspace/app/backend/logs/app_20260527_161940.log')}
2026-05-27 16:30:04,174 - watchfiles.main - DEBUG - 1 change detected: {(<Change.modified: 2>, '/workspace/app/backend/logs/app_20260527_161940.log')}
2026-05-27 16:30:04,525 - watchfiles.main - DEBUG - 1 change detected: {(<Change.modified: 2>, '/workspace/app/backend/logs/app_20260527_161940.log')}
2026-05-27 16:30:04,876 - watchfiles.main - DEBUG - 1 change detected: {(<Change.modified: 2>, '/workspace/app/backend/logs/app_20260527_161940.log')}
2026-05-27 16:30:05,227 - watchfiles.main - DEBUG - 1 change detected: {(<Change.modified: 2>, '/workspace/app/backend/logs/app_20260527_161940.log')}
2026-05-27 16:30:05,578 - watchfiles.main - DEBUG - 1 change detected: {(<Change.modified: 2>, '/workspace/app/backend/logs/app_20260527_161940.log')}
2026-05-27 16:30:05,929 - watchfiles.main - DEBUG - 1 change detected: {(<Change.modified: 2>, '/workspace/app/backend/logs/app_20260527_161940.log')}
2026-05-27 16:30:06,280 - watchfiles.main - DEBUG - 1 change detected: {(<Change.modified: 2>, '/workspace/app/backend/logs/app_20260527_161940.log')}
2026-05-27 16:30:06,631 - watchfiles.main - DEBUG - 1 change detected: {(<Change.modified: 2>, '/workspace/app/backend/logs/app_20260527_161940.log')}
2026-05-27 16:30:06,981 - watchfiles.main - DEBUG - 1 change detected: {(<Change.modified: 2>, '/workspace/app/backend/logs/app_20260527_161940.log')}
2026-05-27 16:30:07,332 - watchfiles.main - DEBUG - 1 change detected: {(<Change.modified: 2>, '/workspace/app/backend/logs/app_20260527_161940.log')}
2026-05-27 16:30:07,683 - watchfiles.main - DEBUG - 1 change detected: {(<Change.modified: 2>, '/workspace/app/backend/logs/app_20260527_161940.log')}
2026-05-27 16:30:08,034 - watchfiles.main - DEBUG - 1 change detected: {(<Change.modified: 2>, '/workspace/app/backend/logs/app_20260527_161940.log')}
2026-05-27 16:30:08,385 - watchfiles.main - DEBUG - 1 change detected: {(<Change.modified: 2>, '/workspace/app/backend/logs/app_20260527_161940.log')}
2026-05-27 16:30:08,737 - watchfiles.main - DEBUG - 1 change detected: {(<Change.modified: 2>, '/workspace/app/backend/logs/app_20260527_161940.log')}
2026-05-27 16:30:09,088 - watchfiles.main - DEBUG - 1 change detected: {(<Change.modified: 2>, '/workspace/app/backend/logs/app_20260527_161940.log')}
2026-05-27 16:30:09,439 - watchfiles.main - DEBUG - 1 change detected: {(<Change.modified: 2>, '/workspace/app/backend/logs/app_20260527_161940.log')}
2026-05-27 16:30:09,790 - watchfiles.main - DEBUG - 1 change detected: {(<Change.modified: 2>, '/workspace/app/backend/logs/app_20260527_161940.log')}
2026-05-27 16:30:10,141 - watchfiles.main - DEBUG - 1 change detected: {(<Change.modified: 2>, '/workspace/app/backend/logs/app_20260527_161940.log')}
2026-05-27 16:30:10,493 - watchfiles.main - DEBUG - 1 change detected: {(<Change.modified: 2>, '/workspace/app/backend/logs/app_20260527_161940.log')}
2026-05-27 16:30:10,845 - watchfiles.main - DEBUG - 1 change detected: {(<Change.modified: 2>, '/workspace/app/backend/logs/app_20260527_161940.log')}
2026-05-27 16:30:11,196 - watchfiles.main - DEBUG - 1 change detected: {(<Change.modified: 2>, '/workspace/app/backend/logs/app_20260527_161940.log')}
2026-05-27 16:30:11,546 - watchfiles.main - DEBUG - 1 change detected: {(<Change.modified: 2>, '/workspace/app/backend/logs/app_20260527_161940.log')}
2026-05-27 16:30:11,898 - watchfiles.main - DEBUG - 1 change detected: {(<Change.modified: 2>, '/workspace/app/backend/logs/app_20260527_161940.log')}
2026-05-27 16:30:12,248 - watchfiles.main - DEBUG - 1 change detected: {(<Change.modified: 2>, '/workspace/app/backend/logs/app_20260527_161940.log')}
2026-05-27 16:30:12,600 - watchfiles.main - DEBUG - 1 change detected: {(<Change.modified: 2>, '/workspace/app/backend/logs/app_20260527_161940.log')}
2026-05-27 16:30:12,954 - watchfiles.main - DEBUG - 1 change detected: {(<Change.modified: 2>, '/workspace/app/backend/logs/app_20260527_161940.log')}
2026-05-27 16:30:13,305 - watchfiles.main - DEBUG - 1 change detected: {(<Change.modified: 2>, '/workspace/app/backend/logs/app_20260527_161940.log')}
2026-05-27 16:30:13,656 - watchfiles.main - DEBUG - 1 change detected: {(<Change.modified: 2>, '/workspace/app/backend/logs/app_20260527_161940.log')}
2026-05-27 16:30:14,007 - watchfiles.main - DEBUG - 1 change detected: {(<Change.modified: 2>, '/workspace/app/backend/logs/app_20260527_161940.log')}
2026-05-27 16:30:14,358 - watchfiles.main - DEBUG - 1 change detected: {(<Change.modified: 2>, '/workspace/app/backend/logs/app_20260527_161940.log')}
2026-05-27 16:30:14,709 - watchfiles.main - DEBUG - 1 change detected: {(<Change.modified: 2>, '/workspace/app/backend/logs/app_20260527_161940.log')}
2026-05-27 16:30:15,060 - watchfiles.main - DEBUG - 1 change detected: {(<Change.modified: 2>, '/workspace/app/backend/logs/app_20260527_161940.log')}
2026-05-27 16:30:15,411 - watchfiles.main - DEBUG - 1 change detected: {(<Change.modified: 2>, '/workspace/app/backend/logs/app_20260527_161940.log')}
2026-05-27 16:30:15,762 - watchfiles.main - DEBUG - 1 change detected: {(<Change.modified: 2>, '/workspace/app/backend/logs/app_20260527_161940.log')}
2026-05-27 16:30:16,115 - watchfiles.main - DEBUG - 1 change detected: {(<Change.modified: 2>, '/workspace/app/backend/logs/app_20260527_161940.log')}
2026-05-27 16:30:16,466 - watchfiles.main - DEBUG - 1 change detected: {(<Change.modified: 2>, '/workspace/app/backend/logs/app_20260527_161940.log')}
2026-05-27 16:30:16,817 - watchfiles.main - DEBUG - 1 change detected: {(<Change.modified: 2>, '/workspace/app/backend/logs/app_20260527_161940.log')}
2026-05-27 16:30:17,169 - watchfiles.main - DEBUG - 1 change detected: {(<Change.modified: 2>, '/workspace/app/backend/logs/app_20260527_161940.log')}
2026-05-27 16:30:17,519 - watchfiles.main - DEBUG - 1 change detected: {(<Change.modified: 2>, '/workspace/app/backend/logs/app_20260527_161940.log')}
2026-05-27 16:30:17,871 - watchfiles.main - DEBUG - 1 change detected: {(<Change.modified: 2>, '/workspace/app/backend/logs/app_20260527_161940.log')}
2026-05-27 16:30:18,222 - watchfiles.main - DEBUG - 1 change detected: {(<Change.modified: 2>, '/workspace/app/backend/logs/app_20260527_161940.log')}
2026-05-27 16:30:18,573 - watchfiles.main - DEBUG - 1 change detected: {(<Change.modified: 2>, '/workspace/app/backend/logs/app_20260527_161940.log')}
2026-05-27 16:30:18,924 - watchfiles.main - DEBUG - 1 change detected: {(<Change.modified: 2>, '/workspace/app/backend/logs/app_20260527_161940.log')}
2026-05-27 16:30:19,275 - watchfiles.main - DEBUG - 1 change detected: {(<Change.modified: 2>, '/workspace/app/backend/logs/app_20260527_161940.log')}
2026-05-27 16:30:19,626 - watchfiles.main - DEBUG - 1 change detected: {(<Change.modified: 2>, '/workspace/app/backend/logs/app_20260527_161940.log')}
2026-05-27 16:30:19,977 - watchfiles.main - DEBUG - 1 change detected: {(<Change.modified: 2>, '/workspace/app/backend/logs/app_20260527_161940.log')}
2026-05-27 16:30:20,328 - watchfiles.main - DEBUG - 1 change detected: {(<Change.modified: 2>, '/workspace/app/backend/logs/app_20260527_161940.log')}
2026-05-27 16:30:20,680 - watchfiles.main - DEBUG - 1 change detected: {(<Change.modified: 2>, '/workspace/app/backend/logs/app_20260527_161940.log')}
2026-05-27 16:30:21,031 - watchfiles.main - DEBUG - 1 change detected: {(<Change.modified: 2>, '/workspace/app/backend/logs/app_20260527_161940.log')}
2026-05-27 16:30:21,382 - watchfiles.main - DEBUG - 1 change detected: {(<Change.modified: 2>, '/workspace/app/backend/logs/app_20260527_161940.log')}
2026-05-27 16:30:21,733 - watchfiles.main - DEBUG - 1 change detected: {(<Change.modified: 2>, '/workspace/app/backend/logs/app_20260527_161940.log')}
2026-05-27 16:30:22,085 - watchfiles.main - DEBUG - 1 change detected: {(<Change.modified: 2>, '/workspace/app/backend/logs/app_20260527_161940.log')}
2026-05-27 16:30:22,436 - watchfiles.main - DEBUG - 1 change detected: {(<Change.modified: 2>, '/workspace/app/backend/logs/app_20260527_161940.log')}
2026-05-27 16:30:22,787 - watchfiles.main - DEBUG - 1 change detected: {(<Change.modified: 2>, '/workspace/app/backend/logs/app_20260527_161940.log')}
2026-05-27 16:30:23,138 - watchfiles.main - DEBUG - 1 change detected: {(<Change.modified: 2>, '/workspace/app/backend/logs/app_20260527_161940.log')}
2026-05-27 16:30:23,489 - watchfiles.main - DEBUG - 1 change detected: {(<Change.modified: 2>, '/workspace/app/backend/logs/app_20260527_161940.log')}
2026-05-27 16:30:23,840 - watchfiles.main - DEBUG - 1 change detected: {(<Change.modified: 2>, '/workspace/app/backend/logs/app_20260527_161940.log')}
2026-05-27 16:30:24,191 - watchfiles.main - DEBUG - 1 change detected: {(<Change.modified: 2>, '/workspace/app/backend/logs/app_20260527_161940.log')}
2026-05-27 16:30:24,542 - watchfiles.main - DEBUG - 1 change detected: {(<Change.modified: 2>, '/workspace/app/backend/logs/app_20260527_161940.log')}
2026-05-27 16:30:24,893 - watchfiles.main - DEBUG - 1 change detected: {(<Change.modified: 2>, '/workspace/app/backend/logs/app_20260527_161940.log')}
2026-05-27 16:30:25,244 - watchfiles.main - DEBUG - 2 changes detected: {(<Change.modified: 2>, '/workspace/app/backend/logs/app_20260527_161942.log'), (<Change.modified: 2>, '/workspace/app/backend/logs/app_20260527_161940.log')}
2026-05-27 16:30:25,595 - watchfiles.main - DEBUG - 1 change detected: {(<Change.modified: 2>, '/workspace/app/backend/logs/app_20260527_161940.log')}
2026-05-27 16:30:25,946 - watchfiles.main - DEBUG - 2 changes detected: {(<Change.modified: 2>, '/workspace/app/backend/logs/app_20260527_161942.log'), (<Change.modified: 2>, '/workspace/app/backend/logs/app_20260527_161940.log')}
2026-05-27 16:30:26,297 - watchfiles.main - DEBUG - 2 changes detected: {(<Change.modified: 2>, '/workspace/app/backend/logs/app_20260527_161942.log'), (<Change.modified: 2>, '/workspace/app/backend/logs/app_20260527_161940.log')}
2026-05-27 16:30:26,648 - watchfiles.main - DEBUG - 2 changes detected: {(<Change.modified: 2>, '/workspace/app/backend/logs/app_20260527_161942.log'), (<Change.modified: 2>, '/workspace/app/backend/logs/app_20260527_161940.log')}
2026-05-27 16:30:26,999 - watchfiles.main - DEBUG - 1 change detected: {(<Change.modified: 2>, '/workspace/app/backend/logs/app_20260527_161940.log')}
2026-05-27 16:30:27,350 - watchfiles.main - DEBUG - 1 change detected: {(<Change.modified: 2>, '/workspace/app/backend/logs/app_20260527_161940.log')}
2026-05-27 16:30:27,701 - watchfiles.main - DEBUG - 1 change detected: {(<Change.modified: 2>, '/workspace/app/backend/logs/app_20260527_161940.log')}
2026-05-27 16:30:28,052 - watchfiles.main - DEBUG - 1 change detected: {(<Change.modified: 2>, '/workspace/app/backend/logs/app_20260527_161940.log')}
2026-05-27 16:30:28,403 - watchfiles.main - DEBUG - 1 change detected: {(<Change.modified: 2>, '/workspace/app/backend/logs/app_20260527_161940.log')}
2026-05-27 16:30:28,754 - watchfiles.main - DEBUG - 1 change detected: {(<Change.modified: 2>, '/workspace/app/backend/logs/app_20260527_161940.log')}
2026-05-27 16:30:29,105 - watchfiles.main - DEBUG - 1 change detected: {(<Change.modified: 2>, '/workspace/app/backend/logs/app_20260527_161940.log')}
2026-05-27 16:30:29,456 - watchfiles.main - DEBUG - 1 change detected: {(<Change.modified: 2>, '/workspace/app/backend/logs/app_20260527_161940.log')}
2026-05-27 16:30:29,807 - watchfiles.main - DEBUG - 1 change detected: {(<Change.modified: 2>, '/workspace/app/backend/logs/app_20260527_161940.log')}
2026-05-27 16:30:30,158 - watchfiles.main - DEBUG - 1 change detected: {(<Change.modified: 2>, '/workspace/app/backend/logs/app_20260527_161940.log')}
2026-05-27 16:30:30,509 - watchfiles.main - DEBUG - 1 change detected: {(<Change.modified: 2>, '/workspace/app/backend/logs/app_20260527_161940.log')}
2026-05-27 16:30:30,860 - watchfiles.main - DEBUG - 1 change detected: {(<Change.modified: 2>, '/workspace/app/backend/logs/app_20260527_161940.log')}
2026-05-27 16:30:31,211 - watchfiles.main - DEBUG - 1 change detected: {(<Change.modified: 2>, '/workspace/app/backend/logs/app_20260527_161940.log')}
2026-05-27 16:30:31,562 - watchfiles.main - DEBUG - 1 change detected: {(<Change.modified: 2>, '/workspace/app/backend/logs/app_20260527_161940.log')}
2026-05-27 16:30:31,913 - watchfiles.main - DEBUG - 1 change detected: {(<Change.modified: 2>, '/workspace/app/backend/logs/app_20260527_161940.log')}
2026-05-27 16:30:32,264 - watchfiles.main - DEBUG - 1 change detected: {(<Change.modified: 2>, '/workspace/app/backend/logs/app_20260527_161940.log')}
2026-05-27 16:30:32,615 - watchfiles.main - DEBUG - 1 change detected: {(<Change.modified: 2>, '/workspace/app/backend/logs/app_20260527_161940.log')}
2026-05-27 16:30:32,966 - watchfiles.main - DEBUG - 1 change detected: {(<Change.modified: 2>, '/workspace/app/backend/logs/app_20260527_161940.log')}
2026-05-27 16:30:33,317 - watchfiles.main - DEBUG - 1 change detected: {(<Change.modified: 2>, '/workspace/app/backend/logs/app_20260527_161940.log')}
2026-05-27 16:30:33,669 - watchfiles.main - DEBUG - 1 change detected: {(<Change.modified: 2>, '/workspace/app/backend/logs/app_20260527_161940.log')}
2026-05-27 16:30:34,019 - watchfiles.main - DEBUG - 1 change detected: {(<Change.modified: 2>, '/workspace/app/backend/logs/app_20260527_161940.log')}
2026-05-27 16:30:34,370 - watchfiles.main - DEBUG - 1 change detected: {(<Change.modified: 2>, '/workspace/app/backend/logs/app_20260527_161940.log')}
2026-05-27 16:30:34,721 - watchfiles.main - DEBUG - 1 change detected: {(<Change.modified: 2>, '/workspace/app/backend/logs/app_20260527_161940.log')}
2026-05-27 16:30:35,073 - watchfiles.main - DEBUG - 1 change detected: {(<Change.modified: 2>, '/workspace/app/backend/logs/app_20260527_161940.log')}
2026-05-27 16:30:35,424 - watchfiles.main - DEBUG - 1 change detected: {(<Change.modified: 2>, '/workspace/app/backend/logs/app_20260527_161940.log')}
2026-05-27 16:30:35,776 - watchfiles.main - DEBUG - 1 change detected: {(<Change.modified: 2>, '/workspace/app/backend/logs/app_20260527_161940.log')}
2026-05-27 16:30:36,126 - watchfiles.main - DEBUG - 1 change detected: {(<Change.modified: 2>, '/workspace/app/backend/logs/app_20260527_161940.log')}
2026-05-27 16:30:36,477 - watchfiles.main - DEBUG - 1 change detected: {(<Change.modified: 2>, '/workspace/app/backend/logs/app_20260527_161940.log')}
2026-05-27 16:30:36,829 - watchfiles.main - DEBUG - 1 change detected: {(<Change.modified: 2>, '/workspace/app/backend/logs/app_20260527_161940.log')}
2026-05-27 16:30:37,182 - watchfiles.main - DEBUG - 1 change detected: {(<Change.modified: 2>, '/workspace/app/backend/logs/app_20260527_161940.log')}
2026-05-27 16:30:37,533 - watchfiles.main - DEBUG - 1 change detected: {(<Change.modified: 2>, '/workspace/app/backend/logs/app_20260527_161940.log')}
2026-05-27 16:30:37,884 - watchfiles.main - DEBUG - 1 change detected: {(<Change.modified: 2>, '/workspace/app/backend/logs/app_20260527_161940.log')}
2026-05-27 16:30:38,235 - watchfiles.main - DEBUG - 1 change detected: {(<Change.modified: 2>, '/workspace/app/backend/logs/app_20260527_161940.log')}
2026-05-27 16:30:38,586 - watchfiles.main - DEBUG - 1 change detected: {(<Change.modified: 2>, '/workspace/app/backend/logs/app_20260527_161940.log')}
2026-05-27 16:30:38,937 - watchfiles.main - DEBUG - 1 change detected: {(<Change.modified: 2>, '/workspace/app/backend/logs/app_20260527_161940.log')}
2026-05-27 16:30:39,288 - watchfiles.main - DEBUG - 1 change detected: {(<Change.modified: 2>, '/workspace/app/backend/logs/app_20260527_161940.log')}
2026-05-27 16:30:39,639 - watchfiles.main - DEBUG - 1 change detected: {(<Change.modified: 2>, '/workspace/app/backend/logs/app_20260527_161940.log')}
2026-05-27 16:30:39,990 - watchfiles.main - DEBUG - 1 change detected: {(<Change.modified: 2>, '/workspace/app/backend/logs/app_20260527_161940.log')}
2026-05-27 16:30:40,341 - watchfiles.main - DEBUG - 1 change detected: {(<Change.modified: 2>, '/workspace/app/backend/logs/app_20260527_161940.log')}
2026-05-27 16:30:40,693 - watchfiles.main - DEBUG - 1 change detected: {(<Change.modified: 2>, '/workspace/app/backend/logs/app_20260527_161940.log')}
2026-05-27 16:30:41,044 - watchfiles.main - DEBUG - 1 change detected: {(<Change.modified: 2>, '/workspace/app/backend/logs/app_20260527_161940.log')}
2026-05-27 16:30:41,395 - watchfiles.main - DEBUG - 1 change detected: {(<Change.modified: 2>, '/workspace/app/backend/logs/app_20260527_161940.log')}
2026-05-27 16:30:41,747 - watchfiles.main - DEBUG - 1 change detected: {(<Change.modified: 2>, '/workspace/app/backend/logs/app_20260527_161940.log')}
2026-05-27 16:30:42,098 - watchfiles.main - DEBUG - 1 change detected: {(<Change.modified: 2>, '/workspace/app/backend/logs/app_20260527_161940.log')}
2026-05-27 16:30:42,449 - watchfiles.main - DEBUG - 1 change detected: {(<Change.modified: 2>, '/workspace/app/backend/logs/app_20260527_161940.log')}
2026-05-27 16:30:42,800 - watchfiles.main - DEBUG - 1 change detected: {(<Change.modified: 2>, '/workspace/app/backend/logs/app_20260527_161940.log')}
2026-05-27 16:30:43,151 - watchfiles.main - DEBUG - 1 change detected: {(<Change.modified: 2>, '/workspace/app/backend/logs/app_20260527_161940.log')}
2026-05-27 16:30:43,502 - watchfiles.main - DEBUG - 1 change detected: {(<Change.modified: 2>, '/workspace/app/backend/logs/app_20260527_161940.log')}
2026-05-27 16:30:43,853 - watchfiles.main - DEBUG - 1 change detected: {(<Change.modified: 2>, '/workspace/app/backend/logs/app_20260527_161940.log')}
2026-05-27 16:30:44,204 - watchfiles.main - DEBUG - 1 change detected: {(<Change.modified: 2>, '/workspace/app/backend/logs/app_20260527_161940.log')}
2026-05-27 16:30:44,555 - watchfiles.main - DEBUG - 1 change detected: {(<Change.modified: 2>, '/workspace/app/backend/logs/app_20260527_161940.log')}
2026-05-27 16:30:44,906 - watchfiles.main - DEBUG - 1 change detected: {(<Change.modified: 2>, '/workspace/app/backend/logs/app_20260527_161940.log')}
2026-05-27 16:30:45,257 - watchfiles.main - DEBUG - 1 change detected: {(<Change.modified: 2>, '/workspace/app/backend/logs/app_20260527_161940.log')}
2026-05-27 16:30:45,608 - watchfiles.main - DEBUG - 1 change detected: {(<Change.modified: 2>, '/workspace/app/backend/logs/app_20260527_161940.log')}
2026-05-27 16:30:45,959 - watchfiles.main - DEBUG - 1 change detected: {(<Change.modified: 2>, '/workspace/app/backend/logs/app_20260527_161940.log')}
2026-05-27 16:30:46,310 - watchfiles.main - DEBUG - 1 change detected: {(<Change.modified: 2>, '/workspace/app/backend/logs/app_20260527_161940.log')}
2026-05-27 16:30:46,661 - watchfiles.main - DEBUG - 1 change detected: {(<Change.modified: 2>, '/workspace/app/backend/logs/app_20260527_161940.log')}
2026-05-27 16:30:47,012 - watchfiles.main - DEBUG - 1 change detected: {(<Change.modified: 2>, '/workspace/app/backend/logs/app_20260527_161940.log')}
2026-05-27 16:30:47,363 - watchfiles.main - DEBUG - 1 change detected: {(<Change.modified: 2>, '/workspace/app/backend/logs/app_20260527_161940.log')}
2026-05-27 16:30:47,714 - watchfiles.main - DEBUG - 1 change detected: {(<Change.modified: 2>, '/workspace/app/backend/logs/app_20260527_161940.log')}
2026-05-27 16:30:48,065 - watchfiles.main - DEBUG - 1 change detected: {(<Change.modified: 2>, '/workspace/app/backend/logs/app_20260527_161940.log')}
2026-05-27 16:30:48,416 - watchfiles.main - DEBUG - 1 change detected: {(<Change.modified: 2>, '/workspace/app/backend/logs/app_20260527_161940.log')}
2026-05-27 16:30:48,766 - watchfiles.main - DEBUG - 1 change detected: {(<Change.modified: 2>, '/workspace/app/backend/logs/app_20260527_161940.log')}
2026-05-27 16:30:49,117 - watchfiles.main - DEBUG - 1 change detected: {(<Change.modified: 2>, '/workspace/app/backend/logs/app_20260527_161940.log')}
2026-05-27 16:30:49,468 - watchfiles.main - DEBUG - 1 change detected: {(<Change.modified: 2>, '/workspace/app/backend/logs/app_20260527_161940.log')}
2026-05-27 16:30:49,819 - watchfiles.main - DEBUG - 1 change detected: {(<Change.modified: 2>, '/workspace/app/backend/logs/app_20260527_161940.log')}
2026-05-27 16:30:50,170 - watchfiles.main - DEBUG - 1 change detected: {(<Change.modified: 2>, '/workspace/app/backend/logs/app_20260527_161940.log')}
2026-05-27 16:30:50,521 - watchfiles.main - DEBUG - 1 change detected: {(<Change.modified: 2>, '/workspace/app/backend/logs/app_20260527_161940.log')}
2026-05-27 16:30:50,872 - watchfiles.main - DEBUG - 1 change detected: {(<Change.modified: 2>, '/workspace/app/backend/logs/app_20260527_161940.log')}
2026-05-27 16:30:51,223 - watchfiles.main - DEBUG - 1 change detected: {(<Change.modified: 2>, '/workspace/app/backend/logs/app_20260527_161940.log')}
2026-05-27 16:30:51,574 - watchfiles.main - DEBUG - 1 change detected: {(<Change.modified: 2>, '/workspace/app/backend/logs/app_20260527_161940.log')}
2026-05-27 16:30:51,925 - watchfiles.main - DEBUG - 1 change detected: {(<Change.modified: 2>, '/workspace/app/backend/logs/app_20260527_161940.log')}
2026-05-27 16:30:52,276 - watchfiles.main - DEBUG - 1 change detected: {(<Change.modified: 2>, '/workspace/app/backend/logs/app_20260527_161940.log')}
2026-05-27 16:30:52,627 - watchfiles.main - DEBUG - 1 change detected: {(<Change.modified: 2>, '/workspace/app/backend/logs/app_20260527_161940.log')}
2026-05-27 16:30:52,979 - watchfiles.main - DEBUG - 1 change detected: {(<Change.modified: 2>, '/workspace/app/backend/logs/app_20260527_161940.log')}
2026-05-27 16:30:53,330 - watchfiles.main - DEBUG - 1 change detected: {(<Change.modified: 2>, '/workspace/app/backend/logs/app_20260527_161940.log')}
2026-05-27 16:30:53,681 - watchfiles.main - DEBUG - 1 change detected: {(<Change.modified: 2>, '/workspace/app/backend/logs/app_20260527_161940.log')}
2026-05-27 16:30:54,032 - watchfiles.main - DEBUG - 1 change detected: {(<Change.modified: 2>, '/workspace/app/backend/logs/app_20260527_161940.log')}
2026-05-27 16:30:54,383 - watchfiles.main - DEBUG - 1 change detected: {(<Change.modified: 2>, '/workspace/app/backend/logs/app_20260527_161940.log')}
2026-05-27 16:30:54,733 - watchfiles.main - DEBUG - 1 change detected: {(<Change.modified: 2>, '/workspace/app/backend/logs/app_20260527_161940.log')}
2026-05-27 16:30:55,084 - watchfiles.main - DEBUG - 1 change detected: {(<Change.modified: 2>, '/workspace/app/backend/logs/app_20260527_161940.log')}
2026-05-27 16:30:55,435 - watchfiles.main - DEBUG - 1 change detected: {(<Change.modified: 2>, '/workspace/app/backend/logs/app_20260527_161940.log')}
2026-05-27 16:30:55,786 - watchfiles.main - DEBUG - 1 change detected: {(<Change.modified: 2>, '/workspace/app/backend/logs/app_20260527_161940.log')}
2026-05-27 16:30:56,138 - watchfiles.main - DEBUG - 1 change detected: {(<Change.modified: 2>, '/workspace/app/backend/logs/app_20260527_161940.log')}
2026-05-27 16:30:56,489 - watchfiles.main - DEBUG - 1 change detected: {(<Change.modified: 2>, '/workspace/app/backend/logs/app_20260527_161940.log')}
2026-05-27 16:30:56,840 - watchfiles.main - DEBUG - 1 change detected: {(<Change.modified: 2>, '/workspace/app/backend/logs/app_20260527_161940.log')}
2026-05-27 16:30:57,190 - watchfiles.main - DEBUG - 1 change detected: {(<Change.modified: 2>, '/workspace/app/backend/logs/app_20260527_161940.log')}
2026-05-27 16:30:57,542 - watchfiles.main - DEBUG - 1 change detected: {(<Change.modified: 2>, '/workspace/app/backend/logs/app_20260527_161940.log')}
2026-05-27 16:30:57,893 - watchfiles.main - DEBUG - 1 change detected: {(<Change.modified: 2>, '/workspace/app/backend/logs/app_20260527_161940.log')}
2026-05-27 16:30:58,244 - watchfiles.main - DEBUG - 1 change detected: {(<Change.modified: 2>, '/workspace/app/backend/logs/app_20260527_161940.log')}
2026-05-27 16:30:58,595 - watchfiles.main - DEBUG - 1 change detected: {(<Change.modified: 2>, '/workspace/app/backend/logs/app_20260527_161940.log')}
2026-05-27 16:30:58,946 - watchfiles.main - DEBUG - 1 change detected: {(<Change.modified: 2>, '/workspace/app/backend/logs/app_20260527_161940.log')}
2026-05-27 16:30:59,297 - watchfiles.main - DEBUG - 1 change detected: {(<Change.modified: 2>, '/workspace/app/backend/logs/app_20260527_161940.log')}
2026-05-27 16:30:59,649 - watchfiles.main - DEBUG - 1 change detected: {(<Change.modified: 2>, '/workspace/app/backend/logs/app_20260527_161940.log')}
2026-05-27 16:31:00,000 - watchfiles.main - DEBUG - 1 change detected: {(<Change.modified: 2>, '/workspace/app/backend/logs/app_20260527_161940.log')}
2026-05-27 16:31:00,351 - watchfiles.main - DEBUG - 1 change detected: {(<Change.modified: 2>, '/workspace/app/backend/logs/app_20260527_161940.log')}
2026-05-27 16:31:00,702 - watchfiles.main - DEBUG - 1 change detected: {(<Change.modified: 2>, '/workspace/app/backend/logs/app_20260527_161940.log')}
2026-05-27 16:31:01,053 - watchfiles.main - DEBUG - 1 change detected: {(<Change.modified: 2>, '/workspace/app/backend/logs/app_20260527_161940.log')}
2026-05-27 16:31:01,404 - watchfiles.main - DEBUG - 1 change detected: {(<Change.modified: 2>, '/workspace/app/backend/logs/app_20260527_161940.log')}
2026-05-27 16:31:01,755 - watchfiles.main - DEBUG - 1 change detected: {(<Change.modified: 2>, '/workspace/app/backend/logs/app_20260527_161940.log')}
2026-05-27 16:31:02,106 - watchfiles.main - DEBUG - 1 change detected: {(<Change.modified: 2>, '/workspace/app/backend/logs/app_20260527_161940.log')}
2026-05-27 16:31:02,457 - watchfiles.main - DEBUG - 1 change detected: {(<Change.modified: 2>, '/workspace/app/backend/logs/app_20260527_161940.log')}
2026-05-27 16:31:02,808 - watchfiles.main - DEBUG - 1 change detected: {(<Change.modified: 2>, '/workspace/app/backend/logs/app_20260527_161940.log')}
2026-05-27 16:31:03,159 - watchfiles.main - DEBUG - 1 change detected: {(<Change.modified: 2>, '/workspace/app/backend/logs/app_20260527_161940.log')}
2026-05-27 16:31:03,510 - watchfiles.main - DEBUG - 1 change detected: {(<Change.modified: 2>, '/workspace/app/backend/logs/app_20260527_161940.log')}
2026-05-27 16:31:03,861 - watchfiles.main - DEBUG - 1 change detected: {(<Change.modified: 2>, '/workspace/app/backend/logs/app_20260527_161940.log')}
2026-05-27 16:31:04,212 - watchfiles.main - DEBUG - 1 change detected: {(<Change.modified: 2>, '/workspace/app/backend/logs/app_20260527_161940.log')}
2026-05-27 16:31:04,563 - watchfiles.main - DEBUG - 1 change detected: {(<Change.modified: 2>, '/workspace/app/backend/logs/app_20260527_161940.log')}
2026-05-27 16:31:04,914 - watchfiles.main - DEBUG - 1 change detected: {(<Change.modified: 2>, '/workspace/app/backend/logs/app_20260527_161940.log')}
2026-05-27 16:31:05,265 - watchfiles.main - DEBUG - 1 change detected: {(<Change.modified: 2>, '/workspace/app/backend/logs/app_20260527_161940.log')}
2026-05-27 16:31:05,616 - watchfiles.main - DEBUG - 1 change detected: {(<Change.modified: 2>, '/workspace/app/backend/logs/app_20260527_161940.log')}
2026-05-27 16:31:05,967 - watchfiles.main - DEBUG - 1 change detected: {(<Change.modified: 2>, '/workspace/app/backend/logs/app_20260527_161940.log')}
2026-05-27 16:31:06,318 - watchfiles.main - DEBUG - 1 change detected: {(<Change.modified: 2>, '/workspace/app/backend/logs/app_20260527_161940.log')}
2026-05-27 16:31:06,669 - watchfiles.main - DEBUG - 1 change detected: {(<Change.modified: 2>, '/workspace/app/backend/logs/app_20260527_161940.log')}
2026-05-27 16:31:07,020 - watchfiles.main - DEBUG - 1 change detected: {(<Change.modified: 2>, '/workspace/app/backend/logs/app_20260527_161940.log')}
2026-05-27 16:31:07,371 - watchfiles.main - DEBUG - 1 change detected: {(<Change.modified: 2>, '/workspace/app/backend/logs/app_20260527_161940.log')}
2026-05-27 16:31:07,722 - watchfiles.main - DEBUG - 1 change detected: {(<Change.modified: 2>, '/workspace/app/backend/logs/app_20260527_161940.log')}
2026-05-27 16:31:08,073 - watchfiles.main - DEBUG - 1 change detected: {(<Change.modified: 2>, '/workspace/app/backend/logs/app_20260527_161940.log')}
2026-05-27 16:31:08,424 - watchfiles.main - DEBUG - 1 change detected: {(<Change.modified: 2>, '/workspace/app/backend/logs/app_20260527_161940.log')}
2026-05-27 16:31:08,775 - watchfiles.main - DEBUG - 1 change detected: {(<Change.modified: 2>, '/workspace/app/backend/logs/app_20260527_161940.log')}
2026-05-27 16:31:09,126 - watchfiles.main - DEBUG - 1 change detected: {(<Change.modified: 2>, '/workspace/app/backend/logs/app_20260527_161940.log')}
2026-05-27 16:31:09,477 - watchfiles.main - DEBUG - 1 change detected: {(<Change.modified: 2>, '/workspace/app/backend/logs/app_20260527_161940.log')}
2026-05-27 16:31:09,828 - watchfiles.main - DEBUG - 1 change detected: {(<Change.modified: 2>, '/workspace/app/backend/logs/app_20260527_161940.log')}
2026-05-27 16:31:10,179 - watchfiles.main - DEBUG - 1 change detected: {(<Change.modified: 2>, '/workspace/app/backend/logs/app_20260527_161940.log')}
2026-05-27 16:31:10,530 - watchfiles.main - DEBUG - 1 change detected: {(<Change.modified: 2>, '/workspace/app/backend/logs/app_20260527_161940.log')}
2026-05-27 16:31:10,881 - watchfiles.main - DEBUG - 1 change detected: {(<Change.modified: 2>, '/workspace/app/backend/logs/app_20260527_161940.log')}
2026-05-27 16:31:11,232 - watchfiles.main - DEBUG - 1 change detected: {(<Change.modified: 2>, '/workspace/app/backend/logs/app_20260527_161940.log')}
2026-05-27 16:31:11,583 - watchfiles.main - DEBUG - 1 change detected: {(<Change.modified: 2>, '/workspace/app/backend/logs/app_20260527_161940.log')}
2026-05-27 16:31:11,934 - watchfiles.main - DEBUG - 1 change detected: {(<Change.modified: 2>, '/workspace/app/backend/logs/app_20260527_161940.log')}
2026-05-27 16:31:12,285 - watchfiles.main - DEBUG - 1 change detected: {(<Change.modified: 2>, '/workspace/app/backend/logs/app_20260527_161940.log')}
2026-05-27 16:31:12,636 - watchfiles.main - DEBUG - 1 change detected: {(<Change.modified: 2>, '/workspace/app/backend/logs/app_20260527_161940.log')}
2026-05-27 16:31:12,987 - watchfiles.main - DEBUG - 1 change detected: {(<Change.modified: 2>, '/workspace/app/backend/logs/app_20260527_161940.log')}
2026-05-27 16:31:13,338 - watchfiles.main - DEBUG - 1 change detected: {(<Change.modified: 2>, '/workspace/app/backend/logs/app_20260527_161940.log')}
2026-05-27 16:31:13,689 - watchfiles.main - DEBUG - 1 change detected: {(<Change.modified: 2>, '/workspace/app/backend/logs/app_20260527_161940.log')}
2026-05-27 16:31:14,040 - watchfiles.main - DEBUG - 1 change detected: {(<Change.modified: 2>, '/workspace/app/backend/logs/app_20260527_161940.log')}
2026-05-27 16:31:14,392 - watchfiles.main - DEBUG - 1 change detected: {(<Change.modified: 2>, '/workspace/app/backend/logs/app_20260527_161940.log')}
2026-05-27 16:31:14,743 - watchfiles.main - DEBUG - 1 change detected: {(<Change.modified: 2>, '/workspace/app/backend/logs/app_20260527_161940.log')}
2026-05-27 16:31:15,094 - watchfiles.main - DEBUG - 1 change detected: {(<Change.modified: 2>, '/workspace/app/backend/logs/app_20260527_161940.log')}
2026-05-27 16:31:15,445 - watchfiles.main - DEBUG - 1 change detected: {(<Change.modified: 2>, '/workspace/app/backend/logs/app_20260527_161940.log')}
2026-05-27 16:31:15,796 - watchfiles.main - DEBUG - 1 change detected: {(<Change.modified: 2>, '/workspace/app/backend/logs/app_20260527_161940.log')}
2026-05-27 16:31:16,147 - watchfiles.main - DEBUG - 1 change detected: {(<Change.modified: 2>, '/workspace/app/backend/logs/app_20260527_161940.log')}
2026-05-27 16:31:16,499 - watchfiles.main - DEBUG - 1 change detected: {(<Change.modified: 2>, '/workspace/app/backend/logs/app_20260527_161940.log')}
2026-05-27 16:31:16,850 - watchfiles.main - DEBUG - 1 change detected: {(<Change.modified: 2>, '/workspace/app/backend/logs/app_20260527_161940.log')}
2026-05-27 16:31:17,201 - watchfiles.main - DEBUG - 1 change detected: {(<Change.modified: 2>, '/workspace/app/backend/logs/app_20260527_161940.log')}
2026-05-27 16:31:17,552 - watchfiles.main - DEBUG - 1 change detected: {(<Change.modified: 2>, '/workspace/app/backend/logs/app_20260527_161940.log')}
2026-05-27 16:31:17,903 - watchfiles.main - DEBUG - 1 change detected: {(<Change.modified: 2>, '/workspace/app/backend/logs/app_20260527_161940.log')}
2026-05-27 16:31:18,254 - watchfiles.main - DEBUG - 1 change detected: {(<Change.modified: 2>, '/workspace/app/backend/logs/app_20260527_161940.log')}
2026-05-27 16:31:18,605 - watchfiles.main - DEBUG - 1 change detected: {(<Change.modified: 2>, '/workspace/app/backend/logs/app_20260527_161940.log')}
2026-05-27 16:31:18,956 - watchfiles.main - DEBUG - 1 change detected: {(<Change.modified: 2>, '/workspace/app/backend/logs/app_20260527_161940.log')}
2026-05-27 16:31:19,307 - watchfiles.main - DEBUG - 1 change detected: {(<Change.modified: 2>, '/workspace/app/backend/logs/app_20260527_161940.log')}
2026-05-27 16:31:19,658 - watchfiles.main - DEBUG - 1 change detected: {(<Change.modified: 2>, '/workspace/app/backend/logs/app_20260527_161940.log')}
2026-05-27 16:31:20,009 - watchfiles.main - DEBUG - 1 change detected: {(<Change.modified: 2>, '/workspace/app/backend/logs/app_20260527_161940.log')}
2026-05-27 16:31:20,360 - watchfiles.main - DEBUG - 1 change detected: {(<Change.modified: 2>, '/workspace/app/backend/logs/app_20260527_161940.log')}
2026-05-27 16:31:20,711 - watchfiles.main - DEBUG - 1 change detected: {(<Change.modified: 2>, '/workspace/app/backend/logs/app_20260527_161940.log')}
2026-05-27 16:31:21,062 - watchfiles.main - DEBUG - 1 change detected: {(<Change.modified: 2>, '/workspace/app/backend/logs/app_20260527_161940.log')}
2026-05-27 16:31:21,413 - watchfiles.main - DEBUG - 1 change detected: {(<Change.modified: 2>, '/workspace/app/backend/logs/app_20260527_161940.log')}
2026-05-27 16:31:21,764 - watchfiles.main - DEBUG - 1 change detected: {(<Change.modified: 2>, '/workspace/app/backend/logs/app_20260527_161940.log')}
2026-05-27 16:31:22,115 - watchfiles.main - DEBUG - 1 change detected: {(<Change.modified: 2>, '/workspace/app/backend/logs/app_20260527_161940.log')}
2026-05-27 16:31:22,466 - watchfiles.main - DEBUG - 1 change detected: {(<Change.modified: 2>, '/workspace/app/backend/logs/app_20260527_161940.log')}
2026-05-27 16:31:22,817 - watchfiles.main - DEBUG - 1 change detected: {(<Change.modified: 2>, '/workspace/app/backend/logs/app_20260527_161940.log')}
2026-05-27 16:31:23,168 - watchfiles.main - DEBUG - 1 change detected: {(<Change.modified: 2>, '/workspace/app/backend/logs/app_20260527_161940.log')}
2026-05-27 16:31:23,519 - watchfiles.main - DEBUG - 1 change detected: {(<Change.modified: 2>, '/workspace/app/backend/logs/app_20260527_161940.log')}
2026-05-27 16:31:23,870 - watchfiles.main - DEBUG - 1 change detected: {(<Change.modified: 2>, '/workspace/app/backend/logs/app_20260527_161940.log')}
2026-05-27 16:31:24,221 - watchfiles.main - DEBUG - 1 change detected: {(<Change.modified: 2>, '/workspace/app/backend/logs/app_20260527_161940.log')}
2026-05-27 16:31:24,572 - watchfiles.main - DEBUG - 1 change detected: {(<Change.modified: 2>, '/workspace/app/backend/logs/app_20260527_161940.log')}
2026-05-27 16:31:24,923 - watchfiles.main - DEBUG - 1 change detected: {(<Change.modified: 2>, '/workspace/app/backend/logs/app_20260527_161940.log')}
2026-05-27 16:31:25,274 - watchfiles.main - DEBUG - 1 change detected: {(<Change.modified: 2>, '/workspace/app/backend/logs/app_20260527_161940.log')}
2026-05-27 16:31:25,625 - watchfiles.main - DEBUG - 2 changes detected: {(<Change.modified: 2>, '/workspace/app/backend/logs/app_20260527_161942.log'), (<Change.modified: 2>, '/workspace/app/backend/logs/app_20260527_161940.log')}
2026-05-27 16:31:25,976 - watchfiles.main - DEBUG - 1 change detected: {(<Change.modified: 2>, '/workspace/app/backend/logs/app_20260527_161940.log')}
2026-05-27 16:31:26,327 - watchfiles.main - DEBUG - 2 changes detected: {(<Change.modified: 2>, '/workspace/app/backend/logs/app_20260527_161942.log'), (<Change.modified: 2>, '/workspace/app/backend/logs/app_20260527_161940.log')}
2026-05-27 16:31:26,678 - watchfiles.main - DEBUG - 1 change detected: {(<Change.modified: 2>, '/workspace/app/backend/logs/app_20260527_161940.log')}
2026-05-27 16:31:27,029 - watchfiles.main - DEBUG - 1 change detected: {(<Change.modified: 2>, '/workspace/app/backend/logs/app_20260527_161940.log')}
2026-05-27 16:31:27,380 - watchfiles.main - DEBUG - 1 change detected: {(<Change.modified: 2>, '/workspace/app/backend/logs/app_20260527_161940.log')}
2026-05-27 16:31:27,731 - watchfiles.main - DEBUG - 1 change detected: {(<Change.modified: 2>, '/workspace/app/backend/logs/app_20260527_161940.log')}
2026-05-27 16:31:28,082 - watchfiles.main - DEBUG - 1 change detected: {(<Change.modified: 2>, '/workspace/app/backend/logs/app_20260527_161940.log')}
2026-05-27 16:31:28,433 - watchfiles.main - DEBUG - 1 change detected: {(<Change.modified: 2>, '/workspace/app/backend/logs/app_20260527_161940.log')}
2026-05-27 16:31:28,784 - watchfiles.main - DEBUG - 1 change detected: {(<Change.modified: 2>, '/workspace/app/backend/logs/app_20260527_161940.log')}
2026-05-27 16:31:29,135 - watchfiles.main - DEBUG - 2 changes detected: {(<Change.modified: 2>, '/workspace/app/backend/logs/app_20260527_161942.log'), (<Change.modified: 2>, '/workspace/app/backend/logs/app_20260527_161940.log')}
2026-05-27 16:31:29,486 - watchfiles.main - DEBUG - 2 changes detected: {(<Change.modified: 2>, '/workspace/app/backend/logs/app_20260527_161942.log'), (<Change.modified: 2>, '/workspace/app/backend/logs/app_20260527_161940.log')}
2026-05-27 16:31:29,837 - watchfiles.main - DEBUG - 1 change detected: {(<Change.modified: 2>, '/workspace/app/backend/logs/app_20260527_161940.log')}
2026-05-27 16:31:30,188 - watchfiles.main - DEBUG - 1 change detected: {(<Change.modified: 2>, '/workspace/app/backend/logs/app_20260527_161940.log')}
2026-05-27 16:31:30,540 - watchfiles.main - DEBUG - 2 changes detected: {(<Change.modified: 2>, '/workspace/app/backend/logs/app_20260527_161942.log'), (<Change.modified: 2>, '/workspace/app/backend/logs/app_20260527_161940.log')}
2026-05-27 16:31:30,891 - watchfiles.main - DEBUG - 2 changes detected: {(<Change.modified: 2>, '/workspace/app/backend/logs/app_20260527_161942.log'), (<Change.modified: 2>, '/workspace/app/backend/logs/app_20260527_161940.log')}
2026-05-27 16:31:31,242 - watchfiles.main - DEBUG - 1 change detected: {(<Change.modified: 2>, '/workspace/app/backend/logs/app_20260527_161940.log')}
2026-05-27 16:31:31,594 - watchfiles.main - DEBUG - 2 changes detected: {(<Change.modified: 2>, '/workspace/app/backend/logs/app_20260527_161942.log'), (<Change.modified: 2>, '/workspace/app/backend/logs/app_20260527_161940.log')}
2026-05-27 16:31:31,945 - watchfiles.main - DEBUG - 2 changes detected: {(<Change.modified: 2>, '/workspace/app/backend/logs/app_20260527_161942.log'), (<Change.modified: 2>, '/workspace/app/backend/logs/app_20260527_161940.log')}
2026-05-27 16:31:32,347 - watchfiles.main - DEBUG - 2 changes detected: {(<Change.modified: 2>, '/workspace/app/backend/logs/app_20260527_161942.log'), (<Change.modified: 2>, '/workspace/app/backend/logs/app_20260527_161940.log')}
2026-05-27 16:31:32,698 - watchfiles.main - DEBUG - 2 changes detected: {(<Change.modified: 2>, '/workspace/app/backend/logs/app_20260527_161942.log'), (<Change.modified: 2>, '/workspace/app/backend/logs/app_20260527_161940.log')}
2026-05-27 16:31:33,099 - watchfiles.main - DEBUG - 2 changes detected: {(<Change.modified: 2>, '/workspace/app/backend/logs/app_20260527_161942.log'), (<Change.modified: 2>, '/workspace/app/backend/logs/app_20260527_161940.log')}
2026-05-27 16:31:33,450 - watchfiles.main - DEBUG - 1 change detected: {(<Change.modified: 2>, '/workspace/app/backend/logs/app_20260527_161940.log')}
2026-05-27 16:31:33,801 - watchfiles.main - DEBUG - 1 change detected: {(<Change.modified: 2>, '/workspace/app/backend/logs/app_20260527_161940.log')}
2026-05-27 16:31:34,152 - watchfiles.main - DEBUG - 1 change detected: {(<Change.modified: 2>, '/workspace/app/backend/logs/app_20260527_161940.log')}
2026-05-27 16:31:34,503 - watchfiles.main - DEBUG - 1 change detected: {(<Change.modified: 2>, '/workspace/app/backend/logs/app_20260527_161940.log')}
2026-05-27 16:31:34,854 - watchfiles.main - DEBUG - 1 change detected: {(<Change.modified: 2>, '/workspace/app/backend/logs/app_20260527_161940.log')}
2026-05-27 16:31:35,205 - watchfiles.main - DEBUG - 1 change detected: {(<Change.modified: 2>, '/workspace/app/backend/logs/app_20260527_161940.log')}
2026-05-27 16:31:35,556 - watchfiles.main - DEBUG - 1 change detected: {(<Change.modified: 2>, '/workspace/app/backend/logs/app_20260527_161940.log')}
2026-05-27 16:31:35,907 - watchfiles.main - DEBUG - 1 change detected: {(<Change.modified: 2>, '/workspace/app/backend/logs/app_20260527_161940.log')}
2026-05-27 16:31:36,258 - watchfiles.main - DEBUG - 1 change detected: {(<Change.modified: 2>, '/workspace/app/backend/logs/app_20260527_161940.log')}
2026-05-27 16:31:36,609 - watchfiles.main - DEBUG - 1 change detected: {(<Change.modified: 2>, '/workspace/app/backend/logs/app_20260527_161940.log')}
2026-05-27 16:31:36,960 - watchfiles.main - DEBUG - 1 change detected: {(<Change.modified: 2>, '/workspace/app/backend/logs/app_20260527_161940.log')}
2026-05-27 16:31:37,311 - watchfiles.main - DEBUG - 1 change detected: {(<Change.modified: 2>, '/workspace/app/backend/logs/app_20260527_161940.log')}
2026-05-27 16:31:37,662 - watchfiles.main - DEBUG - 1 change detected: {(<Change.modified: 2>, '/workspace/app/backend/logs/app_20260527_161940.log')}
2026-05-27 16:31:38,013 - watchfiles.main - DEBUG - 1 change detected: {(<Change.modified: 2>, '/workspace/app/backend/logs/app_20260527_161940.log')}
2026-05-27 16:31:38,364 - watchfiles.main - DEBUG - 1 change detected: {(<Change.modified: 2>, '/workspace/app/backend/logs/app_20260527_161940.log')}
2026-05-27 16:31:38,715 - watchfiles.main - DEBUG - 1 change detected: {(<Change.modified: 2>, '/workspace/app/backend/logs/app_20260527_161940.log')}
2026-05-27 16:31:39,066 - watchfiles.main - DEBUG - 1 change detected: {(<Change.modified: 2>, '/workspace/app/backend/logs/app_20260527_161940.log')}
2026-05-27 16:31:39,417 - watchfiles.main - DEBUG - 1 change detected: {(<Change.modified: 2>, '/workspace/app/backend/logs/app_20260527_161940.log')}
2026-05-27 16:31:39,768 - watchfiles.main - DEBUG - 1 change detected: {(<Change.modified: 2>, '/workspace/app/backend/logs/app_20260527_161940.log')}
2026-05-27 16:31:40,119 - watchfiles.main - DEBUG - 1 change detected: {(<Change.modified: 2>, '/workspace/app/backend/logs/app_20260527_161940.log')}
2026-05-27 16:31:40,471 - watchfiles.main - DEBUG - 1 change detected: {(<Change.modified: 2>, '/workspace/app/backend/logs/app_20260527_161940.log')}
2026-05-27 16:31:40,822 - watchfiles.main - DEBUG - 1 change detected: {(<Change.modified: 2>, '/workspace/app/backend/logs/app_20260527_161940.log')}
2026-05-27 16:31:41,173 - watchfiles.main - DEBUG - 1 change detected: {(<Change.modified: 2>, '/workspace/app/backend/logs/app_20260527_161940.log')}
2026-05-27 16:31:41,524 - watchfiles.main - DEBUG - 1 change detected: {(<Change.modified: 2>, '/workspace/app/backend/logs/app_20260527_161940.log')}
2026-05-27 16:31:41,876 - watchfiles.main - DEBUG - 1 change detected: {(<Change.modified: 2>, '/workspace/app/backend/logs/app_20260527_161940.log')}
2026-05-27 16:31:42,227 - watchfiles.main - DEBUG - 1 change detected: {(<Change.modified: 2>, '/workspace/app/backend/logs/app_20260527_161940.log')}
2026-05-27 16:31:42,578 - watchfiles.main - DEBUG - 1 change detected: {(<Change.modified: 2>, '/workspace/app/backend/logs/app_20260527_161940.log')}
2026-05-27 16:31:42,929 - watchfiles.main - DEBUG - 1 change detected: {(<Change.modified: 2>, '/workspace/app/backend/logs/app_20260527_161940.log')}
2026-05-27 16:31:43,280 - watchfiles.main - DEBUG - 1 change detected: {(<Change.modified: 2>, '/workspace/app/backend/logs/app_20260527_161940.log')}
2026-05-27 16:31:43,631 - watchfiles.main - DEBUG - 1 change detected: {(<Change.modified: 2>, '/workspace/app/backend/logs/app_20260527_161940.log')}
2026-05-27 16:31:43,982 - watchfiles.main - DEBUG - 1 change detected: {(<Change.modified: 2>, '/workspace/app/backend/logs/app_20260527_161940.log')}
2026-05-27 16:31:44,333 - watchfiles.main - DEBUG - 1 change detected: {(<Change.modified: 2>, '/workspace/app/backend/logs/app_20260527_161940.log')}
2026-05-27 16:31:44,684 - watchfiles.main - DEBUG - 1 change detected: {(<Change.modified: 2>, '/workspace/app/backend/logs/app_20260527_161940.log')}
2026-05-27 16:31:45,035 - watchfiles.main - DEBUG - 2 changes detected: {(<Change.modified: 2>, '/workspace/app/backend/logs/app_20260527_161942.log'), (<Change.modified: 2>, '/workspace/app/backend/logs/app_20260527_161940.log')}
2026-05-27 16:31:45,387 - watchfiles.main - DEBUG - 1 change detected: {(<Change.modified: 2>, '/workspace/app/backend/logs/app_20260527_161940.log')}
2026-05-27 16:31:45,738 - watchfiles.main - DEBUG - 2 changes detected: {(<Change.modified: 2>, '/workspace/app/backend/logs/app_20260527_161942.log'), (<Change.modified: 2>, '/workspace/app/backend/logs/app_20260527_161940.log')}
2026-05-27 16:31:46,090 - watchfiles.main - DEBUG - 2 changes detected: {(<Change.modified: 2>, '/workspace/app/backend/logs/app_20260527_161942.log'), (<Change.modified: 2>, '/workspace/app/backend/logs/app_20260527_161940.log')}
2026-05-27 16:31:46,443 - watchfiles.main - DEBUG - 2 changes detected: {(<Change.modified: 2>, '/workspace/app/backend/logs/app_20260527_161942.log'), (<Change.modified: 2>, '/workspace/app/backend/logs/app_20260527_161940.log')}
2026-05-27 16:31:46,794 - watchfiles.main - DEBUG - 2 changes detected: {(<Change.modified: 2>, '/workspace/app/backend/logs/app_20260527_161942.log'), (<Change.modified: 2>, '/workspace/app/backend/logs/app_20260527_161940.log')}
2026-05-27 16:31:47,145 - watchfiles.main - DEBUG - 2 changes detected: {(<Change.modified: 2>, '/workspace/app/backend/logs/app_20260527_161942.log'), (<Change.modified: 2>, '/workspace/app/backend/logs/app_20260527_161940.log')}
2026-05-27 16:31:47,546 - watchfiles.main - DEBUG - 2 changes detected: {(<Change.modified: 2>, '/workspace/app/backend/logs/app_20260527_161942.log'), (<Change.modified: 2>, '/workspace/app/backend/logs/app_20260527_161940.log')}
2026-05-27 16:31:47,897 - watchfiles.main - DEBUG - 2 changes detected: {(<Change.modified: 2>, '/workspace/app/backend/logs/app_20260527_161942.log'), (<Change.modified: 2>, '/workspace/app/backend/logs/app_20260527_161940.log')}
2026-05-27 16:31:48,248 - watchfiles.main - DEBUG - 1 change detected: {(<Change.modified: 2>, '/workspace/app/backend/logs/app_20260527_161940.log')}
2026-05-27 16:31:48,600 - watchfiles.main - DEBUG - 2 changes detected: {(<Change.modified: 2>, '/workspace/app/backend/logs/app_20260527_161942.log'), (<Change.modified: 2>, '/workspace/app/backend/logs/app_20260527_161940.log')}
2026-05-27 16:31:48,952 - watchfiles.main - DEBUG - 2 changes detected: {(<Change.modified: 2>, '/workspace/app/backend/logs/app_20260527_161942.log'), (<Change.modified: 2>, '/workspace/app/backend/logs/app_20260527_161940.log')}
2026-05-27 16:31:49,303 - watchfiles.main - DEBUG - 2 changes detected: {(<Change.modified: 2>, '/workspace/app/backend/logs/app_20260527_161942.log'), (<Change.modified: 2>, '/workspace/app/backend/logs/app_20260527_161940.log')}
2026-05-27 16:31:49,654 - watchfiles.main - DEBUG - 1 change detected: {(<Change.modified: 2>, '/workspace/app/backend/logs/app_20260527_161940.log')}
2026-05-27 16:31:50,055 - watchfiles.main - DEBUG - 2 changes detected: {(<Change.modified: 2>, '/workspace/app/backend/logs/app_20260527_161942.log'), (<Change.modified: 2>, '/workspace/app/backend/logs/app_20260527_161940.log')}
2026-05-27 16:31:50,406 - watchfiles.main - DEBUG - 2 changes detected: {(<Change.modified: 2>, '/workspace/app/backend/logs/app_20260527_161942.log'), (<Change.modified: 2>, '/workspace/app/backend/logs/app_20260527_161940.log')}
2026-05-27 16:31:50,757 - watchfiles.main - DEBUG - 2 changes detected: {(<Change.modified: 2>, '/workspace/app/backend/logs/app_20260527_161942.log'), (<Change.modified: 2>, '/workspace/app/backend/logs/app_20260527_161940.log')}
2026-05-27 16:31:51,108 - watchfiles.main - DEBUG - 1 change detected: {(<Change.modified: 2>, '/workspace/app/backend/logs/app_20260527_161940.log')}
2026-05-27 16:31:51,459 - watchfiles.main - DEBUG - 1 change detected: {(<Change.modified: 2>, '/workspace/app/backend/logs/app_20260527_161940.log')}
2026-05-27 16:31:51,810 - watchfiles.main - DEBUG - 1 change detected: {(<Change.modified: 2>, '/workspace/app/backend/logs/app_20260527_161940.log')}
2026-05-27 16:31:52,161 - watchfiles.main - DEBUG - 1 change detected: {(<Change.modified: 2>, '/workspace/app/backend/logs/app_20260527_161940.log')}
2026-05-27 16:31:52,512 - watchfiles.main - DEBUG - 1 change detected: {(<Change.modified: 2>, '/workspace/app/backend/logs/app_20260527_161940.log')}
2026-05-27 16:31:52,863 - watchfiles.main - DEBUG - 1 change detected: {(<Change.modified: 2>, '/workspace/app/backend/logs/app_20260527_161940.log')}
2026-05-27 16:31:53,214 - watchfiles.main - DEBUG - 1 change detected: {(<Change.modified: 2>, '/workspace/app/backend/logs/app_20260527_161940.log')}
2026-05-27 16:31:53,565 - watchfiles.main - DEBUG - 1 change detected: {(<Change.modified: 2>, '/workspace/app/backend/logs/app_20260527_161940.log')}
2026-05-27 16:31:53,916 - watchfiles.main - DEBUG - 1 change detected: {(<Change.modified: 2>, '/workspace/app/backend/logs/app_20260527_161940.log')}
2026-05-27 16:31:54,267 - watchfiles.main - DEBUG - 1 change detected: {(<Change.modified: 2>, '/workspace/app/backend/logs/app_20260527_161940.log')}
2026-05-27 16:31:54,618 - watchfiles.main - DEBUG - 1 change detected: {(<Change.modified: 2>, '/workspace/app/backend/logs/app_20260527_161940.log')}
2026-05-27 16:31:54,969 - watchfiles.main - DEBUG - 1 change detected: {(<Change.modified: 2>, '/workspace/app/backend/logs/app_20260527_161940.log')}
2026-05-27 16:31:55,320 - watchfiles.main - DEBUG - 1 change detected: {(<Change.modified: 2>, '/workspace/app/backend/logs/app_20260527_161940.log')}
2026-05-27 16:31:55,671 - watchfiles.main - DEBUG - 1 change detected: {(<Change.modified: 2>, '/workspace/app/backend/logs/app_20260527_161940.log')}
2026-05-27 16:31:56,022 - watchfiles.main - DEBUG - 1 change detected: {(<Change.modified: 2>, '/workspace/app/backend/logs/app_20260527_161940.log')}
2026-05-27 16:31:56,373 - watchfiles.main - DEBUG - 1 change detected: {(<Change.modified: 2>, '/workspace/app/backend/logs/app_20260527_161940.log')}
2026-05-27 16:31:56,724 - watchfiles.main - DEBUG - 1 change detected: {(<Change.modified: 2>, '/workspace/app/backend/logs/app_20260527_161940.log')}
2026-05-27 16:31:57,075 - watchfiles.main - DEBUG - 1 change detected: {(<Change.modified: 2>, '/workspace/app/backend/logs/app_20260527_161940.log')}
2026-05-27 16:31:57,426 - watchfiles.main - DEBUG - 1 change detected: {(<Change.modified: 2>, '/workspace/app/backend/logs/app_20260527_161940.log')}
2026-05-27 16:31:57,778 - watchfiles.main - DEBUG - 1 change detected: {(<Change.modified: 2>, '/workspace/app/backend/logs/app_20260527_161940.log')}
2026-05-27 16:31:58,129 - watchfiles.main - DEBUG - 1 change detected: {(<Change.modified: 2>, '/workspace/app/backend/logs/app_20260527_161940.log')}
2026-05-27 16:31:58,480 - watchfiles.main - DEBUG - 1 change detected: {(<Change.modified: 2>, '/workspace/app/backend/logs/app_20260527_161940.log')}
2026-05-27 16:31:58,831 - watchfiles.main - DEBUG - 1 change detected: {(<Change.modified: 2>, '/workspace/app/backend/logs/app_20260527_161940.log')}
2026-05-27 16:31:59,182 - watchfiles.main - DEBUG - 1 change detected: {(<Change.modified: 2>, '/workspace/app/backend/logs/app_20260527_161940.log')}
2026-05-27 16:31:59,534 - watchfiles.main - DEBUG - 1 change detected: {(<Change.modified: 2>, '/workspace/app/backend/logs/app_20260527_161940.log')}
2026-05-27 16:31:59,885 - watchfiles.main - DEBUG - 1 change detected: {(<Change.modified: 2>, '/workspace/app/backend/logs/app_20260527_161940.log')}
2026-05-27 16:32:00,236 - watchfiles.main - DEBUG - 1 change detected: {(<Change.modified: 2>, '/workspace/app/backend/logs/app_20260527_161940.log')}
2026-05-27 16:32:00,587 - watchfiles.main - DEBUG - 1 change detected: {(<Change.modified: 2>, '/workspace/app/backend/logs/app_20260527_161940.log')}
2026-05-27 16:32:00,938 - watchfiles.main - DEBUG - 1 change detected: {(<Change.modified: 2>, '/workspace/app/backend/logs/app_20260527_161940.log')}
2026-05-27 16:32:01,289 - watchfiles.main - DEBUG - 1 change detected: {(<Change.modified: 2>, '/workspace/app/backend/logs/app_20260527_161940.log')}
2026-05-27 16:32:01,640 - watchfiles.main - DEBUG - 1 change detected: {(<Change.modified: 2>, '/workspace/app/backend/logs/app_20260527_161940.log')}
2026-05-27 16:32:01,991 - watchfiles.main - DEBUG - 1 change detected: {(<Change.modified: 2>, '/workspace/app/backend/logs/app_20260527_161940.log')}
2026-05-27 16:32:02,342 - watchfiles.main - DEBUG - 1 change detected: {(<Change.modified: 2>, '/workspace/app/backend/logs/app_20260527_161940.log')}
2026-05-27 16:32:02,693 - watchfiles.main - DEBUG - 1 change detected: {(<Change.modified: 2>, '/workspace/app/backend/logs/app_20260527_161940.log')}
2026-05-27 16:32:03,044 - watchfiles.main - DEBUG - 1 change detected: {(<Change.modified: 2>, '/workspace/app/backend/logs/app_20260527_161940.log')}
2026-05-27 16:32:03,395 - watchfiles.main - DEBUG - 1 change detected: {(<Change.modified: 2>, '/workspace/app/backend/logs/app_20260527_161940.log')}
2026-05-27 16:32:03,746 - watchfiles.main - DEBUG - 1 change detected: {(<Change.modified: 2>, '/workspace/app/backend/logs/app_20260527_161940.log')}
2026-05-27 16:32:04,097 - watchfiles.main - DEBUG - 1 change detected: {(<Change.modified: 2>, '/workspace/app/backend/logs/app_20260527_161940.log')}
2026-05-27 16:32:04,449 - watchfiles.main - DEBUG - 1 change detected: {(<Change.modified: 2>, '/workspace/app/backend/logs/app_20260527_161940.log')}
2026-05-27 16:32:04,800 - watchfiles.main - DEBUG - 1 change detected: {(<Change.modified: 2>, '/workspace/app/backend/logs/app_20260527_161940.log')}
2026-05-27 16:32:05,153 - watchfiles.main - DEBUG - 1 change detected: {(<Change.modified: 2>, '/workspace/app/backend/logs/app_20260527_161940.log')}
2026-05-27 16:32:05,504 - watchfiles.main - DEBUG - 1 change detected: {(<Change.modified: 2>, '/workspace/app/backend/logs/app_20260527_161940.log')}
2026-05-27 16:32:05,855 - watchfiles.main - DEBUG - 1 change detected: {(<Change.modified: 2>, '/workspace/app/backend/logs/app_20260527_161940.log')}
2026-05-27 16:32:06,206 - watchfiles.main - DEBUG - 1 change detected: {(<Change.modified: 2>, '/workspace/app/backend/logs/app_20260527_161940.log')}
2026-05-27 16:32:06,557 - watchfiles.main - DEBUG - 1 change detected: {(<Change.modified: 2>, '/workspace/app/backend/logs/app_20260527_161940.log')}
2026-05-27 16:32:06,908 - watchfiles.main - DEBUG - 1 change detected: {(<Change.modified: 2>, '/workspace/app/backend/logs/app_20260527_161940.log')}
2026-05-27 16:32:07,259 - watchfiles.main - DEBUG - 1 change detected: {(<Change.modified: 2>, '/workspace/app/backend/logs/app_20260527_161940.log')}
2026-05-27 16:32:07,610 - watchfiles.main - DEBUG - 1 change detected: {(<Change.modified: 2>, '/workspace/app/backend/logs/app_20260527_161940.log')}
2026-05-27 16:32:07,961 - watchfiles.main - DEBUG - 1 change detected: {(<Change.modified: 2>, '/workspace/app/backend/logs/app_20260527_161940.log')}
2026-05-27 16:32:08,312 - watchfiles.main - DEBUG - 1 change detected: {(<Change.modified: 2>, '/workspace/app/backend/logs/app_20260527_161940.log')}
2026-05-27 16:32:08,663 - watchfiles.main - DEBUG - 1 change detected: {(<Change.modified: 2>, '/workspace/app/backend/logs/app_20260527_161940.log')}
2026-05-27 16:32:09,014 - watchfiles.main - DEBUG - 1 change detected: {(<Change.modified: 2>, '/workspace/app/backend/logs/app_20260527_161940.log')}
2026-05-27 16:32:09,365 - watchfiles.main - DEBUG - 1 change detected: {(<Change.modified: 2>, '/workspace/app/backend/logs/app_20260527_161940.log')}
2026-05-27 16:32:09,717 - watchfiles.main - DEBUG - 1 change detected: {(<Change.modified: 2>, '/workspace/app/backend/logs/app_20260527_161940.log')}
2026-05-27 16:32:10,068 - watchfiles.main - DEBUG - 1 change detected: {(<Change.modified: 2>, '/workspace/app/backend/logs/app_20260527_161940.log')}
2026-05-27 16:32:10,419 - watchfiles.main - DEBUG - 1 change detected: {(<Change.modified: 2>, '/workspace/app/backend/logs/app_20260527_161940.log')}
2026-05-27 16:32:10,770 - watchfiles.main - DEBUG - 1 change detected: {(<Change.modified: 2>, '/workspace/app/backend/logs/app_20260527_161940.log')}
2026-05-27 16:32:11,121 - watchfiles.main - DEBUG - 1 change detected: {(<Change.modified: 2>, '/workspace/app/backend/logs/app_20260527_161940.log')}
2026-05-27 16:32:11,472 - watchfiles.main - DEBUG - 1 change detected: {(<Change.modified: 2>, '/workspace/app/backend/logs/app_20260527_161940.log')}
2026-05-27 16:32:11,823 - watchfiles.main - DEBUG - 1 change detected: {(<Change.modified: 2>, '/workspace/app/backend/logs/app_20260527_161940.log')}
2026-05-27 16:32:12,174 - watchfiles.main - DEBUG - 1 change detected: {(<Change.modified: 2>, '/workspace/app/backend/logs/app_20260527_161940.log')}
2026-05-27 16:32:12,525 - watchfiles.main - DEBUG - 1 change detected: {(<Change.modified: 2>, '/workspace/app/backend/logs/app_20260527_161940.log')}
2026-05-27 16:32:12,876 - watchfiles.main - DEBUG - 1 change detected: {(<Change.modified: 2>, '/workspace/app/backend/logs/app_20260527_161940.log')}
2026-05-27 16:32:13,227 - watchfiles.main - DEBUG - 1 change detected: {(<Change.modified: 2>, '/workspace/app/backend/logs/app_20260527_161940.log')}
2026-05-27 16:32:13,578 - watchfiles.main - DEBUG - 1 change detected: {(<Change.modified: 2>, '/workspace/app/backend/logs/app_20260527_161940.log')}
2026-05-27 16:32:13,929 - watchfiles.main - DEBUG - 1 change detected: {(<Change.modified: 2>, '/workspace/app/backend/logs/app_20260527_161940.log')}
2026-05-27 16:32:14,280 - watchfiles.main - DEBUG - 1 change detected: {(<Change.modified: 2>, '/workspace/app/backend/logs/app_20260527_161940.log')}
2026-05-27 16:32:14,632 - watchfiles.main - DEBUG - 1 change detected: {(<Change.modified: 2>, '/workspace/app/backend/logs/app_20260527_161940.log')}
2026-05-27 16:32:14,984 - watchfiles.main - DEBUG - 1 change detected: {(<Change.modified: 2>, '/workspace/app/backend/logs/app_20260527_161940.log')}
2026-05-27 16:32:15,335 - watchfiles.main - DEBUG - 1 change detected: {(<Change.modified: 2>, '/workspace/app/backend/logs/app_20260527_161940.log')}
2026-05-27 16:32:15,686 - watchfiles.main - DEBUG - 1 change detected: {(<Change.modified: 2>, '/workspace/app/backend/logs/app_20260527_161940.log')}
2026-05-27 16:32:16,038 - watchfiles.main - DEBUG - 1 change detected: {(<Change.modified: 2>, '/workspace/app/backend/logs/app_20260527_161940.log')}
2026-05-27 16:32:16,389 - watchfiles.main - DEBUG - 1 change detected: {(<Change.modified: 2>, '/workspace/app/backend/logs/app_20260527_161940.log')}
2026-05-27 16:32:16,740 - watchfiles.main - DEBUG - 1 change detected: {(<Change.modified: 2>, '/workspace/app/backend/logs/app_20260527_161940.log')}
2026-05-27 16:32:17,090 - watchfiles.main - DEBUG - 1 change detected: {(<Change.modified: 2>, '/workspace/app/backend/logs/app_20260527_161940.log')}
2026-05-27 16:32:17,442 - watchfiles.main - DEBUG - 1 change detected: {(<Change.modified: 2>, '/workspace/app/backend/logs/app_20260527_161940.log')}
2026-05-27 16:32:17,793 - watchfiles.main - DEBUG - 1 change detected: {(<Change.modified: 2>, '/workspace/app/backend/logs/app_20260527_161940.log')}
2026-05-27 16:32:18,144 - watchfiles.main - DEBUG - 1 change detected: {(<Change.modified: 2>, '/workspace/app/backend/logs/app_20260527_161940.log')}
2026-05-27 16:32:18,495 - watchfiles.main - DEBUG - 1 change detected: {(<Change.modified: 2>, '/workspace/app/backend/logs/app_20260527_161940.log')}
2026-05-27 16:32:18,846 - watchfiles.main - DEBUG - 1 change detected: {(<Change.modified: 2>, '/workspace/app/backend/logs/app_20260527_161940.log')}
2026-05-27 16:32:19,197 - watchfiles.main - DEBUG - 1 change detected: {(<Change.modified: 2>, '/workspace/app/backend/logs/app_20260527_161940.log')}
2026-05-27 16:32:19,548 - watchfiles.main - DEBUG - 1 change detected: {(<Change.modified: 2>, '/workspace/app/backend/logs/app_20260527_161940.log')}
2026-05-27 16:32:19,899 - watchfiles.main - DEBUG - 1 change detected: {(<Change.modified: 2>, '/workspace/app/backend/logs/app_20260527_161940.log')}
2026-05-27 16:32:20,250 - watchfiles.main - DEBUG - 1 change detected: {(<Change.modified: 2>, '/workspace/app/backend/logs/app_20260527_161940.log')}
2026-05-27 16:32:20,601 - watchfiles.main - DEBUG - 1 change detected: {(<Change.modified: 2>, '/workspace/app/backend/logs/app_20260527_161940.log')}
2026-05-27 16:32:20,952 - watchfiles.main - DEBUG - 1 change detected: {(<Change.modified: 2>, '/workspace/app/backend/logs/app_20260527_161940.log')}
2026-05-27 16:32:21,303 - watchfiles.main - DEBUG - 1 change detected: {(<Change.modified: 2>, '/workspace/app/backend/logs/app_20260527_161940.log')}
2026-05-27 16:32:21,653 - watchfiles.main - DEBUG - 1 change detected: {(<Change.modified: 2>, '/workspace/app/backend/logs/app_20260527_161940.log')}
2026-05-27 16:32:22,004 - watchfiles.main - DEBUG - 1 change detected: {(<Change.modified: 2>, '/workspace/app/backend/logs/app_20260527_161940.log')}
2026-05-27 16:32:22,356 - watchfiles.main - DEBUG - 1 change detected: {(<Change.modified: 2>, '/workspace/app/backend/logs/app_20260527_161940.log')}
2026-05-27 16:32:22,707 - watchfiles.main - DEBUG - 1 change detected: {(<Change.modified: 2>, '/workspace/app/backend/logs/app_20260527_161940.log')}
2026-05-27 16:32:23,058 - watchfiles.main - DEBUG - 1 change detected: {(<Change.modified: 2>, '/workspace/app/backend/logs/app_20260527_161940.log')}
2026-05-27 16:32:23,409 - watchfiles.main - DEBUG - 1 change detected: {(<Change.modified: 2>, '/workspace/app/backend/logs/app_20260527_161940.log')}
2026-05-27 16:32:23,760 - watchfiles.main - DEBUG - 1 change detected: {(<Change.modified: 2>, '/workspace/app/backend/logs/app_20260527_161940.log')}
2026-05-27 16:32:24,111 - watchfiles.main - DEBUG - 1 change detected: {(<Change.modified: 2>, '/workspace/app/backend/logs/app_20260527_161940.log')}
2026-05-27 16:32:24,462 - watchfiles.main - DEBUG - 1 change detected: {(<Change.modified: 2>, '/workspace/app/backend/logs/app_20260527_161940.log')}
2026-05-27 16:32:24,813 - watchfiles.main - DEBUG - 1 change detected: {(<Change.modified: 2>, '/workspace/app/backend/logs/app_20260527_161940.log')}
2026-05-27 16:32:25,164 - watchfiles.main - DEBUG - 1 change detected: {(<Change.modified: 2>, '/workspace/app/backend/logs/app_20260527_161940.log')}
2026-05-27 16:32:25,515 - watchfiles.main - DEBUG - 1 change detected: {(<Change.modified: 2>, '/workspace/app/backend/logs/app_20260527_161940.log')}
2026-05-27 16:32:25,866 - watchfiles.main - DEBUG - 1 change detected: {(<Change.modified: 2>, '/workspace/app/backend/logs/app_20260527_161940.log')}
2026-05-27 16:32:26,217 - watchfiles.main - DEBUG - 1 change detected: {(<Change.modified: 2>, '/workspace/app/backend/logs/app_20260527_161940.log')}
2026-05-27 16:32:26,568 - watchfiles.main - DEBUG - 1 change detected: {(<Change.modified: 2>, '/workspace/app/backend/logs/app_20260527_161940.log')}
2026-05-27 16:32:26,919 - watchfiles.main - DEBUG - 1 change detected: {(<Change.modified: 2>, '/workspace/app/backend/logs/app_20260527_161940.log')}
2026-05-27 16:32:27,270 - watchfiles.main - DEBUG - 1 change detected: {(<Change.modified: 2>, '/workspace/app/backend/logs/app_20260527_161940.log')}
2026-05-27 16:32:27,621 - watchfiles.main - DEBUG - 1 change detected: {(<Change.modified: 2>, '/workspace/app/backend/logs/app_20260527_161940.log')}
2026-05-27 16:32:27,971 - watchfiles.main - DEBUG - 1 change detected: {(<Change.modified: 2>, '/workspace/app/backend/logs/app_20260527_161940.log')}
2026-05-27 16:32:28,323 - watchfiles.main - DEBUG - 1 change detected: {(<Change.modified: 2>, '/workspace/app/backend/logs/app_20260527_161940.log')}
2026-05-27 16:32:28,674 - watchfiles.main - DEBUG - 1 change detected: {(<Change.modified: 2>, '/workspace/app/backend/logs/app_20260527_161940.log')}
2026-05-27 16:32:29,025 - watchfiles.main - DEBUG - 1 change detected: {(<Change.modified: 2>, '/workspace/app/backend/logs/app_20260527_161940.log')}
2026-05-27 16:32:29,376 - watchfiles.main - DEBUG - 1 change detected: {(<Change.modified: 2>, '/workspace/app/backend/logs/app_20260527_161940.log')}
2026-05-27 16:32:29,729 - watchfiles.main - DEBUG - 1 change detected: {(<Change.modified: 2>, '/workspace/app/backend/logs/app_20260527_161940.log')}
2026-05-27 16:32:30,080 - watchfiles.main - DEBUG - 1 change detected: {(<Change.modified: 2>, '/workspace/app/backend/logs/app_20260527_161940.log')}
2026-05-27 16:32:30,431 - watchfiles.main - DEBUG - 1 change detected: {(<Change.modified: 2>, '/workspace/app/backend/logs/app_20260527_161940.log')}
2026-05-27 16:32:30,782 - watchfiles.main - DEBUG - 1 change detected: {(<Change.modified: 2>, '/workspace/app/backend/logs/app_20260527_161940.log')}
2026-05-27 16:32:31,133 - watchfiles.main - DEBUG - 1 change detected: {(<Change.modified: 2>, '/workspace/app/backend/logs/app_20260527_161940.log')}
2026-05-27 16:32:31,484 - watchfiles.main - DEBUG - 1 change detected: {(<Change.modified: 2>, '/workspace/app/backend/logs/app_20260527_161940.log')}
2026-05-27 16:32:31,835 - watchfiles.main - DEBUG - 1 change detected: {(<Change.modified: 2>, '/workspace/app/backend/logs/app_20260527_161940.log')}
2026-05-27 16:32:32,186 - watchfiles.main - DEBUG - 1 change detected: {(<Change.modified: 2>, '/workspace/app/backend/logs/app_20260527_161940.log')}
2026-05-27 16:32:32,537 - watchfiles.main - DEBUG - 1 change detected: {(<Change.modified: 2>, '/workspace/app/backend/logs/app_20260527_161940.log')}
2026-05-27 16:32:32,888 - watchfiles.main - DEBUG - 1 change detected: {(<Change.modified: 2>, '/workspace/app/backend/logs/app_20260527_161940.log')}
2026-05-27 16:32:33,239 - watchfiles.main - DEBUG - 1 change detected: {(<Change.modified: 2>, '/workspace/app/backend/logs/app_20260527_161940.log')}
2026-05-27 16:32:33,590 - watchfiles.main - DEBUG - 1 change detected: {(<Change.modified: 2>, '/workspace/app/backend/logs/app_20260527_161940.log')}
2026-05-27 16:32:33,941 - watchfiles.main - DEBUG - 1 change detected: {(<Change.modified: 2>, '/workspace/app/backend/logs/app_20260527_161940.log')}
2026-05-27 16:32:34,292 - watchfiles.main - DEBUG - 1 change detected: {(<Change.modified: 2>, '/workspace/app/backend/logs/app_20260527_161940.log')}
2026-05-27 16:32:34,643 - watchfiles.main - DEBUG - 1 change detected: {(<Change.modified: 2>, '/workspace/app/backend/logs/app_20260527_161940.log')}
2026-05-27 16:32:34,995 - watchfiles.main - DEBUG - 1 change detected: {(<Change.modified: 2>, '/workspace/app/backend/logs/app_20260527_161940.log')}
2026-05-27 16:32:35,346 - watchfiles.main - DEBUG - 1 change detected: {(<Change.modified: 2>, '/workspace/app/backend/logs/app_20260527_161940.log')}
2026-05-27 16:32:35,697 - watchfiles.main - DEBUG - 1 change detected: {(<Change.modified: 2>, '/workspace/app/backend/logs/app_20260527_161940.log')}
2026-05-27 16:32:36,048 - watchfiles.main - DEBUG - 1 change detected: {(<Change.modified: 2>, '/workspace/app/backend/logs/app_20260527_161940.log')}
2026-05-27 16:32:36,399 - watchfiles.main - DEBUG - 1 change detected: {(<Change.modified: 2>, '/workspace/app/backend/logs/app_20260527_161940.log')}
2026-05-27 16:32:36,750 - watchfiles.main - DEBUG - 1 change detected: {(<Change.modified: 2>, '/workspace/app/backend/logs/app_20260527_161940.log')}
2026-05-27 16:32:37,101 - watchfiles.main - DEBUG - 1 change detected: {(<Change.modified: 2>, '/workspace/app/backend/logs/app_20260527_161940.log')}
2026-05-27 16:32:37,452 - watchfiles.main - DEBUG - 1 change detected: {(<Change.modified: 2>, '/workspace/app/backend/logs/app_20260527_161940.log')}
2026-05-27 16:32:37,803 - watchfiles.main - DEBUG - 1 change detected: {(<Change.modified: 2>, '/workspace/app/backend/logs/app_20260527_161940.log')}
2026-05-27 16:32:38,154 - watchfiles.main - DEBUG - 1 change detected: {(<Change.modified: 2>, '/workspace/app/backend/logs/app_20260527_161940.log')}
2026-05-27 16:32:38,505 - watchfiles.main - DEBUG - 1 change detected: {(<Change.modified: 2>, '/workspace/app/backend/logs/app_20260527_161940.log')}
2026-05-27 16:32:38,856 - watchfiles.main - DEBUG - 1 change detected: {(<Change.modified: 2>, '/workspace/app/backend/logs/app_20260527_161940.log')}
2026-05-27 16:32:39,207 - watchfiles.main - DEBUG - 1 change detected: {(<Change.modified: 2>, '/workspace/app/backend/logs/app_20260527_161940.log')}
2026-05-27 16:32:39,558 - watchfiles.main - DEBUG - 1 change detected: {(<Change.modified: 2>, '/workspace/app/backend/logs/app_20260527_161940.log')}
2026-05-27 16:32:39,910 - watchfiles.main - DEBUG - 1 change detected: {(<Change.modified: 2>, '/workspace/app/backend/logs/app_20260527_161940.log')}
2026-05-27 16:32:40,261 - watchfiles.main - DEBUG - 1 change detected: {(<Change.modified: 2>, '/workspace/app/backend/logs/app_20260527_161940.log')}
2026-05-27 16:32:40,612 - watchfiles.main - DEBUG - 1 change detected: {(<Change.modified: 2>, '/workspace/app/backend/logs/app_20260527_161940.log')}
2026-05-27 16:32:40,963 - watchfiles.main - DEBUG - 1 change detected: {(<Change.modified: 2>, '/workspace/app/backend/logs/app_20260527_161940.log')}
2026-05-27 16:32:41,314 - watchfiles.main - DEBUG - 1 change detected: {(<Change.modified: 2>, '/workspace/app/backend/logs/app_20260527_161940.log')}
2026-05-27 16:32:41,665 - watchfiles.main - DEBUG - 1 change detected: {(<Change.modified: 2>, '/workspace/app/backend/logs/app_20260527_161940.log')}
2026-05-27 16:32:42,017 - watchfiles.main - DEBUG - 1 change detected: {(<Change.modified: 2>, '/workspace/app/backend/logs/app_20260527_161940.log')}
2026-05-27 16:32:42,368 - watchfiles.main - DEBUG - 1 change detected: {(<Change.modified: 2>, '/workspace/app/backend/logs/app_20260527_161940.log')}
2026-05-27 16:32:42,719 - watchfiles.main - DEBUG - 1 change detected: {(<Change.modified: 2>, '/workspace/app/backend/logs/app_20260527_161940.log')}
2026-05-27 16:32:43,070 - watchfiles.main - DEBUG - 1 change detected: {(<Change.modified: 2>, '/workspace/app/backend/logs/app_20260527_161940.log')}
2026-05-27 16:32:43,421 - watchfiles.main - DEBUG - 1 change detected: {(<Change.modified: 2>, '/workspace/app/backend/logs/app_20260527_161940.log')}
2026-05-27 16:32:43,772 - watchfiles.main - DEBUG - 1 change detected: {(<Change.modified: 2>, '/workspace/app/backend/logs/app_20260527_161940.log')}
2026-05-27 16:32:44,123 - watchfiles.main - DEBUG - 1 change detected: {(<Change.modified: 2>, '/workspace/app/backend/logs/app_20260527_161940.log')}
2026-05-27 16:32:44,475 - watchfiles.main - DEBUG - 1 change detected: {(<Change.modified: 2>, '/workspace/app/backend/logs/app_20260527_161940.log')}
2026-05-27 16:32:44,825 - watchfiles.main - DEBUG - 1 change detected: {(<Change.modified: 2>, '/workspace/app/backend/logs/app_20260527_161940.log')}
2026-05-27 16:32:45,177 - watchfiles.main - DEBUG - 1 change detected: {(<Change.modified: 2>, '/workspace/app/backend/logs/app_20260527_161940.log')}
2026-05-27 16:32:45,527 - watchfiles.main - DEBUG - 1 change detected: {(<Change.modified: 2>, '/workspace/app/backend/logs/app_20260527_161940.log')}
2026-05-27 16:32:45,878 - watchfiles.main - DEBUG - 1 change detected: {(<Change.modified: 2>, '/workspace/app/backend/logs/app_20260527_161940.log')}
2026-05-27 16:32:46,229 - watchfiles.main - DEBUG - 1 change detected: {(<Change.modified: 2>, '/workspace/app/backend/logs/app_20260527_161940.log')}
2026-05-27 16:32:46,580 - watchfiles.main - DEBUG - 2 changes detected: {(<Change.modified: 2>, '/workspace/app/backend/logs/app_20260527_161942.log'), (<Change.modified: 2>, '/workspace/app/backend/logs/app_20260527_161940.log')}
2026-05-27 16:32:46,931 - watchfiles.main - DEBUG - 1 change detected: {(<Change.modified: 2>, '/workspace/app/backend/logs/app_20260527_161940.log')}
2026-05-27 16:32:47,282 - watchfiles.main - DEBUG - 2 changes detected: {(<Change.modified: 2>, '/workspace/app/backend/logs/app_20260527_161942.log'), (<Change.modified: 2>, '/workspace/app/backend/logs/app_20260527_161940.log')}
2026-05-27 16:32:47,633 - watchfiles.main - DEBUG - 2 changes detected: {(<Change.modified: 2>, '/workspace/app/backend/logs/app_20260527_161942.log'), (<Change.modified: 2>, '/workspace/app/backend/logs/app_20260527_161940.log')}
2026-05-27 16:32:47,984 - watchfiles.main - DEBUG - 2 changes detected: {(<Change.modified: 2>, '/workspace/app/backend/logs/app_20260527_161942.log'), (<Change.modified: 2>, '/workspace/app/backend/logs/app_20260527_161940.log')}
2026-05-27 16:32:48,335 - watchfiles.main - DEBUG - 1 change detected: {(<Change.modified: 2>, '/workspace/app/backend/logs/app_20260527_161940.log')}
2026-05-27 16:32:48,686 - watchfiles.main - DEBUG - 1 change detected: {(<Change.modified: 2>, '/workspace/app/backend/logs/app_20260527_161940.log')}
2026-05-27 16:32:49,037 - watchfiles.main - DEBUG - 1 change detected: {(<Change.modified: 2>, '/workspace/app/backend/logs/app_20260527_161940.log')}
2026-05-27 16:32:49,388 - watchfiles.main - DEBUG - 1 change detected: {(<Change.modified: 2>, '/workspace/app/backend/logs/app_20260527_161940.log')}
2026-05-27 16:32:49,739 - watchfiles.main - DEBUG - 1 change detected: {(<Change.modified: 2>, '/workspace/app/backend/logs/app_20260527_161940.log')}
2026-05-27 16:32:50,090 - watchfiles.main - DEBUG - 1 change detected: {(<Change.modified: 2>, '/workspace/app/backend/logs/app_20260527_161940.log')}
2026-05-27 16:32:50,441 - watchfiles.main - DEBUG - 1 change detected: {(<Change.modified: 2>, '/workspace/app/backend/logs/app_20260527_161940.log')}
2026-05-27 16:32:50,792 - watchfiles.main - DEBUG - 1 change detected: {(<Change.modified: 2>, '/workspace/app/backend/logs/app_20260527_161940.log')}
2026-05-27 16:32:51,144 - watchfiles.main - DEBUG - 1 change detected: {(<Change.modified: 2>, '/workspace/app/backend/logs/app_20260527_161940.log')}
2026-05-27 16:32:51,495 - watchfiles.main - DEBUG - 1 change detected: {(<Change.modified: 2>, '/workspace/app/backend/logs/app_20260527_161940.log')}
2026-05-27 16:32:51,846 - watchfiles.main - DEBUG - 1 change detected: {(<Change.modified: 2>, '/workspace/app/backend/logs/app_20260527_161940.log')}
2026-05-27 16:32:52,197 - watchfiles.main - DEBUG - 1 change detected: {(<Change.modified: 2>, '/workspace/app/backend/logs/app_20260527_161940.log')}
2026-05-27 16:32:52,548 - watchfiles.main - DEBUG - 1 change detected: {(<Change.modified: 2>, '/workspace/app/backend/logs/app_20260527_161940.log')}
2026-05-27 16:32:52,899 - watchfiles.main - DEBUG - 1 change detected: {(<Change.modified: 2>, '/workspace/app/backend/logs/app_20260527_161940.log')}
2026-05-27 16:32:53,250 - watchfiles.main - DEBUG - 1 change detected: {(<Change.modified: 2>, '/workspace/app/backend/logs/app_20260527_161940.log')}
2026-05-27 16:32:53,601 - watchfiles.main - DEBUG - 1 change detected: {(<Change.modified: 2>, '/workspace/app/backend/logs/app_20260527_161940.log')}
2026-05-27 16:32:53,952 - watchfiles.main - DEBUG - 1 change detected: {(<Change.modified: 2>, '/workspace/app/backend/logs/app_20260527_161940.log')}
2026-05-27 16:32:54,303 - watchfiles.main - DEBUG - 1 change detected: {(<Change.modified: 2>, '/workspace/app/backend/logs/app_20260527_161940.log')}
2026-05-27 16:32:54,654 - watchfiles.main - DEBUG - 1 change detected: {(<Change.modified: 2>, '/workspace/app/backend/logs/app_20260527_161940.log')}
2026-05-27 16:32:55,005 - watchfiles.main - DEBUG - 1 change detected: {(<Change.modified: 2>, '/workspace/app/backend/logs/app_20260527_161940.log')}
2026-05-27 16:32:55,356 - watchfiles.main - DEBUG - 1 change detected: {(<Change.modified: 2>, '/workspace/app/backend/logs/app_20260527_161940.log')}
2026-05-27 16:32:55,707 - watchfiles.main - DEBUG - 1 change detected: {(<Change.modified: 2>, '/workspace/app/backend/logs/app_20260527_161940.log')}
2026-05-27 16:32:56,058 - watchfiles.main - DEBUG - 1 change detected: {(<Change.modified: 2>, '/workspace/app/backend/logs/app_20260527_161940.log')}
2026-05-27 16:32:56,409 - watchfiles.main - DEBUG - 1 change detected: {(<Change.modified: 2>, '/workspace/app/backend/logs/app_20260527_161940.log')}
2026-05-27 16:32:56,760 - watchfiles.main - DEBUG - 1 change detected: {(<Change.modified: 2>, '/workspace/app/backend/logs/app_20260527_161940.log')}
2026-05-27 16:32:57,111 - watchfiles.main - DEBUG - 1 change detected: {(<Change.modified: 2>, '/workspace/app/backend/logs/app_20260527_161940.log')}
2026-05-27 16:32:57,462 - watchfiles.main - DEBUG - 1 change detected: {(<Change.modified: 2>, '/workspace/app/backend/logs/app_20260527_161940.log')}
2026-05-27 16:32:57,813 - watchfiles.main - DEBUG - 1 change detected: {(<Change.modified: 2>, '/workspace/app/backend/logs/app_20260527_161940.log')}
2026-05-27 16:32:58,164 - watchfiles.main - DEBUG - 1 change detected: {(<Change.modified: 2>, '/workspace/app/backend/logs/app_20260527_161940.log')}
2026-05-27 16:32:58,515 - watchfiles.main - DEBUG - 1 change detected: {(<Change.modified: 2>, '/workspace/app/backend/logs/app_20260527_161940.log')}
2026-05-27 16:32:58,866 - watchfiles.main - DEBUG - 1 change detected: {(<Change.modified: 2>, '/workspace/app/backend/logs/app_20260527_161940.log')}
2026-05-27 16:32:59,217 - watchfiles.main - DEBUG - 1 change detected: {(<Change.modified: 2>, '/workspace/app/backend/logs/app_20260527_161940.log')}
2026-05-27 16:32:59,568 - watchfiles.main - DEBUG - 1 change detected: {(<Change.modified: 2>, '/workspace/app/backend/logs/app_20260527_161940.log')}
2026-05-27 16:32:59,919 - watchfiles.main - DEBUG - 1 change detected: {(<Change.modified: 2>, '/workspace/app/backend/logs/app_20260527_161940.log')}
2026-05-27 16:33:00,270 - watchfiles.main - DEBUG - 1 change detected: {(<Change.modified: 2>, '/workspace/app/backend/logs/app_20260527_161940.log')}
2026-05-27 16:33:00,621 - watchfiles.main - DEBUG - 1 change detected: {(<Change.modified: 2>, '/workspace/app/backend/logs/app_20260527_161940.log')}
2026-05-27 16:33:00,972 - watchfiles.main - DEBUG - 1 change detected: {(<Change.modified: 2>, '/workspace/app/backend/logs/app_20260527_161940.log')}
2026-05-27 16:33:01,323 - watchfiles.main - DEBUG - 1 change detected: {(<Change.modified: 2>, '/workspace/app/backend/logs/app_20260527_161940.log')}
2026-05-27 16:33:01,675 - watchfiles.main - DEBUG - 1 change detected: {(<Change.modified: 2>, '/workspace/app/backend/logs/app_20260527_161940.log')}
2026-05-27 16:33:02,026 - watchfiles.main - DEBUG - 1 change detected: {(<Change.modified: 2>, '/workspace/app/backend/logs/app_20260527_161940.log')}
2026-05-27 16:33:02,377 - watchfiles.main - DEBUG - 1 change detected: {(<Change.modified: 2>, '/workspace/app/backend/logs/app_20260527_161940.log')}
2026-05-27 16:33:02,730 - watchfiles.main - DEBUG - 1 change detected: {(<Change.modified: 2>, '/workspace/app/backend/logs/app_20260527_161940.log')}
2026-05-27 16:33:03,081 - watchfiles.main - DEBUG - 1 change detected: {(<Change.modified: 2>, '/workspace/app/backend/logs/app_20260527_161940.log')}
2026-05-27 16:33:03,432 - watchfiles.main - DEBUG - 1 change detected: {(<Change.modified: 2>, '/workspace/app/backend/logs/app_20260527_161940.log')}
2026-05-27 16:33:03,783 - watchfiles.main - DEBUG - 1 change detected: {(<Change.modified: 2>, '/workspace/app/backend/logs/app_20260527_161940.log')}
2026-05-27 16:33:04,134 - watchfiles.main - DEBUG - 1 change detected: {(<Change.modified: 2>, '/workspace/app/backend/logs/app_20260527_161940.log')}
2026-05-27 16:33:04,485 - watchfiles.main - DEBUG - 1 change detected: {(<Change.modified: 2>, '/workspace/app/backend/logs/app_20260527_161940.log')}
2026-05-27 16:33:04,836 - watchfiles.main - DEBUG - 1 change detected: {(<Change.modified: 2>, '/workspace/app/backend/logs/app_20260527_161940.log')}
2026-05-27 16:33:05,187 - watchfiles.main - DEBUG - 1 change detected: {(<Change.modified: 2>, '/workspace/app/backend/logs/app_20260527_161940.log')}
2026-05-27 16:33:05,539 - watchfiles.main - DEBUG - 1 change detected: {(<Change.modified: 2>, '/workspace/app/backend/logs/app_20260527_161940.log')}
2026-05-27 16:33:05,890 - watchfiles.main - DEBUG - 1 change detected: {(<Change.modified: 2>, '/workspace/app/backend/logs/app_20260527_161940.log')}
2026-05-27 16:33:06,241 - watchfiles.main - DEBUG - 1 change detected: {(<Change.modified: 2>, '/workspace/app/backend/logs/app_20260527_161940.log')}
2026-05-27 16:33:06,592 - watchfiles.main - DEBUG - 1 change detected: {(<Change.modified: 2>, '/workspace/app/backend/logs/app_20260527_161940.log')}
2026-05-27 16:33:06,943 - watchfiles.main - DEBUG - 1 change detected: {(<Change.modified: 2>, '/workspace/app/backend/logs/app_20260527_161940.log')}
2026-05-27 16:33:07,294 - watchfiles.main - DEBUG - 1 change detected: {(<Change.modified: 2>, '/workspace/app/backend/logs/app_20260527_161940.log')}
2026-05-27 16:33:07,644 - watchfiles.main - DEBUG - 1 change detected: {(<Change.modified: 2>, '/workspace/app/backend/logs/app_20260527_161940.log')}
2026-05-27 16:33:07,995 - watchfiles.main - DEBUG - 1 change detected: {(<Change.modified: 2>, '/workspace/app/backend/logs/app_20260527_161940.log')}
2026-05-27 16:33:08,347 - watchfiles.main - DEBUG - 1 change detected: {(<Change.modified: 2>, '/workspace/app/backend/logs/app_20260527_161940.log')}
2026-05-27 16:33:08,698 - watchfiles.main - DEBUG - 1 change detected: {(<Change.modified: 2>, '/workspace/app/backend/logs/app_20260527_161940.log')}
2026-05-27 16:33:09,049 - watchfiles.main - DEBUG - 1 change detected: {(<Change.modified: 2>, '/workspace/app/backend/logs/app_20260527_161940.log')}
2026-05-27 16:33:09,400 - watchfiles.main - DEBUG - 1 change detected: {(<Change.modified: 2>, '/workspace/app/backend/logs/app_20260527_161940.log')}
2026-05-27 16:33:09,751 - watchfiles.main - DEBUG - 1 change detected: {(<Change.modified: 2>, '/workspace/app/backend/logs/app_20260527_161940.log')}
2026-05-27 16:33:10,103 - watchfiles.main - DEBUG - 1 change detected: {(<Change.modified: 2>, '/workspace/app/backend/logs/app_20260527_161940.log')}
2026-05-27 16:33:10,454 - watchfiles.main - DEBUG - 1 change detected: {(<Change.modified: 2>, '/workspace/app/backend/logs/app_20260527_161940.log')}
2026-05-27 16:33:10,805 - watchfiles.main - DEBUG - 1 change detected: {(<Change.modified: 2>, '/workspace/app/backend/logs/app_20260527_161940.log')}
2026-05-27 16:33:11,156 - watchfiles.main - DEBUG - 1 change detected: {(<Change.modified: 2>, '/workspace/app/backend/logs/app_20260527_161940.log')}
2026-05-27 16:33:11,507 - watchfiles.main - DEBUG - 1 change detected: {(<Change.modified: 2>, '/workspace/app/backend/logs/app_20260527_161940.log')}
2026-05-27 16:33:11,858 - watchfiles.main - DEBUG - 1 change detected: {(<Change.modified: 2>, '/workspace/app/backend/logs/app_20260527_161940.log')}
2026-05-27 16:33:12,209 - watchfiles.main - DEBUG - 1 change detected: {(<Change.modified: 2>, '/workspace/app/backend/logs/app_20260527_161940.log')}
2026-05-27 16:33:12,560 - watchfiles.main - DEBUG - 1 change detected: {(<Change.modified: 2>, '/workspace/app/backend/logs/app_20260527_161940.log')}
2026-05-27 16:33:12,911 - watchfiles.main - DEBUG - 1 change detected: {(<Change.modified: 2>, '/workspace/app/backend/logs/app_20260527_161940.log')}
2026-05-27 16:33:13,262 - watchfiles.main - DEBUG - 1 change detected: {(<Change.modified: 2>, '/workspace/app/backend/logs/app_20260527_161940.log')}
2026-05-27 16:33:13,613 - watchfiles.main - DEBUG - 1 change detected: {(<Change.modified: 2>, '/workspace/app/backend/logs/app_20260527_161940.log')}
2026-05-27 16:33:13,964 - watchfiles.main - DEBUG - 1 change detected: {(<Change.modified: 2>, '/workspace/app/backend/logs/app_20260527_161940.log')}
2026-05-27 16:33:14,315 - watchfiles.main - DEBUG - 1 change detected: {(<Change.modified: 2>, '/workspace/app/backend/logs/app_20260527_161940.log')}
2026-05-27 16:33:14,666 - watchfiles.main - DEBUG - 1 change detected: {(<Change.modified: 2>, '/workspace/app/backend/logs/app_20260527_161940.log')}
2026-05-27 16:33:15,017 - watchfiles.main - DEBUG - 1 change detected: {(<Change.modified: 2>, '/workspace/app/backend/logs/app_20260527_161940.log')}
2026-05-27 16:33:15,368 - watchfiles.main - DEBUG - 1 change detected: {(<Change.modified: 2>, '/workspace/app/backend/logs/app_20260527_161940.log')}
2026-05-27 16:33:15,719 - watchfiles.main - DEBUG - 1 change detected: {(<Change.modified: 2>, '/workspace/app/backend/logs/app_20260527_161940.log')}
2026-05-27 16:33:16,070 - watchfiles.main - DEBUG - 1 change detected: {(<Change.modified: 2>, '/workspace/app/backend/logs/app_20260527_161940.log')}
2026-05-27 16:33:16,421 - watchfiles.main - DEBUG - 1 change detected: {(<Change.modified: 2>, '/workspace/app/backend/logs/app_20260527_161940.log')}
2026-05-27 16:33:16,772 - watchfiles.main - DEBUG - 1 change detected: {(<Change.modified: 2>, '/workspace/app/backend/logs/app_20260527_161940.log')}
2026-05-27 16:33:17,123 - watchfiles.main - DEBUG - 1 change detected: {(<Change.modified: 2>, '/workspace/app/backend/logs/app_20260527_161940.log')}
2026-05-27 16:33:17,474 - watchfiles.main - DEBUG - 1 change detected: {(<Change.modified: 2>, '/workspace/app/backend/logs/app_20260527_161940.log')}
2026-05-27 16:33:17,825 - watchfiles.main - DEBUG - 1 change detected: {(<Change.modified: 2>, '/workspace/app/backend/logs/app_20260527_161940.log')}
2026-05-27 16:33:18,176 - watchfiles.main - DEBUG - 1 change detected: {(<Change.modified: 2>, '/workspace/app/backend/logs/app_20260527_161940.log')}
2026-05-27 16:33:18,528 - watchfiles.main - DEBUG - 1 change detected: {(<Change.modified: 2>, '/workspace/app/backend/logs/app_20260527_161940.log')}
2026-05-27 16:33:18,879 - watchfiles.main - DEBUG - 1 change detected: {(<Change.modified: 2>, '/workspace/app/backend/logs/app_20260527_161940.log')}
2026-05-27 16:33:19,230 - watchfiles.main - DEBUG - 1 change detected: {(<Change.modified: 2>, '/workspace/app/backend/logs/app_20260527_161940.log')}
2026-05-27 16:33:19,581 - watchfiles.main - DEBUG - 1 change detected: {(<Change.modified: 2>, '/workspace/app/backend/logs/app_20260527_161940.log')}
2026-05-27 16:33:19,932 - watchfiles.main - DEBUG - 1 change detected: {(<Change.modified: 2>, '/workspace/app/backend/logs/app_20260527_161940.log')}
2026-05-27 16:33:20,283 - watchfiles.main - DEBUG - 1 change detected: {(<Change.modified: 2>, '/workspace/app/backend/logs/app_20260527_161940.log')}
2026-05-27 16:33:20,634 - watchfiles.main - DEBUG - 1 change detected: {(<Change.modified: 2>, '/workspace/app/backend/logs/app_20260527_161940.log')}
2026-05-27 16:33:20,985 - watchfiles.main - DEBUG - 1 change detected: {(<Change.modified: 2>, '/workspace/app/backend/logs/app_20260527_161940.log')}
2026-05-27 16:33:21,336 - watchfiles.main - DEBUG - 1 change detected: {(<Change.modified: 2>, '/workspace/app/backend/logs/app_20260527_161940.log')}
2026-05-27 16:33:21,688 - watchfiles.main - DEBUG - 1 change detected: {(<Change.modified: 2>, '/workspace/app/backend/logs/app_20260527_161940.log')}
2026-05-27 16:33:22,039 - watchfiles.main - DEBUG - 1 change detected: {(<Change.modified: 2>, '/workspace/app/backend/logs/app_20260527_161940.log')}
2026-05-27 16:33:22,390 - watchfiles.main - DEBUG - 1 change detected: {(<Change.modified: 2>, '/workspace/app/backend/logs/app_20260527_161940.log')}
2026-05-27 16:33:22,741 - watchfiles.main - DEBUG - 1 change detected: {(<Change.modified: 2>, '/workspace/app/backend/logs/app_20260527_161940.log')}
2026-05-27 16:33:23,092 - watchfiles.main - DEBUG - 1 change detected: {(<Change.modified: 2>, '/workspace/app/backend/logs/app_20260527_161940.log')}
2026-05-27 16:33:23,443 - watchfiles.main - DEBUG - 1 change detected: {(<Change.modified: 2>, '/workspace/app/backend/logs/app_20260527_161940.log')}
2026-05-27 16:33:23,794 - watchfiles.main - DEBUG - 1 change detected: {(<Change.modified: 2>, '/workspace/app/backend/logs/app_20260527_161940.log')}
2026-05-27 16:33:24,145 - watchfiles.main - DEBUG - 1 change detected: {(<Change.modified: 2>, '/workspace/app/backend/logs/app_20260527_161940.log')}
2026-05-27 16:33:24,496 - watchfiles.main - DEBUG - 1 change detected: {(<Change.modified: 2>, '/workspace/app/backend/logs/app_20260527_161940.log')}
2026-05-27 16:33:24,847 - watchfiles.main - DEBUG - 1 change detected: {(<Change.modified: 2>, '/workspace/app/backend/logs/app_20260527_161940.log')}
2026-05-27 16:33:25,198 - watchfiles.main - DEBUG - 1 change detected: {(<Change.modified: 2>, '/workspace/app/backend/logs/app_20260527_161940.log')}
2026-05-27 16:33:25,549 - watchfiles.main - DEBUG - 1 change detected: {(<Change.modified: 2>, '/workspace/app/backend/logs/app_20260527_161940.log')}
2026-05-27 16:33:25,900 - watchfiles.main - DEBUG - 1 change detected: {(<Change.modified: 2>, '/workspace/app/backend/logs/app_20260527_161940.log')}
2026-05-27 16:33:26,251 - watchfiles.main - DEBUG - 1 change detected: {(<Change.modified: 2>, '/workspace/app/backend/logs/app_20260527_161940.log')}
2026-05-27 16:33:26,602 - watchfiles.main - DEBUG - 1 change detected: {(<Change.modified: 2>, '/workspace/app/backend/logs/app_20260527_161940.log')}
2026-05-27 16:33:26,953 - watchfiles.main - DEBUG - 1 change detected: {(<Change.modified: 2>, '/workspace/app/backend/logs/app_20260527_161940.log')}
2026-05-27 16:33:27,304 - watchfiles.main - DEBUG - 1 change detected: {(<Change.modified: 2>, '/workspace/app/backend/logs/app_20260527_161940.log')}
2026-05-27 16:33:27,655 - watchfiles.main - DEBUG - 1 change detected: {(<Change.modified: 2>, '/workspace/app/backend/logs/app_20260527_161940.log')}
2026-05-27 16:33:28,006 - watchfiles.main - DEBUG - 1 change detected: {(<Change.modified: 2>, '/workspace/app/backend/logs/app_20260527_161940.log')}
2026-05-27 16:33:28,357 - watchfiles.main - DEBUG - 1 change detected: {(<Change.modified: 2>, '/workspace/app/backend/logs/app_20260527_161940.log')}
2026-05-27 16:33:28,708 - watchfiles.main - DEBUG - 1 change detected: {(<Change.modified: 2>, '/workspace/app/backend/logs/app_20260527_161940.log')}
2026-05-27 16:33:29,059 - watchfiles.main - DEBUG - 1 change detected: {(<Change.modified: 2>, '/workspace/app/backend/logs/app_20260527_161940.log')}
2026-05-27 16:33:29,410 - watchfiles.main - DEBUG - 1 change detected: {(<Change.modified: 2>, '/workspace/app/backend/logs/app_20260527_161940.log')}
2026-05-27 16:33:29,761 - watchfiles.main - DEBUG - 1 change detected: {(<Change.modified: 2>, '/workspace/app/backend/logs/app_20260527_161940.log')}
2026-05-27 16:33:30,112 - watchfiles.main - DEBUG - 1 change detected: {(<Change.modified: 2>, '/workspace/app/backend/logs/app_20260527_161940.log')}
2026-05-27 16:33:30,463 - watchfiles.main - DEBUG - 1 change detected: {(<Change.modified: 2>, '/workspace/app/backend/logs/app_20260527_161940.log')}
2026-05-27 16:33:30,814 - watchfiles.main - DEBUG - 1 change detected: {(<Change.modified: 2>, '/workspace/app/backend/logs/app_20260527_161940.log')}
2026-05-27 16:33:31,165 - watchfiles.main - DEBUG - 1 change detected: {(<Change.modified: 2>, '/workspace/app/backend/logs/app_20260527_161940.log')}
2026-05-27 16:33:31,516 - watchfiles.main - DEBUG - 1 change detected: {(<Change.modified: 2>, '/workspace/app/backend/logs/app_20260527_161940.log')}
2026-05-27 16:33:31,867 - watchfiles.main - DEBUG - 1 change detected: {(<Change.modified: 2>, '/workspace/app/backend/logs/app_20260527_161940.log')}
2026-05-27 16:33:32,218 - watchfiles.main - DEBUG - 1 change detected: {(<Change.modified: 2>, '/workspace/app/backend/logs/app_20260527_161940.log')}
2026-05-27 16:33:32,569 - watchfiles.main - DEBUG - 1 change detected: {(<Change.modified: 2>, '/workspace/app/backend/logs/app_20260527_161940.log')}
2026-05-27 16:33:32,920 - watchfiles.main - DEBUG - 1 change detected: {(<Change.modified: 2>, '/workspace/app/backend/logs/app_20260527_161940.log')}
2026-05-27 16:33:33,271 - watchfiles.main - DEBUG - 1 change detected: {(<Change.modified: 2>, '/workspace/app/backend/logs/app_20260527_161940.log')}
2026-05-27 16:33:33,622 - watchfiles.main - DEBUG - 1 change detected: {(<Change.modified: 2>, '/workspace/app/backend/logs/app_20260527_161940.log')}
2026-05-27 16:33:33,973 - watchfiles.main - DEBUG - 1 change detected: {(<Change.modified: 2>, '/workspace/app/backend/logs/app_20260527_161940.log')}
2026-05-27 16:33:34,324 - watchfiles.main - DEBUG - 1 change detected: {(<Change.modified: 2>, '/workspace/app/backend/logs/app_20260527_161940.log')}
2026-05-27 16:33:34,675 - watchfiles.main - DEBUG - 1 change detected: {(<Change.modified: 2>, '/workspace/app/backend/logs/app_20260527_161940.log')}
2026-05-27 16:33:35,027 - watchfiles.main - DEBUG - 1 change detected: {(<Change.modified: 2>, '/workspace/app/backend/logs/app_20260527_161940.log')}
2026-05-27 16:33:35,378 - watchfiles.main - DEBUG - 1 change detected: {(<Change.modified: 2>, '/workspace/app/backend/logs/app_20260527_161940.log')}
2026-05-27 16:33:35,729 - watchfiles.main - DEBUG - 1 change detected: {(<Change.modified: 2>, '/workspace/app/backend/logs/app_20260527_161940.log')}
2026-05-27 16:33:36,080 - watchfiles.main - DEBUG - 1 change detected: {(<Change.modified: 2>, '/workspace/app/backend/logs/app_20260527_161940.log')}
2026-05-27 16:33:36,431 - watchfiles.main - DEBUG - 1 change detected: {(<Change.modified: 2>, '/workspace/app/backend/logs/app_20260527_161940.log')}
2026-05-27 16:33:36,782 - watchfiles.main - DEBUG - 1 change detected: {(<Change.modified: 2>, '/workspace/app/backend/logs/app_20260527_161940.log')}
2026-05-27 16:33:37,133 - watchfiles.main - DEBUG - 1 change detected: {(<Change.modified: 2>, '/workspace/app/backend/logs/app_20260527_161940.log')}
2026-05-27 16:33:37,484 - watchfiles.main - DEBUG - 1 change detected: {(<Change.modified: 2>, '/workspace/app/backend/logs/app_20260527_161940.log')}
2026-05-27 16:33:37,835 - watchfiles.main - DEBUG - 1 change detected: {(<Change.modified: 2>, '/workspace/app/backend/logs/app_20260527_161940.log')}
2026-05-27 16:33:38,186 - watchfiles.main - DEBUG - 1 change detected: {(<Change.modified: 2>, '/workspace/app/backend/logs/app_20260527_161940.log')}
2026-05-27 16:33:38,537 - watchfiles.main - DEBUG - 1 change detected: {(<Change.modified: 2>, '/workspace/app/backend/logs/app_20260527_161940.log')}
2026-05-27 16:33:38,888 - watchfiles.main - DEBUG - 1 change detected: {(<Change.modified: 2>, '/workspace/app/backend/logs/app_20260527_161940.log')}
2026-05-27 16:33:39,240 - watchfiles.main - DEBUG - 1 change detected: {(<Change.modified: 2>, '/workspace/app/backend/logs/app_20260527_161940.log')}
2026-05-27 16:33:39,591 - watchfiles.main - DEBUG - 1 change detected: {(<Change.modified: 2>, '/workspace/app/backend/logs/app_20260527_161940.log')}
2026-05-27 16:33:39,942 - watchfiles.main - DEBUG - 1 change detected: {(<Change.modified: 2>, '/workspace/app/backend/logs/app_20260527_161940.log')}
2026-05-27 16:33:40,293 - watchfiles.main - DEBUG - 1 change detected: {(<Change.modified: 2>, '/workspace/app/backend/logs/app_20260527_161940.log')}
2026-05-27 16:33:40,644 - watchfiles.main - DEBUG - 1 change detected: {(<Change.modified: 2>, '/workspace/app/backend/logs/app_20260527_161940.log')}
2026-05-27 16:33:40,995 - watchfiles.main - DEBUG - 1 change detected: {(<Change.modified: 2>, '/workspace/app/backend/logs/app_20260527_161940.log')}
2026-05-27 16:33:41,346 - watchfiles.main - DEBUG - 1 change detected: {(<Change.modified: 2>, '/workspace/app/backend/logs/app_20260527_161940.log')}
2026-05-27 16:33:41,697 - watchfiles.main - DEBUG - 1 change detected: {(<Change.modified: 2>, '/workspace/app/backend/logs/app_20260527_161940.log')}
2026-05-27 16:33:42,048 - watchfiles.main - DEBUG - 1 change detected: {(<Change.modified: 2>, '/workspace/app/backend/logs/app_20260527_161940.log')}
2026-05-27 16:33:42,399 - watchfiles.main - DEBUG - 1 change detected: {(<Change.modified: 2>, '/workspace/app/backend/logs/app_20260527_161940.log')}
2026-05-27 16:33:42,750 - watchfiles.main - DEBUG - 1 change detected: {(<Change.modified: 2>, '/workspace/app/backend/logs/app_20260527_161940.log')}
2026-05-27 16:33:43,101 - watchfiles.main - DEBUG - 1 change detected: {(<Change.modified: 2>, '/workspace/app/backend/logs/app_20260527_161940.log')}
2026-05-27 16:33:43,452 - watchfiles.main - DEBUG - 1 change detected: {(<Change.modified: 2>, '/workspace/app/backend/logs/app_20260527_161940.log')}
2026-05-27 16:33:43,803 - watchfiles.main - DEBUG - 1 change detected: {(<Change.modified: 2>, '/workspace/app/backend/logs/app_20260527_161940.log')}
2026-05-27 16:33:44,154 - watchfiles.main - DEBUG - 1 change detected: {(<Change.modified: 2>, '/workspace/app/backend/logs/app_20260527_161940.log')}
2026-05-27 16:33:44,505 - watchfiles.main - DEBUG - 1 change detected: {(<Change.modified: 2>, '/workspace/app/backend/logs/app_20260527_161940.log')}
2026-05-27 16:33:44,856 - watchfiles.main - DEBUG - 1 change detected: {(<Change.modified: 2>, '/workspace/app/backend/logs/app_20260527_161940.log')}
2026-05-27 16:33:45,207 - watchfiles.main - DEBUG - 1 change detected: {(<Change.modified: 2>, '/workspace/app/backend/logs/app_20260527_161940.log')}
2026-05-27 16:33:45,559 - watchfiles.main - DEBUG - 1 change detected: {(<Change.modified: 2>, '/workspace/app/backend/logs/app_20260527_161940.log')}
2026-05-27 16:33:45,910 - watchfiles.main - DEBUG - 1 change detected: {(<Change.modified: 2>, '/workspace/app/backend/logs/app_20260527_161940.log')}
2026-05-27 16:33:46,260 - watchfiles.main - DEBUG - 1 change detected: {(<Change.modified: 2>, '/workspace/app/backend/logs/app_20260527_161940.log')}
2026-05-27 16:33:46,612 - watchfiles.main - DEBUG - 1 change detected: {(<Change.modified: 2>, '/workspace/app/backend/logs/app_20260527_161940.log')}
2026-05-27 16:33:46,963 - watchfiles.main - DEBUG - 1 change detected: {(<Change.modified: 2>, '/workspace/app/backend/logs/app_20260527_161940.log')}
2026-05-27 16:33:47,313 - watchfiles.main - DEBUG - 1 change detected: {(<Change.modified: 2>, '/workspace/app/backend/logs/app_20260527_161940.log')}
2026-05-27 16:33:47,664 - watchfiles.main - DEBUG - 1 change detected: {(<Change.modified: 2>, '/workspace/app/backend/logs/app_20260527_161940.log')}
2026-05-27 16:33:48,015 - watchfiles.main - DEBUG - 1 change detected: {(<Change.modified: 2>, '/workspace/app/backend/logs/app_20260527_161940.log')}
2026-05-27 16:33:48,366 - watchfiles.main - DEBUG - 1 change detected: {(<Change.modified: 2>, '/workspace/app/backend/logs/app_20260527_161940.log')}
2026-05-27 16:33:48,717 - watchfiles.main - DEBUG - 1 change detected: {(<Change.modified: 2>, '/workspace/app/backend/logs/app_20260527_161940.log')}
2026-05-27 16:33:49,068 - watchfiles.main - DEBUG - 1 change detected: {(<Change.modified: 2>, '/workspace/app/backend/logs/app_20260527_161940.log')}
2026-05-27 16:33:49,419 - watchfiles.main - DEBUG - 1 change detected: {(<Change.modified: 2>, '/workspace/app/backend/logs/app_20260527_161940.log')}
2026-05-27 16:33:49,770 - watchfiles.main - DEBUG - 1 change detected: {(<Change.modified: 2>, '/workspace/app/backend/logs/app_20260527_161940.log')}
2026-05-27 16:33:50,121 - watchfiles.main - DEBUG - 1 change detected: {(<Change.modified: 2>, '/workspace/app/backend/logs/app_20260527_161940.log')}
2026-05-27 16:33:50,472 - watchfiles.main - DEBUG - 1 change detected: {(<Change.modified: 2>, '/workspace/app/backend/logs/app_20260527_161940.log')}
2026-05-27 16:33:50,823 - watchfiles.main - DEBUG - 1 change detected: {(<Change.modified: 2>, '/workspace/app/backend/logs/app_20260527_161940.log')}
2026-05-27 16:33:51,174 - watchfiles.main - DEBUG - 1 change detected: {(<Change.modified: 2>, '/workspace/app/backend/logs/app_20260527_161940.log')}
2026-05-27 16:33:51,525 - watchfiles.main - DEBUG - 1 change detected: {(<Change.modified: 2>, '/workspace/app/backend/logs/app_20260527_161940.log')}
2026-05-27 16:33:51,876 - watchfiles.main - DEBUG - 1 change detected: {(<Change.modified: 2>, '/workspace/app/backend/logs/app_20260527_161940.log')}
2026-05-27 16:33:52,227 - watchfiles.main - DEBUG - 1 change detected: {(<Change.modified: 2>, '/workspace/app/backend/logs/app_20260527_161940.log')}
2026-05-27 16:33:52,578 - watchfiles.main - DEBUG - 1 change detected: {(<Change.modified: 2>, '/workspace/app/backend/logs/app_20260527_161940.log')}
2026-05-27 16:33:52,929 - watchfiles.main - DEBUG - 1 change detected: {(<Change.modified: 2>, '/workspace/app/backend/logs/app_20260527_161940.log')}
2026-05-27 16:33:53,280 - watchfiles.main - DEBUG - 1 change detected: {(<Change.modified: 2>, '/workspace/app/backend/logs/app_20260527_161940.log')}
2026-05-27 16:33:53,631 - watchfiles.main - DEBUG - 1 change detected: {(<Change.modified: 2>, '/workspace/app/backend/logs/app_20260527_161940.log')}
2026-05-27 16:33:53,983 - watchfiles.main - DEBUG - 1 change detected: {(<Change.modified: 2>, '/workspace/app/backend/logs/app_20260527_161940.log')}
2026-05-27 16:33:54,334 - watchfiles.main - DEBUG - 1 change detected: {(<Change.modified: 2>, '/workspace/app/backend/logs/app_20260527_161940.log')}
2026-05-27 16:33:54,685 - watchfiles.main - DEBUG - 1 change detected: {(<Change.modified: 2>, '/workspace/app/backend/logs/app_20260527_161940.log')}
2026-05-27 16:33:55,036 - watchfiles.main - DEBUG - 1 change detected: {(<Change.modified: 2>, '/workspace/app/backend/logs/app_20260527_161940.log')}
2026-05-27 16:33:55,387 - watchfiles.main - DEBUG - 1 change detected: {(<Change.modified: 2>, '/workspace/app/backend/logs/app_20260527_161940.log')}
2026-05-27 16:33:55,737 - watchfiles.main - DEBUG - 1 change detected: {(<Change.modified: 2>, '/workspace/app/backend/logs/app_20260527_161940.log')}
2026-05-27 16:33:56,089 - watchfiles.main - DEBUG - 1 change detected: {(<Change.modified: 2>, '/workspace/app/backend/logs/app_20260527_161940.log')}
2026-05-27 16:33:56,440 - watchfiles.main - DEBUG - 1 change detected: {(<Change.modified: 2>, '/workspace/app/backend/logs/app_20260527_161940.log')}
2026-05-27 16:33:56,791 - watchfiles.main - DEBUG - 1 change detected: {(<Change.modified: 2>, '/workspace/app/backend/logs/app_20260527_161940.log')}
2026-05-27 16:33:57,142 - watchfiles.main - DEBUG - 1 change detected: {(<Change.modified: 2>, '/workspace/app/backend/logs/app_20260527_161940.log')}
2026-05-27 16:33:57,493 - watchfiles.main - DEBUG - 1 change detected: {(<Change.modified: 2>, '/workspace/app/backend/logs/app_20260527_161940.log')}
2026-05-27 16:33:57,844 - watchfiles.main - DEBUG - 1 change detected: {(<Change.modified: 2>, '/workspace/app/backend/logs/app_20260527_161940.log')}
2026-05-27 16:33:58,195 - watchfiles.main - DEBUG - 1 change detected: {(<Change.modified: 2>, '/workspace/app/backend/logs/app_20260527_161940.log')}
2026-05-27 16:33:58,546 - watchfiles.main - DEBUG - 1 change detected: {(<Change.modified: 2>, '/workspace/app/backend/logs/app_20260527_161940.log')}
2026-05-27 16:33:58,897 - watchfiles.main - DEBUG - 1 change detected: {(<Change.modified: 2>, '/workspace/app/backend/logs/app_20260527_161940.log')}
2026-05-27 16:33:59,248 - watchfiles.main - DEBUG - 1 change detected: {(<Change.modified: 2>, '/workspace/app/backend/logs/app_20260527_161940.log')}
2026-05-27 16:33:59,599 - watchfiles.main - DEBUG - 1 change detected: {(<Change.modified: 2>, '/workspace/app/backend/logs/app_20260527_161940.log')}
2026-05-27 16:33:59,950 - watchfiles.main - DEBUG - 1 change detected: {(<Change.modified: 2>, '/workspace/app/backend/logs/app_20260527_161940.log')}
2026-05-27 16:34:00,302 - watchfiles.main - DEBUG - 1 change detected: {(<Change.modified: 2>, '/workspace/app/backend/logs/app_20260527_161940.log')}
2026-05-27 16:34:00,653 - watchfiles.main - DEBUG - 1 change detected: {(<Change.modified: 2>, '/workspace/app/backend/logs/app_20260527_161940.log')}
2026-05-27 16:34:01,004 - watchfiles.main - DEBUG - 1 change detected: {(<Change.modified: 2>, '/workspace/app/backend/logs/app_20260527_161940.log')}
2026-05-27 16:34:01,355 - watchfiles.main - DEBUG - 1 change detected: {(<Change.modified: 2>, '/workspace/app/backend/logs/app_20260527_161940.log')}
2026-05-27 16:34:01,706 - watchfiles.main - DEBUG - 1 change detected: {(<Change.modified: 2>, '/workspace/app/backend/logs/app_20260527_161940.log')}
2026-05-27 16:34:02,057 - watchfiles.main - DEBUG - 1 change detected: {(<Change.modified: 2>, '/workspace/app/backend/logs/app_20260527_161940.log')}
2026-05-27 16:34:02,408 - watchfiles.main - DEBUG - 1 change detected: {(<Change.modified: 2>, '/workspace/app/backend/logs/app_20260527_161940.log')}
2026-05-27 16:34:02,759 - watchfiles.main - DEBUG - 1 change detected: {(<Change.modified: 2>, '/workspace/app/backend/logs/app_20260527_161940.log')}
2026-05-27 16:34:03,110 - watchfiles.main - DEBUG - 1 change detected: {(<Change.modified: 2>, '/workspace/app/backend/logs/app_20260527_161940.log')}
2026-05-27 16:34:03,461 - watchfiles.main - DEBUG - 1 change detected: {(<Change.modified: 2>, '/workspace/app/backend/logs/app_20260527_161940.log')}
2026-05-27 16:34:03,812 - watchfiles.main - DEBUG - 1 change detected: {(<Change.modified: 2>, '/workspace/app/backend/logs/app_20260527_161940.log')}
2026-05-27 16:34:04,163 - watchfiles.main - DEBUG - 1 change detected: {(<Change.modified: 2>, '/workspace/app/backend/logs/app_20260527_161940.log')}
2026-05-27 16:34:04,514 - watchfiles.main - DEBUG - 1 change detected: {(<Change.modified: 2>, '/workspace/app/backend/logs/app_20260527_161940.log')}
2026-05-27 16:34:04,865 - watchfiles.main - DEBUG - 1 change detected: {(<Change.modified: 2>, '/workspace/app/backend/logs/app_20260527_161940.log')}
2026-05-27 16:34:05,216 - watchfiles.main - DEBUG - 1 change detected: {(<Change.modified: 2>, '/workspace/app/backend/logs/app_20260527_161940.log')}
2026-05-27 16:34:05,567 - watchfiles.main - DEBUG - 1 change detected: {(<Change.modified: 2>, '/workspace/app/backend/logs/app_20260527_161940.log')}
2026-05-27 16:34:05,918 - watchfiles.main - DEBUG - 1 change detected: {(<Change.modified: 2>, '/workspace/app/backend/logs/app_20260527_161940.log')}
2026-05-27 16:34:06,268 - watchfiles.main - DEBUG - 1 change detected: {(<Change.modified: 2>, '/workspace/app/backend/logs/app_20260527_161940.log')}
2026-05-27 16:34:06,619 - watchfiles.main - DEBUG - 1 change detected: {(<Change.modified: 2>, '/workspace/app/backend/logs/app_20260527_161940.log')}
2026-05-27 16:34:06,970 - watchfiles.main - DEBUG - 1 change detected: {(<Change.modified: 2>, '/workspace/app/backend/logs/app_20260527_161940.log')}
2026-05-27 16:34:07,321 - watchfiles.main - DEBUG - 1 change detected: {(<Change.modified: 2>, '/workspace/app/backend/logs/app_20260527_161940.log')}
2026-05-27 16:34:07,672 - watchfiles.main - DEBUG - 1 change detected: {(<Change.modified: 2>, '/workspace/app/backend/logs/app_20260527_161940.log')}
2026-05-27 16:34:08,023 - watchfiles.main - DEBUG - 1 change detected: {(<Change.modified: 2>, '/workspace/app/backend/logs/app_20260527_161940.log')}
2026-05-27 16:34:08,374 - watchfiles.main - DEBUG - 1 change detected: {(<Change.modified: 2>, '/workspace/app/backend/logs/app_20260527_161940.log')}
2026-05-27 16:34:08,725 - watchfiles.main - DEBUG - 1 change detected: {(<Change.modified: 2>, '/workspace/app/backend/logs/app_20260527_161940.log')}
2026-05-27 16:34:09,076 - watchfiles.main - DEBUG - 1 change detected: {(<Change.modified: 2>, '/workspace/app/backend/logs/app_20260527_161940.log')}
2026-05-27 16:34:09,427 - watchfiles.main - DEBUG - 1 change detected: {(<Change.modified: 2>, '/workspace/app/backend/logs/app_20260527_161940.log')}
2026-05-27 16:34:09,778 - watchfiles.main - DEBUG - 1 change detected: {(<Change.modified: 2>, '/workspace/app/backend/logs/app_20260527_161940.log')}
2026-05-27 16:34:10,129 - watchfiles.main - DEBUG - 1 change detected: {(<Change.modified: 2>, '/workspace/app/backend/logs/app_20260527_161940.log')}
2026-05-27 16:34:10,480 - watchfiles.main - DEBUG - 1 change detected: {(<Change.modified: 2>, '/workspace/app/backend/logs/app_20260527_161940.log')}
2026-05-27 16:34:10,831 - watchfiles.main - DEBUG - 1 change detected: {(<Change.modified: 2>, '/workspace/app/backend/logs/app_20260527_161940.log')}
2026-05-27 16:34:11,182 - watchfiles.main - DEBUG - 1 change detected: {(<Change.modified: 2>, '/workspace/app/backend/logs/app_20260527_161940.log')}
2026-05-27 16:34:11,534 - watchfiles.main - DEBUG - 1 change detected: {(<Change.modified: 2>, '/workspace/app/backend/logs/app_20260527_161940.log')}
2026-05-27 16:34:11,885 - watchfiles.main - DEBUG - 1 change detected: {(<Change.modified: 2>, '/workspace/app/backend/logs/app_20260527_161940.log')}
2026-05-27 16:34:12,236 - watchfiles.main - DEBUG - 1 change detected: {(<Change.modified: 2>, '/workspace/app/backend/logs/app_20260527_161940.log')}
2026-05-27 16:34:12,587 - watchfiles.main - DEBUG - 1 change detected: {(<Change.modified: 2>, '/workspace/app/backend/logs/app_20260527_161940.log')}
2026-05-27 16:34:12,938 - watchfiles.main - DEBUG - 1 change detected: {(<Change.modified: 2>, '/workspace/app/backend/logs/app_20260527_161940.log')}
2026-05-27 16:34:13,289 - watchfiles.main - DEBUG - 1 change detected: {(<Change.modified: 2>, '/workspace/app/backend/logs/app_20260527_161940.log')}
2026-05-27 16:34:13,640 - watchfiles.main - DEBUG - 1 change detected: {(<Change.modified: 2>, '/workspace/app/backend/logs/app_20260527_161940.log')}
2026-05-27 16:34:13,991 - watchfiles.main - DEBUG - 1 change detected: {(<Change.modified: 2>, '/workspace/app/backend/logs/app_20260527_161940.log')}
2026-05-27 16:34:14,342 - watchfiles.main - DEBUG - 1 change detected: {(<Change.modified: 2>, '/workspace/app/backend/logs/app_20260527_161940.log')}
2026-05-27 16:34:14,693 - watchfiles.main - DEBUG - 1 change detected: {(<Change.modified: 2>, '/workspace/app/backend/logs/app_20260527_161940.log')}
2026-05-27 16:34:15,044 - watchfiles.main - DEBUG - 1 change detected: {(<Change.modified: 2>, '/workspace/app/backend/logs/app_20260527_161940.log')}
2026-05-27 16:34:15,395 - watchfiles.main - DEBUG - 1 change detected: {(<Change.modified: 2>, '/workspace/app/backend/logs/app_20260527_161940.log')}
2026-05-27 16:34:15,746 - watchfiles.main - DEBUG - 1 change detected: {(<Change.modified: 2>, '/workspace/app/backend/logs/app_20260527_161940.log')}
2026-05-27 16:34:16,098 - watchfiles.main - DEBUG - 1 change detected: {(<Change.modified: 2>, '/workspace/app/backend/logs/app_20260527_161940.log')}
2026-05-27 16:34:16,449 - watchfiles.main - DEBUG - 1 change detected: {(<Change.modified: 2>, '/workspace/app/backend/logs/app_20260527_161940.log')}
2026-05-27 16:34:16,800 - watchfiles.main - DEBUG - 1 change detected: {(<Change.modified: 2>, '/workspace/app/backend/logs/app_20260527_161940.log')}
2026-05-27 16:34:17,150 - watchfiles.main - DEBUG - 1 change detected: {(<Change.modified: 2>, '/workspace/app/backend/logs/app_20260527_161940.log')}
2026-05-27 16:34:17,501 - watchfiles.main - DEBUG - 1 change detected: {(<Change.modified: 2>, '/workspace/app/backend/logs/app_20260527_161940.log')}
2026-05-27 16:34:17,852 - watchfiles.main - DEBUG - 1 change detected: {(<Change.modified: 2>, '/workspace/app/backend/logs/app_20260527_161940.log')}
2026-05-27 16:34:18,203 - watchfiles.main - DEBUG - 1 change detected: {(<Change.modified: 2>, '/workspace/app/backend/logs/app_20260527_161940.log')}
2026-05-27 16:34:18,554 - watchfiles.main - DEBUG - 1 change detected: {(<Change.modified: 2>, '/workspace/app/backend/logs/app_20260527_161940.log')}
2026-05-27 16:34:18,905 - watchfiles.main - DEBUG - 1 change detected: {(<Change.modified: 2>, '/workspace/app/backend/logs/app_20260527_161940.log')}
2026-05-27 16:34:19,256 - watchfiles.main - DEBUG - 1 change detected: {(<Change.modified: 2>, '/workspace/app/backend/logs/app_20260527_161940.log')}
2026-05-27 16:34:19,607 - watchfiles.main - DEBUG - 1 change detected: {(<Change.modified: 2>, '/workspace/app/backend/logs/app_20260527_161940.log')}
2026-05-27 16:34:19,958 - watchfiles.main - DEBUG - 1 change detected: {(<Change.modified: 2>, '/workspace/app/backend/logs/app_20260527_161940.log')}
2026-05-27 16:34:20,309 - watchfiles.main - DEBUG - 1 change detected: {(<Change.modified: 2>, '/workspace/app/backend/logs/app_20260527_161940.log')}
2026-05-27 16:34:20,660 - watchfiles.main - DEBUG - 1 change detected: {(<Change.modified: 2>, '/workspace/app/backend/logs/app_20260527_161940.log')}
2026-05-27 16:34:21,011 - watchfiles.main - DEBUG - 1 change detected: {(<Change.modified: 2>, '/workspace/app/backend/logs/app_20260527_161940.log')}
2026-05-27 16:34:21,362 - watchfiles.main - DEBUG - 1 change detected: {(<Change.modified: 2>, '/workspace/app/backend/logs/app_20260527_161940.log')}
2026-05-27 16:34:21,713 - watchfiles.main - DEBUG - 1 change detected: {(<Change.modified: 2>, '/workspace/app/backend/logs/app_20260527_161940.log')}
2026-05-27 16:34:22,064 - watchfiles.main - DEBUG - 1 change detected: {(<Change.modified: 2>, '/workspace/app/backend/logs/app_20260527_161940.log')}
2026-05-27 16:34:22,415 - watchfiles.main - DEBUG - 1 change detected: {(<Change.modified: 2>, '/workspace/app/backend/logs/app_20260527_161940.log')}
2026-05-27 16:34:22,766 - watchfiles.main - DEBUG - 1 change detected: {(<Change.modified: 2>, '/workspace/app/backend/logs/app_20260527_161940.log')}
2026-05-27 16:34:23,117 - watchfiles.main - DEBUG - 1 change detected: {(<Change.modified: 2>, '/workspace/app/backend/logs/app_20260527_161940.log')}
2026-05-27 16:34:23,468 - watchfiles.main - DEBUG - 1 change detected: {(<Change.modified: 2>, '/workspace/app/backend/logs/app_20260527_161940.log')}
2026-05-27 16:34:23,819 - watchfiles.main - DEBUG - 1 change detected: {(<Change.modified: 2>, '/workspace/app/backend/logs/app_20260527_161940.log')}
2026-05-27 16:34:24,170 - watchfiles.main - DEBUG - 1 change detected: {(<Change.modified: 2>, '/workspace/app/backend/logs/app_20260527_161940.log')}
2026-05-27 16:34:24,521 - watchfiles.main - DEBUG - 1 change detected: {(<Change.modified: 2>, '/workspace/app/backend/logs/app_20260527_161940.log')}
2026-05-27 16:34:24,872 - watchfiles.main - DEBUG - 1 change detected: {(<Change.modified: 2>, '/workspace/app/backend/logs/app_20260527_161940.log')}
2026-05-27 16:34:25,223 - watchfiles.main - DEBUG - 1 change detected: {(<Change.modified: 2>, '/workspace/app/backend/logs/app_20260527_161940.log')}
2026-05-27 16:34:25,574 - watchfiles.main - DEBUG - 1 change detected: {(<Change.modified: 2>, '/workspace/app/backend/logs/app_20260527_161940.log')}
2026-05-27 16:34:25,925 - watchfiles.main - DEBUG - 1 change detected: {(<Change.modified: 2>, '/workspace/app/backend/logs/app_20260527_161940.log')}
2026-05-27 16:34:26,276 - watchfiles.main - DEBUG - 1 change detected: {(<Change.modified: 2>, '/workspace/app/backend/logs/app_20260527_161940.log')}
2026-05-27 16:34:26,627 - watchfiles.main - DEBUG - 1 change detected: {(<Change.modified: 2>, '/workspace/app/backend/logs/app_20260527_161940.log')}
2026-05-27 16:34:26,978 - watchfiles.main - DEBUG - 1 change detected: {(<Change.modified: 2>, '/workspace/app/backend/logs/app_20260527_161940.log')}
2026-05-27 16:34:27,329 - watchfiles.main - DEBUG - 1 change detected: {(<Change.modified: 2>, '/workspace/app/backend/logs/app_20260527_161940.log')}
2026-05-27 16:34:27,680 - watchfiles.main - DEBUG - 1 change detected: {(<Change.modified: 2>, '/workspace/app/backend/logs/app_20260527_161940.log')}
2026-05-27 16:34:28,031 - watchfiles.main - DEBUG - 1 change detected: {(<Change.modified: 2>, '/workspace/app/backend/logs/app_20260527_161940.log')}
2026-05-27 16:34:28,383 - watchfiles.main - DEBUG - 1 change detected: {(<Change.modified: 2>, '/workspace/app/backend/logs/app_20260527_161940.log')}
2026-05-27 16:34:28,734 - watchfiles.main - DEBUG - 1 change detected: {(<Change.modified: 2>, '/workspace/app/backend/logs/app_20260527_161940.log')}
2026-05-27 16:34:29,084 - watchfiles.main - DEBUG - 1 change detected: {(<Change.modified: 2>, '/workspace/app/backend/logs/app_20260527_161940.log')}
2026-05-27 16:34:29,436 - watchfiles.main - DEBUG - 1 change detected: {(<Change.modified: 2>, '/workspace/app/backend/logs/app_20260527_161940.log')}
2026-05-27 16:34:29,787 - watchfiles.main - DEBUG - 1 change detected: {(<Change.modified: 2>, '/workspace/app/backend/logs/app_20260527_161940.log')}
2026-05-27 16:34:30,138 - watchfiles.main - DEBUG - 1 change detected: {(<Change.modified: 2>, '/workspace/app/backend/logs/app_20260527_161940.log')}
2026-05-27 16:34:30,489 - watchfiles.main - DEBUG - 1 change detected: {(<Change.modified: 2>, '/workspace/app/backend/logs/app_20260527_161940.log')}
2026-05-27 16:34:30,839 - watchfiles.main - DEBUG - 1 change detected: {(<Change.modified: 2>, '/workspace/app/backend/logs/app_20260527_161940.log')}
2026-05-27 16:34:31,190 - watchfiles.main - DEBUG - 1 change detected: {(<Change.modified: 2>, '/workspace/app/backend/logs/app_20260527_161940.log')}
2026-05-27 16:34:31,542 - watchfiles.main - DEBUG - 1 change detected: {(<Change.modified: 2>, '/workspace/app/backend/logs/app_20260527_161940.log')}
2026-05-27 16:34:31,894 - watchfiles.main - DEBUG - 1 change detected: {(<Change.modified: 2>, '/workspace/app/backend/logs/app_20260527_161940.log')}
2026-05-27 16:34:32,245 - watchfiles.main - DEBUG - 1 change detected: {(<Change.modified: 2>, '/workspace/app/backend/logs/app_20260527_161940.log')}
2026-05-27 16:34:32,596 - watchfiles.main - DEBUG - 1 change detected: {(<Change.modified: 2>, '/workspace/app/backend/logs/app_20260527_161940.log')}
2026-05-27 16:34:32,947 - watchfiles.main - DEBUG - 1 change detected: {(<Change.modified: 2>, '/workspace/app/backend/logs/app_20260527_161940.log')}
2026-05-27 16:34:33,299 - watchfiles.main - DEBUG - 1 change detected: {(<Change.modified: 2>, '/workspace/app/backend/logs/app_20260527_161940.log')}
2026-05-27 16:34:33,650 - watchfiles.main - DEBUG - 1 change detected: {(<Change.modified: 2>, '/workspace/app/backend/logs/app_20260527_161940.log')}
2026-05-27 16:34:34,001 - watchfiles.main - DEBUG - 1 change detected: {(<Change.modified: 2>, '/workspace/app/backend/logs/app_20260527_161940.log')}
2026-05-27 16:34:34,351 - watchfiles.main - DEBUG - 1 change detected: {(<Change.modified: 2>, '/workspace/app/backend/logs/app_20260527_161940.log')}
2026-05-27 16:34:34,702 - watchfiles.main - DEBUG - 1 change detected: {(<Change.modified: 2>, '/workspace/app/backend/logs/app_20260527_161940.log')}
2026-05-27 16:34:35,053 - watchfiles.main - DEBUG - 1 change detected: {(<Change.modified: 2>, '/workspace/app/backend/logs/app_20260527_161940.log')}
2026-05-27 16:34:35,404 - watchfiles.main - DEBUG - 1 change detected: {(<Change.modified: 2>, '/workspace/app/backend/logs/app_20260527_161940.log')}
2026-05-27 16:34:35,755 - watchfiles.main - DEBUG - 1 change detected: {(<Change.modified: 2>, '/workspace/app/backend/logs/app_20260527_161940.log')}
2026-05-27 16:34:36,106 - watchfiles.main - DEBUG - 1 change detected: {(<Change.modified: 2>, '/workspace/app/backend/logs/app_20260527_161940.log')}
2026-05-27 16:34:36,457 - watchfiles.main - DEBUG - 1 change detected: {(<Change.modified: 2>, '/workspace/app/backend/logs/app_20260527_161940.log')}
2026-05-27 16:34:36,808 - watchfiles.main - DEBUG - 1 change detected: {(<Change.modified: 2>, '/workspace/app/backend/logs/app_20260527_161940.log')}
2026-05-27 16:34:37,159 - watchfiles.main - DEBUG - 1 change detected: {(<Change.modified: 2>, '/workspace/app/backend/logs/app_20260527_161940.log')}
2026-05-27 16:34:37,510 - watchfiles.main - DEBUG - 1 change detected: {(<Change.modified: 2>, '/workspace/app/backend/logs/app_20260527_161940.log')}
2026-05-27 16:34:37,861 - watchfiles.main - DEBUG - 1 change detected: {(<Change.modified: 2>, '/workspace/app/backend/logs/app_20260527_161940.log')}
2026-05-27 16:34:38,213 - watchfiles.main - DEBUG - 1 change detected: {(<Change.modified: 2>, '/workspace/app/backend/logs/app_20260527_161940.log')}
2026-05-27 16:34:38,569 - watchfiles.main - DEBUG - 1 change detected: {(<Change.modified: 2>, '/workspace/app/backend/logs/app_20260527_161940.log')}
2026-05-27 16:34:38,920 - watchfiles.main - DEBUG - 1 change detected: {(<Change.modified: 2>, '/workspace/app/backend/logs/app_20260527_161940.log')}
2026-05-27 16:34:39,272 - watchfiles.main - DEBUG - 1 change detected: {(<Change.modified: 2>, '/workspace/app/backend/logs/app_20260527_161940.log')}
2026-05-27 16:34:39,623 - watchfiles.main - DEBUG - 1 change detected: {(<Change.modified: 2>, '/workspace/app/backend/logs/app_20260527_161940.log')}
2026-05-27 16:34:39,974 - watchfiles.main - DEBUG - 1 change detected: {(<Change.modified: 2>, '/workspace/app/backend/logs/app_20260527_161940.log')}
2026-05-27 16:34:40,325 - watchfiles.main - DEBUG - 1 change detected: {(<Change.modified: 2>, '/workspace/app/backend/logs/app_20260527_161940.log')}
2026-05-27 16:34:40,676 - watchfiles.main - DEBUG - 1 change detected: {(<Change.modified: 2>, '/workspace/app/backend/logs/app_20260527_161940.log')}
2026-05-27 16:34:41,028 - watchfiles.main - DEBUG - 1 change detected: {(<Change.modified: 2>, '/workspace/app/backend/logs/app_20260527_161940.log')}
2026-05-27 16:34:41,379 - watchfiles.main - DEBUG - 1 change detected: {(<Change.modified: 2>, '/workspace/app/backend/logs/app_20260527_161940.log')}
2026-05-27 16:34:41,730 - watchfiles.main - DEBUG - 1 change detected: {(<Change.modified: 2>, '/workspace/app/backend/logs/app_20260527_161940.log')}
2026-05-27 16:34:42,081 - watchfiles.main - DEBUG - 1 change detected: {(<Change.modified: 2>, '/workspace/app/backend/logs/app_20260527_161940.log')}
2026-05-27 16:34:42,432 - watchfiles.main - DEBUG - 1 change detected: {(<Change.modified: 2>, '/workspace/app/backend/logs/app_20260527_161940.log')}
2026-05-27 16:34:42,783 - watchfiles.main - DEBUG - 1 change detected: {(<Change.modified: 2>, '/workspace/app/backend/logs/app_20260527_161940.log')}
2026-05-27 16:34:43,134 - watchfiles.main - DEBUG - 1 change detected: {(<Change.modified: 2>, '/workspace/app/backend/logs/app_20260527_161940.log')}
2026-05-27 16:34:43,485 - watchfiles.main - DEBUG - 1 change detected: {(<Change.modified: 2>, '/workspace/app/backend/logs/app_20260527_161940.log')}
2026-05-27 16:34:43,836 - watchfiles.main - DEBUG - 1 change detected: {(<Change.modified: 2>, '/workspace/app/backend/logs/app_20260527_161940.log')}
2026-05-27 16:34:44,187 - watchfiles.main - DEBUG - 1 change detected: {(<Change.modified: 2>, '/workspace/app/backend/logs/app_20260527_161940.log')}
2026-05-27 16:34:44,538 - watchfiles.main - DEBUG - 1 change detected: {(<Change.modified: 2>, '/workspace/app/backend/logs/app_20260527_161940.log')}
2026-05-27 16:34:44,889 - watchfiles.main - DEBUG - 1 change detected: {(<Change.modified: 2>, '/workspace/app/backend/logs/app_20260527_161940.log')}
2026-05-27 16:34:45,241 - watchfiles.main - DEBUG - 1 change detected: {(<Change.modified: 2>, '/workspace/app/backend/logs/app_20260527_161940.log')}
2026-05-27 16:34:45,592 - watchfiles.main - DEBUG - 1 change detected: {(<Change.modified: 2>, '/workspace/app/backend/logs/app_20260527_161940.log')}
2026-05-27 16:34:45,943 - watchfiles.main - DEBUG - 1 change detected: {(<Change.modified: 2>, '/workspace/app/backend/logs/app_20260527_161940.log')}
2026-05-27 16:34:46,294 - watchfiles.main - DEBUG - 1 change detected: {(<Change.modified: 2>, '/workspace/app/backend/logs/app_20260527_161940.log')}
2026-05-27 16:34:46,645 - watchfiles.main - DEBUG - 1 change detected: {(<Change.modified: 2>, '/workspace/app/backend/logs/app_20260527_161940.log')}
2026-05-27 16:34:46,996 - watchfiles.main - DEBUG - 1 change detected: {(<Change.modified: 2>, '/workspace/app/backend/logs/app_20260527_161940.log')}
2026-05-27 16:34:47,347 - watchfiles.main - DEBUG - 1 change detected: {(<Change.modified: 2>, '/workspace/app/backend/logs/app_20260527_161940.log')}
2026-05-27 16:34:47,698 - watchfiles.main - DEBUG - 1 change detected: {(<Change.modified: 2>, '/workspace/app/backend/logs/app_20260527_161940.log')}
2026-05-27 16:34:48,049 - watchfiles.main - DEBUG - 1 change detected: {(<Change.modified: 2>, '/workspace/app/backend/logs/app_20260527_161940.log')}
2026-05-27 16:34:48,400 - watchfiles.main - DEBUG - 1 change detected: {(<Change.modified: 2>, '/workspace/app/backend/logs/app_20260527_161940.log')}
2026-05-27 16:34:48,751 - watchfiles.main - DEBUG - 1 change detected: {(<Change.modified: 2>, '/workspace/app/backend/logs/app_20260527_161940.log')}
2026-05-27 16:34:49,102 - watchfiles.main - DEBUG - 1 change detected: {(<Change.modified: 2>, '/workspace/app/backend/logs/app_20260527_161940.log')}
2026-05-27 16:34:49,453 - watchfiles.main - DEBUG - 1 change detected: {(<Change.modified: 2>, '/workspace/app/backend/logs/app_20260527_161940.log')}
2026-05-27 16:34:49,805 - watchfiles.main - DEBUG - 1 change detected: {(<Change.modified: 2>, '/workspace/app/backend/logs/app_20260527_161940.log')}
2026-05-27 16:34:50,156 - watchfiles.main - DEBUG - 1 change detected: {(<Change.modified: 2>, '/workspace/app/backend/logs/app_20260527_161940.log')}
2026-05-27 16:34:50,507 - watchfiles.main - DEBUG - 1 change detected: {(<Change.modified: 2>, '/workspace/app/backend/logs/app_20260527_161940.log')}
2026-05-27 16:34:50,858 - watchfiles.main - DEBUG - 1 change detected: {(<Change.modified: 2>, '/workspace/app/backend/logs/app_20260527_161940.log')}
2026-05-27 16:34:51,209 - watchfiles.main - DEBUG - 1 change detected: {(<Change.modified: 2>, '/workspace/app/backend/logs/app_20260527_161940.log')}
2026-05-27 16:34:51,560 - watchfiles.main - DEBUG - 1 change detected: {(<Change.modified: 2>, '/workspace/app/backend/logs/app_20260527_161940.log')}
2026-05-27 16:34:51,911 - watchfiles.main - DEBUG - 1 change detected: {(<Change.modified: 2>, '/workspace/app/backend/logs/app_20260527_161940.log')}
2026-05-27 16:34:52,262 - watchfiles.main - DEBUG - 1 change detected: {(<Change.modified: 2>, '/workspace/app/backend/logs/app_20260527_161940.log')}
2026-05-27 16:34:52,613 - watchfiles.main - DEBUG - 1 change detected: {(<Change.modified: 2>, '/workspace/app/backend/logs/app_20260527_161940.log')}
2026-05-27 16:34:52,964 - watchfiles.main - DEBUG - 1 change detected: {(<Change.modified: 2>, '/workspace/app/backend/logs/app_20260527_161940.log')}
2026-05-27 16:34:53,315 - watchfiles.main - DEBUG - 1 change detected: {(<Change.modified: 2>, '/workspace/app/backend/logs/app_20260527_161940.log')}
2026-05-27 16:34:53,666 - watchfiles.main - DEBUG - 1 change detected: {(<Change.modified: 2>, '/workspace/app/backend/logs/app_20260527_161940.log')}
2026-05-27 16:34:54,017 - watchfiles.main - DEBUG - 1 change detected: {(<Change.modified: 2>, '/workspace/app/backend/logs/app_20260527_161940.log')}
2026-05-27 16:34:54,368 - watchfiles.main - DEBUG - 1 change detected: {(<Change.modified: 2>, '/workspace/app/backend/logs/app_20260527_161940.log')}
2026-05-27 16:34:54,719 - watchfiles.main - DEBUG - 1 change detected: {(<Change.modified: 2>, '/workspace/app/backend/logs/app_20260527_161940.log')}
2026-05-27 16:34:55,071 - watchfiles.main - DEBUG - 1 change detected: {(<Change.modified: 2>, '/workspace/app/backend/logs/app_20260527_161940.log')}
2026-05-27 16:34:55,422 - watchfiles.main - DEBUG - 1 change detected: {(<Change.modified: 2>, '/workspace/app/backend/logs/app_20260527_161940.log')}
2026-05-27 16:34:55,773 - watchfiles.main - DEBUG - 1 change detected: {(<Change.modified: 2>, '/workspace/app/backend/logs/app_20260527_161940.log')}
2026-05-27 16:34:56,123 - watchfiles.main - DEBUG - 1 change detected: {(<Change.modified: 2>, '/workspace/app/backend/logs/app_20260527_161940.log')}
2026-05-27 16:34:56,474 - watchfiles.main - DEBUG - 1 change detected: {(<Change.modified: 2>, '/workspace/app/backend/logs/app_20260527_161940.log')}
2026-05-27 16:34:56,825 - watchfiles.main - DEBUG - 1 change detected: {(<Change.modified: 2>, '/workspace/app/backend/logs/app_20260527_161940.log')}
2026-05-27 16:34:57,176 - watchfiles.main - DEBUG - 1 change detected: {(<Change.modified: 2>, '/workspace/app/backend/logs/app_20260527_161940.log')}
2026-05-27 16:34:57,527 - watchfiles.main - DEBUG - 1 change detected: {(<Change.modified: 2>, '/workspace/app/backend/logs/app_20260527_161940.log')}
2026-05-27 16:34:57,878 - watchfiles.main - DEBUG - 1 change detected: {(<Change.modified: 2>, '/workspace/app/backend/logs/app_20260527_161940.log')}
2026-05-27 16:34:58,229 - watchfiles.main - DEBUG - 1 change detected: {(<Change.modified: 2>, '/workspace/app/backend/logs/app_20260527_161940.log')}
2026-05-27 16:34:58,580 - watchfiles.main - DEBUG - 1 change detected: {(<Change.modified: 2>, '/workspace/app/backend/logs/app_20260527_161940.log')}
2026-05-27 16:34:58,931 - watchfiles.main - DEBUG - 1 change detected: {(<Change.modified: 2>, '/workspace/app/backend/logs/app_20260527_161940.log')}
2026-05-27 16:34:59,282 - watchfiles.main - DEBUG - 1 change detected: {(<Change.modified: 2>, '/workspace/app/backend/logs/app_20260527_161940.log')}
2026-05-27 16:34:59,633 - watchfiles.main - DEBUG - 1 change detected: {(<Change.modified: 2>, '/workspace/app/backend/logs/app_20260527_161940.log')}
2026-05-27 16:34:59,984 - watchfiles.main - DEBUG - 1 change detected: {(<Change.modified: 2>, '/workspace/app/backend/logs/app_20260527_161940.log')}
2026-05-27 16:35:00,335 - watchfiles.main - DEBUG - 1 change detected: {(<Change.modified: 2>, '/workspace/app/backend/logs/app_20260527_161940.log')}
2026-05-27 16:35:00,686 - watchfiles.main - DEBUG - 1 change detected: {(<Change.modified: 2>, '/workspace/app/backend/logs/app_20260527_161940.log')}
2026-05-27 16:35:01,037 - watchfiles.main - DEBUG - 1 change detected: {(<Change.modified: 2>, '/workspace/app/backend/logs/app_20260527_161940.log')}
2026-05-27 16:35:01,388 - watchfiles.main - DEBUG - 1 change detected: {(<Change.modified: 2>, '/workspace/app/backend/logs/app_20260527_161940.log')}
2026-05-27 16:35:01,739 - watchfiles.main - DEBUG - 1 change detected: {(<Change.modified: 2>, '/workspace/app/backend/logs/app_20260527_161940.log')}
2026-05-27 16:35:02,090 - watchfiles.main - DEBUG - 1 change detected: {(<Change.modified: 2>, '/workspace/app/backend/logs/app_20260527_161940.log')}
2026-05-27 16:35:02,442 - watchfiles.main - DEBUG - 1 change detected: {(<Change.modified: 2>, '/workspace/app/backend/logs/app_20260527_161940.log')}
2026-05-27 16:35:02,793 - watchfiles.main - DEBUG - 1 change detected: {(<Change.modified: 2>, '/workspace/app/backend/logs/app_20260527_161940.log')}
2026-05-27 16:35:03,144 - watchfiles.main - DEBUG - 1 change detected: {(<Change.modified: 2>, '/workspace/app/backend/logs/app_20260527_161940.log')}
2026-05-27 16:35:03,495 - watchfiles.main - DEBUG - 1 change detected: {(<Change.modified: 2>, '/workspace/app/backend/logs/app_20260527_161940.log')}
2026-05-27 16:35:03,846 - watchfiles.main - DEBUG - 1 change detected: {(<Change.modified: 2>, '/workspace/app/backend/logs/app_20260527_161940.log')}
2026-05-27 16:35:04,197 - watchfiles.main - DEBUG - 1 change detected: {(<Change.modified: 2>, '/workspace/app/backend/logs/app_20260527_161940.log')}
2026-05-27 16:35:04,548 - watchfiles.main - DEBUG - 1 change detected: {(<Change.modified: 2>, '/workspace/app/backend/logs/app_20260527_161940.log')}
2026-05-27 16:35:04,899 - watchfiles.main - DEBUG - 1 change detected: {(<Change.modified: 2>, '/workspace/app/backend/logs/app_20260527_161940.log')}
2026-05-27 16:35:05,250 - watchfiles.main - DEBUG - 1 change detected: {(<Change.modified: 2>, '/workspace/app/backend/logs/app_20260527_161940.log')}
2026-05-27 16:35:05,601 - watchfiles.main - DEBUG - 1 change detected: {(<Change.modified: 2>, '/workspace/app/backend/logs/app_20260527_161940.log')}
2026-05-27 16:35:05,952 - watchfiles.main - DEBUG - 1 change detected: {(<Change.modified: 2>, '/workspace/app/backend/logs/app_20260527_161940.log')}
2026-05-27 16:35:06,304 - watchfiles.main - DEBUG - 1 change detected: {(<Change.modified: 2>, '/workspace/app/backend/logs/app_20260527_161940.log')}
2026-05-27 16:35:06,656 - watchfiles.main - DEBUG - 1 change detected: {(<Change.modified: 2>, '/workspace/app/backend/logs/app_20260527_161940.log')}
2026-05-27 16:35:07,007 - watchfiles.main - DEBUG - 1 change detected: {(<Change.modified: 2>, '/workspace/app/backend/logs/app_20260527_161940.log')}
2026-05-27 16:35:07,358 - watchfiles.main - DEBUG - 1 change detected: {(<Change.modified: 2>, '/workspace/app/backend/logs/app_20260527_161940.log')}
2026-05-27 16:35:07,709 - watchfiles.main - DEBUG - 1 change detected: {(<Change.modified: 2>, '/workspace/app/backend/logs/app_20260527_161940.log')}
2026-05-27 16:35:08,060 - watchfiles.main - DEBUG - 1 change detected: {(<Change.modified: 2>, '/workspace/app/backend/logs/app_20260527_161940.log')}
2026-05-27 16:35:08,411 - watchfiles.main - DEBUG - 1 change detected: {(<Change.modified: 2>, '/workspace/app/backend/logs/app_20260527_161940.log')}
2026-05-27 16:35:08,762 - watchfiles.main - DEBUG - 1 change detected: {(<Change.modified: 2>, '/workspace/app/backend/logs/app_20260527_161940.log')}
2026-05-27 16:35:09,113 - watchfiles.main - DEBUG - 1 change detected: {(<Change.modified: 2>, '/workspace/app/backend/logs/app_20260527_161940.log')}
2026-05-27 16:35:09,464 - watchfiles.main - DEBUG - 1 change detected: {(<Change.modified: 2>, '/workspace/app/backend/logs/app_20260527_161940.log')}
2026-05-27 16:35:09,815 - watchfiles.main - DEBUG - 1 change detected: {(<Change.modified: 2>, '/workspace/app/backend/logs/app_20260527_161940.log')}
2026-05-27 16:35:10,166 - watchfiles.main - DEBUG - 1 change detected: {(<Change.modified: 2>, '/workspace/app/backend/logs/app_20260527_161940.log')}
2026-05-27 16:35:10,517 - watchfiles.main - DEBUG - 1 change detected: {(<Change.modified: 2>, '/workspace/app/backend/logs/app_20260527_161940.log')}
2026-05-27 16:35:10,868 - watchfiles.main - DEBUG - 1 change detected: {(<Change.modified: 2>, '/workspace/app/backend/logs/app_20260527_161940.log')}
2026-05-27 16:35:11,219 - watchfiles.main - DEBUG - 1 change detected: {(<Change.modified: 2>, '/workspace/app/backend/logs/app_20260527_161940.log')}
2026-05-27 16:35:11,570 - watchfiles.main - DEBUG - 1 change detected: {(<Change.modified: 2>, '/workspace/app/backend/logs/app_20260527_161940.log')}
2026-05-27 16:35:11,921 - watchfiles.main - DEBUG - 1 change detected: {(<Change.modified: 2>, '/workspace/app/backend/logs/app_20260527_161940.log')}
2026-05-27 16:35:12,272 - watchfiles.main - DEBUG - 1 change detected: {(<Change.modified: 2>, '/workspace/app/backend/logs/app_20260527_161940.log')}
2026-05-27 16:35:12,623 - watchfiles.main - DEBUG - 1 change detected: {(<Change.modified: 2>, '/workspace/app/backend/logs/app_20260527_161940.log')}
2026-05-27 16:35:12,974 - watchfiles.main - DEBUG - 1 change detected: {(<Change.modified: 2>, '/workspace/app/backend/logs/app_20260527_161940.log')}
2026-05-27 16:35:13,325 - watchfiles.main - DEBUG - 1 change detected: {(<Change.modified: 2>, '/workspace/app/backend/logs/app_20260527_161940.log')}
2026-05-27 16:35:13,676 - watchfiles.main - DEBUG - 1 change detected: {(<Change.modified: 2>, '/workspace/app/backend/logs/app_20260527_161940.log')}
2026-05-27 16:35:14,027 - watchfiles.main - DEBUG - 1 change detected: {(<Change.modified: 2>, '/workspace/app/backend/logs/app_20260527_161940.log')}
2026-05-27 16:35:14,378 - watchfiles.main - DEBUG - 1 change detected: {(<Change.modified: 2>, '/workspace/app/backend/logs/app_20260527_161940.log')}
2026-05-27 16:35:14,729 - watchfiles.main - DEBUG - 1 change detected: {(<Change.modified: 2>, '/workspace/app/backend/logs/app_20260527_161940.log')}
2026-05-27 16:35:15,080 - watchfiles.main - DEBUG - 1 change detected: {(<Change.modified: 2>, '/workspace/app/backend/logs/app_20260527_161940.log')}
2026-05-27 16:35:15,432 - watchfiles.main - DEBUG - 1 change detected: {(<Change.modified: 2>, '/workspace/app/backend/logs/app_20260527_161940.log')}
2026-05-27 16:35:15,783 - watchfiles.main - DEBUG - 1 change detected: {(<Change.modified: 2>, '/workspace/app/backend/logs/app_20260527_161940.log')}
2026-05-27 16:35:16,134 - watchfiles.main - DEBUG - 1 change detected: {(<Change.modified: 2>, '/workspace/app/backend/logs/app_20260527_161940.log')}
2026-05-27 16:35:16,485 - watchfiles.main - DEBUG - 1 change detected: {(<Change.modified: 2>, '/workspace/app/backend/logs/app_20260527_161940.log')}
2026-05-27 16:35:16,836 - watchfiles.main - DEBUG - 1 change detected: {(<Change.modified: 2>, '/workspace/app/backend/logs/app_20260527_161940.log')}
2026-05-27 16:35:17,187 - watchfiles.main - DEBUG - 1 change detected: {(<Change.modified: 2>, '/workspace/app/backend/logs/app_20260527_161940.log')}
2026-05-27 16:35:17,538 - watchfiles.main - DEBUG - 1 change detected: {(<Change.modified: 2>, '/workspace/app/backend/logs/app_20260527_161940.log')}
2026-05-27 16:35:17,890 - watchfiles.main - DEBUG - 1 change detected: {(<Change.modified: 2>, '/workspace/app/backend/logs/app_20260527_161940.log')}
2026-05-27 16:35:18,240 - watchfiles.main - DEBUG - 1 change detected: {(<Change.modified: 2>, '/workspace/app/backend/logs/app_20260527_161940.log')}
2026-05-27 16:35:18,591 - watchfiles.main - DEBUG - 1 change detected: {(<Change.modified: 2>, '/workspace/app/backend/logs/app_20260527_161940.log')}
2026-05-27 16:35:18,942 - watchfiles.main - DEBUG - 1 change detected: {(<Change.modified: 2>, '/workspace/app/backend/logs/app_20260527_161940.log')}
2026-05-27 16:35:19,293 - watchfiles.main - DEBUG - 1 change detected: {(<Change.modified: 2>, '/workspace/app/backend/logs/app_20260527_161940.log')}
2026-05-27 16:35:19,644 - watchfiles.main - DEBUG - 1 change detected: {(<Change.modified: 2>, '/workspace/app/backend/logs/app_20260527_161940.log')}
2026-05-27 16:35:19,995 - watchfiles.main - DEBUG - 1 change detected: {(<Change.modified: 2>, '/workspace/app/backend/logs/app_20260527_161940.log')}
2026-05-27 16:35:20,346 - watchfiles.main - DEBUG - 1 change detected: {(<Change.modified: 2>, '/workspace/app/backend/logs/app_20260527_161940.log')}
2026-05-27 16:35:20,697 - watchfiles.main - DEBUG - 1 change detected: {(<Change.modified: 2>, '/workspace/app/backend/logs/app_20260527_161940.log')}
2026-05-27 16:35:21,048 - watchfiles.main - DEBUG - 1 change detected: {(<Change.modified: 2>, '/workspace/app/backend/logs/app_20260527_161940.log')}
2026-05-27 16:35:21,399 - watchfiles.main - DEBUG - 1 change detected: {(<Change.modified: 2>, '/workspace/app/backend/logs/app_20260527_161940.log')}
2026-05-27 16:35:21,750 - watchfiles.main - DEBUG - 1 change detected: {(<Change.modified: 2>, '/workspace/app/backend/logs/app_20260527_161940.log')}
2026-05-27 16:35:22,101 - watchfiles.main - DEBUG - 1 change detected: {(<Change.modified: 2>, '/workspace/app/backend/logs/app_20260527_161940.log')}
2026-05-27 16:35:22,452 - watchfiles.main - DEBUG - 1 change detected: {(<Change.modified: 2>, '/workspace/app/backend/logs/app_20260527_161940.log')}
2026-05-27 16:35:22,803 - watchfiles.main - DEBUG - 1 change detected: {(<Change.modified: 2>, '/workspace/app/backend/logs/app_20260527_161940.log')}
2026-05-27 16:35:23,154 - watchfiles.main - DEBUG - 1 change detected: {(<Change.modified: 2>, '/workspace/app/backend/logs/app_20260527_161940.log')}
2026-05-27 16:35:23,507 - watchfiles.main - DEBUG - 1 change detected: {(<Change.modified: 2>, '/workspace/app/backend/logs/app_20260527_161940.log')}
2026-05-27 16:35:23,858 - watchfiles.main - DEBUG - 1 change detected: {(<Change.modified: 2>, '/workspace/app/backend/logs/app_20260527_161940.log')}
2026-05-27 16:35:24,209 - watchfiles.main - DEBUG - 1 change detected: {(<Change.modified: 2>, '/workspace/app/backend/logs/app_20260527_161940.log')}
2026-05-27 16:35:24,560 - watchfiles.main - DEBUG - 1 change detected: {(<Change.modified: 2>, '/workspace/app/backend/logs/app_20260527_161940.log')}
2026-05-27 16:35:24,911 - watchfiles.main - DEBUG - 1 change detected: {(<Change.modified: 2>, '/workspace/app/backend/logs/app_20260527_161940.log')}
2026-05-27 16:35:25,262 - watchfiles.main - DEBUG - 1 change detected: {(<Change.modified: 2>, '/workspace/app/backend/logs/app_20260527_161940.log')}
2026-05-27 16:35:25,613 - watchfiles.main - DEBUG - 1 change detected: {(<Change.modified: 2>, '/workspace/app/backend/logs/app_20260527_161940.log')}
2026-05-27 16:35:25,963 - watchfiles.main - DEBUG - 1 change detected: {(<Change.modified: 2>, '/workspace/app/backend/logs/app_20260527_161940.log')}
2026-05-27 16:35:26,314 - watchfiles.main - DEBUG - 1 change detected: {(<Change.modified: 2>, '/workspace/app/backend/logs/app_20260527_161940.log')}
2026-05-27 16:35:26,666 - watchfiles.main - DEBUG - 1 change detected: {(<Change.modified: 2>, '/workspace/app/backend/logs/app_20260527_161940.log')}
2026-05-27 16:35:27,017 - watchfiles.main - DEBUG - 1 change detected: {(<Change.modified: 2>, '/workspace/app/backend/logs/app_20260527_161940.log')}
2026-05-27 16:35:27,370 - watchfiles.main - DEBUG - 1 change detected: {(<Change.modified: 2>, '/workspace/app/backend/logs/app_20260527_161940.log')}
2026-05-27 16:35:27,721 - watchfiles.main - DEBUG - 1 change detected: {(<Change.modified: 2>, '/workspace/app/backend/logs/app_20260527_161940.log')}
2026-05-27 16:35:28,072 - watchfiles.main - DEBUG - 1 change detected: {(<Change.modified: 2>, '/workspace/app/backend/logs/app_20260527_161940.log')}
2026-05-27 16:35:28,423 - watchfiles.main - DEBUG - 1 change detected: {(<Change.modified: 2>, '/workspace/app/backend/logs/app_20260527_161940.log')}
2026-05-27 16:35:28,774 - watchfiles.main - DEBUG - 1 change detected: {(<Change.modified: 2>, '/workspace/app/backend/logs/app_20260527_161940.log')}
2026-05-27 16:35:29,125 - watchfiles.main - DEBUG - 1 change detected: {(<Change.modified: 2>, '/workspace/app/backend/logs/app_20260527_161940.log')}
2026-05-27 16:35:29,476 - watchfiles.main - DEBUG - 1 change detected: {(<Change.modified: 2>, '/workspace/app/backend/logs/app_20260527_161940.log')}
2026-05-27 16:35:29,827 - watchfiles.main - DEBUG - 1 change detected: {(<Change.modified: 2>, '/workspace/app/backend/logs/app_20260527_161940.log')}
2026-05-27 16:35:30,179 - watchfiles.main - DEBUG - 1 change detected: {(<Change.modified: 2>, '/workspace/app/backend/logs/app_20260527_161940.log')}
2026-05-27 16:35:30,530 - watchfiles.main - DEBUG - 1 change detected: {(<Change.modified: 2>, '/workspace/app/backend/logs/app_20260527_161940.log')}
2026-05-27 16:35:30,881 - watchfiles.main - DEBUG - 1 change detected: {(<Change.modified: 2>, '/workspace/app/backend/logs/app_20260527_161940.log')}
2026-05-27 16:35:31,232 - watchfiles.main - DEBUG - 1 change detected: {(<Change.modified: 2>, '/workspace/app/backend/logs/app_20260527_161940.log')}
2026-05-27 16:35:31,583 - watchfiles.main - DEBUG - 1 change detected: {(<Change.modified: 2>, '/workspace/app/backend/logs/app_20260527_161940.log')}
2026-05-27 16:35:31,934 - watchfiles.main - DEBUG - 1 change detected: {(<Change.modified: 2>, '/workspace/app/backend/logs/app_20260527_161940.log')}
2026-05-27 16:35:32,285 - watchfiles.main - DEBUG - 1 change detected: {(<Change.modified: 2>, '/workspace/app/backend/logs/app_20260527_161940.log')}
2026-05-27 16:35:32,636 - watchfiles.main - DEBUG - 1 change detected: {(<Change.modified: 2>, '/workspace/app/backend/logs/app_20260527_161940.log')}
2026-05-27 16:35:32,987 - watchfiles.main - DEBUG - 1 change detected: {(<Change.modified: 2>, '/workspace/app/backend/logs/app_20260527_161940.log')}
2026-05-27 16:35:33,338 - watchfiles.main - DEBUG - 1 change detected: {(<Change.modified: 2>, '/workspace/app/backend/logs/app_20260527_161940.log')}
2026-05-27 16:35:33,689 - watchfiles.main - DEBUG - 1 change detected: {(<Change.modified: 2>, '/workspace/app/backend/logs/app_20260527_161940.log')}
2026-05-27 16:35:34,040 - watchfiles.main - DEBUG - 1 change detected: {(<Change.modified: 2>, '/workspace/app/backend/logs/app_20260527_161940.log')}
2026-05-27 16:35:34,391 - watchfiles.main - DEBUG - 1 change detected: {(<Change.modified: 2>, '/workspace/app/backend/logs/app_20260527_161940.log')}
2026-05-27 16:35:34,742 - watchfiles.main - DEBUG - 1 change detected: {(<Change.modified: 2>, '/workspace/app/backend/logs/app_20260527_161940.log')}
2026-05-27 16:35:35,093 - watchfiles.main - DEBUG - 1 change detected: {(<Change.modified: 2>, '/workspace/app/backend/logs/app_20260527_161940.log')}
2026-05-27 16:35:35,443 - watchfiles.main - DEBUG - 1 change detected: {(<Change.modified: 2>, '/workspace/app/backend/logs/app_20260527_161940.log')}
2026-05-27 16:35:35,795 - watchfiles.main - DEBUG - 1 change detected: {(<Change.modified: 2>, '/workspace/app/backend/logs/app_20260527_161940.log')}
2026-05-27 16:35:36,146 - watchfiles.main - DEBUG - 1 change detected: {(<Change.modified: 2>, '/workspace/app/backend/logs/app_20260527_161940.log')}
2026-05-27 16:35:36,497 - watchfiles.main - DEBUG - 1 change detected: {(<Change.modified: 2>, '/workspace/app/backend/logs/app_20260527_161940.log')}
2026-05-27 16:35:36,848 - watchfiles.main - DEBUG - 1 change detected: {(<Change.modified: 2>, '/workspace/app/backend/logs/app_20260527_161940.log')}
2026-05-27 16:35:37,199 - watchfiles.main - DEBUG - 1 change detected: {(<Change.modified: 2>, '/workspace/app/backend/logs/app_20260527_161940.log')}
2026-05-27 16:35:37,550 - watchfiles.main - DEBUG - 1 change detected: {(<Change.modified: 2>, '/workspace/app/backend/logs/app_20260527_161940.log')}
2026-05-27 16:35:37,901 - watchfiles.main - DEBUG - 1 change detected: {(<Change.modified: 2>, '/workspace/app/backend/logs/app_20260527_161940.log')}
2026-05-27 16:35:38,252 - watchfiles.main - DEBUG - 1 change detected: {(<Change.modified: 2>, '/workspace/app/backend/logs/app_20260527_161940.log')}
2026-05-27 16:35:38,603 - watchfiles.main - DEBUG - 1 change detected: {(<Change.modified: 2>, '/workspace/app/backend/logs/app_20260527_161940.log')}
2026-05-27 16:35:38,954 - watchfiles.main - DEBUG - 1 change detected: {(<Change.modified: 2>, '/workspace/app/backend/logs/app_20260527_161940.log')}
2026-05-27 16:35:39,305 - watchfiles.main - DEBUG - 1 change detected: {(<Change.modified: 2>, '/workspace/app/backend/logs/app_20260527_161940.log')}
2026-05-27 16:35:39,656 - watchfiles.main - DEBUG - 1 change detected: {(<Change.modified: 2>, '/workspace/app/backend/logs/app_20260527_161940.log')}
2026-05-27 16:35:40,007 - watchfiles.main - DEBUG - 1 change detected: {(<Change.modified: 2>, '/workspace/app/backend/logs/app_20260527_161940.log')}
2026-05-27 16:35:40,358 - watchfiles.main - DEBUG - 1 change detected: {(<Change.modified: 2>, '/workspace/app/backend/logs/app_20260527_161940.log')}
2026-05-27 16:35:40,709 - watchfiles.main - DEBUG - 1 change detected: {(<Change.modified: 2>, '/workspace/app/backend/logs/app_20260527_161940.log')}
2026-05-27 16:35:41,061 - watchfiles.main - DEBUG - 1 change detected: {(<Change.modified: 2>, '/workspace/app/backend/logs/app_20260527_161940.log')}
2026-05-27 16:35:41,412 - watchfiles.main - DEBUG - 1 change detected: {(<Change.modified: 2>, '/workspace/app/backend/logs/app_20260527_161940.log')}
2026-05-27 16:35:41,763 - watchfiles.main - DEBUG - 1 change detected: {(<Change.modified: 2>, '/workspace/app/backend/logs/app_20260527_161940.log')}
2026-05-27 16:35:42,114 - watchfiles.main - DEBUG - 1 change detected: {(<Change.modified: 2>, '/workspace/app/backend/logs/app_20260527_161940.log')}
2026-05-27 16:35:42,465 - watchfiles.main - DEBUG - 1 change detected: {(<Change.modified: 2>, '/workspace/app/backend/logs/app_20260527_161940.log')}
2026-05-27 16:35:42,816 - watchfiles.main - DEBUG - 1 change detected: {(<Change.modified: 2>, '/workspace/app/backend/logs/app_20260527_161940.log')}
2026-05-27 16:35:43,167 - watchfiles.main - DEBUG - 1 change detected: {(<Change.modified: 2>, '/workspace/app/backend/logs/app_20260527_161940.log')}
2026-05-27 16:35:43,518 - watchfiles.main - DEBUG - 1 change detected: {(<Change.modified: 2>, '/workspace/app/backend/logs/app_20260527_161940.log')}
2026-05-27 16:35:43,869 - watchfiles.main - DEBUG - 1 change detected: {(<Change.modified: 2>, '/workspace/app/backend/logs/app_20260527_161940.log')}
2026-05-27 16:35:44,220 - watchfiles.main - DEBUG - 1 change detected: {(<Change.modified: 2>, '/workspace/app/backend/logs/app_20260527_161940.log')}
2026-05-27 16:35:44,571 - watchfiles.main - DEBUG - 1 change detected: {(<Change.modified: 2>, '/workspace/app/backend/logs/app_20260527_161940.log')}
2026-05-27 16:35:44,922 - watchfiles.main - DEBUG - 1 change detected: {(<Change.modified: 2>, '/workspace/app/backend/logs/app_20260527_161940.log')}
2026-05-27 16:35:45,273 - watchfiles.main - DEBUG - 1 change detected: {(<Change.modified: 2>, '/workspace/app/backend/logs/app_20260527_161940.log')}
2026-05-27 16:35:45,624 - watchfiles.main - DEBUG - 1 change detected: {(<Change.modified: 2>, '/workspace/app/backend/logs/app_20260527_161940.log')}
2026-05-27 16:35:45,975 - watchfiles.main - DEBUG - 1 change detected: {(<Change.modified: 2>, '/workspace/app/backend/logs/app_20260527_161940.log')}
2026-05-27 16:35:46,326 - watchfiles.main - DEBUG - 1 change detected: {(<Change.modified: 2>, '/workspace/app/backend/logs/app_20260527_161940.log')}
2026-05-27 16:35:46,677 - watchfiles.main - DEBUG - 1 change detected: {(<Change.modified: 2>, '/workspace/app/backend/logs/app_20260527_161940.log')}
2026-05-27 16:35:47,028 - watchfiles.main - DEBUG - 1 change detected: {(<Change.modified: 2>, '/workspace/app/backend/logs/app_20260527_161940.log')}
2026-05-27 16:35:47,379 - watchfiles.main - DEBUG - 1 change detected: {(<Change.modified: 2>, '/workspace/app/backend/logs/app_20260527_161940.log')}
2026-05-27 16:35:47,730 - watchfiles.main - DEBUG - 1 change detected: {(<Change.modified: 2>, '/workspace/app/backend/logs/app_20260527_161940.log')}
2026-05-27 16:35:48,081 - watchfiles.main - DEBUG - 1 change detected: {(<Change.modified: 2>, '/workspace/app/backend/logs/app_20260527_161940.log')}
2026-05-27 16:35:48,434 - watchfiles.main - DEBUG - 1 change detected: {(<Change.modified: 2>, '/workspace/app/backend/logs/app_20260527_161940.log')}
2026-05-27 16:35:48,785 - watchfiles.main - DEBUG - 1 change detected: {(<Change.modified: 2>, '/workspace/app/backend/logs/app_20260527_161940.log')}
2026-05-27 16:35:49,136 - watchfiles.main - DEBUG - 1 change detected: {(<Change.modified: 2>, '/workspace/app/backend/logs/app_20260527_161940.log')}
2026-05-27 16:35:49,487 - watchfiles.main - DEBUG - 1 change detected: {(<Change.modified: 2>, '/workspace/app/backend/logs/app_20260527_161940.log')}
2026-05-27 16:35:49,838 - watchfiles.main - DEBUG - 1 change detected: {(<Change.modified: 2>, '/workspace/app/backend/logs/app_20260527_161940.log')}
2026-05-27 16:35:50,189 - watchfiles.main - DEBUG - 1 change detected: {(<Change.modified: 2>, '/workspace/app/backend/logs/app_20260527_161940.log')}
2026-05-27 16:35:50,540 - watchfiles.main - DEBUG - 1 change detected: {(<Change.modified: 2>, '/workspace/app/backend/logs/app_20260527_161940.log')}
2026-05-27 16:35:50,891 - watchfiles.main - DEBUG - 1 change detected: {(<Change.modified: 2>, '/workspace/app/backend/logs/app_20260527_161940.log')}
2026-05-27 16:35:51,242 - watchfiles.main - DEBUG - 1 change detected: {(<Change.modified: 2>, '/workspace/app/backend/logs/app_20260527_161940.log')}
2026-05-27 16:35:51,593 - watchfiles.main - DEBUG - 1 change detected: {(<Change.modified: 2>, '/workspace/app/backend/logs/app_20260527_161940.log')}
2026-05-27 16:35:51,944 - watchfiles.main - DEBUG - 1 change detected: {(<Change.modified: 2>, '/workspace/app/backend/logs/app_20260527_161940.log')}
2026-05-27 16:35:52,295 - watchfiles.main - DEBUG - 1 change detected: {(<Change.modified: 2>, '/workspace/app/backend/logs/app_20260527_161940.log')}
2026-05-27 16:35:52,646 - watchfiles.main - DEBUG - 1 change detected: {(<Change.modified: 2>, '/workspace/app/backend/logs/app_20260527_161940.log')}
2026-05-27 16:35:52,997 - watchfiles.main - DEBUG - 1 change detected: {(<Change.modified: 2>, '/workspace/app/backend/logs/app_20260527_161940.log')}
2026-05-27 16:35:53,348 - watchfiles.main - DEBUG - 1 change detected: {(<Change.modified: 2>, '/workspace/app/backend/logs/app_20260527_161940.log')}
2026-05-27 16:35:53,699 - watchfiles.main - DEBUG - 1 change detected: {(<Change.modified: 2>, '/workspace/app/backend/logs/app_20260527_161940.log')}
2026-05-27 16:35:54,050 - watchfiles.main - DEBUG - 1 change detected: {(<Change.modified: 2>, '/workspace/app/backend/logs/app_20260527_161940.log')}
2026-05-27 16:35:54,401 - watchfiles.main - DEBUG - 1 change detected: {(<Change.modified: 2>, '/workspace/app/backend/logs/app_20260527_161940.log')}
2026-05-27 16:35:54,752 - watchfiles.main - DEBUG - 1 change detected: {(<Change.modified: 2>, '/workspace/app/backend/logs/app_20260527_161940.log')}
2026-05-27 16:35:55,103 - watchfiles.main - DEBUG - 1 change detected: {(<Change.modified: 2>, '/workspace/app/backend/logs/app_20260527_161940.log')}
2026-05-27 16:35:55,454 - watchfiles.main - DEBUG - 1 change detected: {(<Change.modified: 2>, '/workspace/app/backend/logs/app_20260527_161940.log')}
2026-05-27 16:35:55,805 - watchfiles.main - DEBUG - 1 change detected: {(<Change.modified: 2>, '/workspace/app/backend/logs/app_20260527_161940.log')}
2026-05-27 16:35:56,156 - watchfiles.main - DEBUG - 1 change detected: {(<Change.modified: 2>, '/workspace/app/backend/logs/app_20260527_161940.log')}
2026-05-27 16:35:56,507 - watchfiles.main - DEBUG - 1 change detected: {(<Change.modified: 2>, '/workspace/app/backend/logs/app_20260527_161940.log')}
2026-05-27 16:35:56,858 - watchfiles.main - DEBUG - 1 change detected: {(<Change.modified: 2>, '/workspace/app/backend/logs/app_20260527_161940.log')}
2026-05-27 16:35:57,209 - watchfiles.main - DEBUG - 1 change detected: {(<Change.modified: 2>, '/workspace/app/backend/logs/app_20260527_161940.log')}
2026-05-27 16:35:57,560 - watchfiles.main - DEBUG - 1 change detected: {(<Change.modified: 2>, '/workspace/app/backend/logs/app_20260527_161940.log')}
2026-05-27 16:35:57,911 - watchfiles.main - DEBUG - 1 change detected: {(<Change.modified: 2>, '/workspace/app/backend/logs/app_20260527_161940.log')}
2026-05-27 16:35:58,262 - watchfiles.main - DEBUG - 1 change detected: {(<Change.modified: 2>, '/workspace/app/backend/logs/app_20260527_161940.log')}
2026-05-27 16:35:58,613 - watchfiles.main - DEBUG - 1 change detected: {(<Change.modified: 2>, '/workspace/app/backend/logs/app_20260527_161940.log')}
2026-05-27 16:35:58,964 - watchfiles.main - DEBUG - 1 change detected: {(<Change.modified: 2>, '/workspace/app/backend/logs/app_20260527_161940.log')}
2026-05-27 16:35:59,315 - watchfiles.main - DEBUG - 1 change detected: {(<Change.modified: 2>, '/workspace/app/backend/logs/app_20260527_161940.log')}
2026-05-27 16:35:59,666 - watchfiles.main - DEBUG - 1 change detected: {(<Change.modified: 2>, '/workspace/app/backend/logs/app_20260527_161940.log')}
2026-05-27 16:36:00,017 - watchfiles.main - DEBUG - 1 change detected: {(<Change.modified: 2>, '/workspace/app/backend/logs/app_20260527_161940.log')}
2026-05-27 16:36:00,369 - watchfiles.main - DEBUG - 1 change detected: {(<Change.modified: 2>, '/workspace/app/backend/logs/app_20260527_161940.log')}
2026-05-27 16:36:00,720 - watchfiles.main - DEBUG - 1 change detected: {(<Change.modified: 2>, '/workspace/app/backend/logs/app_20260527_161940.log')}
2026-05-27 16:36:01,071 - watchfiles.main - DEBUG - 1 change detected: {(<Change.modified: 2>, '/workspace/app/backend/logs/app_20260527_161940.log')}
2026-05-27 16:36:01,422 - watchfiles.main - DEBUG - 1 change detected: {(<Change.modified: 2>, '/workspace/app/backend/logs/app_20260527_161940.log')}
2026-05-27 16:36:01,773 - watchfiles.main - DEBUG - 1 change detected: {(<Change.modified: 2>, '/workspace/app/backend/logs/app_20260527_161940.log')}
2026-05-27 16:36:02,124 - watchfiles.main - DEBUG - 1 change detected: {(<Change.modified: 2>, '/workspace/app/backend/logs/app_20260527_161940.log')}
2026-05-27 16:36:02,475 - watchfiles.main - DEBUG - 1 change detected: {(<Change.modified: 2>, '/workspace/app/backend/logs/app_20260527_161940.log')}
2026-05-27 16:36:02,826 - watchfiles.main - DEBUG - 1 change detected: {(<Change.modified: 2>, '/workspace/app/backend/logs/app_20260527_161940.log')}
2026-05-27 16:36:03,177 - watchfiles.main - DEBUG - 1 change detected: {(<Change.modified: 2>, '/workspace/app/backend/logs/app_20260527_161940.log')}
2026-05-27 16:36:03,528 - watchfiles.main - DEBUG - 1 change detected: {(<Change.modified: 2>, '/workspace/app/backend/logs/app_20260527_161940.log')}
2026-05-27 16:36:03,879 - watchfiles.main - DEBUG - 1 change detected: {(<Change.modified: 2>, '/workspace/app/backend/logs/app_20260527_161940.log')}
2026-05-27 16:36:04,230 - watchfiles.main - DEBUG - 1 change detected: {(<Change.modified: 2>, '/workspace/app/backend/logs/app_20260527_161940.log')}
2026-05-27 16:36:04,581 - watchfiles.main - DEBUG - 1 change detected: {(<Change.modified: 2>, '/workspace/app/backend/logs/app_20260527_161940.log')}
2026-05-27 16:36:04,932 - watchfiles.main - DEBUG - 1 change detected: {(<Change.modified: 2>, '/workspace/app/backend/logs/app_20260527_161940.log')}
2026-05-27 16:36:05,283 - watchfiles.main - DEBUG - 1 change detected: {(<Change.modified: 2>, '/workspace/app/backend/logs/app_20260527_161940.log')}
2026-05-27 16:36:05,634 - watchfiles.main - DEBUG - 1 change detected: {(<Change.modified: 2>, '/workspace/app/backend/logs/app_20260527_161940.log')}
2026-05-27 16:36:05,985 - watchfiles.main - DEBUG - 1 change detected: {(<Change.modified: 2>, '/workspace/app/backend/logs/app_20260527_161940.log')}
2026-05-27 16:36:06,336 - watchfiles.main - DEBUG - 1 change detected: {(<Change.modified: 2>, '/workspace/app/backend/logs/app_20260527_161940.log')}
2026-05-27 16:36:06,687 - watchfiles.main - DEBUG - 1 change detected: {(<Change.modified: 2>, '/workspace/app/backend/logs/app_20260527_161940.log')}
2026-05-27 16:36:07,038 - watchfiles.main - DEBUG - 1 change detected: {(<Change.modified: 2>, '/workspace/app/backend/logs/app_20260527_161940.log')}
2026-05-27 16:36:07,388 - watchfiles.main - DEBUG - 1 change detected: {(<Change.modified: 2>, '/workspace/app/backend/logs/app_20260527_161940.log')}
2026-05-27 16:36:07,740 - watchfiles.main - DEBUG - 1 change detected: {(<Change.modified: 2>, '/workspace/app/backend/logs/app_20260527_161940.log')}
2026-05-27 16:36:08,091 - watchfiles.main - DEBUG - 1 change detected: {(<Change.modified: 2>, '/workspace/app/backend/logs/app_20260527_161940.log')}
2026-05-27 16:36:08,441 - watchfiles.main - DEBUG - 1 change detected: {(<Change.modified: 2>, '/workspace/app/backend/logs/app_20260527_161940.log')}
2026-05-27 16:36:08,792 - watchfiles.main - DEBUG - 1 change detected: {(<Change.modified: 2>, '/workspace/app/backend/logs/app_20260527_161940.log')}
2026-05-27 16:36:09,144 - watchfiles.main - DEBUG - 1 change detected: {(<Change.modified: 2>, '/workspace/app/backend/logs/app_20260527_161940.log')}
2026-05-27 16:36:09,495 - watchfiles.main - DEBUG - 1 change detected: {(<Change.modified: 2>, '/workspace/app/backend/logs/app_20260527_161940.log')}
2026-05-27 16:36:09,846 - watchfiles.main - DEBUG - 1 change detected: {(<Change.modified: 2>, '/workspace/app/backend/logs/app_20260527_161940.log')}
2026-05-27 16:36:10,197 - watchfiles.main - DEBUG - 1 change detected: {(<Change.modified: 2>, '/workspace/app/backend/logs/app_20260527_161940.log')}
2026-05-27 16:36:10,548 - watchfiles.main - DEBUG - 1 change detected: {(<Change.modified: 2>, '/workspace/app/backend/logs/app_20260527_161940.log')}
2026-05-27 16:36:10,899 - watchfiles.main - DEBUG - 1 change detected: {(<Change.modified: 2>, '/workspace/app/backend/logs/app_20260527_161940.log')}
2026-05-27 16:36:11,250 - watchfiles.main - DEBUG - 1 change detected: {(<Change.modified: 2>, '/workspace/app/backend/logs/app_20260527_161940.log')}
2026-05-27 16:36:11,601 - watchfiles.main - DEBUG - 1 change detected: {(<Change.modified: 2>, '/workspace/app/backend/logs/app_20260527_161940.log')}
2026-05-27 16:36:11,952 - watchfiles.main - DEBUG - 1 change detected: {(<Change.modified: 2>, '/workspace/app/backend/logs/app_20260527_161940.log')}
2026-05-27 16:36:12,303 - watchfiles.main - DEBUG - 1 change detected: {(<Change.modified: 2>, '/workspace/app/backend/logs/app_20260527_161940.log')}
2026-05-27 16:36:12,653 - watchfiles.main - DEBUG - 1 change detected: {(<Change.modified: 2>, '/workspace/app/backend/logs/app_20260527_161940.log')}
2026-05-27 16:36:13,004 - watchfiles.main - DEBUG - 1 change detected: {(<Change.modified: 2>, '/workspace/app/backend/logs/app_20260527_161940.log')}
2026-05-27 16:36:13,356 - watchfiles.main - DEBUG - 1 change detected: {(<Change.modified: 2>, '/workspace/app/backend/logs/app_20260527_161940.log')}
2026-05-27 16:36:13,706 - watchfiles.main - DEBUG - 1 change detected: {(<Change.modified: 2>, '/workspace/app/backend/logs/app_20260527_161940.log')}
2026-05-27 16:36:14,057 - watchfiles.main - DEBUG - 1 change detected: {(<Change.modified: 2>, '/workspace/app/backend/logs/app_20260527_161940.log')}
2026-05-27 16:36:14,408 - watchfiles.main - DEBUG - 1 change detected: {(<Change.modified: 2>, '/workspace/app/backend/logs/app_20260527_161940.log')}
2026-05-27 16:36:14,759 - watchfiles.main - DEBUG - 1 change detected: {(<Change.modified: 2>, '/workspace/app/backend/logs/app_20260527_161940.log')}
2026-05-27 16:36:15,110 - watchfiles.main - DEBUG - 1 change detected: {(<Change.modified: 2>, '/workspace/app/backend/logs/app_20260527_161940.log')}
2026-05-27 16:36:15,461 - watchfiles.main - DEBUG - 1 change detected: {(<Change.modified: 2>, '/workspace/app/backend/logs/app_20260527_161940.log')}
2026-05-27 16:36:15,812 - watchfiles.main - DEBUG - 1 change detected: {(<Change.modified: 2>, '/workspace/app/backend/logs/app_20260527_161940.log')}
2026-05-27 16:36:16,163 - watchfiles.main - DEBUG - 1 change detected: {(<Change.modified: 2>, '/workspace/app/backend/logs/app_20260527_161940.log')}
2026-05-27 16:36:16,515 - watchfiles.main - DEBUG - 1 change detected: {(<Change.modified: 2>, '/workspace/app/backend/logs/app_20260527_161940.log')}
2026-05-27 16:36:16,865 - watchfiles.main - DEBUG - 1 change detected: {(<Change.modified: 2>, '/workspace/app/backend/logs/app_20260527_161940.log')}
2026-05-27 16:36:17,216 - watchfiles.main - DEBUG - 1 change detected: {(<Change.modified: 2>, '/workspace/app/backend/logs/app_20260527_161940.log')}
2026-05-27 16:36:17,567 - watchfiles.main - DEBUG - 1 change detected: {(<Change.modified: 2>, '/workspace/app/backend/logs/app_20260527_161940.log')}
2026-05-27 16:36:17,919 - watchfiles.main - DEBUG - 1 change detected: {(<Change.modified: 2>, '/workspace/app/backend/logs/app_20260527_161940.log')}
2026-05-27 16:36:18,270 - watchfiles.main - DEBUG - 1 change detected: {(<Change.modified: 2>, '/workspace/app/backend/logs/app_20260527_161940.log')}
2026-05-27 16:36:18,621 - watchfiles.main - DEBUG - 1 change detected: {(<Change.modified: 2>, '/workspace/app/backend/logs/app_20260527_161940.log')}
2026-05-27 16:36:18,972 - watchfiles.main - DEBUG - 1 change detected: {(<Change.modified: 2>, '/workspace/app/backend/logs/app_20260527_161940.log')}
2026-05-27 16:36:19,323 - watchfiles.main - DEBUG - 1 change detected: {(<Change.modified: 2>, '/workspace/app/backend/logs/app_20260527_161940.log')}
2026-05-27 16:36:19,674 - watchfiles.main - DEBUG - 1 change detected: {(<Change.modified: 2>, '/workspace/app/backend/logs/app_20260527_161940.log')}
2026-05-27 16:36:20,025 - watchfiles.main - DEBUG - 1 change detected: {(<Change.modified: 2>, '/workspace/app/backend/logs/app_20260527_161940.log')}
2026-05-27 16:36:20,376 - watchfiles.main - DEBUG - 1 change detected: {(<Change.modified: 2>, '/workspace/app/backend/logs/app_20260527_161940.log')}
2026-05-27 16:36:20,727 - watchfiles.main - DEBUG - 1 change detected: {(<Change.modified: 2>, '/workspace/app/backend/logs/app_20260527_161940.log')}
2026-05-27 16:36:21,078 - watchfiles.main - DEBUG - 1 change detected: {(<Change.modified: 2>, '/workspace/app/backend/logs/app_20260527_161940.log')}
2026-05-27 16:36:21,429 - watchfiles.main - DEBUG - 1 change detected: {(<Change.modified: 2>, '/workspace/app/backend/logs/app_20260527_161940.log')}
2026-05-27 16:36:21,780 - watchfiles.main - DEBUG - 1 change detected: {(<Change.modified: 2>, '/workspace/app/backend/logs/app_20260527_161940.log')}
2026-05-27 16:36:22,130 - watchfiles.main - DEBUG - 1 change detected: {(<Change.modified: 2>, '/workspace/app/backend/logs/app_20260527_161940.log')}
2026-05-27 16:36:22,482 - watchfiles.main - DEBUG - 1 change detected: {(<Change.modified: 2>, '/workspace/app/backend/logs/app_20260527_161940.log')}
2026-05-27 16:36:22,833 - watchfiles.main - DEBUG - 1 change detected: {(<Change.modified: 2>, '/workspace/app/backend/logs/app_20260527_161940.log')}
2026-05-27 16:36:23,184 - watchfiles.main - DEBUG - 1 change detected: {(<Change.modified: 2>, '/workspace/app/backend/logs/app_20260527_161940.log')}
2026-05-27 16:36:23,535 - watchfiles.main - DEBUG - 1 change detected: {(<Change.modified: 2>, '/workspace/app/backend/logs/app_20260527_161940.log')}
2026-05-27 16:36:23,886 - watchfiles.main - DEBUG - 1 change detected: {(<Change.modified: 2>, '/workspace/app/backend/logs/app_20260527_161940.log')}
2026-05-27 16:36:24,236 - watchfiles.main - DEBUG - 1 change detected: {(<Change.modified: 2>, '/workspace/app/backend/logs/app_20260527_161940.log')}
2026-05-27 16:36:24,588 - watchfiles.main - DEBUG - 1 change detected: {(<Change.modified: 2>, '/workspace/app/backend/logs/app_20260527_161940.log')}
2026-05-27 16:36:24,939 - watchfiles.main - DEBUG - 1 change detected: {(<Change.modified: 2>, '/workspace/app/backend/logs/app_20260527_161940.log')}
2026-05-27 16:36:25,289 - watchfiles.main - DEBUG - 1 change detected: {(<Change.modified: 2>, '/workspace/app/backend/logs/app_20260527_161940.log')}
2026-05-27 16:36:25,640 - watchfiles.main - DEBUG - 1 change detected: {(<Change.modified: 2>, '/workspace/app/backend/logs/app_20260527_161940.log')}
2026-05-27 16:36:25,991 - watchfiles.main - DEBUG - 1 change detected: {(<Change.modified: 2>, '/workspace/app/backend/logs/app_20260527_161940.log')}
2026-05-27 16:36:26,342 - watchfiles.main - DEBUG - 1 change detected: {(<Change.modified: 2>, '/workspace/app/backend/logs/app_20260527_161940.log')}
2026-05-27 16:36:26,693 - watchfiles.main - DEBUG - 1 change detected: {(<Change.modified: 2>, '/workspace/app/backend/logs/app_20260527_161940.log')}
2026-05-27 16:36:27,044 - watchfiles.main - DEBUG - 1 change detected: {(<Change.modified: 2>, '/workspace/app/backend/logs/app_20260527_161940.log')}
2026-05-27 16:36:27,395 - watchfiles.main - DEBUG - 1 change detected: {(<Change.modified: 2>, '/workspace/app/backend/logs/app_20260527_161940.log')}
2026-05-27 16:36:27,746 - watchfiles.main - DEBUG - 1 change detected: {(<Change.modified: 2>, '/workspace/app/backend/logs/app_20260527_161940.log')}
2026-05-27 16:36:28,097 - watchfiles.main - DEBUG - 1 change detected: {(<Change.modified: 2>, '/workspace/app/backend/logs/app_20260527_161940.log')}
2026-05-27 16:36:28,448 - watchfiles.main - DEBUG - 1 change detected: {(<Change.modified: 2>, '/workspace/app/backend/logs/app_20260527_161940.log')}
2026-05-27 16:36:28,799 - watchfiles.main - DEBUG - 1 change detected: {(<Change.modified: 2>, '/workspace/app/backend/logs/app_20260527_161940.log')}
2026-05-27 16:36:29,150 - watchfiles.main - DEBUG - 1 change detected: {(<Change.modified: 2>, '/workspace/app/backend/logs/app_20260527_161940.log')}
2026-05-27 16:36:29,501 - watchfiles.main - DEBUG - 1 change detected: {(<Change.modified: 2>, '/workspace/app/backend/logs/app_20260527_161940.log')}
2026-05-27 16:36:29,852 - watchfiles.main - DEBUG - 1 change detected: {(<Change.modified: 2>, '/workspace/app/backend/logs/app_20260527_161940.log')}
2026-05-27 16:36:30,203 - watchfiles.main - DEBUG - 1 change detected: {(<Change.modified: 2>, '/workspace/app/backend/logs/app_20260527_161940.log')}
2026-05-27 16:36:30,554 - watchfiles.main - DEBUG - 1 change detected: {(<Change.modified: 2>, '/workspace/app/backend/logs/app_20260527_161940.log')}
2026-05-27 16:36:30,905 - watchfiles.main - DEBUG - 1 change detected: {(<Change.modified: 2>, '/workspace/app/backend/logs/app_20260527_161940.log')}
2026-05-27 16:36:31,256 - watchfiles.main - DEBUG - 1 change detected: {(<Change.modified: 2>, '/workspace/app/backend/logs/app_20260527_161940.log')}
2026-05-27 16:36:31,607 - watchfiles.main - DEBUG - 1 change detected: {(<Change.modified: 2>, '/workspace/app/backend/logs/app_20260527_161940.log')}
2026-05-27 16:36:31,958 - watchfiles.main - DEBUG - 1 change detected: {(<Change.modified: 2>, '/workspace/app/backend/logs/app_20260527_161940.log')}
2026-05-27 16:36:32,309 - watchfiles.main - DEBUG - 1 change detected: {(<Change.modified: 2>, '/workspace/app/backend/logs/app_20260527_161940.log')}
2026-05-27 16:36:32,660 - watchfiles.main - DEBUG - 1 change detected: {(<Change.modified: 2>, '/workspace/app/backend/logs/app_20260527_161940.log')}
2026-05-27 16:36:33,011 - watchfiles.main - DEBUG - 1 change detected: {(<Change.modified: 2>, '/workspace/app/backend/logs/app_20260527_161940.log')}
2026-05-27 16:36:33,362 - watchfiles.main - DEBUG - 1 change detected: {(<Change.modified: 2>, '/workspace/app/backend/logs/app_20260527_161940.log')}
2026-05-27 16:36:33,713 - watchfiles.main - DEBUG - 1 change detected: {(<Change.modified: 2>, '/workspace/app/backend/logs/app_20260527_161940.log')}
2026-05-27 16:36:34,064 - watchfiles.main - DEBUG - 1 change detected: {(<Change.modified: 2>, '/workspace/app/backend/logs/app_20260527_161940.log')}
2026-05-27 16:36:34,415 - watchfiles.main - DEBUG - 1 change detected: {(<Change.modified: 2>, '/workspace/app/backend/logs/app_20260527_161940.log')}
2026-05-27 16:36:34,766 - watchfiles.main - DEBUG - 1 change detected: {(<Change.modified: 2>, '/workspace/app/backend/logs/app_20260527_161940.log')}
2026-05-27 16:36:35,117 - watchfiles.main - DEBUG - 1 change detected: {(<Change.modified: 2>, '/workspace/app/backend/logs/app_20260527_161940.log')}
2026-05-27 16:36:35,468 - watchfiles.main - DEBUG - 1 change detected: {(<Change.modified: 2>, '/workspace/app/backend/logs/app_20260527_161940.log')}
2026-05-27 16:36:35,819 - watchfiles.main - DEBUG - 1 change detected: {(<Change.modified: 2>, '/workspace/app/backend/logs/app_20260527_161940.log')}
2026-05-27 16:36:36,170 - watchfiles.main - DEBUG - 1 change detected: {(<Change.modified: 2>, '/workspace/app/backend/logs/app_20260527_161940.log')}
2026-05-27 16:36:36,520 - watchfiles.main - DEBUG - 1 change detected: {(<Change.modified: 2>, '/workspace/app/backend/logs/app_20260527_161940.log')}
2026-05-27 16:36:36,872 - watchfiles.main - DEBUG - 1 change detected: {(<Change.modified: 2>, '/workspace/app/backend/logs/app_20260527_161940.log')}
2026-05-27 16:36:37,223 - watchfiles.main - DEBUG - 1 change detected: {(<Change.modified: 2>, '/workspace/app/backend/logs/app_20260527_161940.log')}
2026-05-27 16:36:37,574 - watchfiles.main - DEBUG - 1 change detected: {(<Change.modified: 2>, '/workspace/app/backend/logs/app_20260527_161940.log')}
2026-05-27 16:36:37,925 - watchfiles.main - DEBUG - 1 change detected: {(<Change.modified: 2>, '/workspace/app/backend/logs/app_20260527_161940.log')}
2026-05-27 16:36:38,276 - watchfiles.main - DEBUG - 1 change detected: {(<Change.modified: 2>, '/workspace/app/backend/logs/app_20260527_161940.log')}
2026-05-27 16:36:38,627 - watchfiles.main - DEBUG - 1 change detected: {(<Change.modified: 2>, '/workspace/app/backend/logs/app_20260527_161940.log')}
2026-05-27 16:36:38,978 - watchfiles.main - DEBUG - 1 change detected: {(<Change.modified: 2>, '/workspace/app/backend/logs/app_20260527_161940.log')}
2026-05-27 16:36:39,329 - watchfiles.main - DEBUG - 1 change detected: {(<Change.modified: 2>, '/workspace/app/backend/logs/app_20260527_161940.log')}
2026-05-27 16:36:39,680 - watchfiles.main - DEBUG - 1 change detected: {(<Change.modified: 2>, '/workspace/app/backend/logs/app_20260527_161940.log')}
2026-05-27 16:36:40,031 - watchfiles.main - DEBUG - 1 change detected: {(<Change.modified: 2>, '/workspace/app/backend/logs/app_20260527_161940.log')}
2026-05-27 16:36:40,382 - watchfiles.main - DEBUG - 1 change detected: {(<Change.modified: 2>, '/workspace/app/backend/logs/app_20260527_161940.log')}
2026-05-27 16:36:40,733 - watchfiles.main - DEBUG - 1 change detected: {(<Change.modified: 2>, '/workspace/app/backend/logs/app_20260527_161940.log')}
2026-05-27 16:36:41,084 - watchfiles.main - DEBUG - 1 change detected: {(<Change.modified: 2>, '/workspace/app/backend/logs/app_20260527_161940.log')}
2026-05-27 16:36:41,435 - watchfiles.main - DEBUG - 1 change detected: {(<Change.modified: 2>, '/workspace/app/backend/logs/app_20260527_161940.log')}
2026-05-27 16:36:41,786 - watchfiles.main - DEBUG - 1 change detected: {(<Change.modified: 2>, '/workspace/app/backend/logs/app_20260527_161940.log')}
2026-05-27 16:36:42,137 - watchfiles.main - DEBUG - 1 change detected: {(<Change.modified: 2>, '/workspace/app/backend/logs/app_20260527_161940.log')}
2026-05-27 16:36:42,488 - watchfiles.main - DEBUG - 1 change detected: {(<Change.modified: 2>, '/workspace/app/backend/logs/app_20260527_161940.log')}
2026-05-27 16:36:42,839 - watchfiles.main - DEBUG - 1 change detected: {(<Change.modified: 2>, '/workspace/app/backend/logs/app_20260527_161940.log')}
2026-05-27 16:36:43,191 - watchfiles.main - DEBUG - 1 change detected: {(<Change.modified: 2>, '/workspace/app/backend/logs/app_20260527_161940.log')}
2026-05-27 16:36:43,542 - watchfiles.main - DEBUG - 1 change detected: {(<Change.modified: 2>, '/workspace/app/backend/logs/app_20260527_161940.log')}
2026-05-27 16:36:43,893 - watchfiles.main - DEBUG - 1 change detected: {(<Change.modified: 2>, '/workspace/app/backend/logs/app_20260527_161940.log')}
2026-05-27 16:36:44,244 - watchfiles.main - DEBUG - 1 change detected: {(<Change.modified: 2>, '/workspace/app/backend/logs/app_20260527_161940.log')}
2026-05-27 16:36:44,595 - watchfiles.main - DEBUG - 1 change detected: {(<Change.modified: 2>, '/workspace/app/backend/logs/app_20260527_161940.log')}
2026-05-27 16:36:44,946 - watchfiles.main - DEBUG - 1 change detected: {(<Change.modified: 2>, '/workspace/app/backend/logs/app_20260527_161940.log')}
2026-05-27 16:36:45,297 - watchfiles.main - DEBUG - 1 change detected: {(<Change.modified: 2>, '/workspace/app/backend/logs/app_20260527_161940.log')}
2026-05-27 16:36:45,648 - watchfiles.main - DEBUG - 1 change detected: {(<Change.modified: 2>, '/workspace/app/backend/logs/app_20260527_161940.log')}
2026-05-27 16:36:45,999 - watchfiles.main - DEBUG - 1 change detected: {(<Change.modified: 2>, '/workspace/app/backend/logs/app_20260527_161940.log')}
2026-05-27 16:36:46,350 - watchfiles.main - DEBUG - 1 change detected: {(<Change.modified: 2>, '/workspace/app/backend/logs/app_20260527_161940.log')}
2026-05-27 16:36:46,701 - watchfiles.main - DEBUG - 1 change detected: {(<Change.modified: 2>, '/workspace/app/backend/logs/app_20260527_161940.log')}
2026-05-27 16:36:47,052 - watchfiles.main - DEBUG - 1 change detected: {(<Change.modified: 2>, '/workspace/app/backend/logs/app_20260527_161940.log')}
2026-05-27 16:36:47,402 - watchfiles.main - DEBUG - 1 change detected: {(<Change.modified: 2>, '/workspace/app/backend/logs/app_20260527_161940.log')}
2026-05-27 16:36:47,753 - watchfiles.main - DEBUG - 1 change detected: {(<Change.modified: 2>, '/workspace/app/backend/logs/app_20260527_161940.log')}
2026-05-27 16:36:48,104 - watchfiles.main - DEBUG - 1 change detected: {(<Change.modified: 2>, '/workspace/app/backend/logs/app_20260527_161940.log')}
2026-05-27 16:36:48,455 - watchfiles.main - DEBUG - 1 change detected: {(<Change.modified: 2>, '/workspace/app/backend/logs/app_20260527_161940.log')}
2026-05-27 16:36:48,806 - watchfiles.main - DEBUG - 1 change detected: {(<Change.modified: 2>, '/workspace/app/backend/logs/app_20260527_161940.log')}
2026-05-27 16:36:49,157 - watchfiles.main - DEBUG - 1 change detected: {(<Change.modified: 2>, '/workspace/app/backend/logs/app_20260527_161940.log')}
2026-05-27 16:36:49,508 - watchfiles.main - DEBUG - 1 change detected: {(<Change.modified: 2>, '/workspace/app/backend/logs/app_20260527_161940.log')}
2026-05-27 16:36:49,859 - watchfiles.main - DEBUG - 1 change detected: {(<Change.modified: 2>, '/workspace/app/backend/logs/app_20260527_161940.log')}
2026-05-27 16:36:50,210 - watchfiles.main - DEBUG - 1 change detected: {(<Change.modified: 2>, '/workspace/app/backend/logs/app_20260527_161940.log')}
2026-05-27 16:36:50,561 - watchfiles.main - DEBUG - 1 change detected: {(<Change.modified: 2>, '/workspace/app/backend/logs/app_20260527_161940.log')}
2026-05-27 16:36:50,912 - watchfiles.main - DEBUG - 1 change detected: {(<Change.modified: 2>, '/workspace/app/backend/logs/app_20260527_161940.log')}
2026-05-27 16:36:51,263 - watchfiles.main - DEBUG - 1 change detected: {(<Change.modified: 2>, '/workspace/app/backend/logs/app_20260527_161940.log')}
2026-05-27 16:36:51,614 - watchfiles.main - DEBUG - 1 change detected: {(<Change.modified: 2>, '/workspace/app/backend/logs/app_20260527_161940.log')}
2026-05-27 16:36:51,965 - watchfiles.main - DEBUG - 1 change detected: {(<Change.modified: 2>, '/workspace/app/backend/logs/app_20260527_161940.log')}
2026-05-27 16:36:52,316 - watchfiles.main - DEBUG - 1 change detected: {(<Change.modified: 2>, '/workspace/app/backend/logs/app_20260527_161940.log')}
2026-05-27 16:36:52,667 - watchfiles.main - DEBUG - 1 change detected: {(<Change.modified: 2>, '/workspace/app/backend/logs/app_20260527_161940.log')}
2026-05-27 16:36:53,018 - watchfiles.main - DEBUG - 1 change detected: {(<Change.modified: 2>, '/workspace/app/backend/logs/app_20260527_161940.log')}
2026-05-27 16:36:53,369 - watchfiles.main - DEBUG - 1 change detected: {(<Change.modified: 2>, '/workspace/app/backend/logs/app_20260527_161940.log')}
2026-05-27 16:36:53,720 - watchfiles.main - DEBUG - 1 change detected: {(<Change.modified: 2>, '/workspace/app/backend/logs/app_20260527_161940.log')}
2026-05-27 16:36:54,071 - watchfiles.main - DEBUG - 1 change detected: {(<Change.modified: 2>, '/workspace/app/backend/logs/app_20260527_161940.log')}
2026-05-27 16:36:54,422 - watchfiles.main - DEBUG - 1 change detected: {(<Change.modified: 2>, '/workspace/app/backend/logs/app_20260527_161940.log')}
2026-05-27 16:36:54,773 - watchfiles.main - DEBUG - 1 change detected: {(<Change.modified: 2>, '/workspace/app/backend/logs/app_20260527_161940.log')}
2026-05-27 16:36:55,124 - watchfiles.main - DEBUG - 1 change detected: {(<Change.modified: 2>, '/workspace/app/backend/logs/app_20260527_161940.log')}
2026-05-27 16:36:55,475 - watchfiles.main - DEBUG - 1 change detected: {(<Change.modified: 2>, '/workspace/app/backend/logs/app_20260527_161940.log')}
2026-05-27 16:36:55,826 - watchfiles.main - DEBUG - 1 change detected: {(<Change.modified: 2>, '/workspace/app/backend/logs/app_20260527_161940.log')}
2026-05-27 16:36:56,177 - watchfiles.main - DEBUG - 1 change detected: {(<Change.modified: 2>, '/workspace/app/backend/logs/app_20260527_161940.log')}
2026-05-27 16:36:56,528 - watchfiles.main - DEBUG - 1 change detected: {(<Change.modified: 2>, '/workspace/app/backend/logs/app_20260527_161940.log')}
2026-05-27 16:36:56,879 - watchfiles.main - DEBUG - 1 change detected: {(<Change.modified: 2>, '/workspace/app/backend/logs/app_20260527_161940.log')}
2026-05-27 16:36:57,230 - watchfiles.main - DEBUG - 1 change detected: {(<Change.modified: 2>, '/workspace/app/backend/logs/app_20260527_161940.log')}
2026-05-27 16:36:57,581 - watchfiles.main - DEBUG - 1 change detected: {(<Change.modified: 2>, '/workspace/app/backend/logs/app_20260527_161940.log')}
2026-05-27 16:36:57,932 - watchfiles.main - DEBUG - 1 change detected: {(<Change.modified: 2>, '/workspace/app/backend/logs/app_20260527_161940.log')}
2026-05-27 16:36:58,283 - watchfiles.main - DEBUG - 1 change detected: {(<Change.modified: 2>, '/workspace/app/backend/logs/app_20260527_161940.log')}
2026-05-27 16:36:58,634 - watchfiles.main - DEBUG - 1 change detected: {(<Change.modified: 2>, '/workspace/app/backend/logs/app_20260527_161940.log')}
2026-05-27 16:36:58,985 - watchfiles.main - DEBUG - 1 change detected: {(<Change.modified: 2>, '/workspace/app/backend/logs/app_20260527_161940.log')}
2026-05-27 16:36:59,336 - watchfiles.main - DEBUG - 1 change detected: {(<Change.modified: 2>, '/workspace/app/backend/logs/app_20260527_161940.log')}
2026-05-27 16:36:59,687 - watchfiles.main - DEBUG - 1 change detected: {(<Change.modified: 2>, '/workspace/app/backend/logs/app_20260527_161940.log')}
2026-05-27 16:37:00,038 - watchfiles.main - DEBUG - 1 change detected: {(<Change.modified: 2>, '/workspace/app/backend/logs/app_20260527_161940.log')}
2026-05-27 16:37:00,389 - watchfiles.main - DEBUG - 1 change detected: {(<Change.modified: 2>, '/workspace/app/backend/logs/app_20260527_161940.log')}
2026-05-27 16:37:00,740 - watchfiles.main - DEBUG - 1 change detected: {(<Change.modified: 2>, '/workspace/app/backend/logs/app_20260527_161940.log')}
2026-05-27 16:37:01,092 - watchfiles.main - DEBUG - 1 change detected: {(<Change.modified: 2>, '/workspace/app/backend/logs/app_20260527_161940.log')}
2026-05-27 16:37:01,443 - watchfiles.main - DEBUG - 1 change detected: {(<Change.modified: 2>, '/workspace/app/backend/logs/app_20260527_161940.log')}
2026-05-27 16:37:01,794 - watchfiles.main - DEBUG - 2 changes detected: {(<Change.modified: 2>, '/workspace/app/backend/logs/app_20260527_161942.log'), (<Change.modified: 2>, '/workspace/app/backend/logs/app_20260527_161940.log')}
2026-05-27 16:37:02,145 - watchfiles.main - DEBUG - 2 changes detected: {(<Change.modified: 2>, '/workspace/app/backend/logs/app_20260527_161942.log'), (<Change.modified: 2>, '/workspace/app/backend/logs/app_20260527_161940.log')}
2026-05-27 16:37:02,496 - watchfiles.main - DEBUG - 1 change detected: {(<Change.modified: 2>, '/workspace/app/backend/logs/app_20260527_161940.log')}
2026-05-27 16:37:02,847 - watchfiles.main - DEBUG - 1 change detected: {(<Change.modified: 2>, '/workspace/app/backend/logs/app_20260527_161940.log')}
2026-05-27 16:37:03,198 - watchfiles.main - DEBUG - 1 change detected: {(<Change.modified: 2>, '/workspace/app/backend/logs/app_20260527_161940.log')}
2026-05-27 16:37:03,549 - watchfiles.main - DEBUG - 1 change detected: {(<Change.modified: 2>, '/workspace/app/backend/logs/app_20260527_161940.log')}
2026-05-27 16:37:03,900 - watchfiles.main - DEBUG - 1 change detected: {(<Change.modified: 2>, '/workspace/app/backend/logs/app_20260527_161940.log')}
2026-05-27 16:37:04,251 - watchfiles.main - DEBUG - 1 change detected: {(<Change.modified: 2>, '/workspace/app/backend/logs/app_20260527_161940.log')}
2026-05-27 16:37:04,603 - watchfiles.main - DEBUG - 1 change detected: {(<Change.modified: 2>, '/workspace/app/backend/logs/app_20260527_161940.log')}
2026-05-27 16:37:04,954 - watchfiles.main - DEBUG - 2 changes detected: {(<Change.modified: 2>, '/workspace/app/backend/logs/app_20260527_161942.log'), (<Change.modified: 2>, '/workspace/app/backend/logs/app_20260527_161940.log')}
2026-05-27 16:37:05,305 - watchfiles.main - DEBUG - 2 changes detected: {(<Change.modified: 2>, '/workspace/app/backend/logs/app_20260527_161942.log'), (<Change.modified: 2>, '/workspace/app/backend/logs/app_20260527_161940.log')}
2026-05-27 16:37:05,655 - watchfiles.main - DEBUG - 1 change detected: {(<Change.modified: 2>, '/workspace/app/backend/logs/app_20260527_161940.log')}
2026-05-27 16:37:06,006 - watchfiles.main - DEBUG - 2 changes detected: {(<Change.modified: 2>, '/workspace/app/backend/logs/app_20260527_161942.log'), (<Change.modified: 2>, '/workspace/app/backend/logs/app_20260527_161940.log')}
2026-05-27 16:37:06,408 - watchfiles.main - DEBUG - 2 changes detected: {(<Change.modified: 2>, '/workspace/app/backend/logs/app_20260527_161942.log'), (<Change.modified: 2>, '/workspace/app/backend/logs/app_20260527_161940.log')}
2026-05-27 16:37:06,759 - watchfiles.main - DEBUG - 2 changes detected: {(<Change.modified: 2>, '/workspace/app/backend/logs/app_20260527_161942.log'), (<Change.modified: 2>, '/workspace/app/backend/logs/app_20260527_161940.log')}
2026-05-27 16:37:07,112 - watchfiles.main - DEBUG - 2 changes detected: {(<Change.modified: 2>, '/workspace/app/backend/logs/app_20260527_161942.log'), (<Change.modified: 2>, '/workspace/app/backend/logs/app_20260527_161940.log')}
2026-05-27 16:37:07,463 - watchfiles.main - DEBUG - 2 changes detected: {(<Change.modified: 2>, '/workspace/app/backend/logs/app_20260527_161942.log'), (<Change.modified: 2>, '/workspace/app/backend/logs/app_20260527_161940.log')}
2026-05-27 16:37:07,814 - watchfiles.main - DEBUG - 2 changes detected: {(<Change.modified: 2>, '/workspace/app/backend/logs/app_20260527_161942.log'), (<Change.modified: 2>, '/workspace/app/backend/logs/app_20260527_161940.log')}
2026-05-27 16:37:08,165 - watchfiles.main - DEBUG - 1 change detected: {(<Change.modified: 2>, '/workspace/app/backend/logs/app_20260527_161940.log')}
2026-05-27 16:37:08,516 - watchfiles.main - DEBUG - 1 change detected: {(<Change.modified: 2>, '/workspace/app/backend/logs/app_20260527_161940.log')}
2026-05-27 16:37:08,867 - watchfiles.main - DEBUG - 1 change detected: {(<Change.modified: 2>, '/workspace/app/backend/logs/app_20260527_161940.log')}
2026-05-27 16:37:09,218 - watchfiles.main - DEBUG - 1 change detected: {(<Change.modified: 2>, '/workspace/app/backend/logs/app_20260527_161940.log')}
2026-05-27 16:37:09,569 - watchfiles.main - DEBUG - 1 change detected: {(<Change.modified: 2>, '/workspace/app/backend/logs/app_20260527_161940.log')}
2026-05-27 16:37:09,920 - watchfiles.main - DEBUG - 1 change detected: {(<Change.modified: 2>, '/workspace/app/backend/logs/app_20260527_161940.log')}
2026-05-27 16:37:10,271 - watchfiles.main - DEBUG - 1 change detected: {(<Change.modified: 2>, '/workspace/app/backend/logs/app_20260527_161940.log')}
2026-05-27 16:37:10,622 - watchfiles.main - DEBUG - 1 change detected: {(<Change.modified: 2>, '/workspace/app/backend/logs/app_20260527_161940.log')}
2026-05-27 16:37:10,973 - watchfiles.main - DEBUG - 1 change detected: {(<Change.modified: 2>, '/workspace/app/backend/logs/app_20260527_161940.log')}
2026-05-27 16:37:11,324 - watchfiles.main - DEBUG - 1 change detected: {(<Change.modified: 2>, '/workspace/app/backend/logs/app_20260527_161940.log')}
2026-05-27 16:37:11,675 - watchfiles.main - DEBUG - 1 change detected: {(<Change.modified: 2>, '/workspace/app/backend/logs/app_20260527_161940.log')}
2026-05-27 16:37:12,026 - watchfiles.main - DEBUG - 1 change detected: {(<Change.modified: 2>, '/workspace/app/backend/logs/app_20260527_161940.log')}
2026-05-27 16:37:12,377 - watchfiles.main - DEBUG - 1 change detected: {(<Change.modified: 2>, '/workspace/app/backend/logs/app_20260527_161940.log')}
2026-05-27 16:37:12,728 - watchfiles.main - DEBUG - 1 change detected: {(<Change.modified: 2>, '/workspace/app/backend/logs/app_20260527_161940.log')}
2026-05-27 16:37:13,079 - watchfiles.main - DEBUG - 1 change detected: {(<Change.modified: 2>, '/workspace/app/backend/logs/app_20260527_161940.log')}
2026-05-27 16:37:13,430 - watchfiles.main - DEBUG - 1 change detected: {(<Change.modified: 2>, '/workspace/app/backend/logs/app_20260527_161940.log')}
2026-05-27 16:37:13,781 - watchfiles.main - DEBUG - 1 change detected: {(<Change.modified: 2>, '/workspace/app/backend/logs/app_20260527_161940.log')}
2026-05-27 16:37:14,132 - watchfiles.main - DEBUG - 1 change detected: {(<Change.modified: 2>, '/workspace/app/backend/logs/app_20260527_161940.log')}
2026-05-27 16:37:14,484 - watchfiles.main - DEBUG - 1 change detected: {(<Change.modified: 2>, '/workspace/app/backend/logs/app_20260527_161940.log')}
2026-05-27 16:37:14,837 - watchfiles.main - DEBUG - 1 change detected: {(<Change.modified: 2>, '/workspace/app/backend/logs/app_20260527_161940.log')}
2026-05-27 16:37:15,188 - watchfiles.main - DEBUG - 1 change detected: {(<Change.modified: 2>, '/workspace/app/backend/logs/app_20260527_161940.log')}
2026-05-27 16:37:15,539 - watchfiles.main - DEBUG - 1 change detected: {(<Change.modified: 2>, '/workspace/app/backend/logs/app_20260527_161940.log')}
2026-05-27 16:37:15,890 - watchfiles.main - DEBUG - 1 change detected: {(<Change.modified: 2>, '/workspace/app/backend/logs/app_20260527_161940.log')}
2026-05-27 16:37:16,241 - watchfiles.main - DEBUG - 1 change detected: {(<Change.modified: 2>, '/workspace/app/backend/logs/app_20260527_161940.log')}
2026-05-27 16:37:16,592 - watchfiles.main - DEBUG - 1 change detected: {(<Change.modified: 2>, '/workspace/app/backend/logs/app_20260527_161940.log')}
2026-05-27 16:37:16,943 - watchfiles.main - DEBUG - 1 change detected: {(<Change.modified: 2>, '/workspace/app/backend/logs/app_20260527_161940.log')}
2026-05-27 16:37:17,294 - watchfiles.main - DEBUG - 1 change detected: {(<Change.modified: 2>, '/workspace/app/backend/logs/app_20260527_161940.log')}
2026-05-27 16:37:17,645 - watchfiles.main - DEBUG - 1 change detected: {(<Change.modified: 2>, '/workspace/app/backend/logs/app_20260527_161940.log')}
2026-05-27 16:37:17,996 - watchfiles.main - DEBUG - 1 change detected: {(<Change.modified: 2>, '/workspace/app/backend/logs/app_20260527_161940.log')}
2026-05-27 16:37:18,347 - watchfiles.main - DEBUG - 1 change detected: {(<Change.modified: 2>, '/workspace/app/backend/logs/app_20260527_161940.log')}
2026-05-27 16:37:18,698 - watchfiles.main - DEBUG - 1 change detected: {(<Change.modified: 2>, '/workspace/app/backend/logs/app_20260527_161940.log')}
2026-05-27 16:37:19,049 - watchfiles.main - DEBUG - 1 change detected: {(<Change.modified: 2>, '/workspace/app/backend/logs/app_20260527_161940.log')}
2026-05-27 16:37:19,400 - watchfiles.main - DEBUG - 1 change detected: {(<Change.modified: 2>, '/workspace/app/backend/logs/app_20260527_161940.log')}
2026-05-27 16:37:19,751 - watchfiles.main - DEBUG - 1 change detected: {(<Change.modified: 2>, '/workspace/app/backend/logs/app_20260527_161940.log')}
2026-05-27 16:37:20,102 - watchfiles.main - DEBUG - 1 change detected: {(<Change.modified: 2>, '/workspace/app/backend/logs/app_20260527_161940.log')}
2026-05-27 16:37:20,452 - watchfiles.main - DEBUG - 1 change detected: {(<Change.modified: 2>, '/workspace/app/backend/logs/app_20260527_161940.log')}
2026-05-27 16:37:20,804 - watchfiles.main - DEBUG - 1 change detected: {(<Change.modified: 2>, '/workspace/app/backend/logs/app_20260527_161940.log')}
2026-05-27 16:37:21,154 - watchfiles.main - DEBUG - 1 change detected: {(<Change.modified: 2>, '/workspace/app/backend/logs/app_20260527_161940.log')}
2026-05-27 16:37:21,505 - watchfiles.main - DEBUG - 1 change detected: {(<Change.modified: 2>, '/workspace/app/backend/logs/app_20260527_161940.log')}
2026-05-27 16:37:21,856 - watchfiles.main - DEBUG - 1 change detected: {(<Change.modified: 2>, '/workspace/app/backend/logs/app_20260527_161940.log')}
2026-05-27 16:37:22,207 - watchfiles.main - DEBUG - 1 change detected: {(<Change.modified: 2>, '/workspace/app/backend/logs/app_20260527_161940.log')}
2026-05-27 16:37:22,558 - watchfiles.main - DEBUG - 1 change detected: {(<Change.modified: 2>, '/workspace/app/backend/logs/app_20260527_161940.log')}
2026-05-27 16:37:22,909 - watchfiles.main - DEBUG - 1 change detected: {(<Change.modified: 2>, '/workspace/app/backend/logs/app_20260527_161940.log')}
2026-05-27 16:37:23,260 - watchfiles.main - DEBUG - 1 change detected: {(<Change.modified: 2>, '/workspace/app/backend/logs/app_20260527_161940.log')}
2026-05-27 16:37:23,611 - watchfiles.main - DEBUG - 1 change detected: {(<Change.modified: 2>, '/workspace/app/backend/logs/app_20260527_161940.log')}
2026-05-27 16:37:23,962 - watchfiles.main - DEBUG - 1 change detected: {(<Change.modified: 2>, '/workspace/app/backend/logs/app_20260527_161940.log')}
2026-05-27 16:37:24,313 - watchfiles.main - DEBUG - 1 change detected: {(<Change.modified: 2>, '/workspace/app/backend/logs/app_20260527_161940.log')}
2026-05-27 16:37:24,664 - watchfiles.main - DEBUG - 1 change detected: {(<Change.modified: 2>, '/workspace/app/backend/logs/app_20260527_161940.log')}
2026-05-27 16:37:25,015 - watchfiles.main - DEBUG - 1 change detected: {(<Change.modified: 2>, '/workspace/app/backend/logs/app_20260527_161940.log')}
2026-05-27 16:37:25,366 - watchfiles.main - DEBUG - 1 change detected: {(<Change.modified: 2>, '/workspace/app/backend/logs/app_20260527_161940.log')}
2026-05-27 16:37:25,717 - watchfiles.main - DEBUG - 1 change detected: {(<Change.modified: 2>, '/workspace/app/backend/logs/app_20260527_161940.log')}
2026-05-27 16:37:26,068 - watchfiles.main - DEBUG - 1 change detected: {(<Change.modified: 2>, '/workspace/app/backend/logs/app_20260527_161940.log')}
2026-05-27 16:37:26,419 - watchfiles.main - DEBUG - 1 change detected: {(<Change.modified: 2>, '/workspace/app/backend/logs/app_20260527_161940.log')}
2026-05-27 16:37:26,770 - watchfiles.main - DEBUG - 1 change detected: {(<Change.modified: 2>, '/workspace/app/backend/logs/app_20260527_161940.log')}
2026-05-27 16:37:27,121 - watchfiles.main - DEBUG - 1 change detected: {(<Change.modified: 2>, '/workspace/app/backend/logs/app_20260527_161940.log')}
2026-05-27 16:37:27,472 - watchfiles.main - DEBUG - 1 change detected: {(<Change.modified: 2>, '/workspace/app/backend/logs/app_20260527_161940.log')}
2026-05-27 16:37:27,823 - watchfiles.main - DEBUG - 1 change detected: {(<Change.modified: 2>, '/workspace/app/backend/logs/app_20260527_161940.log')}
2026-05-27 16:37:28,174 - watchfiles.main - DEBUG - 1 change detected: {(<Change.modified: 2>, '/workspace/app/backend/logs/app_20260527_161940.log')}
2026-05-27 16:37:28,525 - watchfiles.main - DEBUG - 1 change detected: {(<Change.modified: 2>, '/workspace/app/backend/logs/app_20260527_161940.log')}
2026-05-27 16:37:28,876 - watchfiles.main - DEBUG - 1 change detected: {(<Change.modified: 2>, '/workspace/app/backend/logs/app_20260527_161940.log')}
2026-05-27 16:37:29,227 - watchfiles.main - DEBUG - 1 change detected: {(<Change.modified: 2>, '/workspace/app/backend/logs/app_20260527_161940.log')}
2026-05-27 16:37:29,579 - watchfiles.main - DEBUG - 1 change detected: {(<Change.modified: 2>, '/workspace/app/backend/logs/app_20260527_161940.log')}
2026-05-27 16:37:29,930 - watchfiles.main - DEBUG - 1 change detected: {(<Change.modified: 2>, '/workspace/app/backend/logs/app_20260527_161940.log')}
2026-05-27 16:37:30,281 - watchfiles.main - DEBUG - 1 change detected: {(<Change.modified: 2>, '/workspace/app/backend/logs/app_20260527_161940.log')}
2026-05-27 16:37:30,632 - watchfiles.main - DEBUG - 1 change detected: {(<Change.modified: 2>, '/workspace/app/backend/logs/app_20260527_161940.log')}
2026-05-27 16:37:30,983 - watchfiles.main - DEBUG - 2 changes detected: {(<Change.modified: 2>, '/workspace/app/backend/logs/app_20260527_161942.log'), (<Change.modified: 2>, '/workspace/app/backend/logs/app_20260527_161940.log')}
2026-05-27 16:37:31,334 - watchfiles.main - DEBUG - 1 change detected: {(<Change.modified: 2>, '/workspace/app/backend/logs/app_20260527_161940.log')}
2026-05-27 16:37:31,685 - watchfiles.main - DEBUG - 2 changes detected: {(<Change.modified: 2>, '/workspace/app/backend/logs/app_20260527_161942.log'), (<Change.modified: 2>, '/workspace/app/backend/logs/app_20260527_161940.log')}
2026-05-27 16:37:32,036 - watchfiles.main - DEBUG - 2 changes detected: {(<Change.modified: 2>, '/workspace/app/backend/logs/app_20260527_161942.log'), (<Change.modified: 2>, '/workspace/app/backend/logs/app_20260527_161940.log')}
2026-05-27 16:37:32,387 - watchfiles.main - DEBUG - 2 changes detected: {(<Change.modified: 2>, '/workspace/app/backend/logs/app_20260527_161942.log'), (<Change.modified: 2>, '/workspace/app/backend/logs/app_20260527_161940.log')}
2026-05-27 16:37:32,738 - watchfiles.main - DEBUG - 2 changes detected: {(<Change.modified: 2>, '/workspace/app/backend/logs/app_20260527_161942.log'), (<Change.modified: 2>, '/workspace/app/backend/logs/app_20260527_161940.log')}
2026-05-27 16:37:33,089 - watchfiles.main - DEBUG - 1 change detected: {(<Change.modified: 2>, '/workspace/app/backend/logs/app_20260527_161940.log')}
2026-05-27 16:37:33,440 - watchfiles.main - DEBUG - 2 changes detected: {(<Change.modified: 2>, '/workspace/app/backend/logs/app_20260527_161942.log'), (<Change.modified: 2>, '/workspace/app/backend/logs/app_20260527_161940.log')}
2026-05-27 16:37:33,791 - watchfiles.main - DEBUG - 2 changes detected: {(<Change.modified: 2>, '/workspace/app/backend/logs/app_20260527_161942.log'), (<Change.modified: 2>, '/workspace/app/backend/logs/app_20260527_161940.log')}
2026-05-27 16:37:34,142 - watchfiles.main - DEBUG - 2 changes detected: {(<Change.modified: 2>, '/workspace/app/backend/logs/app_20260527_161942.log'), (<Change.modified: 2>, '/workspace/app/backend/logs/app_20260527_161940.log')}
2026-05-27 16:37:34,493 - watchfiles.main - DEBUG - 2 changes detected: {(<Change.modified: 2>, '/workspace/app/backend/logs/app_20260527_161942.log'), (<Change.modified: 2>, '/workspace/app/backend/logs/app_20260527_161940.log')}
2026-05-27 16:37:34,844 - watchfiles.main - DEBUG - 1 change detected: {(<Change.modified: 2>, '/workspace/app/backend/logs/app_20260527_161940.log')}
2026-05-27 16:37:35,196 - watchfiles.main - DEBUG - 2 changes detected: {(<Change.modified: 2>, '/workspace/app/backend/logs/app_20260527_161942.log'), (<Change.modified: 2>, '/workspace/app/backend/logs/app_20260527_161940.log')}
2026-05-27 16:37:35,547 - watchfiles.main - DEBUG - 2 changes detected: {(<Change.modified: 2>, '/workspace/app/backend/logs/app_20260527_161942.log'), (<Change.modified: 2>, '/workspace/app/backend/logs/app_20260527_161940.log')}
2026-05-27 16:37:35,898 - watchfiles.main - DEBUG - 2 changes detected: {(<Change.modified: 2>, '/workspace/app/backend/logs/app_20260527_161942.log'), (<Change.modified: 2>, '/workspace/app/backend/logs/app_20260527_161940.log')}
2026-05-27 16:37:36,249 - watchfiles.main - DEBUG - 1 change detected: {(<Change.modified: 2>, '/workspace/app/backend/logs/app_20260527_161940.log')}
2026-05-27 16:37:36,600 - watchfiles.main - DEBUG - 1 change detected: {(<Change.modified: 2>, '/workspace/app/backend/logs/app_20260527_161940.log')}
2026-05-27 16:37:36,951 - watchfiles.main - DEBUG - 1 change detected: {(<Change.modified: 2>, '/workspace/app/backend/logs/app_20260527_161940.log')}
2026-05-27 16:37:37,302 - watchfiles.main - DEBUG - 1 change detected: {(<Change.modified: 2>, '/workspace/app/backend/logs/app_20260527_161940.log')}
2026-05-27 16:37:37,653 - watchfiles.main - DEBUG - 1 change detected: {(<Change.modified: 2>, '/workspace/app/backend/logs/app_20260527_161940.log')}
2026-05-27 16:37:38,004 - watchfiles.main - DEBUG - 1 change detected: {(<Change.modified: 2>, '/workspace/app/backend/logs/app_20260527_161940.log')}
2026-05-27 16:37:38,355 - watchfiles.main - DEBUG - 1 change detected: {(<Change.modified: 2>, '/workspace/app/backend/logs/app_20260527_161940.log')}
2026-05-27 16:37:38,706 - watchfiles.main - DEBUG - 1 change detected: {(<Change.modified: 2>, '/workspace/app/backend/logs/app_20260527_161940.log')}
2026-05-27 16:37:39,057 - watchfiles.main - DEBUG - 1 change detected: {(<Change.modified: 2>, '/workspace/app/backend/logs/app_20260527_161940.log')}
2026-05-27 16:37:39,408 - watchfiles.main - DEBUG - 1 change detected: {(<Change.modified: 2>, '/workspace/app/backend/logs/app_20260527_161940.log')}
2026-05-27 16:37:39,759 - watchfiles.main - DEBUG - 1 change detected: {(<Change.modified: 2>, '/workspace/app/backend/logs/app_20260527_161940.log')}
2026-05-27 16:37:40,110 - watchfiles.main - DEBUG - 1 change detected: {(<Change.modified: 2>, '/workspace/app/backend/logs/app_20260527_161940.log')}
2026-05-27 16:37:40,461 - watchfiles.main - DEBUG - 1 change detected: {(<Change.modified: 2>, '/workspace/app/backend/logs/app_20260527_161940.log')}
2026-05-27 16:37:40,812 - watchfiles.main - DEBUG - 1 change detected: {(<Change.modified: 2>, '/workspace/app/backend/logs/app_20260527_161940.log')}
2026-05-27 16:37:41,163 - watchfiles.main - DEBUG - 1 change detected: {(<Change.modified: 2>, '/workspace/app/backend/logs/app_20260527_161940.log')}
2026-05-27 16:37:41,514 - watchfiles.main - DEBUG - 1 change detected: {(<Change.modified: 2>, '/workspace/app/backend/logs/app_20260527_161940.log')}
2026-05-27 16:37:41,865 - watchfiles.main - DEBUG - 1 change detected: {(<Change.modified: 2>, '/workspace/app/backend/logs/app_20260527_161940.log')}
2026-05-27 16:37:42,216 - watchfiles.main - DEBUG - 1 change detected: {(<Change.modified: 2>, '/workspace/app/backend/logs/app_20260527_161940.log')}
2026-05-27 16:37:42,567 - watchfiles.main - DEBUG - 1 change detected: {(<Change.modified: 2>, '/workspace/app/backend/logs/app_20260527_161940.log')}
2026-05-27 16:37:42,918 - watchfiles.main - DEBUG - 1 change detected: {(<Change.modified: 2>, '/workspace/app/backend/logs/app_20260527_161940.log')}
2026-05-27 16:37:43,269 - watchfiles.main - DEBUG - 1 change detected: {(<Change.modified: 2>, '/workspace/app/backend/logs/app_20260527_161940.log')}
2026-05-27 16:37:43,620 - watchfiles.main - DEBUG - 1 change detected: {(<Change.modified: 2>, '/workspace/app/backend/logs/app_20260527_161940.log')}
2026-05-27 16:37:43,971 - watchfiles.main - DEBUG - 1 change detected: {(<Change.modified: 2>, '/workspace/app/backend/logs/app_20260527_161940.log')}
2026-05-27 16:37:44,322 - watchfiles.main - DEBUG - 1 change detected: {(<Change.modified: 2>, '/workspace/app/backend/logs/app_20260527_161940.log')}
2026-05-27 16:37:44,673 - watchfiles.main - DEBUG - 1 change detected: {(<Change.modified: 2>, '/workspace/app/backend/logs/app_20260527_161940.log')}
2026-05-27 16:37:45,024 - watchfiles.main - DEBUG - 1 change detected: {(<Change.modified: 2>, '/workspace/app/backend/logs/app_20260527_161940.log')}
2026-05-27 16:37:45,375 - watchfiles.main - DEBUG - 1 change detected: {(<Change.modified: 2>, '/workspace/app/backend/logs/app_20260527_161940.log')}
2026-05-27 16:37:45,727 - watchfiles.main - DEBUG - 1 change detected: {(<Change.modified: 2>, '/workspace/app/backend/logs/app_20260527_161940.log')}
2026-05-27 16:37:46,078 - watchfiles.main - DEBUG - 1 change detected: {(<Change.modified: 2>, '/workspace/app/backend/logs/app_20260527_161940.log')}
2026-05-27 16:37:46,429 - watchfiles.main - DEBUG - 1 change detected: {(<Change.modified: 2>, '/workspace/app/backend/logs/app_20260527_161940.log')}
2026-05-27 16:37:46,780 - watchfiles.main - DEBUG - 1 change detected: {(<Change.modified: 2>, '/workspace/app/backend/logs/app_20260527_161940.log')}
2026-05-27 16:37:47,131 - watchfiles.main - DEBUG - 1 change detected: {(<Change.modified: 2>, '/workspace/app/backend/logs/app_20260527_161940.log')}
2026-05-27 16:37:47,482 - watchfiles.main - DEBUG - 1 change detected: {(<Change.modified: 2>, '/workspace/app/backend/logs/app_20260527_161940.log')}
2026-05-27 16:37:47,833 - watchfiles.main - DEBUG - 1 change detected: {(<Change.modified: 2>, '/workspace/app/backend/logs/app_20260527_161940.log')}
2026-05-27 16:37:48,184 - watchfiles.main - DEBUG - 1 change detected: {(<Change.modified: 2>, '/workspace/app/backend/logs/app_20260527_161940.log')}
2026-05-27 16:37:48,536 - watchfiles.main - DEBUG - 1 change detected: {(<Change.modified: 2>, '/workspace/app/backend/logs/app_20260527_161940.log')}
2026-05-27 16:37:48,886 - watchfiles.main - DEBUG - 1 change detected: {(<Change.modified: 2>, '/workspace/app/backend/logs/app_20260527_161940.log')}
2026-05-27 16:37:49,237 - watchfiles.main - DEBUG - 1 change detected: {(<Change.modified: 2>, '/workspace/app/backend/logs/app_20260527_161940.log')}
2026-05-27 16:37:49,589 - watchfiles.main - DEBUG - 1 change detected: {(<Change.modified: 2>, '/workspace/app/backend/logs/app_20260527_161940.log')}
2026-05-27 16:37:49,940 - watchfiles.main - DEBUG - 1 change detected: {(<Change.modified: 2>, '/workspace/app/backend/logs/app_20260527_161940.log')}
2026-05-27 16:37:50,291 - watchfiles.main - DEBUG - 1 change detected: {(<Change.modified: 2>, '/workspace/app/backend/logs/app_20260527_161940.log')}
2026-05-27 16:37:50,642 - watchfiles.main - DEBUG - 1 change detected: {(<Change.modified: 2>, '/workspace/app/backend/logs/app_20260527_161940.log')}
2026-05-27 16:37:50,993 - watchfiles.main - DEBUG - 1 change detected: {(<Change.modified: 2>, '/workspace/app/backend/logs/app_20260527_161940.log')}
2026-05-27 16:37:51,344 - watchfiles.main - DEBUG - 1 change detected: {(<Change.modified: 2>, '/workspace/app/backend/logs/app_20260527_161940.log')}
2026-05-27 16:37:51,696 - watchfiles.main - DEBUG - 1 change detected: {(<Change.modified: 2>, '/workspace/app/backend/logs/app_20260527_161940.log')}
2026-05-27 16:37:52,047 - watchfiles.main - DEBUG - 1 change detected: {(<Change.modified: 2>, '/workspace/app/backend/logs/app_20260527_161940.log')}
2026-05-27 16:37:52,398 - watchfiles.main - DEBUG - 1 change detected: {(<Change.modified: 2>, '/workspace/app/backend/logs/app_20260527_161940.log')}
2026-05-27 16:37:52,749 - watchfiles.main - DEBUG - 1 change detected: {(<Change.modified: 2>, '/workspace/app/backend/logs/app_20260527_161940.log')}
2026-05-27 16:37:53,100 - watchfiles.main - DEBUG - 1 change detected: {(<Change.modified: 2>, '/workspace/app/backend/logs/app_20260527_161940.log')}
2026-05-27 16:37:53,451 - watchfiles.main - DEBUG - 1 change detected: {(<Change.modified: 2>, '/workspace/app/backend/logs/app_20260527_161940.log')}
2026-05-27 16:37:53,802 - watchfiles.main - DEBUG - 1 change detected: {(<Change.modified: 2>, '/workspace/app/backend/logs/app_20260527_161940.log')}
2026-05-27 16:37:54,153 - watchfiles.main - DEBUG - 1 change detected: {(<Change.modified: 2>, '/workspace/app/backend/logs/app_20260527_161940.log')}
2026-05-27 16:37:54,504 - watchfiles.main - DEBUG - 1 change detected: {(<Change.modified: 2>, '/workspace/app/backend/logs/app_20260527_161940.log')}
2026-05-27 16:37:54,856 - watchfiles.main - DEBUG - 1 change detected: {(<Change.modified: 2>, '/workspace/app/backend/logs/app_20260527_161940.log')}
2026-05-27 16:37:55,207 - watchfiles.main - DEBUG - 1 change detected: {(<Change.modified: 2>, '/workspace/app/backend/logs/app_20260527_161940.log')}
2026-05-27 16:37:55,558 - watchfiles.main - DEBUG - 1 change detected: {(<Change.modified: 2>, '/workspace/app/backend/logs/app_20260527_161940.log')}
2026-05-27 16:37:55,909 - watchfiles.main - DEBUG - 1 change detected: {(<Change.modified: 2>, '/workspace/app/backend/logs/app_20260527_161940.log')}
2026-05-27 16:37:56,260 - watchfiles.main - DEBUG - 1 change detected: {(<Change.modified: 2>, '/workspace/app/backend/logs/app_20260527_161940.log')}
2026-05-27 16:37:56,611 - watchfiles.main - DEBUG - 1 change detected: {(<Change.modified: 2>, '/workspace/app/backend/logs/app_20260527_161940.log')}
2026-05-27 16:37:56,962 - watchfiles.main - DEBUG - 1 change detected: {(<Change.modified: 2>, '/workspace/app/backend/logs/app_20260527_161940.log')}
2026-05-27 16:37:57,313 - watchfiles.main - DEBUG - 1 change detected: {(<Change.modified: 2>, '/workspace/app/backend/logs/app_20260527_161940.log')}
2026-05-27 16:37:57,664 - watchfiles.main - DEBUG - 1 change detected: {(<Change.modified: 2>, '/workspace/app/backend/logs/app_20260527_161940.log')}
2026-05-27 16:37:58,015 - watchfiles.main - DEBUG - 1 change detected: {(<Change.modified: 2>, '/workspace/app/backend/logs/app_20260527_161940.log')}
2026-05-27 16:37:58,366 - watchfiles.main - DEBUG - 1 change detected: {(<Change.modified: 2>, '/workspace/app/backend/logs/app_20260527_161940.log')}
2026-05-27 16:37:58,717 - watchfiles.main - DEBUG - 1 change detected: {(<Change.modified: 2>, '/workspace/app/backend/logs/app_20260527_161940.log')}
2026-05-27 16:37:59,068 - watchfiles.main - DEBUG - 1 change detected: {(<Change.modified: 2>, '/workspace/app/backend/logs/app_20260527_161940.log')}
2026-05-27 16:37:59,420 - watchfiles.main - DEBUG - 1 change detected: {(<Change.modified: 2>, '/workspace/app/backend/logs/app_20260527_161940.log')}
2026-05-27 16:37:59,772 - watchfiles.main - DEBUG - 1 change detected: {(<Change.modified: 2>, '/workspace/app/backend/logs/app_20260527_161940.log')}
2026-05-27 16:38:00,123 - watchfiles.main - DEBUG - 1 change detected: {(<Change.modified: 2>, '/workspace/app/backend/logs/app_20260527_161940.log')}
2026-05-27 16:38:00,474 - watchfiles.main - DEBUG - 1 change detected: {(<Change.modified: 2>, '/workspace/app/backend/logs/app_20260527_161940.log')}
2026-05-27 16:38:00,825 - watchfiles.main - DEBUG - 1 change detected: {(<Change.modified: 2>, '/workspace/app/backend/logs/app_20260527_161940.log')}
2026-05-27 16:38:01,176 - watchfiles.main - DEBUG - 1 change detected: {(<Change.modified: 2>, '/workspace/app/backend/logs/app_20260527_161940.log')}
2026-05-27 16:38:01,527 - watchfiles.main - DEBUG - 1 change detected: {(<Change.modified: 2>, '/workspace/app/backend/logs/app_20260527_161940.log')}
2026-05-27 16:38:01,878 - watchfiles.main - DEBUG - 1 change detected: {(<Change.modified: 2>, '/workspace/app/backend/logs/app_20260527_161940.log')}
2026-05-27 16:38:02,229 - watchfiles.main - DEBUG - 1 change detected: {(<Change.modified: 2>, '/workspace/app/backend/logs/app_20260527_161940.log')}
2026-05-27 16:38:02,581 - watchfiles.main - DEBUG - 1 change detected: {(<Change.modified: 2>, '/workspace/app/backend/logs/app_20260527_161940.log')}
2026-05-27 16:38:02,932 - watchfiles.main - DEBUG - 1 change detected: {(<Change.modified: 2>, '/workspace/app/backend/logs/app_20260527_161940.log')}
2026-05-27 16:38:03,283 - watchfiles.main - DEBUG - 1 change detected: {(<Change.modified: 2>, '/workspace/app/backend/logs/app_20260527_161940.log')}
2026-05-27 16:38:03,634 - watchfiles.main - DEBUG - 1 change detected: {(<Change.modified: 2>, '/workspace/app/backend/logs/app_20260527_161940.log')}
2026-05-27 16:38:03,984 - watchfiles.main - DEBUG - 1 change detected: {(<Change.modified: 2>, '/workspace/app/backend/logs/app_20260527_161940.log')}
2026-05-27 16:38:04,335 - watchfiles.main - DEBUG - 1 change detected: {(<Change.modified: 2>, '/workspace/app/backend/logs/app_20260527_161940.log')}
2026-05-27 16:38:04,686 - watchfiles.main - DEBUG - 1 change detected: {(<Change.modified: 2>, '/workspace/app/backend/logs/app_20260527_161940.log')}
2026-05-27 16:38:05,037 - watchfiles.main - DEBUG - 1 change detected: {(<Change.modified: 2>, '/workspace/app/backend/logs/app_20260527_161940.log')}
2026-05-27 16:38:05,388 - watchfiles.main - DEBUG - 1 change detected: {(<Change.modified: 2>, '/workspace/app/backend/logs/app_20260527_161940.log')}
2026-05-27 16:38:05,739 - watchfiles.main - DEBUG - 1 change detected: {(<Change.modified: 2>, '/workspace/app/backend/logs/app_20260527_161940.log')}
2026-05-27 16:38:06,090 - watchfiles.main - DEBUG - 1 change detected: {(<Change.modified: 2>, '/workspace/app/backend/logs/app_20260527_161940.log')}
2026-05-27 16:38:06,441 - watchfiles.main - DEBUG - 1 change detected: {(<Change.modified: 2>, '/workspace/app/backend/logs/app_20260527_161940.log')}
2026-05-27 16:38:06,792 - watchfiles.main - DEBUG - 1 change detected: {(<Change.modified: 2>, '/workspace/app/backend/logs/app_20260527_161940.log')}
2026-05-27 16:38:07,143 - watchfiles.main - DEBUG - 1 change detected: {(<Change.modified: 2>, '/workspace/app/backend/logs/app_20260527_161940.log')}
2026-05-27 16:38:07,494 - watchfiles.main - DEBUG - 1 change detected: {(<Change.modified: 2>, '/workspace/app/backend/logs/app_20260527_161940.log')}
2026-05-27 16:38:07,845 - watchfiles.main - DEBUG - 1 change detected: {(<Change.modified: 2>, '/workspace/app/backend/logs/app_20260527_161940.log')}
2026-05-27 16:38:08,197 - watchfiles.main - DEBUG - 1 change detected: {(<Change.modified: 2>, '/workspace/app/backend/logs/app_20260527_161940.log')}
2026-05-27 16:38:08,548 - watchfiles.main - DEBUG - 1 change detected: {(<Change.modified: 2>, '/workspace/app/backend/logs/app_20260527_161940.log')}
2026-05-27 16:38:08,899 - watchfiles.main - DEBUG - 1 change detected: {(<Change.modified: 2>, '/workspace/app/backend/logs/app_20260527_161940.log')}
2026-05-27 16:38:09,250 - watchfiles.main - DEBUG - 1 change detected: {(<Change.modified: 2>, '/workspace/app/backend/logs/app_20260527_161940.log')}
2026-05-27 16:38:09,601 - watchfiles.main - DEBUG - 1 change detected: {(<Change.modified: 2>, '/workspace/app/backend/logs/app_20260527_161940.log')}
2026-05-27 16:38:09,951 - watchfiles.main - DEBUG - 1 change detected: {(<Change.modified: 2>, '/workspace/app/backend/logs/app_20260527_161940.log')}
2026-05-27 16:38:10,302 - watchfiles.main - DEBUG - 1 change detected: {(<Change.modified: 2>, '/workspace/app/backend/logs/app_20260527_161940.log')}
2026-05-27 16:38:10,653 - watchfiles.main - DEBUG - 1 change detected: {(<Change.modified: 2>, '/workspace/app/backend/logs/app_20260527_161940.log')}
2026-05-27 16:38:11,004 - watchfiles.main - DEBUG - 1 change detected: {(<Change.modified: 2>, '/workspace/app/backend/logs/app_20260527_161940.log')}
2026-05-27 16:38:11,355 - watchfiles.main - DEBUG - 1 change detected: {(<Change.modified: 2>, '/workspace/app/backend/logs/app_20260527_161940.log')}
2026-05-27 16:38:11,706 - watchfiles.main - DEBUG - 1 change detected: {(<Change.modified: 2>, '/workspace/app/backend/logs/app_20260527_161940.log')}
2026-05-27 16:38:12,057 - watchfiles.main - DEBUG - 1 change detected: {(<Change.modified: 2>, '/workspace/app/backend/logs/app_20260527_161940.log')}
2026-05-27 16:38:12,408 - watchfiles.main - DEBUG - 1 change detected: {(<Change.modified: 2>, '/workspace/app/backend/logs/app_20260527_161940.log')}
2026-05-27 16:38:12,759 - watchfiles.main - DEBUG - 1 change detected: {(<Change.modified: 2>, '/workspace/app/backend/logs/app_20260527_161940.log')}
2026-05-27 16:38:13,110 - watchfiles.main - DEBUG - 1 change detected: {(<Change.modified: 2>, '/workspace/app/backend/logs/app_20260527_161940.log')}
2026-05-27 16:38:13,461 - watchfiles.main - DEBUG - 1 change detected: {(<Change.modified: 2>, '/workspace/app/backend/logs/app_20260527_161940.log')}
2026-05-27 16:38:13,812 - watchfiles.main - DEBUG - 1 change detected: {(<Change.modified: 2>, '/workspace/app/backend/logs/app_20260527_161940.log')}
2026-05-27 16:38:14,163 - watchfiles.main - DEBUG - 1 change detected: {(<Change.modified: 2>, '/workspace/app/backend/logs/app_20260527_161940.log')}
2026-05-27 16:38:14,514 - watchfiles.main - DEBUG - 1 change detected: {(<Change.modified: 2>, '/workspace/app/backend/logs/app_20260527_161940.log')}
2026-05-27 16:38:14,865 - watchfiles.main - DEBUG - 1 change detected: {(<Change.modified: 2>, '/workspace/app/backend/logs/app_20260527_161940.log')}
2026-05-27 16:38:15,216 - watchfiles.main - DEBUG - 1 change detected: {(<Change.modified: 2>, '/workspace/app/backend/logs/app_20260527_161940.log')}
2026-05-27 16:38:15,567 - watchfiles.main - DEBUG - 1 change detected: {(<Change.modified: 2>, '/workspace/app/backend/logs/app_20260527_161940.log')}
2026-05-27 16:38:15,918 - watchfiles.main - DEBUG - 1 change detected: {(<Change.modified: 2>, '/workspace/app/backend/logs/app_20260527_161940.log')}
2026-05-27 16:38:16,269 - watchfiles.main - DEBUG - 1 change detected: {(<Change.modified: 2>, '/workspace/app/backend/logs/app_20260527_161940.log')}
2026-05-27 16:38:16,620 - watchfiles.main - DEBUG - 1 change detected: {(<Change.modified: 2>, '/workspace/app/backend/logs/app_20260527_161940.log')}
2026-05-27 16:38:16,971 - watchfiles.main - DEBUG - 1 change detected: {(<Change.modified: 2>, '/workspace/app/backend/logs/app_20260527_161940.log')}
2026-05-27 16:38:17,322 - watchfiles.main - DEBUG - 1 change detected: {(<Change.modified: 2>, '/workspace/app/backend/logs/app_20260527_161940.log')}
2026-05-27 16:38:17,673 - watchfiles.main - DEBUG - 1 change detected: {(<Change.modified: 2>, '/workspace/app/backend/logs/app_20260527_161940.log')}
2026-05-27 16:38:18,024 - watchfiles.main - DEBUG - 1 change detected: {(<Change.modified: 2>, '/workspace/app/backend/logs/app_20260527_161940.log')}
2026-05-27 16:38:18,375 - watchfiles.main - DEBUG - 1 change detected: {(<Change.modified: 2>, '/workspace/app/backend/logs/app_20260527_161940.log')}
2026-05-27 16:38:18,726 - watchfiles.main - DEBUG - 1 change detected: {(<Change.modified: 2>, '/workspace/app/backend/logs/app_20260527_161940.log')}
2026-05-27 16:38:19,077 - watchfiles.main - DEBUG - 1 change detected: {(<Change.modified: 2>, '/workspace/app/backend/logs/app_20260527_161940.log')}
2026-05-27 16:38:19,428 - watchfiles.main - DEBUG - 1 change detected: {(<Change.modified: 2>, '/workspace/app/backend/logs/app_20260527_161940.log')}
2026-05-27 16:38:19,779 - watchfiles.main - DEBUG - 1 change detected: {(<Change.modified: 2>, '/workspace/app/backend/logs/app_20260527_161940.log')}
2026-05-27 16:38:20,130 - watchfiles.main - DEBUG - 1 change detected: {(<Change.modified: 2>, '/workspace/app/backend/logs/app_20260527_161940.log')}
2026-05-27 16:38:20,481 - watchfiles.main - DEBUG - 1 change detected: {(<Change.modified: 2>, '/workspace/app/backend/logs/app_20260527_161940.log')}
2026-05-27 16:38:20,832 - watchfiles.main - DEBUG - 1 change detected: {(<Change.modified: 2>, '/workspace/app/backend/logs/app_20260527_161940.log')}
2026-05-27 16:38:21,183 - watchfiles.main - DEBUG - 1 change detected: {(<Change.modified: 2>, '/workspace/app/backend/logs/app_20260527_161940.log')}
2026-05-27 16:38:21,534 - watchfiles.main - DEBUG - 1 change detected: {(<Change.modified: 2>, '/workspace/app/backend/logs/app_20260527_161940.log')}
2026-05-27 16:38:21,885 - watchfiles.main - DEBUG - 1 change detected: {(<Change.modified: 2>, '/workspace/app/backend/logs/app_20260527_161940.log')}
2026-05-27 16:38:22,236 - watchfiles.main - DEBUG - 1 change detected: {(<Change.modified: 2>, '/workspace/app/backend/logs/app_20260527_161940.log')}
2026-05-27 16:38:22,587 - watchfiles.main - DEBUG - 1 change detected: {(<Change.modified: 2>, '/workspace/app/backend/logs/app_20260527_161940.log')}
2026-05-27 16:38:22,938 - watchfiles.main - DEBUG - 1 change detected: {(<Change.modified: 2>, '/workspace/app/backend/logs/app_20260527_161940.log')}
2026-05-27 16:38:23,289 - watchfiles.main - DEBUG - 1 change detected: {(<Change.modified: 2>, '/workspace/app/backend/logs/app_20260527_161940.log')}
2026-05-27 16:38:23,640 - watchfiles.main - DEBUG - 1 change detected: {(<Change.modified: 2>, '/workspace/app/backend/logs/app_20260527_161940.log')}
2026-05-27 16:38:23,991 - watchfiles.main - DEBUG - 1 change detected: {(<Change.modified: 2>, '/workspace/app/backend/logs/app_20260527_161940.log')}
2026-05-27 16:38:24,342 - watchfiles.main - DEBUG - 1 change detected: {(<Change.modified: 2>, '/workspace/app/backend/logs/app_20260527_161940.log')}
2026-05-27 16:38:24,694 - watchfiles.main - DEBUG - 1 change detected: {(<Change.modified: 2>, '/workspace/app/backend/logs/app_20260527_161940.log')}
2026-05-27 16:38:25,045 - watchfiles.main - DEBUG - 1 change detected: {(<Change.modified: 2>, '/workspace/app/backend/logs/app_20260527_161940.log')}
2026-05-27 16:38:25,396 - watchfiles.main - DEBUG - 1 change detected: {(<Change.modified: 2>, '/workspace/app/backend/logs/app_20260527_161940.log')}
2026-05-27 16:38:25,747 - watchfiles.main - DEBUG - 1 change detected: {(<Change.modified: 2>, '/workspace/app/backend/logs/app_20260527_161940.log')}
2026-05-27 16:38:26,097 - watchfiles.main - DEBUG - 1 change detected: {(<Change.modified: 2>, '/workspace/app/backend/logs/app_20260527_161940.log')}
2026-05-27 16:38:26,448 - watchfiles.main - DEBUG - 1 change detected: {(<Change.modified: 2>, '/workspace/app/backend/logs/app_20260527_161940.log')}
2026-05-27 16:38:26,799 - watchfiles.main - DEBUG - 1 change detected: {(<Change.modified: 2>, '/workspace/app/backend/logs/app_20260527_161940.log')}
2026-05-27 16:38:27,150 - watchfiles.main - DEBUG - 1 change detected: {(<Change.modified: 2>, '/workspace/app/backend/logs/app_20260527_161940.log')}
2026-05-27 16:38:27,501 - watchfiles.main - DEBUG - 1 change detected: {(<Change.modified: 2>, '/workspace/app/backend/logs/app_20260527_161940.log')}
2026-05-27 16:38:27,852 - watchfiles.main - DEBUG - 1 change detected: {(<Change.modified: 2>, '/workspace/app/backend/logs/app_20260527_161940.log')}
2026-05-27 16:38:28,203 - watchfiles.main - DEBUG - 1 change detected: {(<Change.modified: 2>, '/workspace/app/backend/logs/app_20260527_161940.log')}
2026-05-27 16:38:28,554 - watchfiles.main - DEBUG - 1 change detected: {(<Change.modified: 2>, '/workspace/app/backend/logs/app_20260527_161940.log')}
2026-05-27 16:38:28,905 - watchfiles.main - DEBUG - 1 change detected: {(<Change.modified: 2>, '/workspace/app/backend/logs/app_20260527_161940.log')}
2026-05-27 16:38:29,256 - watchfiles.main - DEBUG - 1 change detected: {(<Change.modified: 2>, '/workspace/app/backend/logs/app_20260527_161940.log')}
2026-05-27 16:38:29,607 - watchfiles.main - DEBUG - 1 change detected: {(<Change.modified: 2>, '/workspace/app/backend/logs/app_20260527_161940.log')}
2026-05-27 16:38:29,958 - watchfiles.main - DEBUG - 1 change detected: {(<Change.modified: 2>, '/workspace/app/backend/logs/app_20260527_161940.log')}
2026-05-27 16:38:30,309 - watchfiles.main - DEBUG - 1 change detected: {(<Change.modified: 2>, '/workspace/app/backend/logs/app_20260527_161940.log')}
2026-05-27 16:38:30,660 - watchfiles.main - DEBUG - 1 change detected: {(<Change.modified: 2>, '/workspace/app/backend/logs/app_20260527_161940.log')}
2026-05-27 16:38:31,011 - watchfiles.main - DEBUG - 1 change detected: {(<Change.modified: 2>, '/workspace/app/backend/logs/app_20260527_161940.log')}
2026-05-27 16:38:31,362 - watchfiles.main - DEBUG - 1 change detected: {(<Change.modified: 2>, '/workspace/app/backend/logs/app_20260527_161940.log')}
2026-05-27 16:38:31,713 - watchfiles.main - DEBUG - 1 change detected: {(<Change.modified: 2>, '/workspace/app/backend/logs/app_20260527_161940.log')}
2026-05-27 16:38:32,064 - watchfiles.main - DEBUG - 1 change detected: {(<Change.modified: 2>, '/workspace/app/backend/logs/app_20260527_161940.log')}
2026-05-27 16:38:32,415 - watchfiles.main - DEBUG - 1 change detected: {(<Change.modified: 2>, '/workspace/app/backend/logs/app_20260527_161940.log')}
2026-05-27 16:38:32,766 - watchfiles.main - DEBUG - 1 change detected: {(<Change.modified: 2>, '/workspace/app/backend/logs/app_20260527_161940.log')}
2026-05-27 16:38:33,117 - watchfiles.main - DEBUG - 1 change detected: {(<Change.modified: 2>, '/workspace/app/backend/logs/app_20260527_161940.log')}
2026-05-27 16:38:33,468 - watchfiles.main - DEBUG - 1 change detected: {(<Change.modified: 2>, '/workspace/app/backend/logs/app_20260527_161940.log')}
2026-05-27 16:38:33,819 - watchfiles.main - DEBUG - 1 change detected: {(<Change.modified: 2>, '/workspace/app/backend/logs/app_20260527_161940.log')}
2026-05-27 16:38:34,170 - watchfiles.main - DEBUG - 1 change detected: {(<Change.modified: 2>, '/workspace/app/backend/logs/app_20260527_161940.log')}
2026-05-27 16:38:34,521 - watchfiles.main - DEBUG - 1 change detected: {(<Change.modified: 2>, '/workspace/app/backend/logs/app_20260527_161940.log')}
2026-05-27 16:38:34,872 - watchfiles.main - DEBUG - 1 change detected: {(<Change.modified: 2>, '/workspace/app/backend/logs/app_20260527_161940.log')}
2026-05-27 16:38:35,232 - watchfiles.main - DEBUG - 1 change detected: {(<Change.modified: 2>, '/workspace/app/backend/logs/app_20260527_161940.log')}
2026-05-27 16:38:35,583 - watchfiles.main - DEBUG - 1 change detected: {(<Change.modified: 2>, '/workspace/app/backend/logs/app_20260527_161940.log')}
2026-05-27 16:38:35,934 - watchfiles.main - DEBUG - 1 change detected: {(<Change.modified: 2>, '/workspace/app/backend/logs/app_20260527_161940.log')}
2026-05-27 16:38:36,285 - watchfiles.main - DEBUG - 1 change detected: {(<Change.modified: 2>, '/workspace/app/backend/logs/app_20260527_161940.log')}
2026-05-27 16:38:36,637 - watchfiles.main - DEBUG - 1 change detected: {(<Change.modified: 2>, '/workspace/app/backend/logs/app_20260527_161940.log')}
2026-05-27 16:38:36,988 - watchfiles.main - DEBUG - 1 change detected: {(<Change.modified: 2>, '/workspace/app/backend/logs/app_20260527_161940.log')}
2026-05-27 16:38:37,339 - watchfiles.main - DEBUG - 1 change detected: {(<Change.modified: 2>, '/workspace/app/backend/logs/app_20260527_161940.log')}
2026-05-27 16:38:37,690 - watchfiles.main - DEBUG - 1 change detected: {(<Change.modified: 2>, '/workspace/app/backend/logs/app_20260527_161940.log')}
2026-05-27 16:38:38,041 - watchfiles.main - DEBUG - 1 change detected: {(<Change.modified: 2>, '/workspace/app/backend/logs/app_20260527_161940.log')}
2026-05-27 16:38:38,392 - watchfiles.main - DEBUG - 1 change detected: {(<Change.modified: 2>, '/workspace/app/backend/logs/app_20260527_161940.log')}
2026-05-27 16:38:38,743 - watchfiles.main - DEBUG - 1 change detected: {(<Change.modified: 2>, '/workspace/app/backend/logs/app_20260527_161940.log')}
2026-05-27 16:38:39,094 - watchfiles.main - DEBUG - 1 change detected: {(<Change.modified: 2>, '/workspace/app/backend/logs/app_20260527_161940.log')}
2026-05-27 16:38:39,445 - watchfiles.main - DEBUG - 1 change detected: {(<Change.modified: 2>, '/workspace/app/backend/logs/app_20260527_161940.log')}
2026-05-27 16:38:39,796 - watchfiles.main - DEBUG - 1 change detected: {(<Change.modified: 2>, '/workspace/app/backend/logs/app_20260527_161940.log')}
2026-05-27 16:38:40,147 - watchfiles.main - DEBUG - 1 change detected: {(<Change.modified: 2>, '/workspace/app/backend/logs/app_20260527_161940.log')}
2026-05-27 16:38:40,498 - watchfiles.main - DEBUG - 1 change detected: {(<Change.modified: 2>, '/workspace/app/backend/logs/app_20260527_161940.log')}
2026-05-27 16:38:40,849 - watchfiles.main - DEBUG - 1 change detected: {(<Change.modified: 2>, '/workspace/app/backend/logs/app_20260527_161940.log')}
2026-05-27 16:38:41,200 - watchfiles.main - DEBUG - 1 change detected: {(<Change.modified: 2>, '/workspace/app/backend/logs/app_20260527_161940.log')}
2026-05-27 16:38:41,551 - watchfiles.main - DEBUG - 1 change detected: {(<Change.modified: 2>, '/workspace/app/backend/logs/app_20260527_161940.log')}
2026-05-27 16:38:41,903 - watchfiles.main - DEBUG - 1 change detected: {(<Change.modified: 2>, '/workspace/app/backend/logs/app_20260527_161940.log')}
2026-05-27 16:38:42,254 - watchfiles.main - DEBUG - 1 change detected: {(<Change.modified: 2>, '/workspace/app/backend/logs/app_20260527_161940.log')}
2026-05-27 16:38:42,605 - watchfiles.main - DEBUG - 1 change detected: {(<Change.modified: 2>, '/workspace/app/backend/logs/app_20260527_161940.log')}
2026-05-27 16:38:42,956 - watchfiles.main - DEBUG - 1 change detected: {(<Change.modified: 2>, '/workspace/app/backend/logs/app_20260527_161940.log')}
2026-05-27 16:38:43,307 - watchfiles.main - DEBUG - 1 change detected: {(<Change.modified: 2>, '/workspace/app/backend/logs/app_20260527_161940.log')}
2026-05-27 16:38:43,658 - watchfiles.main - DEBUG - 1 change detected: {(<Change.modified: 2>, '/workspace/app/backend/logs/app_20260527_161940.log')}
2026-05-27 16:38:44,009 - watchfiles.main - DEBUG - 1 change detected: {(<Change.modified: 2>, '/workspace/app/backend/logs/app_20260527_161940.log')}
2026-05-27 16:38:44,360 - watchfiles.main - DEBUG - 1 change detected: {(<Change.modified: 2>, '/workspace/app/backend/logs/app_20260527_161940.log')}
2026-05-27 16:38:44,711 - watchfiles.main - DEBUG - 1 change detected: {(<Change.modified: 2>, '/workspace/app/backend/logs/app_20260527_161940.log')}
2026-05-27 16:38:45,062 - watchfiles.main - DEBUG - 1 change detected: {(<Change.modified: 2>, '/workspace/app/backend/logs/app_20260527_161940.log')}
2026-05-27 16:38:45,413 - watchfiles.main - DEBUG - 1 change detected: {(<Change.modified: 2>, '/workspace/app/backend/logs/app_20260527_161940.log')}
2026-05-27 16:38:45,764 - watchfiles.main - DEBUG - 1 change detected: {(<Change.modified: 2>, '/workspace/app/backend/logs/app_20260527_161940.log')}
2026-05-27 16:38:46,115 - watchfiles.main - DEBUG - 1 change detected: {(<Change.modified: 2>, '/workspace/app/backend/logs/app_20260527_161940.log')}
2026-05-27 16:38:46,467 - watchfiles.main - DEBUG - 1 change detected: {(<Change.modified: 2>, '/workspace/app/backend/logs/app_20260527_161940.log')}
2026-05-27 16:38:46,818 - watchfiles.main - DEBUG - 1 change detected: {(<Change.modified: 2>, '/workspace/app/backend/logs/app_20260527_161940.log')}
2026-05-27 16:38:47,169 - watchfiles.main - DEBUG - 1 change detected: {(<Change.modified: 2>, '/workspace/app/backend/logs/app_20260527_161940.log')}
2026-05-27 16:38:47,520 - watchfiles.main - DEBUG - 1 change detected: {(<Change.modified: 2>, '/workspace/app/backend/logs/app_20260527_161940.log')}
2026-05-27 16:38:47,872 - watchfiles.main - DEBUG - 1 change detected: {(<Change.modified: 2>, '/workspace/app/backend/logs/app_20260527_161940.log')}
2026-05-27 16:38:48,222 - watchfiles.main - DEBUG - 1 change detected: {(<Change.modified: 2>, '/workspace/app/backend/logs/app_20260527_161940.log')}
2026-05-27 16:38:48,573 - watchfiles.main - DEBUG - 1 change detected: {(<Change.modified: 2>, '/workspace/app/backend/logs/app_20260527_161940.log')}
2026-05-27 16:38:48,924 - watchfiles.main - DEBUG - 1 change detected: {(<Change.modified: 2>, '/workspace/app/backend/logs/app_20260527_161940.log')}
2026-05-27 16:38:49,275 - watchfiles.main - DEBUG - 1 change detected: {(<Change.modified: 2>, '/workspace/app/backend/logs/app_20260527_161940.log')}
2026-05-27 16:38:49,626 - watchfiles.main - DEBUG - 1 change detected: {(<Change.modified: 2>, '/workspace/app/backend/logs/app_20260527_161940.log')}
2026-05-27 16:38:49,977 - watchfiles.main - DEBUG - 1 change detected: {(<Change.modified: 2>, '/workspace/app/backend/logs/app_20260527_161940.log')}
2026-05-27 16:38:50,328 - watchfiles.main - DEBUG - 1 change detected: {(<Change.modified: 2>, '/workspace/app/backend/logs/app_20260527_161940.log')}
2026-05-27 16:38:50,680 - watchfiles.main - DEBUG - 1 change detected: {(<Change.modified: 2>, '/workspace/app/backend/logs/app_20260527_161940.log')}
2026-05-27 16:38:51,031 - watchfiles.main - DEBUG - 1 change detected: {(<Change.modified: 2>, '/workspace/app/backend/logs/app_20260527_161940.log')}
2026-05-27 16:38:51,382 - watchfiles.main - DEBUG - 1 change detected: {(<Change.modified: 2>, '/workspace/app/backend/logs/app_20260527_161940.log')}
2026-05-27 16:38:51,734 - watchfiles.main - DEBUG - 1 change detected: {(<Change.modified: 2>, '/workspace/app/backend/logs/app_20260527_161940.log')}
2026-05-27 16:38:52,084 - watchfiles.main - DEBUG - 1 change detected: {(<Change.modified: 2>, '/workspace/app/backend/logs/app_20260527_161940.log')}
2026-05-27 16:38:52,437 - watchfiles.main - DEBUG - 1 change detected: {(<Change.modified: 2>, '/workspace/app/backend/logs/app_20260527_161940.log')}
2026-05-27 16:38:52,788 - watchfiles.main - DEBUG - 1 change detected: {(<Change.modified: 2>, '/workspace/app/backend/logs/app_20260527_161940.log')}
2026-05-27 16:38:53,139 - watchfiles.main - DEBUG - 1 change detected: {(<Change.modified: 2>, '/workspace/app/backend/logs/app_20260527_161940.log')}
2026-05-27 16:38:53,490 - watchfiles.main - DEBUG - 1 change detected: {(<Change.modified: 2>, '/workspace/app/backend/logs/app_20260527_161940.log')}
2026-05-27 16:38:53,841 - watchfiles.main - DEBUG - 1 change detected: {(<Change.modified: 2>, '/workspace/app/backend/logs/app_20260527_161940.log')}
2026-05-27 16:38:54,192 - watchfiles.main - DEBUG - 1 change detected: {(<Change.modified: 2>, '/workspace/app/backend/logs/app_20260527_161940.log')}
2026-05-27 16:38:54,543 - watchfiles.main - DEBUG - 1 change detected: {(<Change.modified: 2>, '/workspace/app/backend/logs/app_20260527_161940.log')}
2026-05-27 16:38:54,896 - watchfiles.main - DEBUG - 1 change detected: {(<Change.modified: 2>, '/workspace/app/backend/logs/app_20260527_161940.log')}
2026-05-27 16:38:55,247 - watchfiles.main - DEBUG - 1 change detected: {(<Change.modified: 2>, '/workspace/app/backend/logs/app_20260527_161940.log')}
2026-05-27 16:38:55,597 - watchfiles.main - DEBUG - 1 change detected: {(<Change.modified: 2>, '/workspace/app/backend/logs/app_20260527_161940.log')}
2026-05-27 16:38:55,948 - watchfiles.main - DEBUG - 1 change detected: {(<Change.modified: 2>, '/workspace/app/backend/logs/app_20260527_161940.log')}
2026-05-27 16:38:56,299 - watchfiles.main - DEBUG - 1 change detected: {(<Change.modified: 2>, '/workspace/app/backend/logs/app_20260527_161940.log')}
2026-05-27 16:38:56,650 - watchfiles.main - DEBUG - 1 change detected: {(<Change.modified: 2>, '/workspace/app/backend/logs/app_20260527_161940.log')}
2026-05-27 16:38:57,001 - watchfiles.main - DEBUG - 1 change detected: {(<Change.modified: 2>, '/workspace/app/backend/logs/app_20260527_161940.log')}
2026-05-27 16:38:57,354 - watchfiles.main - DEBUG - 1 change detected: {(<Change.modified: 2>, '/workspace/app/backend/logs/app_20260527_161940.log')}
2026-05-27 16:38:57,706 - watchfiles.main - DEBUG - 1 change detected: {(<Change.modified: 2>, '/workspace/app/backend/logs/app_20260527_161940.log')}
2026-05-27 16:38:58,057 - watchfiles.main - DEBUG - 1 change detected: {(<Change.modified: 2>, '/workspace/app/backend/logs/app_20260527_161940.log')}
2026-05-27 16:38:58,408 - watchfiles.main - DEBUG - 1 change detected: {(<Change.modified: 2>, '/workspace/app/backend/logs/app_20260527_161940.log')}
2026-05-27 16:38:58,759 - watchfiles.main - DEBUG - 1 change detected: {(<Change.modified: 2>, '/workspace/app/backend/logs/app_20260527_161940.log')}
2026-05-27 16:38:59,110 - watchfiles.main - DEBUG - 1 change detected: {(<Change.modified: 2>, '/workspace/app/backend/logs/app_20260527_161940.log')}
2026-05-27 16:38:59,461 - watchfiles.main - DEBUG - 1 change detected: {(<Change.modified: 2>, '/workspace/app/backend/logs/app_20260527_161940.log')}
2026-05-27 16:38:59,812 - watchfiles.main - DEBUG - 1 change detected: {(<Change.modified: 2>, '/workspace/app/backend/logs/app_20260527_161940.log')}
2026-05-27 16:39:00,163 - watchfiles.main - DEBUG - 1 change detected: {(<Change.modified: 2>, '/workspace/app/backend/logs/app_20260527_161940.log')}
2026-05-27 16:39:00,514 - watchfiles.main - DEBUG - 1 change detected: {(<Change.modified: 2>, '/workspace/app/backend/logs/app_20260527_161940.log')}
2026-05-27 16:39:00,865 - watchfiles.main - DEBUG - 1 change detected: {(<Change.modified: 2>, '/workspace/app/backend/logs/app_20260527_161940.log')}
2026-05-27 16:39:01,216 - watchfiles.main - DEBUG - 1 change detected: {(<Change.modified: 2>, '/workspace/app/backend/logs/app_20260527_161940.log')}
2026-05-27 16:39:01,566 - watchfiles.main - DEBUG - 1 change detected: {(<Change.modified: 2>, '/workspace/app/backend/logs/app_20260527_161940.log')}
2026-05-27 16:39:01,917 - watchfiles.main - DEBUG - 1 change detected: {(<Change.modified: 2>, '/workspace/app/backend/logs/app_20260527_161940.log')}
2026-05-27 16:39:02,268 - watchfiles.main - DEBUG - 1 change detected: {(<Change.modified: 2>, '/workspace/app/backend/logs/app_20260527_161940.log')}
2026-05-27 16:39:02,619 - watchfiles.main - DEBUG - 1 change detected: {(<Change.modified: 2>, '/workspace/app/backend/logs/app_20260527_161940.log')}
2026-05-27 16:39:02,970 - watchfiles.main - DEBUG - 1 change detected: {(<Change.modified: 2>, '/workspace/app/backend/logs/app_20260527_161940.log')}
2026-05-27 16:39:03,321 - watchfiles.main - DEBUG - 1 change detected: {(<Change.modified: 2>, '/workspace/app/backend/logs/app_20260527_161940.log')}
2026-05-27 16:39:03,672 - watchfiles.main - DEBUG - 1 change detected: {(<Change.modified: 2>, '/workspace/app/backend/logs/app_20260527_161940.log')}
2026-05-27 16:39:04,023 - watchfiles.main - DEBUG - 1 change detected: {(<Change.modified: 2>, '/workspace/app/backend/logs/app_20260527_161940.log')}
2026-05-27 16:39:04,374 - watchfiles.main - DEBUG - 1 change detected: {(<Change.modified: 2>, '/workspace/app/backend/logs/app_20260527_161940.log')}
2026-05-27 16:39:04,725 - watchfiles.main - DEBUG - 1 change detected: {(<Change.modified: 2>, '/workspace/app/backend/logs/app_20260527_161940.log')}
2026-05-27 16:39:05,076 - watchfiles.main - DEBUG - 1 change detected: {(<Change.modified: 2>, '/workspace/app/backend/logs/app_20260527_161940.log')}
2026-05-27 16:39:05,427 - watchfiles.main - DEBUG - 1 change detected: {(<Change.modified: 2>, '/workspace/app/backend/logs/app_20260527_161940.log')}
2026-05-27 16:39:05,778 - watchfiles.main - DEBUG - 1 change detected: {(<Change.modified: 2>, '/workspace/app/backend/logs/app_20260527_161940.log')}
2026-05-27 16:39:06,129 - watchfiles.main - DEBUG - 1 change detected: {(<Change.modified: 2>, '/workspace/app/backend/logs/app_20260527_161940.log')}
2026-05-27 16:39:06,480 - watchfiles.main - DEBUG - 1 change detected: {(<Change.modified: 2>, '/workspace/app/backend/logs/app_20260527_161940.log')}
2026-05-27 16:39:06,831 - watchfiles.main - DEBUG - 1 change detected: {(<Change.modified: 2>, '/workspace/app/backend/logs/app_20260527_161940.log')}
2026-05-27 16:39:07,182 - watchfiles.main - DEBUG - 1 change detected: {(<Change.modified: 2>, '/workspace/app/backend/logs/app_20260527_161940.log')}
2026-05-27 16:39:07,533 - watchfiles.main - DEBUG - 1 change detected: {(<Change.modified: 2>, '/workspace/app/backend/logs/app_20260527_161940.log')}
2026-05-27 16:39:07,883 - watchfiles.main - DEBUG - 1 change detected: {(<Change.modified: 2>, '/workspace/app/backend/logs/app_20260527_161940.log')}
2026-05-27 16:39:08,236 - watchfiles.main - DEBUG - 1 change detected: {(<Change.modified: 2>, '/workspace/app/backend/logs/app_20260527_161940.log')}
2026-05-27 16:39:08,587 - watchfiles.main - DEBUG - 1 change detected: {(<Change.modified: 2>, '/workspace/app/backend/logs/app_20260527_161940.log')}
2026-05-27 16:39:08,939 - watchfiles.main - DEBUG - 1 change detected: {(<Change.modified: 2>, '/workspace/app/backend/logs/app_20260527_161940.log')}
2026-05-27 16:39:09,289 - watchfiles.main - DEBUG - 1 change detected: {(<Change.modified: 2>, '/workspace/app/backend/logs/app_20260527_161940.log')}
2026-05-27 16:39:09,641 - watchfiles.main - DEBUG - 1 change detected: {(<Change.modified: 2>, '/workspace/app/backend/logs/app_20260527_161940.log')}
2026-05-27 16:39:09,992 - watchfiles.main - DEBUG - 1 change detected: {(<Change.modified: 2>, '/workspace/app/backend/logs/app_20260527_161940.log')}
2026-05-27 16:39:10,343 - watchfiles.main - DEBUG - 1 change detected: {(<Change.modified: 2>, '/workspace/app/backend/logs/app_20260527_161940.log')}
2026-05-27 16:39:10,694 - watchfiles.main - DEBUG - 1 change detected: {(<Change.modified: 2>, '/workspace/app/backend/logs/app_20260527_161940.log')}
2026-05-27 16:39:11,044 - watchfiles.main - DEBUG - 1 change detected: {(<Change.modified: 2>, '/workspace/app/backend/logs/app_20260527_161940.log')}
2026-05-27 16:39:11,395 - watchfiles.main - DEBUG - 1 change detected: {(<Change.modified: 2>, '/workspace/app/backend/logs/app_20260527_161940.log')}
2026-05-27 16:39:11,746 - watchfiles.main - DEBUG - 1 change detected: {(<Change.modified: 2>, '/workspace/app/backend/logs/app_20260527_161940.log')}
2026-05-27 16:39:12,097 - watchfiles.main - DEBUG - 1 change detected: {(<Change.modified: 2>, '/workspace/app/backend/logs/app_20260527_161940.log')}
2026-05-27 16:39:12,448 - watchfiles.main - DEBUG - 1 change detected: {(<Change.modified: 2>, '/workspace/app/backend/logs/app_20260527_161940.log')}
2026-05-27 16:39:12,799 - watchfiles.main - DEBUG - 1 change detected: {(<Change.modified: 2>, '/workspace/app/backend/logs/app_20260527_161940.log')}
2026-05-27 16:39:13,150 - watchfiles.main - DEBUG - 1 change detected: {(<Change.modified: 2>, '/workspace/app/backend/logs/app_20260527_161940.log')}
2026-05-27 16:39:13,501 - watchfiles.main - DEBUG - 1 change detected: {(<Change.modified: 2>, '/workspace/app/backend/logs/app_20260527_161940.log')}
2026-05-27 16:39:13,852 - watchfiles.main - DEBUG - 1 change detected: {(<Change.modified: 2>, '/workspace/app/backend/logs/app_20260527_161940.log')}
2026-05-27 16:39:14,203 - watchfiles.main - DEBUG - 1 change detected: {(<Change.modified: 2>, '/workspace/app/backend/logs/app_20260527_161940.log')}
2026-05-27 16:39:14,553 - watchfiles.main - DEBUG - 1 change detected: {(<Change.modified: 2>, '/workspace/app/backend/logs/app_20260527_161940.log')}
2026-05-27 16:39:14,904 - watchfiles.main - DEBUG - 1 change detected: {(<Change.modified: 2>, '/workspace/app/backend/logs/app_20260527_161940.log')}
2026-05-27 16:39:15,255 - watchfiles.main - DEBUG - 1 change detected: {(<Change.modified: 2>, '/workspace/app/backend/logs/app_20260527_161940.log')}
2026-05-27 16:39:15,606 - watchfiles.main - DEBUG - 1 change detected: {(<Change.modified: 2>, '/workspace/app/backend/logs/app_20260527_161940.log')}
2026-05-27 16:39:15,957 - watchfiles.main - DEBUG - 1 change detected: {(<Change.modified: 2>, '/workspace/app/backend/logs/app_20260527_161940.log')}
2026-05-27 16:39:16,309 - watchfiles.main - DEBUG - 1 change detected: {(<Change.modified: 2>, '/workspace/app/backend/logs/app_20260527_161940.log')}
2026-05-27 16:39:16,660 - watchfiles.main - DEBUG - 1 change detected: {(<Change.modified: 2>, '/workspace/app/backend/logs/app_20260527_161940.log')}
2026-05-27 16:39:17,011 - watchfiles.main - DEBUG - 1 change detected: {(<Change.modified: 2>, '/workspace/app/backend/logs/app_20260527_161940.log')}
2026-05-27 16:39:17,361 - watchfiles.main - DEBUG - 1 change detected: {(<Change.modified: 2>, '/workspace/app/backend/logs/app_20260527_161940.log')}
2026-05-27 16:39:17,712 - watchfiles.main - DEBUG - 1 change detected: {(<Change.modified: 2>, '/workspace/app/backend/logs/app_20260527_161940.log')}
2026-05-27 16:39:18,063 - watchfiles.main - DEBUG - 1 change detected: {(<Change.modified: 2>, '/workspace/app/backend/logs/app_20260527_161940.log')}
2026-05-27 16:39:18,414 - watchfiles.main - DEBUG - 1 change detected: {(<Change.modified: 2>, '/workspace/app/backend/logs/app_20260527_161940.log')}
2026-05-27 16:39:18,766 - watchfiles.main - DEBUG - 1 change detected: {(<Change.modified: 2>, '/workspace/app/backend/logs/app_20260527_161940.log')}
2026-05-27 16:39:19,117 - watchfiles.main - DEBUG - 1 change detected: {(<Change.modified: 2>, '/workspace/app/backend/logs/app_20260527_161940.log')}
2026-05-27 16:39:19,468 - watchfiles.main - DEBUG - 1 change detected: {(<Change.modified: 2>, '/workspace/app/backend/logs/app_20260527_161940.log')}
2026-05-27 16:39:19,819 - watchfiles.main - DEBUG - 1 change detected: {(<Change.modified: 2>, '/workspace/app/backend/logs/app_20260527_161940.log')}
2026-05-27 16:39:20,170 - watchfiles.main - DEBUG - 1 change detected: {(<Change.modified: 2>, '/workspace/app/backend/logs/app_20260527_161940.log')}
2026-05-27 16:39:20,521 - watchfiles.main - DEBUG - 1 change detected: {(<Change.modified: 2>, '/workspace/app/backend/logs/app_20260527_161940.log')}
2026-05-27 16:39:20,872 - watchfiles.main - DEBUG - 1 change detected: {(<Change.modified: 2>, '/workspace/app/backend/logs/app_20260527_161940.log')}
2026-05-27 16:39:21,223 - watchfiles.main - DEBUG - 1 change detected: {(<Change.modified: 2>, '/workspace/app/backend/logs/app_20260527_161940.log')}
2026-05-27 16:39:21,574 - watchfiles.main - DEBUG - 1 change detected: {(<Change.modified: 2>, '/workspace/app/backend/logs/app_20260527_161940.log')}
2026-05-27 16:39:21,924 - watchfiles.main - DEBUG - 1 change detected: {(<Change.modified: 2>, '/workspace/app/backend/logs/app_20260527_161940.log')}
2026-05-27 16:39:22,275 - watchfiles.main - DEBUG - 1 change detected: {(<Change.modified: 2>, '/workspace/app/backend/logs/app_20260527_161940.log')}
2026-05-27 16:39:22,627 - watchfiles.main - DEBUG - 1 change detected: {(<Change.modified: 2>, '/workspace/app/backend/logs/app_20260527_161940.log')}
2026-05-27 16:39:22,978 - watchfiles.main - DEBUG - 1 change detected: {(<Change.modified: 2>, '/workspace/app/backend/logs/app_20260527_161940.log')}
2026-05-27 16:39:23,329 - watchfiles.main - DEBUG - 1 change detected: {(<Change.modified: 2>, '/workspace/app/backend/logs/app_20260527_161940.log')}
2026-05-27 16:39:23,680 - watchfiles.main - DEBUG - 1 change detected: {(<Change.modified: 2>, '/workspace/app/backend/logs/app_20260527_161940.log')}
2026-05-27 16:39:24,031 - watchfiles.main - DEBUG - 1 change detected: {(<Change.modified: 2>, '/workspace/app/backend/logs/app_20260527_161940.log')}
2026-05-27 16:39:24,382 - watchfiles.main - DEBUG - 1 change detected: {(<Change.modified: 2>, '/workspace/app/backend/logs/app_20260527_161940.log')}
2026-05-27 16:39:24,732 - watchfiles.main - DEBUG - 1 change detected: {(<Change.modified: 2>, '/workspace/app/backend/logs/app_20260527_161940.log')}
2026-05-27 16:39:25,083 - watchfiles.main - DEBUG - 1 change detected: {(<Change.modified: 2>, '/workspace/app/backend/logs/app_20260527_161940.log')}
2026-05-27 16:39:25,434 - watchfiles.main - DEBUG - 1 change detected: {(<Change.modified: 2>, '/workspace/app/backend/logs/app_20260527_161940.log')}
2026-05-27 16:39:25,785 - watchfiles.main - DEBUG - 1 change detected: {(<Change.modified: 2>, '/workspace/app/backend/logs/app_20260527_161940.log')}
2026-05-27 16:39:26,136 - watchfiles.main - DEBUG - 1 change detected: {(<Change.modified: 2>, '/workspace/app/backend/logs/app_20260527_161940.log')}
2026-05-27 16:39:26,487 - watchfiles.main - DEBUG - 1 change detected: {(<Change.modified: 2>, '/workspace/app/backend/logs/app_20260527_161940.log')}
2026-05-27 16:39:26,838 - watchfiles.main - DEBUG - 1 change detected: {(<Change.modified: 2>, '/workspace/app/backend/logs/app_20260527_161940.log')}
2026-05-27 16:39:27,189 - watchfiles.main - DEBUG - 1 change detected: {(<Change.modified: 2>, '/workspace/app/backend/logs/app_20260527_161940.log')}
2026-05-27 16:39:27,540 - watchfiles.main - DEBUG - 1 change detected: {(<Change.modified: 2>, '/workspace/app/backend/logs/app_20260527_161940.log')}
2026-05-27 16:39:27,891 - watchfiles.main - DEBUG - 1 change detected: {(<Change.modified: 2>, '/workspace/app/backend/logs/app_20260527_161940.log')}
2026-05-27 16:39:28,241 - watchfiles.main - DEBUG - 1 change detected: {(<Change.modified: 2>, '/workspace/app/backend/logs/app_20260527_161940.log')}
2026-05-27 16:39:28,593 - watchfiles.main - DEBUG - 1 change detected: {(<Change.modified: 2>, '/workspace/app/backend/logs/app_20260527_161940.log')}
2026-05-27 16:39:28,944 - watchfiles.main - DEBUG - 1 change detected: {(<Change.modified: 2>, '/workspace/app/backend/logs/app_20260527_161940.log')}
2026-05-27 16:39:29,295 - watchfiles.main - DEBUG - 1 change detected: {(<Change.modified: 2>, '/workspace/app/backend/logs/app_20260527_161940.log')}
2026-05-27 16:39:29,646 - watchfiles.main - DEBUG - 1 change detected: {(<Change.modified: 2>, '/workspace/app/backend/logs/app_20260527_161940.log')}
2026-05-27 16:39:29,997 - watchfiles.main - DEBUG - 1 change detected: {(<Change.modified: 2>, '/workspace/app/backend/logs/app_20260527_161940.log')}
2026-05-27 16:39:30,348 - watchfiles.main - DEBUG - 1 change detected: {(<Change.modified: 2>, '/workspace/app/backend/logs/app_20260527_161940.log')}
2026-05-27 16:39:30,699 - watchfiles.main - DEBUG - 1 change detected: {(<Change.modified: 2>, '/workspace/app/backend/logs/app_20260527_161940.log')}
2026-05-27 16:39:31,050 - watchfiles.main - DEBUG - 1 change detected: {(<Change.modified: 2>, '/workspace/app/backend/logs/app_20260527_161940.log')}
2026-05-27 16:39:31,401 - watchfiles.main - DEBUG - 1 change detected: {(<Change.modified: 2>, '/workspace/app/backend/logs/app_20260527_161940.log')}
2026-05-27 16:39:31,752 - watchfiles.main - DEBUG - 1 change detected: {(<Change.modified: 2>, '/workspace/app/backend/logs/app_20260527_161940.log')}
2026-05-27 16:39:32,103 - watchfiles.main - DEBUG - 1 change detected: {(<Change.modified: 2>, '/workspace/app/backend/logs/app_20260527_161940.log')}
2026-05-27 16:39:32,455 - watchfiles.main - DEBUG - 1 change detected: {(<Change.modified: 2>, '/workspace/app/backend/logs/app_20260527_161940.log')}
2026-05-27 16:39:32,806 - watchfiles.main - DEBUG - 1 change detected: {(<Change.modified: 2>, '/workspace/app/backend/logs/app_20260527_161940.log')}
2026-05-27 16:39:33,157 - watchfiles.main - DEBUG - 1 change detected: {(<Change.modified: 2>, '/workspace/app/backend/logs/app_20260527_161940.log')}
2026-05-27 16:39:33,508 - watchfiles.main - DEBUG - 1 change detected: {(<Change.modified: 2>, '/workspace/app/backend/logs/app_20260527_161940.log')}
2026-05-27 16:39:33,859 - watchfiles.main - DEBUG - 1 change detected: {(<Change.modified: 2>, '/workspace/app/backend/logs/app_20260527_161940.log')}
2026-05-27 16:39:34,210 - watchfiles.main - DEBUG - 1 change detected: {(<Change.modified: 2>, '/workspace/app/backend/logs/app_20260527_161940.log')}
2026-05-27 16:39:34,561 - watchfiles.main - DEBUG - 1 change detected: {(<Change.modified: 2>, '/workspace/app/backend/logs/app_20260527_161940.log')}
2026-05-27 16:39:34,912 - watchfiles.main - DEBUG - 1 change detected: {(<Change.modified: 2>, '/workspace/app/backend/logs/app_20260527_161940.log')}
2026-05-27 16:39:35,263 - watchfiles.main - DEBUG - 1 change detected: {(<Change.modified: 2>, '/workspace/app/backend/logs/app_20260527_161940.log')}
2026-05-27 16:39:35,614 - watchfiles.main - DEBUG - 1 change detected: {(<Change.modified: 2>, '/workspace/app/backend/logs/app_20260527_161940.log')}
2026-05-27 16:39:35,965 - watchfiles.main - DEBUG - 1 change detected: {(<Change.modified: 2>, '/workspace/app/backend/logs/app_20260527_161940.log')}
2026-05-27 16:39:36,316 - watchfiles.main - DEBUG - 1 change detected: {(<Change.modified: 2>, '/workspace/app/backend/logs/app_20260527_161940.log')}
2026-05-27 16:39:36,666 - watchfiles.main - DEBUG - 1 change detected: {(<Change.modified: 2>, '/workspace/app/backend/logs/app_20260527_161940.log')}
2026-05-27 16:39:37,018 - watchfiles.main - DEBUG - 1 change detected: {(<Change.modified: 2>, '/workspace/app/backend/logs/app_20260527_161940.log')}
2026-05-27 16:39:37,369 - watchfiles.main - DEBUG - 1 change detected: {(<Change.modified: 2>, '/workspace/app/backend/logs/app_20260527_161940.log')}
2026-05-27 16:39:37,720 - watchfiles.main - DEBUG - 1 change detected: {(<Change.modified: 2>, '/workspace/app/backend/logs/app_20260527_161940.log')}
2026-05-27 16:39:38,071 - watchfiles.main - DEBUG - 1 change detected: {(<Change.modified: 2>, '/workspace/app/backend/logs/app_20260527_161940.log')}
2026-05-27 16:39:38,422 - watchfiles.main - DEBUG - 1 change detected: {(<Change.modified: 2>, '/workspace/app/backend/logs/app_20260527_161940.log')}
2026-05-27 16:39:38,773 - watchfiles.main - DEBUG - 1 change detected: {(<Change.modified: 2>, '/workspace/app/backend/logs/app_20260527_161940.log')}
2026-05-27 16:39:39,123 - watchfiles.main - DEBUG - 1 change detected: {(<Change.modified: 2>, '/workspace/app/backend/logs/app_20260527_161940.log')}
2026-05-27 16:39:39,474 - watchfiles.main - DEBUG - 1 change detected: {(<Change.modified: 2>, '/workspace/app/backend/logs/app_20260527_161940.log')}
2026-05-27 16:39:39,825 - watchfiles.main - DEBUG - 1 change detected: {(<Change.modified: 2>, '/workspace/app/backend/logs/app_20260527_161940.log')}
2026-05-27 16:39:40,176 - watchfiles.main - DEBUG - 1 change detected: {(<Change.modified: 2>, '/workspace/app/backend/logs/app_20260527_161940.log')}
2026-05-27 16:39:40,527 - watchfiles.main - DEBUG - 1 change detected: {(<Change.modified: 2>, '/workspace/app/backend/logs/app_20260527_161940.log')}
2026-05-27 16:39:40,878 - watchfiles.main - DEBUG - 1 change detected: {(<Change.modified: 2>, '/workspace/app/backend/logs/app_20260527_161940.log')}
2026-05-27 16:39:41,230 - watchfiles.main - DEBUG - 1 change detected: {(<Change.modified: 2>, '/workspace/app/backend/logs/app_20260527_161940.log')}
2026-05-27 16:39:41,581 - watchfiles.main - DEBUG - 1 change detected: {(<Change.modified: 2>, '/workspace/app/backend/logs/app_20260527_161940.log')}
2026-05-27 16:39:41,931 - watchfiles.main - DEBUG - 1 change detected: {(<Change.modified: 2>, '/workspace/app/backend/logs/app_20260527_161940.log')}
2026-05-27 16:39:42,282 - watchfiles.main - DEBUG - 1 change detected: {(<Change.modified: 2>, '/workspace/app/backend/logs/app_20260527_161940.log')}
2026-05-27 16:39:42,633 - watchfiles.main - DEBUG - 1 change detected: {(<Change.modified: 2>, '/workspace/app/backend/logs/app_20260527_161940.log')}
2026-05-27 16:39:42,984 - watchfiles.main - DEBUG - 1 change detected: {(<Change.modified: 2>, '/workspace/app/backend/logs/app_20260527_161940.log')}
2026-05-27 16:39:43,335 - watchfiles.main - DEBUG - 1 change detected: {(<Change.modified: 2>, '/workspace/app/backend/logs/app_20260527_161940.log')}
2026-05-27 16:39:43,686 - watchfiles.main - DEBUG - 1 change detected: {(<Change.modified: 2>, '/workspace/app/backend/logs/app_20260527_161940.log')}
2026-05-27 16:39:44,037 - watchfiles.main - DEBUG - 1 change detected: {(<Change.modified: 2>, '/workspace/app/backend/logs/app_20260527_161940.log')}
2026-05-27 16:39:44,389 - watchfiles.main - DEBUG - 1 change detected: {(<Change.modified: 2>, '/workspace/app/backend/logs/app_20260527_161940.log')}
2026-05-27 16:39:44,740 - watchfiles.main - DEBUG - 1 change detected: {(<Change.modified: 2>, '/workspace/app/backend/logs/app_20260527_161940.log')}
2026-05-27 16:39:45,091 - watchfiles.main - DEBUG - 1 change detected: {(<Change.modified: 2>, '/workspace/app/backend/logs/app_20260527_161940.log')}
2026-05-27 16:39:45,442 - watchfiles.main - DEBUG - 1 change detected: {(<Change.modified: 2>, '/workspace/app/backend/logs/app_20260527_161940.log')}
2026-05-27 16:39:45,793 - watchfiles.main - DEBUG - 1 change detected: {(<Change.modified: 2>, '/workspace/app/backend/logs/app_20260527_161940.log')}
2026-05-27 16:39:46,144 - watchfiles.main - DEBUG - 1 change detected: {(<Change.modified: 2>, '/workspace/app/backend/logs/app_20260527_161940.log')}
2026-05-27 16:39:46,495 - watchfiles.main - DEBUG - 1 change detected: {(<Change.modified: 2>, '/workspace/app/backend/logs/app_20260527_161940.log')}
2026-05-27 16:39:46,846 - watchfiles.main - DEBUG - 1 change detected: {(<Change.modified: 2>, '/workspace/app/backend/logs/app_20260527_161940.log')}
2026-05-27 16:39:47,197 - watchfiles.main - DEBUG - 1 change detected: {(<Change.modified: 2>, '/workspace/app/backend/logs/app_20260527_161940.log')}
2026-05-27 16:39:47,548 - watchfiles.main - DEBUG - 1 change detected: {(<Change.modified: 2>, '/workspace/app/backend/logs/app_20260527_161940.log')}
2026-05-27 16:39:47,898 - watchfiles.main - DEBUG - 1 change detected: {(<Change.modified: 2>, '/workspace/app/backend/logs/app_20260527_161940.log')}
2026-05-27 16:39:48,250 - watchfiles.main - DEBUG - 1 change detected: {(<Change.modified: 2>, '/workspace/app/backend/logs/app_20260527_161940.log')}
2026-05-27 16:39:48,600 - watchfiles.main - DEBUG - 1 change detected: {(<Change.modified: 2>, '/workspace/app/backend/logs/app_20260527_161940.log')}
2026-05-27 16:39:48,951 - watchfiles.main - DEBUG - 1 change detected: {(<Change.modified: 2>, '/workspace/app/backend/logs/app_20260527_161940.log')}
2026-05-27 16:39:49,302 - watchfiles.main - DEBUG - 1 change detected: {(<Change.modified: 2>, '/workspace/app/backend/logs/app_20260527_161940.log')}
2026-05-27 16:39:49,654 - watchfiles.main - DEBUG - 1 change detected: {(<Change.modified: 2>, '/workspace/app/backend/logs/app_20260527_161940.log')}
2026-05-27 16:39:50,005 - watchfiles.main - DEBUG - 1 change detected: {(<Change.modified: 2>, '/workspace/app/backend/logs/app_20260527_161940.log')}
2026-05-27 16:39:50,357 - watchfiles.main - DEBUG - 1 change detected: {(<Change.modified: 2>, '/workspace/app/backend/logs/app_20260527_161940.log')}
2026-05-27 16:39:50,708 - watchfiles.main - DEBUG - 1 change detected: {(<Change.modified: 2>, '/workspace/app/backend/logs/app_20260527_161940.log')}
2026-05-27 16:39:51,059 - watchfiles.main - DEBUG - 1 change detected: {(<Change.modified: 2>, '/workspace/app/backend/logs/app_20260527_161940.log')}
2026-05-27 16:39:51,410 - watchfiles.main - DEBUG - 1 change detected: {(<Change.modified: 2>, '/workspace/app/backend/logs/app_20260527_161940.log')}
2026-05-27 16:39:51,761 - watchfiles.main - DEBUG - 1 change detected: {(<Change.modified: 2>, '/workspace/app/backend/logs/app_20260527_161940.log')}
2026-05-27 16:39:52,111 - watchfiles.main - DEBUG - 1 change detected: {(<Change.modified: 2>, '/workspace/app/backend/logs/app_20260527_161940.log')}
2026-05-27 16:39:52,462 - watchfiles.main - DEBUG - 1 change detected: {(<Change.modified: 2>, '/workspace/app/backend/logs/app_20260527_161940.log')}
2026-05-27 16:39:52,813 - watchfiles.main - DEBUG - 1 change detected: {(<Change.modified: 2>, '/workspace/app/backend/logs/app_20260527_161940.log')}
2026-05-27 16:39:53,164 - watchfiles.main - DEBUG - 1 change detected: {(<Change.modified: 2>, '/workspace/app/backend/logs/app_20260527_161940.log')}
2026-05-27 16:39:53,515 - watchfiles.main - DEBUG - 1 change detected: {(<Change.modified: 2>, '/workspace/app/backend/logs/app_20260527_161940.log')}
2026-05-27 16:39:53,866 - watchfiles.main - DEBUG - 1 change detected: {(<Change.modified: 2>, '/workspace/app/backend/logs/app_20260527_161940.log')}
2026-05-27 16:39:54,217 - watchfiles.main - DEBUG - 1 change detected: {(<Change.modified: 2>, '/workspace/app/backend/logs/app_20260527_161940.log')}
2026-05-27 16:39:54,618 - watchfiles.main - DEBUG - 2 changes detected: {(<Change.modified: 2>, '/workspace/app/backend/logs/app_20260527_161942.log'), (<Change.modified: 2>, '/workspace/app/backend/logs/app_20260527_161940.log')}
2026-05-27 16:39:54,968 - watchfiles.main - DEBUG - 1 change detected: {(<Change.modified: 2>, '/workspace/app/backend/logs/app_20260527_161940.log')}
2026-05-27 16:39:55,319 - watchfiles.main - DEBUG - 1 change detected: {(<Change.modified: 2>, '/workspace/app/backend/logs/app_20260527_161940.log')}
2026-05-27 16:39:55,670 - watchfiles.main - DEBUG - 2 changes detected: {(<Change.modified: 2>, '/workspace/app/backend/logs/app_20260527_161942.log'), (<Change.modified: 2>, '/workspace/app/backend/logs/app_20260527_161940.log')}
2026-05-27 16:39:56,021 - watchfiles.main - DEBUG - 2 changes detected: {(<Change.modified: 2>, '/workspace/app/backend/logs/app_20260527_161942.log'), (<Change.modified: 2>, '/workspace/app/backend/logs/app_20260527_161940.log')}
2026-05-27 16:39:56,372 - watchfiles.main - DEBUG - 1 change detected: {(<Change.modified: 2>, '/workspace/app/backend/logs/app_20260527_161940.log')}
2026-05-27 16:39:56,722 - watchfiles.main - DEBUG - 1 change detected: {(<Change.modified: 2>, '/workspace/app/backend/logs/app_20260527_161940.log')}
2026-05-27 16:39:57,074 - watchfiles.main - DEBUG - 1 change detected: {(<Change.modified: 2>, '/workspace/app/backend/logs/app_20260527_161940.log')}
2026-05-27 16:39:57,425 - watchfiles.main - DEBUG - 1 change detected: {(<Change.modified: 2>, '/workspace/app/backend/logs/app_20260527_161940.log')}
2026-05-27 16:39:57,776 - watchfiles.main - DEBUG - 1 change detected: {(<Change.modified: 2>, '/workspace/app/backend/logs/app_20260527_161940.log')}
2026-05-27 16:39:58,126 - watchfiles.main - DEBUG - 1 change detected: {(<Change.modified: 2>, '/workspace/app/backend/logs/app_20260527_161940.log')}
2026-05-27 16:39:58,478 - watchfiles.main - DEBUG - 1 change detected: {(<Change.modified: 2>, '/workspace/app/backend/logs/app_20260527_161940.log')}
2026-05-27 16:39:58,828 - watchfiles.main - DEBUG - 1 change detected: {(<Change.modified: 2>, '/workspace/app/backend/logs/app_20260527_161940.log')}
2026-05-27 16:39:59,179 - watchfiles.main - DEBUG - 1 change detected: {(<Change.modified: 2>, '/workspace/app/backend/logs/app_20260527_161940.log')}
2026-05-27 16:39:59,530 - watchfiles.main - DEBUG - 1 change detected: {(<Change.modified: 2>, '/workspace/app/backend/logs/app_20260527_161940.log')}
2026-05-27 16:39:59,881 - watchfiles.main - DEBUG - 1 change detected: {(<Change.modified: 2>, '/workspace/app/backend/logs/app_20260527_161940.log')}
2026-05-27 16:40:00,232 - watchfiles.main - DEBUG - 1 change detected: {(<Change.modified: 2>, '/workspace/app/backend/logs/app_20260527_161940.log')}
2026-05-27 16:40:00,583 - watchfiles.main - DEBUG - 1 change detected: {(<Change.modified: 2>, '/workspace/app/backend/logs/app_20260527_161940.log')}
2026-05-27 16:40:00,934 - watchfiles.main - DEBUG - 1 change detected: {(<Change.modified: 2>, '/workspace/app/backend/logs/app_20260527_161940.log')}
2026-05-27 16:40:01,285 - watchfiles.main - DEBUG - 1 change detected: {(<Change.modified: 2>, '/workspace/app/backend/logs/app_20260527_161940.log')}
2026-05-27 16:40:01,636 - watchfiles.main - DEBUG - 1 change detected: {(<Change.modified: 2>, '/workspace/app/backend/logs/app_20260527_161940.log')}
2026-05-27 16:40:01,987 - watchfiles.main - DEBUG - 1 change detected: {(<Change.modified: 2>, '/workspace/app/backend/logs/app_20260527_161940.log')}
2026-05-27 16:40:02,338 - watchfiles.main - DEBUG - 1 change detected: {(<Change.modified: 2>, '/workspace/app/backend/logs/app_20260527_161940.log')}
2026-05-27 16:40:02,689 - watchfiles.main - DEBUG - 1 change detected: {(<Change.modified: 2>, '/workspace/app/backend/logs/app_20260527_161940.log')}
2026-05-27 16:40:03,040 - watchfiles.main - DEBUG - 1 change detected: {(<Change.modified: 2>, '/workspace/app/backend/logs/app_20260527_161940.log')}
2026-05-27 16:40:03,391 - watchfiles.main - DEBUG - 1 change detected: {(<Change.modified: 2>, '/workspace/app/backend/logs/app_20260527_161940.log')}
2026-05-27 16:40:03,742 - watchfiles.main - DEBUG - 1 change detected: {(<Change.modified: 2>, '/workspace/app/backend/logs/app_20260527_161940.log')}
2026-05-27 16:40:04,093 - watchfiles.main - DEBUG - 1 change detected: {(<Change.modified: 2>, '/workspace/app/backend/logs/app_20260527_161940.log')}
2026-05-27 16:40:04,444 - watchfiles.main - DEBUG - 1 change detected: {(<Change.modified: 2>, '/workspace/app/backend/logs/app_20260527_161940.log')}
2026-05-27 16:40:04,795 - watchfiles.main - DEBUG - 1 change detected: {(<Change.modified: 2>, '/workspace/app/backend/logs/app_20260527_161940.log')}
2026-05-27 16:40:05,146 - watchfiles.main - DEBUG - 1 change detected: {(<Change.modified: 2>, '/workspace/app/backend/logs/app_20260527_161940.log')}
2026-05-27 16:40:05,496 - watchfiles.main - DEBUG - 1 change detected: {(<Change.modified: 2>, '/workspace/app/backend/logs/app_20260527_161940.log')}
2026-05-27 16:40:05,847 - watchfiles.main - DEBUG - 1 change detected: {(<Change.modified: 2>, '/workspace/app/backend/logs/app_20260527_161940.log')}
2026-05-27 16:40:06,199 - watchfiles.main - DEBUG - 1 change detected: {(<Change.modified: 2>, '/workspace/app/backend/logs/app_20260527_161940.log')}
2026-05-27 16:40:06,550 - watchfiles.main - DEBUG - 1 change detected: {(<Change.modified: 2>, '/workspace/app/backend/logs/app_20260527_161940.log')}
2026-05-27 16:40:06,900 - watchfiles.main - DEBUG - 1 change detected: {(<Change.modified: 2>, '/workspace/app/backend/logs/app_20260527_161940.log')}
2026-05-27 16:40:07,251 - watchfiles.main - DEBUG - 1 change detected: {(<Change.modified: 2>, '/workspace/app/backend/logs/app_20260527_161940.log')}
2026-05-27 16:40:07,602 - watchfiles.main - DEBUG - 1 change detected: {(<Change.modified: 2>, '/workspace/app/backend/logs/app_20260527_161940.log')}
2026-05-27 16:40:07,953 - watchfiles.main - DEBUG - 1 change detected: {(<Change.modified: 2>, '/workspace/app/backend/logs/app_20260527_161940.log')}
2026-05-27 16:40:08,304 - watchfiles.main - DEBUG - 1 change detected: {(<Change.modified: 2>, '/workspace/app/backend/logs/app_20260527_161940.log')}
2026-05-27 16:40:08,655 - watchfiles.main - DEBUG - 1 change detected: {(<Change.modified: 2>, '/workspace/app/backend/logs/app_20260527_161940.log')}
2026-05-27 16:40:09,007 - watchfiles.main - DEBUG - 1 change detected: {(<Change.modified: 2>, '/workspace/app/backend/logs/app_20260527_161940.log')}
2026-05-27 16:40:09,358 - watchfiles.main - DEBUG - 1 change detected: {(<Change.modified: 2>, '/workspace/app/backend/logs/app_20260527_161940.log')}
2026-05-27 16:40:09,709 - watchfiles.main - DEBUG - 1 change detected: {(<Change.modified: 2>, '/workspace/app/backend/logs/app_20260527_161940.log')}
2026-05-27 16:40:10,060 - watchfiles.main - DEBUG - 1 change detected: {(<Change.modified: 2>, '/workspace/app/backend/logs/app_20260527_161940.log')}
2026-05-27 16:40:10,411 - watchfiles.main - DEBUG - 1 change detected: {(<Change.modified: 2>, '/workspace/app/backend/logs/app_20260527_161940.log')}
2026-05-27 16:40:10,762 - watchfiles.main - DEBUG - 1 change detected: {(<Change.modified: 2>, '/workspace/app/backend/logs/app_20260527_161940.log')}
2026-05-27 16:40:11,112 - watchfiles.main - DEBUG - 1 change detected: {(<Change.modified: 2>, '/workspace/app/backend/logs/app_20260527_161940.log')}
2026-05-27 16:40:11,464 - watchfiles.main - DEBUG - 1 change detected: {(<Change.modified: 2>, '/workspace/app/backend/logs/app_20260527_161940.log')}
2026-05-27 16:40:11,815 - watchfiles.main - DEBUG - 1 change detected: {(<Change.modified: 2>, '/workspace/app/backend/logs/app_20260527_161940.log')}
2026-05-27 16:40:12,166 - watchfiles.main - DEBUG - 1 change detected: {(<Change.modified: 2>, '/workspace/app/backend/logs/app_20260527_161940.log')}
2026-05-27 16:40:12,517 - watchfiles.main - DEBUG - 1 change detected: {(<Change.modified: 2>, '/workspace/app/backend/logs/app_20260527_161940.log')}
2026-05-27 16:40:12,868 - watchfiles.main - DEBUG - 1 change detected: {(<Change.modified: 2>, '/workspace/app/backend/logs/app_20260527_161940.log')}
2026-05-27 16:40:13,218 - watchfiles.main - DEBUG - 1 change detected: {(<Change.modified: 2>, '/workspace/app/backend/logs/app_20260527_161940.log')}
2026-05-27 16:40:13,569 - watchfiles.main - DEBUG - 1 change detected: {(<Change.modified: 2>, '/workspace/app/backend/logs/app_20260527_161940.log')}
2026-05-27 16:40:13,920 - watchfiles.main - DEBUG - 1 change detected: {(<Change.modified: 2>, '/workspace/app/backend/logs/app_20260527_161940.log')}
2026-05-27 16:40:14,271 - watchfiles.main - DEBUG - 1 change detected: {(<Change.modified: 2>, '/workspace/app/backend/logs/app_20260527_161940.log')}
2026-05-27 16:40:14,625 - watchfiles.main - DEBUG - 1 change detected: {(<Change.modified: 2>, '/workspace/app/backend/logs/app_20260527_161940.log')}
2026-05-27 16:40:14,976 - watchfiles.main - DEBUG - 1 change detected: {(<Change.modified: 2>, '/workspace/app/backend/logs/app_20260527_161940.log')}
2026-05-27 16:40:15,327 - watchfiles.main - DEBUG - 1 change detected: {(<Change.modified: 2>, '/workspace/app/backend/logs/app_20260527_161940.log')}
2026-05-27 16:40:15,678 - watchfiles.main - DEBUG - 1 change detected: {(<Change.modified: 2>, '/workspace/app/backend/logs/app_20260527_161940.log')}
2026-05-27 16:40:16,029 - watchfiles.main - DEBUG - 1 change detected: {(<Change.modified: 2>, '/workspace/app/backend/logs/app_20260527_161940.log')}
2026-05-27 16:40:16,380 - watchfiles.main - DEBUG - 1 change detected: {(<Change.modified: 2>, '/workspace/app/backend/logs/app_20260527_161940.log')}
2026-05-27 16:40:16,731 - watchfiles.main - DEBUG - 1 change detected: {(<Change.modified: 2>, '/workspace/app/backend/logs/app_20260527_161940.log')}
2026-05-27 16:40:17,082 - watchfiles.main - DEBUG - 1 change detected: {(<Change.modified: 2>, '/workspace/app/backend/logs/app_20260527_161940.log')}
2026-05-27 16:40:17,434 - watchfiles.main - DEBUG - 1 change detected: {(<Change.modified: 2>, '/workspace/app/backend/logs/app_20260527_161940.log')}
2026-05-27 16:40:17,785 - watchfiles.main - DEBUG - 1 change detected: {(<Change.modified: 2>, '/workspace/app/backend/logs/app_20260527_161940.log')}
2026-05-27 16:40:18,136 - watchfiles.main - DEBUG - 1 change detected: {(<Change.modified: 2>, '/workspace/app/backend/logs/app_20260527_161940.log')}
2026-05-27 16:40:18,487 - watchfiles.main - DEBUG - 1 change detected: {(<Change.modified: 2>, '/workspace/app/backend/logs/app_20260527_161940.log')}
2026-05-27 16:40:18,838 - watchfiles.main - DEBUG - 1 change detected: {(<Change.modified: 2>, '/workspace/app/backend/logs/app_20260527_161940.log')}
2026-05-27 16:40:19,188 - watchfiles.main - DEBUG - 1 change detected: {(<Change.modified: 2>, '/workspace/app/backend/logs/app_20260527_161940.log')}
2026-05-27 16:40:19,539 - watchfiles.main - DEBUG - 1 change detected: {(<Change.modified: 2>, '/workspace/app/backend/logs/app_20260527_161940.log')}
2026-05-27 16:40:19,890 - watchfiles.main - DEBUG - 1 change detected: {(<Change.modified: 2>, '/workspace/app/backend/logs/app_20260527_161940.log')}
2026-05-27 16:40:20,241 - watchfiles.main - DEBUG - 1 change detected: {(<Change.modified: 2>, '/workspace/app/backend/logs/app_20260527_161940.log')}
2026-05-27 16:40:20,592 - watchfiles.main - DEBUG - 1 change detected: {(<Change.modified: 2>, '/workspace/app/backend/logs/app_20260527_161940.log')}
2026-05-27 16:40:20,943 - watchfiles.main - DEBUG - 1 change detected: {(<Change.modified: 2>, '/workspace/app/backend/logs/app_20260527_161940.log')}
2026-05-27 16:40:21,294 - watchfiles.main - DEBUG - 1 change detected: {(<Change.modified: 2>, '/workspace/app/backend/logs/app_20260527_161940.log')}
2026-05-27 16:40:21,645 - watchfiles.main - DEBUG - 1 change detected: {(<Change.modified: 2>, '/workspace/app/backend/logs/app_20260527_161940.log')}
2026-05-27 16:40:21,996 - watchfiles.main - DEBUG - 1 change detected: {(<Change.modified: 2>, '/workspace/app/backend/logs/app_20260527_161940.log')}
2026-05-27 16:40:22,347 - watchfiles.main - DEBUG - 1 change detected: {(<Change.modified: 2>, '/workspace/app/backend/logs/app_20260527_161940.log')}
2026-05-27 16:40:22,698 - watchfiles.main - DEBUG - 1 change detected: {(<Change.modified: 2>, '/workspace/app/backend/logs/app_20260527_161940.log')}
2026-05-27 16:40:23,049 - watchfiles.main - DEBUG - 1 change detected: {(<Change.modified: 2>, '/workspace/app/backend/logs/app_20260527_161940.log')}
2026-05-27 16:40:23,400 - watchfiles.main - DEBUG - 1 change detected: {(<Change.modified: 2>, '/workspace/app/backend/logs/app_20260527_161940.log')}
2026-05-27 16:40:23,751 - watchfiles.main - DEBUG - 1 change detected: {(<Change.modified: 2>, '/workspace/app/backend/logs/app_20260527_161940.log')}
2026-05-27 16:40:24,102 - watchfiles.main - DEBUG - 1 change detected: {(<Change.modified: 2>, '/workspace/app/backend/logs/app_20260527_161940.log')}
2026-05-27 16:40:24,453 - watchfiles.main - DEBUG - 1 change detected: {(<Change.modified: 2>, '/workspace/app/backend/logs/app_20260527_161940.log')}
2026-05-27 16:40:24,804 - watchfiles.main - DEBUG - 1 change detected: {(<Change.modified: 2>, '/workspace/app/backend/logs/app_20260527_161940.log')}
2026-05-27 16:40:25,155 - watchfiles.main - DEBUG - 1 change detected: {(<Change.modified: 2>, '/workspace/app/backend/logs/app_20260527_161940.log')}
2026-05-27 16:40:25,506 - watchfiles.main - DEBUG - 1 change detected: {(<Change.modified: 2>, '/workspace/app/backend/logs/app_20260527_161940.log')}
2026-05-27 16:40:25,857 - watchfiles.main - DEBUG - 1 change detected: {(<Change.modified: 2>, '/workspace/app/backend/logs/app_20260527_161940.log')}
2026-05-27 16:40:26,209 - watchfiles.main - DEBUG - 1 change detected: {(<Change.modified: 2>, '/workspace/app/backend/logs/app_20260527_161940.log')}
2026-05-27 16:40:26,560 - watchfiles.main - DEBUG - 1 change detected: {(<Change.modified: 2>, '/workspace/app/backend/logs/app_20260527_161940.log')}
2026-05-27 16:40:26,910 - watchfiles.main - DEBUG - 1 change detected: {(<Change.modified: 2>, '/workspace/app/backend/logs/app_20260527_161940.log')}
2026-05-27 16:40:27,261 - watchfiles.main - DEBUG - 1 change detected: {(<Change.modified: 2>, '/workspace/app/backend/logs/app_20260527_161940.log')}
2026-05-27 16:40:27,612 - watchfiles.main - DEBUG - 1 change detected: {(<Change.modified: 2>, '/workspace/app/backend/logs/app_20260527_161940.log')}
2026-05-27 16:40:27,963 - watchfiles.main - DEBUG - 1 change detected: {(<Change.modified: 2>, '/workspace/app/backend/logs/app_20260527_161940.log')}
2026-05-27 16:40:28,314 - watchfiles.main - DEBUG - 1 change detected: {(<Change.modified: 2>, '/workspace/app/backend/logs/app_20260527_161940.log')}
2026-05-27 16:40:28,665 - watchfiles.main - DEBUG - 1 change detected: {(<Change.modified: 2>, '/workspace/app/backend/logs/app_20260527_161940.log')}
2026-05-27 16:40:29,016 - watchfiles.main - DEBUG - 1 change detected: {(<Change.modified: 2>, '/workspace/app/backend/logs/app_20260527_161940.log')}
2026-05-27 16:40:29,367 - watchfiles.main - DEBUG - 1 change detected: {(<Change.modified: 2>, '/workspace/app/backend/logs/app_20260527_161940.log')}
2026-05-27 16:40:29,718 - watchfiles.main - DEBUG - 1 change detected: {(<Change.modified: 2>, '/workspace/app/backend/logs/app_20260527_161940.log')}
2026-05-27 16:40:30,069 - watchfiles.main - DEBUG - 1 change detected: {(<Change.modified: 2>, '/workspace/app/backend/logs/app_20260527_161940.log')}
2026-05-27 16:40:30,419 - watchfiles.main - DEBUG - 1 change detected: {(<Change.modified: 2>, '/workspace/app/backend/logs/app_20260527_161940.log')}
2026-05-27 16:40:30,770 - watchfiles.main - DEBUG - 1 change detected: {(<Change.modified: 2>, '/workspace/app/backend/logs/app_20260527_161940.log')}
2026-05-27 16:40:31,121 - watchfiles.main - DEBUG - 1 change detected: {(<Change.modified: 2>, '/workspace/app/backend/logs/app_20260527_161940.log')}
2026-05-27 16:40:31,472 - watchfiles.main - DEBUG - 1 change detected: {(<Change.modified: 2>, '/workspace/app/backend/logs/app_20260527_161940.log')}
2026-05-27 16:40:31,823 - watchfiles.main - DEBUG - 1 change detected: {(<Change.modified: 2>, '/workspace/app/backend/logs/app_20260527_161940.log')}
2026-05-27 16:40:32,174 - watchfiles.main - DEBUG - 1 change detected: {(<Change.modified: 2>, '/workspace/app/backend/logs/app_20260527_161940.log')}
2026-05-27 16:40:32,525 - watchfiles.main - DEBUG - 1 change detected: {(<Change.modified: 2>, '/workspace/app/backend/logs/app_20260527_161940.log')}
2026-05-27 16:40:32,876 - watchfiles.main - DEBUG - 1 change detected: {(<Change.modified: 2>, '/workspace/app/backend/logs/app_20260527_161940.log')}
2026-05-27 16:40:33,227 - watchfiles.main - DEBUG - 1 change detected: {(<Change.modified: 2>, '/workspace/app/backend/logs/app_20260527_161940.log')}
2026-05-27 16:40:33,578 - watchfiles.main - DEBUG - 1 change detected: {(<Change.modified: 2>, '/workspace/app/backend/logs/app_20260527_161940.log')}
2026-05-27 16:40:33,929 - watchfiles.main - DEBUG - 1 change detected: {(<Change.modified: 2>, '/workspace/app/backend/logs/app_20260527_161940.log')}
2026-05-27 16:40:34,279 - watchfiles.main - DEBUG - 1 change detected: {(<Change.modified: 2>, '/workspace/app/backend/logs/app_20260527_161940.log')}
2026-05-27 16:40:34,630 - watchfiles.main - DEBUG - 1 change detected: {(<Change.modified: 2>, '/workspace/app/backend/logs/app_20260527_161940.log')}
2026-05-27 16:40:34,981 - watchfiles.main - DEBUG - 1 change detected: {(<Change.modified: 2>, '/workspace/app/backend/logs/app_20260527_161940.log')}
2026-05-27 16:40:35,332 - watchfiles.main - DEBUG - 1 change detected: {(<Change.modified: 2>, '/workspace/app/backend/logs/app_20260527_161940.log')}
2026-05-27 16:40:35,683 - watchfiles.main - DEBUG - 1 change detected: {(<Change.modified: 2>, '/workspace/app/backend/logs/app_20260527_161940.log')}
2026-05-27 16:40:36,034 - watchfiles.main - DEBUG - 1 change detected: {(<Change.modified: 2>, '/workspace/app/backend/logs/app_20260527_161940.log')}
2026-05-27 16:40:36,384 - watchfiles.main - DEBUG - 1 change detected: {(<Change.modified: 2>, '/workspace/app/backend/logs/app_20260527_161940.log')}
2026-05-27 16:40:36,735 - watchfiles.main - DEBUG - 1 change detected: {(<Change.modified: 2>, '/workspace/app/backend/logs/app_20260527_161940.log')}
2026-05-27 16:40:37,086 - watchfiles.main - DEBUG - 1 change detected: {(<Change.modified: 2>, '/workspace/app/backend/logs/app_20260527_161940.log')}
2026-05-27 16:40:37,437 - watchfiles.main - DEBUG - 1 change detected: {(<Change.modified: 2>, '/workspace/app/backend/logs/app_20260527_161940.log')}
2026-05-27 16:40:37,788 - watchfiles.main - DEBUG - 1 change detected: {(<Change.modified: 2>, '/workspace/app/backend/logs/app_20260527_161940.log')}
2026-05-27 16:40:38,139 - watchfiles.main - DEBUG - 1 change detected: {(<Change.modified: 2>, '/workspace/app/backend/logs/app_20260527_161940.log')}
2026-05-27 16:40:38,490 - watchfiles.main - DEBUG - 1 change detected: {(<Change.modified: 2>, '/workspace/app/backend/logs/app_20260527_161940.log')}
2026-05-27 16:40:38,841 - watchfiles.main - DEBUG - 1 change detected: {(<Change.modified: 2>, '/workspace/app/backend/logs/app_20260527_161940.log')}
2026-05-27 16:40:39,192 - watchfiles.main - DEBUG - 1 change detected: {(<Change.modified: 2>, '/workspace/app/backend/logs/app_20260527_161940.log')}
2026-05-27 16:40:39,543 - watchfiles.main - DEBUG - 1 change detected: {(<Change.modified: 2>, '/workspace/app/backend/logs/app_20260527_161940.log')}
2026-05-27 16:40:39,894 - watchfiles.main - DEBUG - 1 change detected: {(<Change.modified: 2>, '/workspace/app/backend/logs/app_20260527_161940.log')}
2026-05-27 16:40:40,245 - watchfiles.main - DEBUG - 1 change detected: {(<Change.modified: 2>, '/workspace/app/backend/logs/app_20260527_161940.log')}
2026-05-27 16:40:40,596 - watchfiles.main - DEBUG - 1 change detected: {(<Change.modified: 2>, '/workspace/app/backend/logs/app_20260527_161940.log')}
2026-05-27 16:40:40,947 - watchfiles.main - DEBUG - 1 change detected: {(<Change.modified: 2>, '/workspace/app/backend/logs/app_20260527_161940.log')}
2026-05-27 16:40:41,298 - watchfiles.main - DEBUG - 1 change detected: {(<Change.modified: 2>, '/workspace/app/backend/logs/app_20260527_161940.log')}
2026-05-27 16:40:41,649 - watchfiles.main - DEBUG - 1 change detected: {(<Change.modified: 2>, '/workspace/app/backend/logs/app_20260527_161940.log')}
2026-05-27 16:40:42,000 - watchfiles.main - DEBUG - 1 change detected: {(<Change.modified: 2>, '/workspace/app/backend/logs/app_20260527_161940.log')}
2026-05-27 16:40:42,351 - watchfiles.main - DEBUG - 1 change detected: {(<Change.modified: 2>, '/workspace/app/backend/logs/app_20260527_161940.log')}
2026-05-27 16:40:42,702 - watchfiles.main - DEBUG - 1 change detected: {(<Change.modified: 2>, '/workspace/app/backend/logs/app_20260527_161940.log')}
2026-05-27 16:40:43,053 - watchfiles.main - DEBUG - 1 change detected: {(<Change.modified: 2>, '/workspace/app/backend/logs/app_20260527_161940.log')}
2026-05-27 16:40:43,404 - watchfiles.main - DEBUG - 1 change detected: {(<Change.modified: 2>, '/workspace/app/backend/logs/app_20260527_161940.log')}
2026-05-27 16:40:43,755 - watchfiles.main - DEBUG - 1 change detected: {(<Change.modified: 2>, '/workspace/app/backend/logs/app_20260527_161940.log')}
2026-05-27 16:40:44,106 - watchfiles.main - DEBUG - 1 change detected: {(<Change.modified: 2>, '/workspace/app/backend/logs/app_20260527_161940.log')}
2026-05-27 16:40:44,457 - watchfiles.main - DEBUG - 1 change detected: {(<Change.modified: 2>, '/workspace/app/backend/logs/app_20260527_161940.log')}
2026-05-27 16:40:44,808 - watchfiles.main - DEBUG - 1 change detected: {(<Change.modified: 2>, '/workspace/app/backend/logs/app_20260527_161940.log')}
2026-05-27 16:40:45,159 - watchfiles.main - DEBUG - 1 change detected: {(<Change.modified: 2>, '/workspace/app/backend/logs/app_20260527_161940.log')}
2026-05-27 16:40:45,510 - watchfiles.main - DEBUG - 1 change detected: {(<Change.modified: 2>, '/workspace/app/backend/logs/app_20260527_161940.log')}
2026-05-27 16:40:45,861 - watchfiles.main - DEBUG - 1 change detected: {(<Change.modified: 2>, '/workspace/app/backend/logs/app_20260527_161940.log')}
2026-05-27 16:40:46,212 - watchfiles.main - DEBUG - 1 change detected: {(<Change.modified: 2>, '/workspace/app/backend/logs/app_20260527_161940.log')}
2026-05-27 16:40:46,563 - watchfiles.main - DEBUG - 1 change detected: {(<Change.modified: 2>, '/workspace/app/backend/logs/app_20260527_161940.log')}
2026-05-27 16:40:46,914 - watchfiles.main - DEBUG - 1 change detected: {(<Change.modified: 2>, '/workspace/app/backend/logs/app_20260527_161940.log')}
2026-05-27 16:40:47,265 - watchfiles.main - DEBUG - 1 change detected: {(<Change.modified: 2>, '/workspace/app/backend/logs/app_20260527_161940.log')}
2026-05-27 16:40:47,616 - watchfiles.main - DEBUG - 1 change detected: {(<Change.modified: 2>, '/workspace/app/backend/logs/app_20260527_161940.log')}
2026-05-27 16:40:47,967 - watchfiles.main - DEBUG - 1 change detected: {(<Change.modified: 2>, '/workspace/app/backend/logs/app_20260527_161940.log')}
2026-05-27 16:40:48,318 - watchfiles.main - DEBUG - 1 change detected: {(<Change.modified: 2>, '/workspace/app/backend/logs/app_20260527_161940.log')}
2026-05-27 16:40:48,669 - watchfiles.main - DEBUG - 1 change detected: {(<Change.modified: 2>, '/workspace/app/backend/logs/app_20260527_161940.log')}
2026-05-27 16:40:49,019 - watchfiles.main - DEBUG - 1 change detected: {(<Change.modified: 2>, '/workspace/app/backend/logs/app_20260527_161940.log')}
2026-05-27 16:40:49,370 - watchfiles.main - DEBUG - 1 change detected: {(<Change.modified: 2>, '/workspace/app/backend/logs/app_20260527_161940.log')}
2026-05-27 16:40:49,721 - watchfiles.main - DEBUG - 1 change detected: {(<Change.modified: 2>, '/workspace/app/backend/logs/app_20260527_161940.log')}
2026-05-27 16:40:50,072 - watchfiles.main - DEBUG - 1 change detected: {(<Change.modified: 2>, '/workspace/app/backend/logs/app_20260527_161940.log')}
2026-05-27 16:40:50,423 - watchfiles.main - DEBUG - 1 change detected: {(<Change.modified: 2>, '/workspace/app/backend/logs/app_20260527_161940.log')}
2026-05-27 16:40:50,774 - watchfiles.main - DEBUG - 1 change detected: {(<Change.modified: 2>, '/workspace/app/backend/logs/app_20260527_161940.log')}
2026-05-27 16:40:51,125 - watchfiles.main - DEBUG - 1 change detected: {(<Change.modified: 2>, '/workspace/app/backend/logs/app_20260527_161940.log')}
2026-05-27 16:40:51,476 - watchfiles.main - DEBUG - 1 change detected: {(<Change.modified: 2>, '/workspace/app/backend/logs/app_20260527_161940.log')}
2026-05-27 16:40:51,827 - watchfiles.main - DEBUG - 1 change detected: {(<Change.modified: 2>, '/workspace/app/backend/logs/app_20260527_161940.log')}
2026-05-27 16:40:52,178 - watchfiles.main - DEBUG - 1 change detected: {(<Change.modified: 2>, '/workspace/app/backend/logs/app_20260527_161940.log')}
2026-05-27 16:40:52,529 - watchfiles.main - DEBUG - 1 change detected: {(<Change.modified: 2>, '/workspace/app/backend/logs/app_20260527_161940.log')}
2026-05-27 16:40:52,880 - watchfiles.main - DEBUG - 1 change detected: {(<Change.modified: 2>, '/workspace/app/backend/logs/app_20260527_161940.log')}
2026-05-27 16:40:53,231 - watchfiles.main - DEBUG - 1 change detected: {(<Change.modified: 2>, '/workspace/app/backend/logs/app_20260527_161940.log')}
2026-05-27 16:40:53,582 - watchfiles.main - DEBUG - 1 change detected: {(<Change.modified: 2>, '/workspace/app/backend/logs/app_20260527_161940.log')}
2026-05-27 16:40:53,933 - watchfiles.main - DEBUG - 1 change detected: {(<Change.modified: 2>, '/workspace/app/backend/logs/app_20260527_161940.log')}
2026-05-27 16:40:54,284 - watchfiles.main - DEBUG - 1 change detected: {(<Change.modified: 2>, '/workspace/app/backend/logs/app_20260527_161940.log')}
2026-05-27 16:40:54,634 - watchfiles.main - DEBUG - 1 change detected: {(<Change.modified: 2>, '/workspace/app/backend/logs/app_20260527_161940.log')}
2026-05-27 16:40:54,985 - watchfiles.main - DEBUG - 1 change detected: {(<Change.modified: 2>, '/workspace/app/backend/logs/app_20260527_161940.log')}
2026-05-27 16:40:55,336 - watchfiles.main - DEBUG - 1 change detected: {(<Change.modified: 2>, '/workspace/app/backend/logs/app_20260527_161940.log')}
2026-05-27 16:40:55,687 - watchfiles.main - DEBUG - 1 change detected: {(<Change.modified: 2>, '/workspace/app/backend/logs/app_20260527_161940.log')}
2026-05-27 16:40:56,038 - watchfiles.main - DEBUG - 1 change detected: {(<Change.modified: 2>, '/workspace/app/backend/logs/app_20260527_161940.log')}
2026-05-27 16:40:56,389 - watchfiles.main - DEBUG - 1 change detected: {(<Change.modified: 2>, '/workspace/app/backend/logs/app_20260527_161940.log')}
2026-05-27 16:40:56,740 - watchfiles.main - DEBUG - 1 change detected: {(<Change.modified: 2>, '/workspace/app/backend/logs/app_20260527_161940.log')}
2026-05-27 16:40:57,091 - watchfiles.main - DEBUG - 1 change detected: {(<Change.modified: 2>, '/workspace/app/backend/logs/app_20260527_161940.log')}
2026-05-27 16:40:57,442 - watchfiles.main - DEBUG - 1 change detected: {(<Change.modified: 2>, '/workspace/app/backend/logs/app_20260527_161940.log')}
2026-05-27 16:40:57,793 - watchfiles.main - DEBUG - 1 change detected: {(<Change.modified: 2>, '/workspace/app/backend/logs/app_20260527_161940.log')}
2026-05-27 16:40:58,144 - watchfiles.main - DEBUG - 1 change detected: {(<Change.modified: 2>, '/workspace/app/backend/logs/app_20260527_161940.log')}
2026-05-27 16:40:58,495 - watchfiles.main - DEBUG - 1 change detected: {(<Change.modified: 2>, '/workspace/app/backend/logs/app_20260527_161940.log')}
2026-05-27 16:40:58,846 - watchfiles.main - DEBUG - 1 change detected: {(<Change.modified: 2>, '/workspace/app/backend/logs/app_20260527_161940.log')}
2026-05-27 16:40:59,197 - watchfiles.main - DEBUG - 1 change detected: {(<Change.modified: 2>, '/workspace/app/backend/logs/app_20260527_161940.log')}
2026-05-27 16:40:59,548 - watchfiles.main - DEBUG - 1 change detected: {(<Change.modified: 2>, '/workspace/app/backend/logs/app_20260527_161940.log')}
2026-05-27 16:40:59,899 - watchfiles.main - DEBUG - 1 change detected: {(<Change.modified: 2>, '/workspace/app/backend/logs/app_20260527_161940.log')}
2026-05-27 16:41:00,250 - watchfiles.main - DEBUG - 1 change detected: {(<Change.modified: 2>, '/workspace/app/backend/logs/app_20260527_161940.log')}
2026-05-27 16:41:00,601 - watchfiles.main - DEBUG - 1 change detected: {(<Change.modified: 2>, '/workspace/app/backend/logs/app_20260527_161940.log')}
2026-05-27 16:41:00,952 - watchfiles.main - DEBUG - 1 change detected: {(<Change.modified: 2>, '/workspace/app/backend/logs/app_20260527_161940.log')}
2026-05-27 16:41:01,302 - watchfiles.main - DEBUG - 1 change detected: {(<Change.modified: 2>, '/workspace/app/backend/logs/app_20260527_161940.log')}
2026-05-27 16:41:01,653 - watchfiles.main - DEBUG - 1 change detected: {(<Change.modified: 2>, '/workspace/app/backend/logs/app_20260527_161940.log')}
2026-05-27 16:41:02,004 - watchfiles.main - DEBUG - 1 change detected: {(<Change.modified: 2>, '/workspace/app/backend/logs/app_20260527_161940.log')}
2026-05-27 16:41:02,355 - watchfiles.main - DEBUG - 1 change detected: {(<Change.modified: 2>, '/workspace/app/backend/logs/app_20260527_161940.log')}
2026-05-27 16:41:02,706 - watchfiles.main - DEBUG - 1 change detected: {(<Change.modified: 2>, '/workspace/app/backend/logs/app_20260527_161940.log')}
2026-05-27 16:41:03,057 - watchfiles.main - DEBUG - 1 change detected: {(<Change.modified: 2>, '/workspace/app/backend/logs/app_20260527_161940.log')}
2026-05-27 16:41:03,408 - watchfiles.main - DEBUG - 1 change detected: {(<Change.modified: 2>, '/workspace/app/backend/logs/app_20260527_161940.log')}
2026-05-27 16:41:03,759 - watchfiles.main - DEBUG - 1 change detected: {(<Change.modified: 2>, '/workspace/app/backend/logs/app_20260527_161940.log')}
2026-05-27 16:41:04,110 - watchfiles.main - DEBUG - 1 change detected: {(<Change.modified: 2>, '/workspace/app/backend/logs/app_20260527_161940.log')}
2026-05-27 16:41:04,461 - watchfiles.main - DEBUG - 1 change detected: {(<Change.modified: 2>, '/workspace/app/backend/logs/app_20260527_161940.log')}
2026-05-27 16:41:04,811 - watchfiles.main - DEBUG - 1 change detected: {(<Change.modified: 2>, '/workspace/app/backend/logs/app_20260527_161940.log')}
2026-05-27 16:41:05,162 - watchfiles.main - DEBUG - 1 change detected: {(<Change.modified: 2>, '/workspace/app/backend/logs/app_20260527_161940.log')}
2026-05-27 16:41:05,513 - watchfiles.main - DEBUG - 1 change detected: {(<Change.modified: 2>, '/workspace/app/backend/logs/app_20260527_161940.log')}
2026-05-27 16:41:05,864 - watchfiles.main - DEBUG - 1 change detected: {(<Change.modified: 2>, '/workspace/app/backend/logs/app_20260527_161940.log')}
2026-05-27 16:41:06,215 - watchfiles.main - DEBUG - 1 change detected: {(<Change.modified: 2>, '/workspace/app/backend/logs/app_20260527_161940.log')}
2026-05-27 16:41:06,567 - watchfiles.main - DEBUG - 1 change detected: {(<Change.modified: 2>, '/workspace/app/backend/logs/app_20260527_161940.log')}
2026-05-27 16:41:06,917 - watchfiles.main - DEBUG - 1 change detected: {(<Change.modified: 2>, '/workspace/app/backend/logs/app_20260527_161940.log')}
2026-05-27 16:41:07,268 - watchfiles.main - DEBUG - 1 change detected: {(<Change.modified: 2>, '/workspace/app/backend/logs/app_20260527_161940.log')}
2026-05-27 16:41:07,619 - watchfiles.main - DEBUG - 1 change detected: {(<Change.modified: 2>, '/workspace/app/backend/logs/app_20260527_161940.log')}
2026-05-27 16:41:07,970 - watchfiles.main - DEBUG - 1 change detected: {(<Change.modified: 2>, '/workspace/app/backend/logs/app_20260527_161940.log')}
2026-05-27 16:41:08,321 - watchfiles.main - DEBUG - 1 change detected: {(<Change.modified: 2>, '/workspace/app/backend/logs/app_20260527_161940.log')}
2026-05-27 16:41:08,672 - watchfiles.main - DEBUG - 1 change detected: {(<Change.modified: 2>, '/workspace/app/backend/logs/app_20260527_161940.log')}
2026-05-27 16:41:09,023 - watchfiles.main - DEBUG - 1 change detected: {(<Change.modified: 2>, '/workspace/app/backend/logs/app_20260527_161940.log')}
2026-05-27 16:41:09,374 - watchfiles.main - DEBUG - 1 change detected: {(<Change.modified: 2>, '/workspace/app/backend/logs/app_20260527_161940.log')}
2026-05-27 16:41:09,724 - watchfiles.main - DEBUG - 1 change detected: {(<Change.modified: 2>, '/workspace/app/backend/logs/app_20260527_161940.log')}
2026-05-27 16:41:10,075 - watchfiles.main - DEBUG - 1 change detected: {(<Change.modified: 2>, '/workspace/app/backend/logs/app_20260527_161940.log')}
2026-05-27 16:41:10,426 - watchfiles.main - DEBUG - 1 change detected: {(<Change.modified: 2>, '/workspace/app/backend/logs/app_20260527_161940.log')}
2026-05-27 16:41:10,777 - watchfiles.main - DEBUG - 1 change detected: {(<Change.modified: 2>, '/workspace/app/backend/logs/app_20260527_161940.log')}
2026-05-27 16:41:11,128 - watchfiles.main - DEBUG - 1 change detected: {(<Change.modified: 2>, '/workspace/app/backend/logs/app_20260527_161940.log')}
2026-05-27 16:41:11,479 - watchfiles.main - DEBUG - 1 change detected: {(<Change.modified: 2>, '/workspace/app/backend/logs/app_20260527_161940.log')}
2026-05-27 16:41:11,830 - watchfiles.main - DEBUG - 1 change detected: {(<Change.modified: 2>, '/workspace/app/backend/logs/app_20260527_161940.log')}
2026-05-27 16:41:12,181 - watchfiles.main - DEBUG - 1 change detected: {(<Change.modified: 2>, '/workspace/app/backend/logs/app_20260527_161940.log')}
2026-05-27 16:41:12,532 - watchfiles.main - DEBUG - 1 change detected: {(<Change.modified: 2>, '/workspace/app/backend/logs/app_20260527_161940.log')}
2026-05-27 16:41:12,883 - watchfiles.main - DEBUG - 1 change detected: {(<Change.modified: 2>, '/workspace/app/backend/logs/app_20260527_161940.log')}
2026-05-27 16:41:13,234 - watchfiles.main - DEBUG - 1 change detected: {(<Change.modified: 2>, '/workspace/app/backend/logs/app_20260527_161940.log')}
2026-05-27 16:41:13,585 - watchfiles.main - DEBUG - 1 change detected: {(<Change.modified: 2>, '/workspace/app/backend/logs/app_20260527_161940.log')}
2026-05-27 16:41:13,935 - watchfiles.main - DEBUG - 1 change detected: {(<Change.modified: 2>, '/workspace/app/backend/logs/app_20260527_161940.log')}
2026-05-27 16:41:14,286 - watchfiles.main - DEBUG - 1 change detected: {(<Change.modified: 2>, '/workspace/app/backend/logs/app_20260527_161940.log')}
2026-05-27 16:41:14,637 - watchfiles.main - DEBUG - 1 change detected: {(<Change.modified: 2>, '/workspace/app/backend/logs/app_20260527_161940.log')}
2026-05-27 16:41:14,989 - watchfiles.main - DEBUG - 1 change detected: {(<Change.modified: 2>, '/workspace/app/backend/logs/app_20260527_161940.log')}
2026-05-27 16:41:15,340 - watchfiles.main - DEBUG - 1 change detected: {(<Change.modified: 2>, '/workspace/app/backend/logs/app_20260527_161940.log')}
2026-05-27 16:41:15,691 - watchfiles.main - DEBUG - 1 change detected: {(<Change.modified: 2>, '/workspace/app/backend/logs/app_20260527_161940.log')}
2026-05-27 16:41:16,042 - watchfiles.main - DEBUG - 1 change detected: {(<Change.modified: 2>, '/workspace/app/backend/logs/app_20260527_161940.log')}
2026-05-27 16:41:16,393 - watchfiles.main - DEBUG - 1 change detected: {(<Change.modified: 2>, '/workspace/app/backend/logs/app_20260527_161940.log')}
2026-05-27 16:41:16,743 - watchfiles.main - DEBUG - 1 change detected: {(<Change.modified: 2>, '/workspace/app/backend/logs/app_20260527_161940.log')}
2026-05-27 16:41:17,094 - watchfiles.main - DEBUG - 1 change detected: {(<Change.modified: 2>, '/workspace/app/backend/logs/app_20260527_161940.log')}
2026-05-27 16:41:17,446 - watchfiles.main - DEBUG - 1 change detected: {(<Change.modified: 2>, '/workspace/app/backend/logs/app_20260527_161940.log')}
2026-05-27 16:41:17,797 - watchfiles.main - DEBUG - 1 change detected: {(<Change.modified: 2>, '/workspace/app/backend/logs/app_20260527_161940.log')}
2026-05-27 16:41:18,147 - watchfiles.main - DEBUG - 1 change detected: {(<Change.modified: 2>, '/workspace/app/backend/logs/app_20260527_161940.log')}
2026-05-27 16:41:18,499 - watchfiles.main - DEBUG - 1 change detected: {(<Change.modified: 2>, '/workspace/app/backend/logs/app_20260527_161940.log')}
2026-05-27 16:41:18,849 - watchfiles.main - DEBUG - 1 change detected: {(<Change.modified: 2>, '/workspace/app/backend/logs/app_20260527_161940.log')}
2026-05-27 16:41:19,200 - watchfiles.main - DEBUG - 1 change detected: {(<Change.modified: 2>, '/workspace/app/backend/logs/app_20260527_161940.log')}
2026-05-27 16:41:19,551 - watchfiles.main - DEBUG - 1 change detected: {(<Change.modified: 2>, '/workspace/app/backend/logs/app_20260527_161940.log')}
2026-05-27 16:41:19,902 - watchfiles.main - DEBUG - 1 change detected: {(<Change.modified: 2>, '/workspace/app/backend/logs/app_20260527_161940.log')}
2026-05-27 16:41:20,253 - watchfiles.main - DEBUG - 1 change detected: {(<Change.modified: 2>, '/workspace/app/backend/logs/app_20260527_161940.log')}
2026-05-27 16:41:20,604 - watchfiles.main - DEBUG - 1 change detected: {(<Change.modified: 2>, '/workspace/app/backend/logs/app_20260527_161940.log')}
2026-05-27 16:41:20,955 - watchfiles.main - DEBUG - 1 change detected: {(<Change.modified: 2>, '/workspace/app/backend/logs/app_20260527_161940.log')}
2026-05-27 16:41:21,306 - watchfiles.main - DEBUG - 1 change detected: {(<Change.modified: 2>, '/workspace/app/backend/logs/app_20260527_161940.log')}
2026-05-27 16:41:21,657 - watchfiles.main - DEBUG - 1 change detected: {(<Change.modified: 2>, '/workspace/app/backend/logs/app_20260527_161940.log')}
2026-05-27 16:41:22,008 - watchfiles.main - DEBUG - 1 change detected: {(<Change.modified: 2>, '/workspace/app/backend/logs/app_20260527_161940.log')}
2026-05-27 16:41:22,359 - watchfiles.main - DEBUG - 1 change detected: {(<Change.modified: 2>, '/workspace/app/backend/logs/app_20260527_161940.log')}
2026-05-27 16:41:22,710 - watchfiles.main - DEBUG - 1 change detected: {(<Change.modified: 2>, '/workspace/app/backend/logs/app_20260527_161940.log')}
2026-05-27 16:41:23,061 - watchfiles.main - DEBUG - 1 change detected: {(<Change.modified: 2>, '/workspace/app/backend/logs/app_20260527_161940.log')}
2026-05-27 16:41:23,412 - watchfiles.main - DEBUG - 1 change detected: {(<Change.modified: 2>, '/workspace/app/backend/logs/app_20260527_161940.log')}
2026-05-27 16:41:23,763 - watchfiles.main - DEBUG - 1 change detected: {(<Change.modified: 2>, '/workspace/app/backend/logs/app_20260527_161940.log')}
2026-05-27 16:41:24,114 - watchfiles.main - DEBUG - 1 change detected: {(<Change.modified: 2>, '/workspace/app/backend/logs/app_20260527_161940.log')}
2026-05-27 16:41:24,465 - watchfiles.main - DEBUG - 1 change detected: {(<Change.modified: 2>, '/workspace/app/backend/logs/app_20260527_161940.log')}
2026-05-27 16:41:24,816 - watchfiles.main - DEBUG - 1 change detected: {(<Change.modified: 2>, '/workspace/app/backend/logs/app_20260527_161940.log')}
2026-05-27 16:41:25,167 - watchfiles.main - DEBUG - 1 change detected: {(<Change.modified: 2>, '/workspace/app/backend/logs/app_20260527_161940.log')}
2026-05-27 16:41:25,518 - watchfiles.main - DEBUG - 1 change detected: {(<Change.modified: 2>, '/workspace/app/backend/logs/app_20260527_161940.log')}
2026-05-27 16:41:25,869 - watchfiles.main - DEBUG - 1 change detected: {(<Change.modified: 2>, '/workspace/app/backend/logs/app_20260527_161940.log')}
2026-05-27 16:41:26,220 - watchfiles.main - DEBUG - 1 change detected: {(<Change.modified: 2>, '/workspace/app/backend/logs/app_20260527_161940.log')}
2026-05-27 16:41:26,571 - watchfiles.main - DEBUG - 1 change detected: {(<Change.modified: 2>, '/workspace/app/backend/logs/app_20260527_161940.log')}
2026-05-27 16:41:26,922 - watchfiles.main - DEBUG - 1 change detected: {(<Change.modified: 2>, '/workspace/app/backend/logs/app_20260527_161940.log')}
2026-05-27 16:41:27,273 - watchfiles.main - DEBUG - 1 change detected: {(<Change.modified: 2>, '/workspace/app/backend/logs/app_20260527_161940.log')}
2026-05-27 16:41:27,623 - watchfiles.main - DEBUG - 1 change detected: {(<Change.modified: 2>, '/workspace/app/backend/logs/app_20260527_161940.log')}
2026-05-27 16:41:27,974 - watchfiles.main - DEBUG - 1 change detected: {(<Change.modified: 2>, '/workspace/app/backend/logs/app_20260527_161940.log')}
2026-05-27 16:41:28,325 - watchfiles.main - DEBUG - 1 change detected: {(<Change.modified: 2>, '/workspace/app/backend/logs/app_20260527_161940.log')}
2026-05-27 16:41:28,676 - watchfiles.main - DEBUG - 1 change detected: {(<Change.modified: 2>, '/workspace/app/backend/logs/app_20260527_161940.log')}
2026-05-27 16:41:29,027 - watchfiles.main - DEBUG - 1 change detected: {(<Change.modified: 2>, '/workspace/app/backend/logs/app_20260527_161940.log')}
2026-05-27 16:41:29,378 - watchfiles.main - DEBUG - 1 change detected: {(<Change.modified: 2>, '/workspace/app/backend/logs/app_20260527_161940.log')}
2026-05-27 16:41:29,729 - watchfiles.main - DEBUG - 1 change detected: {(<Change.modified: 2>, '/workspace/app/backend/logs/app_20260527_161940.log')}
2026-05-27 16:41:30,080 - watchfiles.main - DEBUG - 1 change detected: {(<Change.modified: 2>, '/workspace/app/backend/logs/app_20260527_161940.log')}
2026-05-27 16:41:30,431 - watchfiles.main - DEBUG - 1 change detected: {(<Change.modified: 2>, '/workspace/app/backend/logs/app_20260527_161940.log')}
2026-05-27 16:41:30,781 - watchfiles.main - DEBUG - 1 change detected: {(<Change.modified: 2>, '/workspace/app/backend/logs/app_20260527_161940.log')}
2026-05-27 16:41:31,132 - watchfiles.main - DEBUG - 1 change detected: {(<Change.modified: 2>, '/workspace/app/backend/logs/app_20260527_161940.log')}
2026-05-27 16:41:31,483 - watchfiles.main - DEBUG - 1 change detected: {(<Change.modified: 2>, '/workspace/app/backend/logs/app_20260527_161940.log')}
2026-05-27 16:41:31,834 - watchfiles.main - DEBUG - 1 change detected: {(<Change.modified: 2>, '/workspace/app/backend/logs/app_20260527_161940.log')}
2026-05-27 16:41:32,185 - watchfiles.main - DEBUG - 1 change detected: {(<Change.modified: 2>, '/workspace/app/backend/logs/app_20260527_161940.log')}
2026-05-27 16:41:32,536 - watchfiles.main - DEBUG - 1 change detected: {(<Change.modified: 2>, '/workspace/app/backend/logs/app_20260527_161940.log')}
2026-05-27 16:41:32,887 - watchfiles.main - DEBUG - 1 change detected: {(<Change.modified: 2>, '/workspace/app/backend/logs/app_20260527_161940.log')}
2026-05-27 16:41:33,238 - watchfiles.main - DEBUG - 1 change detected: {(<Change.modified: 2>, '/workspace/app/backend/logs/app_20260527_161940.log')}
2026-05-27 16:41:33,589 - watchfiles.main - DEBUG - 1 change detected: {(<Change.modified: 2>, '/workspace/app/backend/logs/app_20260527_161940.log')}
2026-05-27 16:41:33,940 - watchfiles.main - DEBUG - 1 change detected: {(<Change.modified: 2>, '/workspace/app/backend/logs/app_20260527_161940.log')}
2026-05-27 16:41:34,291 - watchfiles.main - DEBUG - 1 change detected: {(<Change.modified: 2>, '/workspace/app/backend/logs/app_20260527_161940.log')}
2026-05-27 16:41:34,642 - watchfiles.main - DEBUG - 1 change detected: {(<Change.modified: 2>, '/workspace/app/backend/logs/app_20260527_161940.log')}
2026-05-27 16:41:34,993 - watchfiles.main - DEBUG - 1 change detected: {(<Change.modified: 2>, '/workspace/app/backend/logs/app_20260527_161940.log')}
2026-05-27 16:41:35,344 - watchfiles.main - DEBUG - 1 change detected: {(<Change.modified: 2>, '/workspace/app/backend/logs/app_20260527_161940.log')}
2026-05-27 16:41:35,695 - watchfiles.main - DEBUG - 1 change detected: {(<Change.modified: 2>, '/workspace/app/backend/logs/app_20260527_161940.log')}
2026-05-27 16:41:36,046 - watchfiles.main - DEBUG - 1 change detected: {(<Change.modified: 2>, '/workspace/app/backend/logs/app_20260527_161940.log')}
2026-05-27 16:41:36,397 - watchfiles.main - DEBUG - 1 change detected: {(<Change.modified: 2>, '/workspace/app/backend/logs/app_20260527_161940.log')}
2026-05-27 16:41:36,748 - watchfiles.main - DEBUG - 1 change detected: {(<Change.modified: 2>, '/workspace/app/backend/logs/app_20260527_161940.log')}
2026-05-27 16:41:37,099 - watchfiles.main - DEBUG - 1 change detected: {(<Change.modified: 2>, '/workspace/app/backend/logs/app_20260527_161940.log')}
2026-05-27 16:41:37,450 - watchfiles.main - DEBUG - 1 change detected: {(<Change.modified: 2>, '/workspace/app/backend/logs/app_20260527_161940.log')}
2026-05-27 16:41:37,801 - watchfiles.main - DEBUG - 1 change detected: {(<Change.modified: 2>, '/workspace/app/backend/logs/app_20260527_161940.log')}
2026-05-27 16:41:38,152 - watchfiles.main - DEBUG - 1 change detected: {(<Change.modified: 2>, '/workspace/app/backend/logs/app_20260527_161940.log')}
2026-05-27 16:41:38,503 - watchfiles.main - DEBUG - 1 change detected: {(<Change.modified: 2>, '/workspace/app/backend/logs/app_20260527_161940.log')}
2026-05-27 16:41:38,854 - watchfiles.main - DEBUG - 1 change detected: {(<Change.modified: 2>, '/workspace/app/backend/logs/app_20260527_161940.log')}
2026-05-27 16:41:39,205 - watchfiles.main - DEBUG - 1 change detected: {(<Change.modified: 2>, '/workspace/app/backend/logs/app_20260527_161940.log')}
2026-05-27 16:41:39,556 - watchfiles.main - DEBUG - 1 change detected: {(<Change.modified: 2>, '/workspace/app/backend/logs/app_20260527_161940.log')}
2026-05-27 16:41:39,906 - watchfiles.main - DEBUG - 1 change detected: {(<Change.modified: 2>, '/workspace/app/backend/logs/app_20260527_161940.log')}
2026-05-27 16:41:40,257 - watchfiles.main - DEBUG - 1 change detected: {(<Change.modified: 2>, '/workspace/app/backend/logs/app_20260527_161940.log')}
2026-05-27 16:41:40,608 - watchfiles.main - DEBUG - 1 change detected: {(<Change.modified: 2>, '/workspace/app/backend/logs/app_20260527_161940.log')}
2026-05-27 16:41:40,959 - watchfiles.main - DEBUG - 1 change detected: {(<Change.modified: 2>, '/workspace/app/backend/logs/app_20260527_161940.log')}
2026-05-27 16:41:41,310 - watchfiles.main - DEBUG - 1 change detected: {(<Change.modified: 2>, '/workspace/app/backend/logs/app_20260527_161940.log')}
2026-05-27 16:41:41,661 - watchfiles.main - DEBUG - 1 change detected: {(<Change.modified: 2>, '/workspace/app/backend/logs/app_20260527_161940.log')}
2026-05-27 16:41:42,013 - watchfiles.main - DEBUG - 1 change detected: {(<Change.modified: 2>, '/workspace/app/backend/logs/app_20260527_161940.log')}
2026-05-27 16:41:42,364 - watchfiles.main - DEBUG - 1 change detected: {(<Change.modified: 2>, '/workspace/app/backend/logs/app_20260527_161940.log')}
2026-05-27 16:41:42,715 - watchfiles.main - DEBUG - 1 change detected: {(<Change.modified: 2>, '/workspace/app/backend/logs/app_20260527_161940.log')}
2026-05-27 16:41:43,066 - watchfiles.main - DEBUG - 1 change detected: {(<Change.modified: 2>, '/workspace/app/backend/logs/app_20260527_161940.log')}
2026-05-27 16:41:43,417 - watchfiles.main - DEBUG - 1 change detected: {(<Change.modified: 2>, '/workspace/app/backend/logs/app_20260527_161940.log')}
2026-05-27 16:41:43,768 - watchfiles.main - DEBUG - 1 change detected: {(<Change.modified: 2>, '/workspace/app/backend/logs/app_20260527_161940.log')}
2026-05-27 16:41:44,119 - watchfiles.main - DEBUG - 1 change detected: {(<Change.modified: 2>, '/workspace/app/backend/logs/app_20260527_161940.log')}
2026-05-27 16:41:44,470 - watchfiles.main - DEBUG - 1 change detected: {(<Change.modified: 2>, '/workspace/app/backend/logs/app_20260527_161940.log')}
2026-05-27 16:41:44,821 - watchfiles.main - DEBUG - 1 change detected: {(<Change.modified: 2>, '/workspace/app/backend/logs/app_20260527_161940.log')}
2026-05-27 16:41:45,172 - watchfiles.main - DEBUG - 1 change detected: {(<Change.modified: 2>, '/workspace/app/backend/logs/app_20260527_161940.log')}
2026-05-27 16:41:45,523 - watchfiles.main - DEBUG - 1 change detected: {(<Change.modified: 2>, '/workspace/app/backend/logs/app_20260527_161940.log')}
2026-05-27 16:41:45,874 - watchfiles.main - DEBUG - 1 change detected: {(<Change.modified: 2>, '/workspace/app/backend/logs/app_20260527_161940.log')}
2026-05-27 16:41:46,225 - watchfiles.main - DEBUG - 1 change detected: {(<Change.modified: 2>, '/workspace/app/backend/logs/app_20260527_161940.log')}
2026-05-27 16:41:46,575 - watchfiles.main - DEBUG - 1 change detected: {(<Change.modified: 2>, '/workspace/app/backend/logs/app_20260527_161940.log')}
2026-05-27 16:41:46,927 - watchfiles.main - DEBUG - 1 change detected: {(<Change.modified: 2>, '/workspace/app/backend/logs/app_20260527_161940.log')}
2026-05-27 16:41:47,277 - watchfiles.main - DEBUG - 1 change detected: {(<Change.modified: 2>, '/workspace/app/backend/logs/app_20260527_161940.log')}
2026-05-27 16:41:47,628 - watchfiles.main - DEBUG - 1 change detected: {(<Change.modified: 2>, '/workspace/app/backend/logs/app_20260527_161940.log')}
2026-05-27 16:41:47,980 - watchfiles.main - DEBUG - 1 change detected: {(<Change.modified: 2>, '/workspace/app/backend/logs/app_20260527_161940.log')}
2026-05-27 16:41:48,330 - watchfiles.main - DEBUG - 1 change detected: {(<Change.modified: 2>, '/workspace/app/backend/logs/app_20260527_161940.log')}
2026-05-27 16:41:48,681 - watchfiles.main - DEBUG - 1 change detected: {(<Change.modified: 2>, '/workspace/app/backend/logs/app_20260527_161940.log')}
2026-05-27 16:41:49,032 - watchfiles.main - DEBUG - 1 change detected: {(<Change.modified: 2>, '/workspace/app/backend/logs/app_20260527_161940.log')}
2026-05-27 16:41:49,383 - watchfiles.main - DEBUG - 1 change detected: {(<Change.modified: 2>, '/workspace/app/backend/logs/app_20260527_161940.log')}
2026-05-27 16:41:49,734 - watchfiles.main - DEBUG - 1 change detected: {(<Change.modified: 2>, '/workspace/app/backend/logs/app_20260527_161940.log')}
2026-05-27 16:41:50,085 - watchfiles.main - DEBUG - 1 change detected: {(<Change.modified: 2>, '/workspace/app/backend/logs/app_20260527_161940.log')}
2026-05-27 16:41:50,436 - watchfiles.main - DEBUG - 1 change detected: {(<Change.modified: 2>, '/workspace/app/backend/logs/app_20260527_161940.log')}
2026-05-27 16:41:50,787 - watchfiles.main - DEBUG - 1 change detected: {(<Change.modified: 2>, '/workspace/app/backend/logs/app_20260527_161940.log')}
2026-05-27 16:41:51,138 - watchfiles.main - DEBUG - 1 change detected: {(<Change.modified: 2>, '/workspace/app/backend/logs/app_20260527_161940.log')}
2026-05-27 16:41:51,489 - watchfiles.main - DEBUG - 1 change detected: {(<Change.modified: 2>, '/workspace/app/backend/logs/app_20260527_161940.log')}
2026-05-27 16:41:51,840 - watchfiles.main - DEBUG - 1 change detected: {(<Change.modified: 2>, '/workspace/app/backend/logs/app_20260527_161940.log')}
2026-05-27 16:41:52,191 - watchfiles.main - DEBUG - 1 change detected: {(<Change.modified: 2>, '/workspace/app/backend/logs/app_20260527_161940.log')}
2026-05-27 16:41:52,542 - watchfiles.main - DEBUG - 1 change detected: {(<Change.modified: 2>, '/workspace/app/backend/logs/app_20260527_161940.log')}
2026-05-27 16:41:52,893 - watchfiles.main - DEBUG - 1 change detected: {(<Change.modified: 2>, '/workspace/app/backend/logs/app_20260527_161940.log')}
2026-05-27 16:41:53,244 - watchfiles.main - DEBUG - 1 change detected: {(<Change.modified: 2>, '/workspace/app/backend/logs/app_20260527_161940.log')}
2026-05-27 16:41:53,595 - watchfiles.main - DEBUG - 1 change detected: {(<Change.modified: 2>, '/workspace/app/backend/logs/app_20260527_161940.log')}
2026-05-27 16:41:53,946 - watchfiles.main - DEBUG - 1 change detected: {(<Change.modified: 2>, '/workspace/app/backend/logs/app_20260527_161940.log')}
2026-05-27 16:41:54,297 - watchfiles.main - DEBUG - 1 change detected: {(<Change.modified: 2>, '/workspace/app/backend/logs/app_20260527_161940.log')}
2026-05-27 16:41:54,647 - watchfiles.main - DEBUG - 1 change detected: {(<Change.modified: 2>, '/workspace/app/backend/logs/app_20260527_161940.log')}
2026-05-27 16:41:54,998 - watchfiles.main - DEBUG - 1 change detected: {(<Change.modified: 2>, '/workspace/app/backend/logs/app_20260527_161940.log')}
2026-05-27 16:41:55,349 - watchfiles.main - DEBUG - 1 change detected: {(<Change.modified: 2>, '/workspace/app/backend/logs/app_20260527_161940.log')}
2026-05-27 16:41:55,700 - watchfiles.main - DEBUG - 1 change detected: {(<Change.modified: 2>, '/workspace/app/backend/logs/app_20260527_161940.log')}
2026-05-27 16:41:56,051 - watchfiles.main - DEBUG - 1 change detected: {(<Change.modified: 2>, '/workspace/app/backend/logs/app_20260527_161940.log')}
2026-05-27 16:41:56,402 - watchfiles.main - DEBUG - 1 change detected: {(<Change.modified: 2>, '/workspace/app/backend/logs/app_20260527_161940.log')}
2026-05-27 16:41:56,753 - watchfiles.main - DEBUG - 1 change detected: {(<Change.modified: 2>, '/workspace/app/backend/logs/app_20260527_161940.log')}
2026-05-27 16:41:57,104 - watchfiles.main - DEBUG - 1 change detected: {(<Change.modified: 2>, '/workspace/app/backend/logs/app_20260527_161940.log')}
2026-05-27 16:41:57,455 - watchfiles.main - DEBUG - 1 change detected: {(<Change.modified: 2>, '/workspace/app/backend/logs/app_20260527_161940.log')}
2026-05-27 16:41:57,805 - watchfiles.main - DEBUG - 1 change detected: {(<Change.modified: 2>, '/workspace/app/backend/logs/app_20260527_161940.log')}
2026-05-27 16:41:58,156 - watchfiles.main - DEBUG - 1 change detected: {(<Change.modified: 2>, '/workspace/app/backend/logs/app_20260527_161940.log')}
2026-05-27 16:41:58,507 - watchfiles.main - DEBUG - 1 change detected: {(<Change.modified: 2>, '/workspace/app/backend/logs/app_20260527_161940.log')}
2026-05-27 16:41:58,858 - watchfiles.main - DEBUG - 1 change detected: {(<Change.modified: 2>, '/workspace/app/backend/logs/app_20260527_161940.log')}
2026-05-27 16:41:59,209 - watchfiles.main - DEBUG - 1 change detected: {(<Change.modified: 2>, '/workspace/app/backend/logs/app_20260527_161940.log')}
2026-05-27 16:41:59,560 - watchfiles.main - DEBUG - 1 change detected: {(<Change.modified: 2>, '/workspace/app/backend/logs/app_20260527_161940.log')}
2026-05-27 16:41:59,912 - watchfiles.main - DEBUG - 1 change detected: {(<Change.modified: 2>, '/workspace/app/backend/logs/app_20260527_161940.log')}
2026-05-27 16:42:00,263 - watchfiles.main - DEBUG - 1 change detected: {(<Change.modified: 2>, '/workspace/app/backend/logs/app_20260527_161940.log')}
2026-05-27 16:42:00,614 - watchfiles.main - DEBUG - 1 change detected: {(<Change.modified: 2>, '/workspace/app/backend/logs/app_20260527_161940.log')}
2026-05-27 16:42:00,965 - watchfiles.main - DEBUG - 1 change detected: {(<Change.modified: 2>, '/workspace/app/backend/logs/app_20260527_161940.log')}
2026-05-27 16:42:01,316 - watchfiles.main - DEBUG - 1 change detected: {(<Change.modified: 2>, '/workspace/app/backend/logs/app_20260527_161940.log')}
2026-05-27 16:42:01,667 - watchfiles.main - DEBUG - 1 change detected: {(<Change.modified: 2>, '/workspace/app/backend/logs/app_20260527_161940.log')}
2026-05-27 16:42:02,018 - watchfiles.main - DEBUG - 1 change detected: {(<Change.modified: 2>, '/workspace/app/backend/logs/app_20260527_161940.log')}
2026-05-27 16:42:02,369 - watchfiles.main - DEBUG - 1 change detected: {(<Change.modified: 2>, '/workspace/app/backend/logs/app_20260527_161940.log')}
2026-05-27 16:42:02,719 - watchfiles.main - DEBUG - 1 change detected: {(<Change.modified: 2>, '/workspace/app/backend/logs/app_20260527_161940.log')}
2026-05-27 16:42:03,070 - watchfiles.main - DEBUG - 1 change detected: {(<Change.modified: 2>, '/workspace/app/backend/logs/app_20260527_161940.log')}
2026-05-27 16:42:03,421 - watchfiles.main - DEBUG - 1 change detected: {(<Change.modified: 2>, '/workspace/app/backend/logs/app_20260527_161940.log')}
2026-05-27 16:42:03,772 - watchfiles.main - DEBUG - 1 change detected: {(<Change.modified: 2>, '/workspace/app/backend/logs/app_20260527_161940.log')}
2026-05-27 16:42:04,123 - watchfiles.main - DEBUG - 1 change detected: {(<Change.modified: 2>, '/workspace/app/backend/logs/app_20260527_161940.log')}
2026-05-27 16:42:04,474 - watchfiles.main - DEBUG - 1 change detected: {(<Change.modified: 2>, '/workspace/app/backend/logs/app_20260527_161940.log')}
2026-05-27 16:42:04,825 - watchfiles.main - DEBUG - 1 change detected: {(<Change.modified: 2>, '/workspace/app/backend/logs/app_20260527_161940.log')}
2026-05-27 16:42:05,176 - watchfiles.main - DEBUG - 1 change detected: {(<Change.modified: 2>, '/workspace/app/backend/logs/app_20260527_161940.log')}
2026-05-27 16:42:05,528 - watchfiles.main - DEBUG - 1 change detected: {(<Change.modified: 2>, '/workspace/app/backend/logs/app_20260527_161940.log')}
2026-05-27 16:42:05,879 - watchfiles.main - DEBUG - 1 change detected: {(<Change.modified: 2>, '/workspace/app/backend/logs/app_20260527_161940.log')}
2026-05-27 16:42:06,230 - watchfiles.main - DEBUG - 1 change detected: {(<Change.modified: 2>, '/workspace/app/backend/logs/app_20260527_161940.log')}
2026-05-27 16:42:06,581 - watchfiles.main - DEBUG - 1 change detected: {(<Change.modified: 2>, '/workspace/app/backend/logs/app_20260527_161940.log')}
2026-05-27 16:42:06,932 - watchfiles.main - DEBUG - 1 change detected: {(<Change.modified: 2>, '/workspace/app/backend/logs/app_20260527_161940.log')}
2026-05-27 16:42:07,283 - watchfiles.main - DEBUG - 1 change detected: {(<Change.modified: 2>, '/workspace/app/backend/logs/app_20260527_161940.log')}
2026-05-27 16:42:07,634 - watchfiles.main - DEBUG - 1 change detected: {(<Change.modified: 2>, '/workspace/app/backend/logs/app_20260527_161940.log')}
2026-05-27 16:42:07,985 - watchfiles.main - DEBUG - 1 change detected: {(<Change.modified: 2>, '/workspace/app/backend/logs/app_20260527_161940.log')}
2026-05-27 16:42:08,336 - watchfiles.main - DEBUG - 1 change detected: {(<Change.modified: 2>, '/workspace/app/backend/logs/app_20260527_161940.log')}
2026-05-27 16:42:08,687 - watchfiles.main - DEBUG - 1 change detected: {(<Change.modified: 2>, '/workspace/app/backend/logs/app_20260527_161940.log')}
2026-05-27 16:42:09,038 - watchfiles.main - DEBUG - 1 change detected: {(<Change.modified: 2>, '/workspace/app/backend/logs/app_20260527_161940.log')}
2026-05-27 16:42:09,389 - watchfiles.main - DEBUG - 1 change detected: {(<Change.modified: 2>, '/workspace/app/backend/logs/app_20260527_161940.log')}
2026-05-27 16:42:09,740 - watchfiles.main - DEBUG - 1 change detected: {(<Change.modified: 2>, '/workspace/app/backend/logs/app_20260527_161940.log')}
2026-05-27 16:42:10,090 - watchfiles.main - DEBUG - 1 change detected: {(<Change.modified: 2>, '/workspace/app/backend/logs/app_20260527_161940.log')}
2026-05-27 16:42:10,441 - watchfiles.main - DEBUG - 1 change detected: {(<Change.modified: 2>, '/workspace/app/backend/logs/app_20260527_161940.log')}
2026-05-27 16:42:10,792 - watchfiles.main - DEBUG - 1 change detected: {(<Change.modified: 2>, '/workspace/app/backend/logs/app_20260527_161940.log')}
2026-05-27 16:42:11,143 - watchfiles.main - DEBUG - 1 change detected: {(<Change.modified: 2>, '/workspace/app/backend/logs/app_20260527_161940.log')}
2026-05-27 16:42:11,494 - watchfiles.main - DEBUG - 1 change detected: {(<Change.modified: 2>, '/workspace/app/backend/logs/app_20260527_161940.log')}
2026-05-27 16:42:11,845 - watchfiles.main - DEBUG - 1 change detected: {(<Change.modified: 2>, '/workspace/app/backend/logs/app_20260527_161940.log')}
2026-05-27 16:42:12,196 - watchfiles.main - DEBUG - 1 change detected: {(<Change.modified: 2>, '/workspace/app/backend/logs/app_20260527_161940.log')}
2026-05-27 16:42:12,547 - watchfiles.main - DEBUG - 1 change detected: {(<Change.modified: 2>, '/workspace/app/backend/logs/app_20260527_161940.log')}
2026-05-27 16:42:12,898 - watchfiles.main - DEBUG - 1 change detected: {(<Change.modified: 2>, '/workspace/app/backend/logs/app_20260527_161940.log')}
2026-05-27 16:42:13,249 - watchfiles.main - DEBUG - 1 change detected: {(<Change.modified: 2>, '/workspace/app/backend/logs/app_20260527_161940.log')}
2026-05-27 16:42:13,600 - watchfiles.main - DEBUG - 1 change detected: {(<Change.modified: 2>, '/workspace/app/backend/logs/app_20260527_161940.log')}
2026-05-27 16:42:13,951 - watchfiles.main - DEBUG - 1 change detected: {(<Change.modified: 2>, '/workspace/app/backend/logs/app_20260527_161940.log')}
2026-05-27 16:42:14,302 - watchfiles.main - DEBUG - 1 change detected: {(<Change.modified: 2>, '/workspace/app/backend/logs/app_20260527_161940.log')}
2026-05-27 16:42:14,653 - watchfiles.main - DEBUG - 1 change detected: {(<Change.modified: 2>, '/workspace/app/backend/logs/app_20260527_161940.log')}
2026-05-27 16:42:15,004 - watchfiles.main - DEBUG - 1 change detected: {(<Change.modified: 2>, '/workspace/app/backend/logs/app_20260527_161940.log')}
2026-05-27 16:42:15,355 - watchfiles.main - DEBUG - 1 change detected: {(<Change.modified: 2>, '/workspace/app/backend/logs/app_20260527_161940.log')}
2026-05-27 16:42:15,706 - watchfiles.main - DEBUG - 1 change detected: {(<Change.modified: 2>, '/workspace/app/backend/logs/app_20260527_161940.log')}
2026-05-27 16:42:16,056 - watchfiles.main - DEBUG - 1 change detected: {(<Change.modified: 2>, '/workspace/app/backend/logs/app_20260527_161940.log')}
2026-05-27 16:42:16,407 - watchfiles.main - DEBUG - 1 change detected: {(<Change.modified: 2>, '/workspace/app/backend/logs/app_20260527_161940.log')}
2026-05-27 16:42:16,758 - watchfiles.main - DEBUG - 1 change detected: {(<Change.modified: 2>, '/workspace/app/backend/logs/app_20260527_161940.log')}
2026-05-27 16:42:17,109 - watchfiles.main - DEBUG - 1 change detected: {(<Change.modified: 2>, '/workspace/app/backend/logs/app_20260527_161940.log')}
2026-05-27 16:42:17,460 - watchfiles.main - DEBUG - 1 change detected: {(<Change.modified: 2>, '/workspace/app/backend/logs/app_20260527_161940.log')}
2026-05-27 16:42:17,811 - watchfiles.main - DEBUG - 1 change detected: {(<Change.modified: 2>, '/workspace/app/backend/logs/app_20260527_161940.log')}
2026-05-27 16:42:18,162 - watchfiles.main - DEBUG - 1 change detected: {(<Change.modified: 2>, '/workspace/app/backend/logs/app_20260527_161940.log')}
2026-05-27 16:42:18,513 - watchfiles.main - DEBUG - 1 change detected: {(<Change.modified: 2>, '/workspace/app/backend/logs/app_20260527_161940.log')}
2026-05-27 16:42:18,864 - watchfiles.main - DEBUG - 1 change detected: {(<Change.modified: 2>, '/workspace/app/backend/logs/app_20260527_161940.log')}
2026-05-27 16:42:19,215 - watchfiles.main - DEBUG - 1 change detected: {(<Change.modified: 2>, '/workspace/app/backend/logs/app_20260527_161940.log')}
2026-05-27 16:42:19,566 - watchfiles.main - DEBUG - 1 change detected: {(<Change.modified: 2>, '/workspace/app/backend/logs/app_20260527_161940.log')}
2026-05-27 16:42:19,917 - watchfiles.main - DEBUG - 1 change detected: {(<Change.modified: 2>, '/workspace/app/backend/logs/app_20260527_161940.log')}
2026-05-27 16:42:20,268 - watchfiles.main - DEBUG - 1 change detected: {(<Change.modified: 2>, '/workspace/app/backend/logs/app_20260527_161940.log')}
2026-05-27 16:42:20,619 - watchfiles.main - DEBUG - 1 change detected: {(<Change.modified: 2>, '/workspace/app/backend/logs/app_20260527_161940.log')}
2026-05-27 16:42:20,972 - watchfiles.main - DEBUG - 1 change detected: {(<Change.modified: 2>, '/workspace/app/backend/logs/app_20260527_161940.log')}
2026-05-27 16:42:21,323 - watchfiles.main - DEBUG - 1 change detected: {(<Change.modified: 2>, '/workspace/app/backend/logs/app_20260527_161940.log')}
2026-05-27 16:42:21,674 - watchfiles.main - DEBUG - 1 change detected: {(<Change.modified: 2>, '/workspace/app/backend/logs/app_20260527_161940.log')}
2026-05-27 16:42:22,024 - watchfiles.main - DEBUG - 1 change detected: {(<Change.modified: 2>, '/workspace/app/backend/logs/app_20260527_161940.log')}
2026-05-27 16:42:22,375 - watchfiles.main - DEBUG - 1 change detected: {(<Change.modified: 2>, '/workspace/app/backend/logs/app_20260527_161940.log')}
2026-05-27 16:42:22,726 - watchfiles.main - DEBUG - 1 change detected: {(<Change.modified: 2>, '/workspace/app/backend/logs/app_20260527_161940.log')}
2026-05-27 16:42:23,077 - watchfiles.main - DEBUG - 1 change detected: {(<Change.modified: 2>, '/workspace/app/backend/logs/app_20260527_161940.log')}
2026-05-27 16:42:23,428 - watchfiles.main - DEBUG - 1 change detected: {(<Change.modified: 2>, '/workspace/app/backend/logs/app_20260527_161940.log')}
2026-05-27 16:42:23,779 - watchfiles.main - DEBUG - 1 change detected: {(<Change.modified: 2>, '/workspace/app/backend/logs/app_20260527_161940.log')}
2026-05-27 16:42:24,130 - watchfiles.main - DEBUG - 1 change detected: {(<Change.modified: 2>, '/workspace/app/backend/logs/app_20260527_161940.log')}
2026-05-27 16:42:24,481 - watchfiles.main - DEBUG - 1 change detected: {(<Change.modified: 2>, '/workspace/app/backend/logs/app_20260527_161940.log')}
2026-05-27 16:42:24,832 - watchfiles.main - DEBUG - 1 change detected: {(<Change.modified: 2>, '/workspace/app/backend/logs/app_20260527_161940.log')}
2026-05-27 16:42:25,183 - watchfiles.main - DEBUG - 1 change detected: {(<Change.modified: 2>, '/workspace/app/backend/logs/app_20260527_161940.log')}
2026-05-27 16:42:25,534 - watchfiles.main - DEBUG - 1 change detected: {(<Change.modified: 2>, '/workspace/app/backend/logs/app_20260527_161940.log')}
2026-05-27 16:42:25,884 - watchfiles.main - DEBUG - 1 change detected: {(<Change.modified: 2>, '/workspace/app/backend/logs/app_20260527_161940.log')}
2026-05-27 16:42:26,235 - watchfiles.main - DEBUG - 1 change detected: {(<Change.modified: 2>, '/workspace/app/backend/logs/app_20260527_161940.log')}
2026-05-27 16:42:26,586 - watchfiles.main - DEBUG - 1 change detected: {(<Change.modified: 2>, '/workspace/app/backend/logs/app_20260527_161940.log')}
2026-05-27 16:42:26,937 - watchfiles.main - DEBUG - 1 change detected: {(<Change.modified: 2>, '/workspace/app/backend/logs/app_20260527_161940.log')}
2026-05-27 16:42:27,288 - watchfiles.main - DEBUG - 1 change detected: {(<Change.modified: 2>, '/workspace/app/backend/logs/app_20260527_161940.log')}
2026-05-27 16:42:27,639 - watchfiles.main - DEBUG - 1 change detected: {(<Change.modified: 2>, '/workspace/app/backend/logs/app_20260527_161940.log')}
2026-05-27 16:42:27,990 - watchfiles.main - DEBUG - 1 change detected: {(<Change.modified: 2>, '/workspace/app/backend/logs/app_20260527_161940.log')}
2026-05-27 16:42:28,341 - watchfiles.main - DEBUG - 1 change detected: {(<Change.modified: 2>, '/workspace/app/backend/logs/app_20260527_161940.log')}
2026-05-27 16:42:28,692 - watchfiles.main - DEBUG - 1 change detected: {(<Change.modified: 2>, '/workspace/app/backend/logs/app_20260527_161940.log')}
2026-05-27 16:42:29,043 - watchfiles.main - DEBUG - 1 change detected: {(<Change.modified: 2>, '/workspace/app/backend/logs/app_20260527_161940.log')}
2026-05-27 16:42:29,394 - watchfiles.main - DEBUG - 1 change detected: {(<Change.modified: 2>, '/workspace/app/backend/logs/app_20260527_161940.log')}
2026-05-27 16:42:29,745 - watchfiles.main - DEBUG - 1 change detected: {(<Change.modified: 2>, '/workspace/app/backend/logs/app_20260527_161940.log')}
2026-05-27 16:42:30,096 - watchfiles.main - DEBUG - 1 change detected: {(<Change.modified: 2>, '/workspace/app/backend/logs/app_20260527_161940.log')}
2026-05-27 16:42:30,447 - watchfiles.main - DEBUG - 1 change detected: {(<Change.modified: 2>, '/workspace/app/backend/logs/app_20260527_161940.log')}
2026-05-27 16:42:30,798 - watchfiles.main - DEBUG - 1 change detected: {(<Change.modified: 2>, '/workspace/app/backend/logs/app_20260527_161940.log')}
2026-05-27 16:42:31,149 - watchfiles.main - DEBUG - 1 change detected: {(<Change.modified: 2>, '/workspace/app/backend/logs/app_20260527_161940.log')}
2026-05-27 16:42:31,500 - watchfiles.main - DEBUG - 1 change detected: {(<Change.modified: 2>, '/workspace/app/backend/logs/app_20260527_161940.log')}
2026-05-27 16:42:31,850 - watchfiles.main - DEBUG - 1 change detected: {(<Change.modified: 2>, '/workspace/app/backend/logs/app_20260527_161940.log')}
2026-05-27 16:42:32,201 - watchfiles.main - DEBUG - 1 change detected: {(<Change.modified: 2>, '/workspace/app/backend/logs/app_20260527_161940.log')}
2026-05-27 16:42:32,552 - watchfiles.main - DEBUG - 1 change detected: {(<Change.modified: 2>, '/workspace/app/backend/logs/app_20260527_161940.log')}
2026-05-27 16:42:32,903 - watchfiles.main - DEBUG - 1 change detected: {(<Change.modified: 2>, '/workspace/app/backend/logs/app_20260527_161940.log')}
2026-05-27 16:42:33,254 - watchfiles.main - DEBUG - 1 change detected: {(<Change.modified: 2>, '/workspace/app/backend/logs/app_20260527_161940.log')}
2026-05-27 16:42:33,605 - watchfiles.main - DEBUG - 1 change detected: {(<Change.modified: 2>, '/workspace/app/backend/logs/app_20260527_161940.log')}
2026-05-27 16:42:33,956 - watchfiles.main - DEBUG - 1 change detected: {(<Change.modified: 2>, '/workspace/app/backend/logs/app_20260527_161940.log')}
2026-05-27 16:42:34,307 - watchfiles.main - DEBUG - 1 change detected: {(<Change.modified: 2>, '/workspace/app/backend/logs/app_20260527_161940.log')}
2026-05-27 16:42:34,658 - watchfiles.main - DEBUG - 1 change detected: {(<Change.modified: 2>, '/workspace/app/backend/logs/app_20260527_161940.log')}
2026-05-27 16:42:35,009 - watchfiles.main - DEBUG - 1 change detected: {(<Change.modified: 2>, '/workspace/app/backend/logs/app_20260527_161940.log')}
2026-05-27 16:42:35,360 - watchfiles.main - DEBUG - 1 change detected: {(<Change.modified: 2>, '/workspace/app/backend/logs/app_20260527_161940.log')}
2026-05-27 16:42:35,711 - watchfiles.main - DEBUG - 1 change detected: {(<Change.modified: 2>, '/workspace/app/backend/logs/app_20260527_161940.log')}
2026-05-27 16:42:36,062 - watchfiles.main - DEBUG - 1 change detected: {(<Change.modified: 2>, '/workspace/app/backend/logs/app_20260527_161940.log')}
2026-05-27 16:42:36,413 - watchfiles.main - DEBUG - 1 change detected: {(<Change.modified: 2>, '/workspace/app/backend/logs/app_20260527_161940.log')}
2026-05-27 16:42:36,764 - watchfiles.main - DEBUG - 1 change detected: {(<Change.modified: 2>, '/workspace/app/backend/logs/app_20260527_161940.log')}
2026-05-27 16:42:37,114 - watchfiles.main - DEBUG - 1 change detected: {(<Change.modified: 2>, '/workspace/app/backend/logs/app_20260527_161940.log')}
2026-05-27 16:42:37,466 - watchfiles.main - DEBUG - 1 change detected: {(<Change.modified: 2>, '/workspace/app/backend/logs/app_20260527_161940.log')}
2026-05-27 16:42:37,817 - watchfiles.main - DEBUG - 1 change detected: {(<Change.modified: 2>, '/workspace/app/backend/logs/app_20260527_161940.log')}
2026-05-27 16:42:38,168 - watchfiles.main - DEBUG - 1 change detected: {(<Change.modified: 2>, '/workspace/app/backend/logs/app_20260527_161940.log')}
2026-05-27 16:42:38,519 - watchfiles.main - DEBUG - 1 change detected: {(<Change.modified: 2>, '/workspace/app/backend/logs/app_20260527_161940.log')}
2026-05-27 16:42:38,870 - watchfiles.main - DEBUG - 1 change detected: {(<Change.modified: 2>, '/workspace/app/backend/logs/app_20260527_161940.log')}
2026-05-27 16:42:39,221 - watchfiles.main - DEBUG - 1 change detected: {(<Change.modified: 2>, '/workspace/app/backend/logs/app_20260527_161940.log')}
2026-05-27 16:42:39,572 - watchfiles.main - DEBUG - 1 change detected: {(<Change.modified: 2>, '/workspace/app/backend/logs/app_20260527_161940.log')}
2026-05-27 16:42:39,923 - watchfiles.main - DEBUG - 1 change detected: {(<Change.modified: 2>, '/workspace/app/backend/logs/app_20260527_161940.log')}
2026-05-27 16:42:40,273 - watchfiles.main - DEBUG - 1 change detected: {(<Change.modified: 2>, '/workspace/app/backend/logs/app_20260527_161940.log')}
2026-05-27 16:42:40,624 - watchfiles.main - DEBUG - 1 change detected: {(<Change.modified: 2>, '/workspace/app/backend/logs/app_20260527_161940.log')}
2026-05-27 16:42:40,976 - watchfiles.main - DEBUG - 1 change detected: {(<Change.modified: 2>, '/workspace/app/backend/logs/app_20260527_161940.log')}
2026-05-27 16:42:41,327 - watchfiles.main - DEBUG - 1 change detected: {(<Change.modified: 2>, '/workspace/app/backend/logs/app_20260527_161940.log')}
2026-05-27 16:42:41,678 - watchfiles.main - DEBUG - 1 change detected: {(<Change.modified: 2>, '/workspace/app/backend/logs/app_20260527_161940.log')}
2026-05-27 16:42:42,029 - watchfiles.main - DEBUG - 1 change detected: {(<Change.modified: 2>, '/workspace/app/backend/logs/app_20260527_161940.log')}
2026-05-27 16:42:42,380 - watchfiles.main - DEBUG - 1 change detected: {(<Change.modified: 2>, '/workspace/app/backend/logs/app_20260527_161940.log')}
2026-05-27 16:42:42,731 - watchfiles.main - DEBUG - 1 change detected: {(<Change.modified: 2>, '/workspace/app/backend/logs/app_20260527_161940.log')}
2026-05-27 16:42:43,082 - watchfiles.main - DEBUG - 1 change detected: {(<Change.modified: 2>, '/workspace/app/backend/logs/app_20260527_161940.log')}
2026-05-27 16:42:43,434 - watchfiles.main - DEBUG - 1 change detected: {(<Change.modified: 2>, '/workspace/app/backend/logs/app_20260527_161940.log')}
2026-05-27 16:42:43,785 - watchfiles.main - DEBUG - 1 change detected: {(<Change.modified: 2>, '/workspace/app/backend/logs/app_20260527_161940.log')}
2026-05-27 16:42:44,135 - watchfiles.main - DEBUG - 1 change detected: {(<Change.modified: 2>, '/workspace/app/backend/logs/app_20260527_161940.log')}
2026-05-27 16:42:44,487 - watchfiles.main - DEBUG - 1 change detected: {(<Change.modified: 2>, '/workspace/app/backend/logs/app_20260527_161940.log')}
2026-05-27 16:42:44,838 - watchfiles.main - DEBUG - 1 change detected: {(<Change.modified: 2>, '/workspace/app/backend/logs/app_20260527_161940.log')}
2026-05-27 16:42:45,189 - watchfiles.main - DEBUG - 1 change detected: {(<Change.modified: 2>, '/workspace/app/backend/logs/app_20260527_161940.log')}
2026-05-27 16:42:45,540 - watchfiles.main - DEBUG - 1 change detected: {(<Change.modified: 2>, '/workspace/app/backend/logs/app_20260527_161940.log')}
2026-05-27 16:42:45,891 - watchfiles.main - DEBUG - 1 change detected: {(<Change.modified: 2>, '/workspace/app/backend/logs/app_20260527_161940.log')}
2026-05-27 16:42:46,242 - watchfiles.main - DEBUG - 1 change detected: {(<Change.modified: 2>, '/workspace/app/backend/logs/app_20260527_161940.log')}
2026-05-27 16:42:46,593 - watchfiles.main - DEBUG - 1 change detected: {(<Change.modified: 2>, '/workspace/app/backend/logs/app_20260527_161940.log')}
2026-05-27 16:42:46,944 - watchfiles.main - DEBUG - 1 change detected: {(<Change.modified: 2>, '/workspace/app/backend/logs/app_20260527_161940.log')}
2026-05-27 16:42:47,295 - watchfiles.main - DEBUG - 1 change detected: {(<Change.modified: 2>, '/workspace/app/backend/logs/app_20260527_161940.log')}
2026-05-27 16:42:47,646 - watchfiles.main - DEBUG - 1 change detected: {(<Change.modified: 2>, '/workspace/app/backend/logs/app_20260527_161940.log')}
2026-05-27 16:42:47,997 - watchfiles.main - DEBUG - 1 change detected: {(<Change.modified: 2>, '/workspace/app/backend/logs/app_20260527_161940.log')}
2026-05-27 16:42:48,347 - watchfiles.main - DEBUG - 1 change detected: {(<Change.modified: 2>, '/workspace/app/backend/logs/app_20260527_161940.log')}
2026-05-27 16:42:48,698 - watchfiles.main - DEBUG - 1 change detected: {(<Change.modified: 2>, '/workspace/app/backend/logs/app_20260527_161940.log')}
2026-05-27 16:42:49,049 - watchfiles.main - DEBUG - 1 change detected: {(<Change.modified: 2>, '/workspace/app/backend/logs/app_20260527_161940.log')}
2026-05-27 16:42:49,400 - watchfiles.main - DEBUG - 1 change detected: {(<Change.modified: 2>, '/workspace/app/backend/logs/app_20260527_161940.log')}
2026-05-27 16:42:49,751 - watchfiles.main - DEBUG - 1 change detected: {(<Change.modified: 2>, '/workspace/app/backend/logs/app_20260527_161940.log')}
2026-05-27 16:42:50,102 - watchfiles.main - DEBUG - 1 change detected: {(<Change.modified: 2>, '/workspace/app/backend/logs/app_20260527_161940.log')}
2026-05-27 16:42:50,453 - watchfiles.main - DEBUG - 1 change detected: {(<Change.modified: 2>, '/workspace/app/backend/logs/app_20260527_161940.log')}
2026-05-27 16:42:50,804 - watchfiles.main - DEBUG - 1 change detected: {(<Change.modified: 2>, '/workspace/app/backend/logs/app_20260527_161940.log')}
2026-05-27 16:42:51,155 - watchfiles.main - DEBUG - 1 change detected: {(<Change.modified: 2>, '/workspace/app/backend/logs/app_20260527_161940.log')}
2026-05-27 16:42:51,506 - watchfiles.main - DEBUG - 1 change detected: {(<Change.modified: 2>, '/workspace/app/backend/logs/app_20260527_161940.log')}
2026-05-27 16:42:51,857 - watchfiles.main - DEBUG - 1 change detected: {(<Change.modified: 2>, '/workspace/app/backend/logs/app_20260527_161940.log')}
2026-05-27 16:42:52,208 - watchfiles.main - DEBUG - 1 change detected: {(<Change.modified: 2>, '/workspace/app/backend/logs/app_20260527_161940.log')}
2026-05-27 16:42:52,559 - watchfiles.main - DEBUG - 1 change detected: {(<Change.modified: 2>, '/workspace/app/backend/logs/app_20260527_161940.log')}
2026-05-27 16:42:52,910 - watchfiles.main - DEBUG - 1 change detected: {(<Change.modified: 2>, '/workspace/app/backend/logs/app_20260527_161940.log')}
2026-05-27 16:42:53,261 - watchfiles.main - DEBUG - 1 change detected: {(<Change.modified: 2>, '/workspace/app/backend/logs/app_20260527_161940.log')}
2026-05-27 16:42:53,612 - watchfiles.main - DEBUG - 1 change detected: {(<Change.modified: 2>, '/workspace/app/backend/logs/app_20260527_161940.log')}
2026-05-27 16:42:53,963 - watchfiles.main - DEBUG - 1 change detected: {(<Change.modified: 2>, '/workspace/app/backend/logs/app_20260527_161940.log')}
2026-05-27 16:42:54,314 - watchfiles.main - DEBUG - 1 change detected: {(<Change.modified: 2>, '/workspace/app/backend/logs/app_20260527_161940.log')}
2026-05-27 16:42:54,668 - watchfiles.main - DEBUG - 1 change detected: {(<Change.modified: 2>, '/workspace/app/backend/logs/app_20260527_161940.log')}
2026-05-27 16:42:55,019 - watchfiles.main - DEBUG - 1 change detected: {(<Change.modified: 2>, '/workspace/app/backend/logs/app_20260527_161940.log')}
2026-05-27 16:42:55,370 - watchfiles.main - DEBUG - 1 change detected: {(<Change.modified: 2>, '/workspace/app/backend/logs/app_20260527_161940.log')}
2026-05-27 16:42:55,721 - watchfiles.main - DEBUG - 1 change detected: {(<Change.modified: 2>, '/workspace/app/backend/logs/app_20260527_161940.log')}
2026-05-27 16:42:56,072 - watchfiles.main - DEBUG - 1 change detected: {(<Change.modified: 2>, '/workspace/app/backend/logs/app_20260527_161940.log')}
2026-05-27 16:42:56,423 - watchfiles.main - DEBUG - 1 change detected: {(<Change.modified: 2>, '/workspace/app/backend/logs/app_20260527_161940.log')}
2026-05-27 16:42:56,774 - watchfiles.main - DEBUG - 1 change detected: {(<Change.modified: 2>, '/workspace/app/backend/logs/app_20260527_161940.log')}
2026-05-27 16:42:57,125 - watchfiles.main - DEBUG - 1 change detected: {(<Change.modified: 2>, '/workspace/app/backend/logs/app_20260527_161940.log')}
2026-05-27 16:42:57,475 - watchfiles.main - DEBUG - 1 change detected: {(<Change.modified: 2>, '/workspace/app/backend/logs/app_20260527_161940.log')}
2026-05-27 16:42:57,827 - watchfiles.main - DEBUG - 1 change detected: {(<Change.modified: 2>, '/workspace/app/backend/logs/app_20260527_161940.log')}
2026-05-27 16:42:58,178 - watchfiles.main - DEBUG - 1 change detected: {(<Change.modified: 2>, '/workspace/app/backend/logs/app_20260527_161940.log')}
2026-05-27 16:42:58,529 - watchfiles.main - DEBUG - 1 change detected: {(<Change.modified: 2>, '/workspace/app/backend/logs/app_20260527_161940.log')}
2026-05-27 16:42:58,880 - watchfiles.main - DEBUG - 1 change detected: {(<Change.modified: 2>, '/workspace/app/backend/logs/app_20260527_161940.log')}
2026-05-27 16:42:59,231 - watchfiles.main - DEBUG - 1 change detected: {(<Change.modified: 2>, '/workspace/app/backend/logs/app_20260527_161940.log')}
2026-05-27 16:42:59,582 - watchfiles.main - DEBUG - 1 change detected: {(<Change.modified: 2>, '/workspace/app/backend/logs/app_20260527_161940.log')}
2026-05-27 16:42:59,933 - watchfiles.main - DEBUG - 1 change detected: {(<Change.modified: 2>, '/workspace/app/backend/logs/app_20260527_161940.log')}
2026-05-27 16:43:00,284 - watchfiles.main - DEBUG - 1 change detected: {(<Change.modified: 2>, '/workspace/app/backend/logs/app_20260527_161940.log')}
2026-05-27 16:43:00,635 - watchfiles.main - DEBUG - 1 change detected: {(<Change.modified: 2>, '/workspace/app/backend/logs/app_20260527_161940.log')}
2026-05-27 16:43:00,986 - watchfiles.main - DEBUG - 1 change detected: {(<Change.modified: 2>, '/workspace/app/backend/logs/app_20260527_161940.log')}
2026-05-27 16:43:01,337 - watchfiles.main - DEBUG - 1 change detected: {(<Change.modified: 2>, '/workspace/app/backend/logs/app_20260527_161940.log')}
2026-05-27 16:43:01,688 - watchfiles.main - DEBUG - 1 change detected: {(<Change.modified: 2>, '/workspace/app/backend/logs/app_20260527_161940.log')}
2026-05-27 16:43:02,039 - watchfiles.main - DEBUG - 1 change detected: {(<Change.modified: 2>, '/workspace/app/backend/logs/app_20260527_161940.log')}
2026-05-27 16:43:02,390 - watchfiles.main - DEBUG - 1 change detected: {(<Change.modified: 2>, '/workspace/app/backend/logs/app_20260527_161940.log')}
2026-05-27 16:43:02,741 - watchfiles.main - DEBUG - 1 change detected: {(<Change.modified: 2>, '/workspace/app/backend/logs/app_20260527_161940.log')}
2026-05-27 16:43:03,092 - watchfiles.main - DEBUG - 1 change detected: {(<Change.modified: 2>, '/workspace/app/backend/logs/app_20260527_161940.log')}
2026-05-27 16:43:03,442 - watchfiles.main - DEBUG - 1 change detected: {(<Change.modified: 2>, '/workspace/app/backend/logs/app_20260527_161940.log')}
2026-05-27 16:43:03,793 - watchfiles.main - DEBUG - 1 change detected: {(<Change.modified: 2>, '/workspace/app/backend/logs/app_20260527_161940.log')}
2026-05-27 16:43:04,145 - watchfiles.main - DEBUG - 1 change detected: {(<Change.modified: 2>, '/workspace/app/backend/logs/app_20260527_161940.log')}
2026-05-27 16:43:04,496 - watchfiles.main - DEBUG - 1 change detected: {(<Change.modified: 2>, '/workspace/app/backend/logs/app_20260527_161940.log')}
2026-05-27 16:43:04,847 - watchfiles.main - DEBUG - 1 change detected: {(<Change.modified: 2>, '/workspace/app/backend/logs/app_20260527_161940.log')}
2026-05-27 16:43:05,198 - watchfiles.main - DEBUG - 1 change detected: {(<Change.modified: 2>, '/workspace/app/backend/logs/app_20260527_161940.log')}
2026-05-27 16:43:05,549 - watchfiles.main - DEBUG - 1 change detected: {(<Change.modified: 2>, '/workspace/app/backend/logs/app_20260527_161940.log')}
2026-05-27 16:43:05,900 - watchfiles.main - DEBUG - 1 change detected: {(<Change.modified: 2>, '/workspace/app/backend/logs/app_20260527_161940.log')}
2026-05-27 16:43:06,250 - watchfiles.main - DEBUG - 1 change detected: {(<Change.modified: 2>, '/workspace/app/backend/logs/app_20260527_161940.log')}
2026-05-27 16:43:06,601 - watchfiles.main - DEBUG - 1 change detected: {(<Change.modified: 2>, '/workspace/app/backend/logs/app_20260527_161940.log')}
2026-05-27 16:43:06,952 - watchfiles.main - DEBUG - 1 change detected: {(<Change.modified: 2>, '/workspace/app/backend/logs/app_20260527_161940.log')}
2026-05-27 16:43:07,303 - watchfiles.main - DEBUG - 1 change detected: {(<Change.modified: 2>, '/workspace/app/backend/logs/app_20260527_161940.log')}
2026-05-27 16:43:07,654 - watchfiles.main - DEBUG - 1 change detected: {(<Change.modified: 2>, '/workspace/app/backend/logs/app_20260527_161940.log')}
2026-05-27 16:43:08,006 - watchfiles.main - DEBUG - 1 change detected: {(<Change.modified: 2>, '/workspace/app/backend/logs/app_20260527_161940.log')}
2026-05-27 16:43:08,357 - watchfiles.main - DEBUG - 1 change detected: {(<Change.modified: 2>, '/workspace/app/backend/logs/app_20260527_161940.log')}
2026-05-27 16:43:08,708 - watchfiles.main - DEBUG - 1 change detected: {(<Change.modified: 2>, '/workspace/app/backend/logs/app_20260527_161940.log')}
2026-05-27 16:43:09,059 - watchfiles.main - DEBUG - 1 change detected: {(<Change.modified: 2>, '/workspace/app/backend/logs/app_20260527_161940.log')}
2026-05-27 16:43:09,410 - watchfiles.main - DEBUG - 1 change detected: {(<Change.modified: 2>, '/workspace/app/backend/logs/app_20260527_161940.log')}
2026-05-27 16:43:09,761 - watchfiles.main - DEBUG - 1 change detected: {(<Change.modified: 2>, '/workspace/app/backend/logs/app_20260527_161940.log')}
2026-05-27 16:43:10,112 - watchfiles.main - DEBUG - 1 change detected: {(<Change.modified: 2>, '/workspace/app/backend/logs/app_20260527_161940.log')}
2026-05-27 16:43:10,462 - watchfiles.main - DEBUG - 1 change detected: {(<Change.modified: 2>, '/workspace/app/backend/logs/app_20260527_161940.log')}
2026-05-27 16:43:10,813 - watchfiles.main - DEBUG - 1 change detected: {(<Change.modified: 2>, '/workspace/app/backend/logs/app_20260527_161940.log')}
2026-05-27 16:43:11,164 - watchfiles.main - DEBUG - 1 change detected: {(<Change.modified: 2>, '/workspace/app/backend/logs/app_20260527_161940.log')}
2026-05-27 16:43:11,515 - watchfiles.main - DEBUG - 1 change detected: {(<Change.modified: 2>, '/workspace/app/backend/logs/app_20260527_161940.log')}
2026-05-27 16:43:11,866 - watchfiles.main - DEBUG - 1 change detected: {(<Change.modified: 2>, '/workspace/app/backend/logs/app_20260527_161940.log')}
2026-05-27 16:43:12,217 - watchfiles.main - DEBUG - 1 change detected: {(<Change.modified: 2>, '/workspace/app/backend/logs/app_20260527_161940.log')}
2026-05-27 16:43:12,568 - watchfiles.main - DEBUG - 1 change detected: {(<Change.modified: 2>, '/workspace/app/backend/logs/app_20260527_161940.log')}
2026-05-27 16:43:12,919 - watchfiles.main - DEBUG - 1 change detected: {(<Change.modified: 2>, '/workspace/app/backend/logs/app_20260527_161940.log')}
2026-05-27 16:43:13,270 - watchfiles.main - DEBUG - 1 change detected: {(<Change.modified: 2>, '/workspace/app/backend/logs/app_20260527_161940.log')}
2026-05-27 16:43:13,620 - watchfiles.main - DEBUG - 1 change detected: {(<Change.modified: 2>, '/workspace/app/backend/logs/app_20260527_161940.log')}
2026-05-27 16:43:13,971 - watchfiles.main - DEBUG - 1 change detected: {(<Change.modified: 2>, '/workspace/app/backend/logs/app_20260527_161940.log')}
2026-05-27 16:43:14,322 - watchfiles.main - DEBUG - 1 change detected: {(<Change.modified: 2>, '/workspace/app/backend/logs/app_20260527_161940.log')}
2026-05-27 16:43:14,673 - watchfiles.main - DEBUG - 1 change detected: {(<Change.modified: 2>, '/workspace/app/backend/logs/app_20260527_161940.log')}
2026-05-27 16:43:15,024 - watchfiles.main - DEBUG - 1 change detected: {(<Change.modified: 2>, '/workspace/app/backend/logs/app_20260527_161940.log')}
2026-05-27 16:43:15,375 - watchfiles.main - DEBUG - 1 change detected: {(<Change.modified: 2>, '/workspace/app/backend/logs/app_20260527_161940.log')}
2026-05-27 16:43:15,726 - watchfiles.main - DEBUG - 1 change detected: {(<Change.modified: 2>, '/workspace/app/backend/logs/app_20260527_161940.log')}
2026-05-27 16:43:16,077 - watchfiles.main - DEBUG - 1 change detected: {(<Change.modified: 2>, '/workspace/app/backend/logs/app_20260527_161940.log')}
2026-05-27 16:43:16,428 - watchfiles.main - DEBUG - 1 change detected: {(<Change.modified: 2>, '/workspace/app/backend/logs/app_20260527_161940.log')}
2026-05-27 16:43:16,779 - watchfiles.main - DEBUG - 1 change detected: {(<Change.modified: 2>, '/workspace/app/backend/logs/app_20260527_161940.log')}
2026-05-27 16:43:17,130 - watchfiles.main - DEBUG - 1 change detected: {(<Change.modified: 2>, '/workspace/app/backend/logs/app_20260527_161940.log')}
2026-05-27 16:43:17,481 - watchfiles.main - DEBUG - 1 change detected: {(<Change.modified: 2>, '/workspace/app/backend/logs/app_20260527_161940.log')}
2026-05-27 16:43:17,832 - watchfiles.main - DEBUG - 1 change detected: {(<Change.modified: 2>, '/workspace/app/backend/logs/app_20260527_161940.log')}
2026-05-27 16:43:18,182 - watchfiles.main - DEBUG - 1 change detected: {(<Change.modified: 2>, '/workspace/app/backend/logs/app_20260527_161940.log')}
2026-05-27 16:43:18,533 - watchfiles.main - DEBUG - 1 change detected: {(<Change.modified: 2>, '/workspace/app/backend/logs/app_20260527_161940.log')}
2026-05-27 16:43:18,884 - watchfiles.main - DEBUG - 1 change detected: {(<Change.modified: 2>, '/workspace/app/backend/logs/app_20260527_161940.log')}
2026-05-27 16:43:19,235 - watchfiles.main - DEBUG - 1 change detected: {(<Change.modified: 2>, '/workspace/app/backend/logs/app_20260527_161940.log')}
2026-05-27 16:43:19,587 - watchfiles.main - DEBUG - 1 change detected: {(<Change.modified: 2>, '/workspace/app/backend/logs/app_20260527_161940.log')}
2026-05-27 16:43:19,938 - watchfiles.main - DEBUG - 1 change detected: {(<Change.modified: 2>, '/workspace/app/backend/logs/app_20260527_161940.log')}
2026-05-27 16:43:20,289 - watchfiles.main - DEBUG - 1 change detected: {(<Change.modified: 2>, '/workspace/app/backend/logs/app_20260527_161940.log')}
2026-05-27 16:43:20,640 - watchfiles.main - DEBUG - 1 change detected: {(<Change.modified: 2>, '/workspace/app/backend/logs/app_20260527_161940.log')}
2026-05-27 16:43:20,991 - watchfiles.main - DEBUG - 1 change detected: {(<Change.modified: 2>, '/workspace/app/backend/logs/app_20260527_161940.log')}
2026-05-27 16:43:21,342 - watchfiles.main - DEBUG - 1 change detected: {(<Change.modified: 2>, '/workspace/app/backend/logs/app_20260527_161940.log')}
2026-05-27 16:43:21,693 - watchfiles.main - DEBUG - 1 change detected: {(<Change.modified: 2>, '/workspace/app/backend/logs/app_20260527_161940.log')}
2026-05-27 16:43:22,044 - watchfiles.main - DEBUG - 1 change detected: {(<Change.modified: 2>, '/workspace/app/backend/logs/app_20260527_161940.log')}
2026-05-27 16:43:22,395 - watchfiles.main - DEBUG - 1 change detected: {(<Change.modified: 2>, '/workspace/app/backend/logs/app_20260527_161940.log')}
2026-05-27 16:43:22,745 - watchfiles.main - DEBUG - 1 change detected: {(<Change.modified: 2>, '/workspace/app/backend/logs/app_20260527_161940.log')}
2026-05-27 16:43:23,096 - watchfiles.main - DEBUG - 1 change detected: {(<Change.modified: 2>, '/workspace/app/backend/logs/app_20260527_161940.log')}
2026-05-27 16:43:23,447 - watchfiles.main - DEBUG - 1 change detected: {(<Change.modified: 2>, '/workspace/app/backend/logs/app_20260527_161940.log')}
2026-05-27 16:43:23,798 - watchfiles.main - DEBUG - 1 change detected: {(<Change.modified: 2>, '/workspace/app/backend/logs/app_20260527_161940.log')}
2026-05-27 16:43:24,149 - watchfiles.main - DEBUG - 1 change detected: {(<Change.modified: 2>, '/workspace/app/backend/logs/app_20260527_161940.log')}
2026-05-27 16:43:24,500 - watchfiles.main - DEBUG - 1 change detected: {(<Change.modified: 2>, '/workspace/app/backend/logs/app_20260527_161940.log')}
2026-05-27 16:43:24,851 - watchfiles.main - DEBUG - 1 change detected: {(<Change.modified: 2>, '/workspace/app/backend/logs/app_20260527_161940.log')}
2026-05-27 16:43:25,201 - watchfiles.main - DEBUG - 1 change detected: {(<Change.modified: 2>, '/workspace/app/backend/logs/app_20260527_161940.log')}
2026-05-27 16:43:25,553 - watchfiles.main - DEBUG - 1 change detected: {(<Change.modified: 2>, '/workspace/app/backend/logs/app_20260527_161940.log')}
2026-05-27 16:43:25,904 - watchfiles.main - DEBUG - 1 change detected: {(<Change.modified: 2>, '/workspace/app/backend/logs/app_20260527_161940.log')}
2026-05-27 16:43:26,254 - watchfiles.main - DEBUG - 1 change detected: {(<Change.modified: 2>, '/workspace/app/backend/logs/app_20260527_161940.log')}
2026-05-27 16:43:26,605 - watchfiles.main - DEBUG - 1 change detected: {(<Change.modified: 2>, '/workspace/app/backend/logs/app_20260527_161940.log')}
2026-05-27 16:43:26,956 - watchfiles.main - DEBUG - 1 change detected: {(<Change.modified: 2>, '/workspace/app/backend/logs/app_20260527_161940.log')}
2026-05-27 16:43:27,307 - watchfiles.main - DEBUG - 1 change detected: {(<Change.modified: 2>, '/workspace/app/backend/logs/app_20260527_161940.log')}
2026-05-27 16:43:27,658 - watchfiles.main - DEBUG - 1 change detected: {(<Change.modified: 2>, '/workspace/app/backend/logs/app_20260527_161940.log')}
2026-05-27 16:43:28,009 - watchfiles.main - DEBUG - 1 change detected: {(<Change.modified: 2>, '/workspace/app/backend/logs/app_20260527_161940.log')}
2026-05-27 16:43:28,360 - watchfiles.main - DEBUG - 1 change detected: {(<Change.modified: 2>, '/workspace/app/backend/logs/app_20260527_161940.log')}
2026-05-27 16:43:28,711 - watchfiles.main - DEBUG - 1 change detected: {(<Change.modified: 2>, '/workspace/app/backend/logs/app_20260527_161940.log')}
2026-05-27 16:43:29,062 - watchfiles.main - DEBUG - 1 change detected: {(<Change.modified: 2>, '/workspace/app/backend/logs/app_20260527_161940.log')}
2026-05-27 16:43:29,413 - watchfiles.main - DEBUG - 1 change detected: {(<Change.modified: 2>, '/workspace/app/backend/logs/app_20260527_161940.log')}
2026-05-27 16:43:29,764 - watchfiles.main - DEBUG - 1 change detected: {(<Change.modified: 2>, '/workspace/app/backend/logs/app_20260527_161940.log')}
2026-05-27 16:43:30,115 - watchfiles.main - DEBUG - 1 change detected: {(<Change.modified: 2>, '/workspace/app/backend/logs/app_20260527_161940.log')}
2026-05-27 16:43:30,466 - watchfiles.main - DEBUG - 1 change detected: {(<Change.modified: 2>, '/workspace/app/backend/logs/app_20260527_161940.log')}
2026-05-27 16:43:30,817 - watchfiles.main - DEBUG - 1 change detected: {(<Change.modified: 2>, '/workspace/app/backend/logs/app_20260527_161940.log')}
2026-05-27 16:43:31,168 - watchfiles.main - DEBUG - 1 change detected: {(<Change.modified: 2>, '/workspace/app/backend/logs/app_20260527_161940.log')}
2026-05-27 16:43:31,519 - watchfiles.main - DEBUG - 1 change detected: {(<Change.modified: 2>, '/workspace/app/backend/logs/app_20260527_161940.log')}
2026-05-27 16:43:31,870 - watchfiles.main - DEBUG - 1 change detected: {(<Change.modified: 2>, '/workspace/app/backend/logs/app_20260527_161940.log')}
2026-05-27 16:43:32,221 - watchfiles.main - DEBUG - 1 change detected: {(<Change.modified: 2>, '/workspace/app/backend/logs/app_20260527_161940.log')}
2026-05-27 16:43:32,572 - watchfiles.main - DEBUG - 1 change detected: {(<Change.modified: 2>, '/workspace/app/backend/logs/app_20260527_161940.log')}
2026-05-27 16:43:32,923 - watchfiles.main - DEBUG - 1 change detected: {(<Change.modified: 2>, '/workspace/app/backend/logs/app_20260527_161940.log')}
2026-05-27 16:43:33,274 - watchfiles.main - DEBUG - 1 change detected: {(<Change.modified: 2>, '/workspace/app/backend/logs/app_20260527_161940.log')}
2026-05-27 16:43:33,625 - watchfiles.main - DEBUG - 1 change detected: {(<Change.modified: 2>, '/workspace/app/backend/logs/app_20260527_161940.log')}
2026-05-27 16:43:33,975 - watchfiles.main - DEBUG - 1 change detected: {(<Change.modified: 2>, '/workspace/app/backend/logs/app_20260527_161940.log')}
2026-05-27 16:43:34,326 - watchfiles.main - DEBUG - 1 change detected: {(<Change.modified: 2>, '/workspace/app/backend/logs/app_20260527_161940.log')}
2026-05-27 16:43:34,677 - watchfiles.main - DEBUG - 1 change detected: {(<Change.modified: 2>, '/workspace/app/backend/logs/app_20260527_161940.log')}
2026-05-27 16:43:35,028 - watchfiles.main - DEBUG - 1 change detected: {(<Change.modified: 2>, '/workspace/app/backend/logs/app_20260527_161940.log')}
2026-05-27 16:43:35,379 - watchfiles.main - DEBUG - 1 change detected: {(<Change.modified: 2>, '/workspace/app/backend/logs/app_20260527_161940.log')}
2026-05-27 16:43:35,730 - watchfiles.main - DEBUG - 1 change detected: {(<Change.modified: 2>, '/workspace/app/backend/logs/app_20260527_161940.log')}
2026-05-27 16:43:36,081 - watchfiles.main - DEBUG - 1 change detected: {(<Change.modified: 2>, '/workspace/app/backend/logs/app_20260527_161940.log')}
2026-05-27 16:43:36,432 - watchfiles.main - DEBUG - 1 change detected: {(<Change.modified: 2>, '/workspace/app/backend/logs/app_20260527_161940.log')}
2026-05-27 16:43:36,783 - watchfiles.main - DEBUG - 1 change detected: {(<Change.modified: 2>, '/workspace/app/backend/logs/app_20260527_161940.log')}
2026-05-27 16:43:37,134 - watchfiles.main - DEBUG - 1 change detected: {(<Change.modified: 2>, '/workspace/app/backend/logs/app_20260527_161940.log')}
2026-05-27 16:43:37,485 - watchfiles.main - DEBUG - 1 change detected: {(<Change.modified: 2>, '/workspace/app/backend/logs/app_20260527_161940.log')}
2026-05-27 16:43:37,836 - watchfiles.main - DEBUG - 1 change detected: {(<Change.modified: 2>, '/workspace/app/backend/logs/app_20260527_161940.log')}
2026-05-27 16:43:38,187 - watchfiles.main - DEBUG - 1 change detected: {(<Change.modified: 2>, '/workspace/app/backend/logs/app_20260527_161940.log')}
2026-05-27 16:43:38,538 - watchfiles.main - DEBUG - 1 change detected: {(<Change.modified: 2>, '/workspace/app/backend/logs/app_20260527_161940.log')}
2026-05-27 16:43:38,889 - watchfiles.main - DEBUG - 1 change detected: {(<Change.modified: 2>, '/workspace/app/backend/logs/app_20260527_161940.log')}
2026-05-27 16:43:39,240 - watchfiles.main - DEBUG - 1 change detected: {(<Change.modified: 2>, '/workspace/app/backend/logs/app_20260527_161940.log')}
2026-05-27 16:43:39,591 - watchfiles.main - DEBUG - 1 change detected: {(<Change.modified: 2>, '/workspace/app/backend/logs/app_20260527_161940.log')}
2026-05-27 16:43:39,942 - watchfiles.main - DEBUG - 1 change detected: {(<Change.modified: 2>, '/workspace/app/backend/logs/app_20260527_161940.log')}
2026-05-27 16:43:40,293 - watchfiles.main - DEBUG - 1 change detected: {(<Change.modified: 2>, '/workspace/app/backend/logs/app_20260527_161940.log')}
2026-05-27 16:43:40,644 - watchfiles.main - DEBUG - 1 change detected: {(<Change.modified: 2>, '/workspace/app/backend/logs/app_20260527_161940.log')}
2026-05-27 16:43:40,995 - watchfiles.main - DEBUG - 1 change detected: {(<Change.modified: 2>, '/workspace/app/backend/logs/app_20260527_161940.log')}
2026-05-27 16:43:41,346 - watchfiles.main - DEBUG - 1 change detected: {(<Change.modified: 2>, '/workspace/app/backend/logs/app_20260527_161940.log')}
2026-05-27 16:43:41,697 - watchfiles.main - DEBUG - 1 change detected: {(<Change.modified: 2>, '/workspace/app/backend/logs/app_20260527_161940.log')}
2026-05-27 16:43:42,047 - watchfiles.main - DEBUG - 1 change detected: {(<Change.modified: 2>, '/workspace/app/backend/logs/app_20260527_161940.log')}
2026-05-27 16:43:42,398 - watchfiles.main - DEBUG - 1 change detected: {(<Change.modified: 2>, '/workspace/app/backend/logs/app_20260527_161940.log')}
2026-05-27 16:43:42,749 - watchfiles.main - DEBUG - 1 change detected: {(<Change.modified: 2>, '/workspace/app/backend/logs/app_20260527_161940.log')}
2026-05-27 16:43:43,100 - watchfiles.main - DEBUG - 1 change detected: {(<Change.modified: 2>, '/workspace/app/backend/logs/app_20260527_161940.log')}
2026-05-27 16:43:43,451 - watchfiles.main - DEBUG - 1 change detected: {(<Change.modified: 2>, '/workspace/app/backend/logs/app_20260527_161940.log')}
2026-05-27 16:43:43,802 - watchfiles.main - DEBUG - 1 change detected: {(<Change.modified: 2>, '/workspace/app/backend/logs/app_20260527_161940.log')}
2026-05-27 16:43:44,153 - watchfiles.main - DEBUG - 1 change detected: {(<Change.modified: 2>, '/workspace/app/backend/logs/app_20260527_161940.log')}
2026-05-27 16:43:44,504 - watchfiles.main - DEBUG - 1 change detected: {(<Change.modified: 2>, '/workspace/app/backend/logs/app_20260527_161940.log')}
2026-05-27 16:43:44,855 - watchfiles.main - DEBUG - 1 change detected: {(<Change.modified: 2>, '/workspace/app/backend/logs/app_20260527_161940.log')}
2026-05-27 16:43:45,206 - watchfiles.main - DEBUG - 1 change detected: {(<Change.modified: 2>, '/workspace/app/backend/logs/app_20260527_161940.log')}
2026-05-27 16:43:45,557 - watchfiles.main - DEBUG - 1 change detected: {(<Change.modified: 2>, '/workspace/app/backend/logs/app_20260527_161940.log')}
2026-05-27 16:43:45,908 - watchfiles.main - DEBUG - 1 change detected: {(<Change.modified: 2>, '/workspace/app/backend/logs/app_20260527_161940.log')}
2026-05-27 16:43:46,260 - watchfiles.main - DEBUG - 1 change detected: {(<Change.modified: 2>, '/workspace/app/backend/logs/app_20260527_161940.log')}
2026-05-27 16:43:46,611 - watchfiles.main - DEBUG - 1 change detected: {(<Change.modified: 2>, '/workspace/app/backend/logs/app_20260527_161940.log')}
2026-05-27 16:43:46,962 - watchfiles.main - DEBUG - 1 change detected: {(<Change.modified: 2>, '/workspace/app/backend/logs/app_20260527_161940.log')}
2026-05-27 16:43:47,313 - watchfiles.main - DEBUG - 1 change detected: {(<Change.modified: 2>, '/workspace/app/backend/logs/app_20260527_161940.log')}
2026-05-27 16:43:47,664 - watchfiles.main - DEBUG - 1 change detected: {(<Change.modified: 2>, '/workspace/app/backend/logs/app_20260527_161940.log')}
2026-05-27 16:43:48,014 - watchfiles.main - DEBUG - 1 change detected: {(<Change.modified: 2>, '/workspace/app/backend/logs/app_20260527_161940.log')}
2026-05-27 16:43:48,365 - watchfiles.main - DEBUG - 1 change detected: {(<Change.modified: 2>, '/workspace/app/backend/logs/app_20260527_161940.log')}
2026-05-27 16:43:48,717 - watchfiles.main - DEBUG - 1 change detected: {(<Change.modified: 2>, '/workspace/app/backend/logs/app_20260527_161940.log')}
2026-05-27 16:43:49,068 - watchfiles.main - DEBUG - 1 change detected: {(<Change.modified: 2>, '/workspace/app/backend/logs/app_20260527_161940.log')}
2026-05-27 16:43:49,419 - watchfiles.main - DEBUG - 1 change detected: {(<Change.modified: 2>, '/workspace/app/backend/logs/app_20260527_161940.log')}
2026-05-27 16:43:49,769 - watchfiles.main - DEBUG - 1 change detected: {(<Change.modified: 2>, '/workspace/app/backend/logs/app_20260527_161940.log')}
2026-05-27 16:43:50,120 - watchfiles.main - DEBUG - 1 change detected: {(<Change.modified: 2>, '/workspace/app/backend/logs/app_20260527_161940.log')}
2026-05-27 16:43:50,471 - watchfiles.main - DEBUG - 1 change detected: {(<Change.modified: 2>, '/workspace/app/backend/logs/app_20260527_161940.log')}
2026-05-27 16:43:50,822 - watchfiles.main - DEBUG - 1 change detected: {(<Change.modified: 2>, '/workspace/app/backend/logs/app_20260527_161940.log')}
2026-05-27 16:43:51,173 - watchfiles.main - DEBUG - 1 change detected: {(<Change.modified: 2>, '/workspace/app/backend/logs/app_20260527_161940.log')}
2026-05-27 16:43:51,524 - watchfiles.main - DEBUG - 1 change detected: {(<Change.modified: 2>, '/workspace/app/backend/logs/app_20260527_161940.log')}
2026-05-27 16:43:51,875 - watchfiles.main - DEBUG - 1 change detected: {(<Change.modified: 2>, '/workspace/app/backend/logs/app_20260527_161940.log')}
2026-05-27 16:43:52,226 - watchfiles.main - DEBUG - 1 change detected: {(<Change.modified: 2>, '/workspace/app/backend/logs/app_20260527_161940.log')}
2026-05-27 16:43:52,577 - watchfiles.main - DEBUG - 1 change detected: {(<Change.modified: 2>, '/workspace/app/backend/logs/app_20260527_161940.log')}
2026-05-27 16:43:52,927 - watchfiles.main - DEBUG - 1 change detected: {(<Change.modified: 2>, '/workspace/app/backend/logs/app_20260527_161940.log')}
2026-05-27 16:43:53,278 - watchfiles.main - DEBUG - 1 change detected: {(<Change.modified: 2>, '/workspace/app/backend/logs/app_20260527_161940.log')}
2026-05-27 16:43:53,629 - watchfiles.main - DEBUG - 1 change detected: {(<Change.modified: 2>, '/workspace/app/backend/logs/app_20260527_161940.log')}
2026-05-27 16:43:53,980 - watchfiles.main - DEBUG - 1 change detected: {(<Change.modified: 2>, '/workspace/app/backend/logs/app_20260527_161940.log')}
2026-05-27 16:43:54,331 - watchfiles.main - DEBUG - 1 change detected: {(<Change.modified: 2>, '/workspace/app/backend/logs/app_20260527_161940.log')}
2026-05-27 16:43:54,682 - watchfiles.main - DEBUG - 1 change detected: {(<Change.modified: 2>, '/workspace/app/backend/logs/app_20260527_161940.log')}
2026-05-27 16:43:55,034 - watchfiles.main - DEBUG - 1 change detected: {(<Change.modified: 2>, '/workspace/app/backend/logs/app_20260527_161940.log')}
2026-05-27 16:43:55,385 - watchfiles.main - DEBUG - 1 change detected: {(<Change.modified: 2>, '/workspace/app/backend/logs/app_20260527_161940.log')}
2026-05-27 16:43:55,735 - watchfiles.main - DEBUG - 1 change detected: {(<Change.modified: 2>, '/workspace/app/backend/logs/app_20260527_161940.log')}
2026-05-27 16:43:56,087 - watchfiles.main - DEBUG - 1 change detected: {(<Change.modified: 2>, '/workspace/app/backend/logs/app_20260527_161940.log')}
2026-05-27 16:43:56,438 - watchfiles.main - DEBUG - 1 change detected: {(<Change.modified: 2>, '/workspace/app/backend/logs/app_20260527_161940.log')}
2026-05-27 16:43:56,788 - watchfiles.main - DEBUG - 1 change detected: {(<Change.modified: 2>, '/workspace/app/backend/logs/app_20260527_161940.log')}
2026-05-27 16:43:57,139 - watchfiles.main - DEBUG - 1 change detected: {(<Change.modified: 2>, '/workspace/app/backend/logs/app_20260527_161940.log')}
2026-05-27 16:43:57,490 - watchfiles.main - DEBUG - 1 change detected: {(<Change.modified: 2>, '/workspace/app/backend/logs/app_20260527_161940.log')}
2026-05-27 16:43:57,841 - watchfiles.main - DEBUG - 1 change detected: {(<Change.modified: 2>, '/workspace/app/backend/logs/app_20260527_161940.log')}
2026-05-27 16:43:58,192 - watchfiles.main - DEBUG - 1 change detected: {(<Change.modified: 2>, '/workspace/app/backend/logs/app_20260527_161940.log')}
2026-05-27 16:43:58,543 - watchfiles.main - DEBUG - 1 change detected: {(<Change.modified: 2>, '/workspace/app/backend/logs/app_20260527_161940.log')}
2026-05-27 16:43:58,894 - watchfiles.main - DEBUG - 1 change detected: {(<Change.modified: 2>, '/workspace/app/backend/logs/app_20260527_161940.log')}
2026-05-27 16:43:59,244 - watchfiles.main - DEBUG - 1 change detected: {(<Change.modified: 2>, '/workspace/app/backend/logs/app_20260527_161940.log')}
2026-05-27 16:43:59,595 - watchfiles.main - DEBUG - 1 change detected: {(<Change.modified: 2>, '/workspace/app/backend/logs/app_20260527_161940.log')}
2026-05-27 16:43:59,946 - watchfiles.main - DEBUG - 1 change detected: {(<Change.modified: 2>, '/workspace/app/backend/logs/app_20260527_161940.log')}
2026-05-27 16:44:00,297 - watchfiles.main - DEBUG - 1 change detected: {(<Change.modified: 2>, '/workspace/app/backend/logs/app_20260527_161940.log')}
2026-05-27 16:44:00,648 - watchfiles.main - DEBUG - 1 change detected: {(<Change.modified: 2>, '/workspace/app/backend/logs/app_20260527_161940.log')}
2026-05-27 16:44:00,999 - watchfiles.main - DEBUG - 1 change detected: {(<Change.modified: 2>, '/workspace/app/backend/logs/app_20260527_161940.log')}
2026-05-27 16:44:01,350 - watchfiles.main - DEBUG - 1 change detected: {(<Change.modified: 2>, '/workspace/app/backend/logs/app_20260527_161940.log')}
2026-05-27 16:44:01,701 - watchfiles.main - DEBUG - 1 change detected: {(<Change.modified: 2>, '/workspace/app/backend/logs/app_20260527_161940.log')}
2026-05-27 16:44:02,052 - watchfiles.main - DEBUG - 1 change detected: {(<Change.modified: 2>, '/workspace/app/backend/logs/app_20260527_161940.log')}
2026-05-27 16:44:02,403 - watchfiles.main - DEBUG - 1 change detected: {(<Change.modified: 2>, '/workspace/app/backend/logs/app_20260527_161940.log')}
2026-05-27 16:44:02,754 - watchfiles.main - DEBUG - 1 change detected: {(<Change.modified: 2>, '/workspace/app/backend/logs/app_20260527_161940.log')}
2026-05-27 16:44:03,106 - watchfiles.main - DEBUG - 1 change detected: {(<Change.modified: 2>, '/workspace/app/backend/logs/app_20260527_161940.log')}
2026-05-27 16:44:03,457 - watchfiles.main - DEBUG - 1 change detected: {(<Change.modified: 2>, '/workspace/app/backend/logs/app_20260527_161940.log')}
2026-05-27 16:44:03,808 - watchfiles.main - DEBUG - 1 change detected: {(<Change.modified: 2>, '/workspace/app/backend/logs/app_20260527_161940.log')}
2026-05-27 16:44:04,158 - watchfiles.main - DEBUG - 1 change detected: {(<Change.modified: 2>, '/workspace/app/backend/logs/app_20260527_161940.log')}
2026-05-27 16:44:04,509 - watchfiles.main - DEBUG - 1 change detected: {(<Change.modified: 2>, '/workspace/app/backend/logs/app_20260527_161940.log')}
2026-05-27 16:44:04,860 - watchfiles.main - DEBUG - 1 change detected: {(<Change.modified: 2>, '/workspace/app/backend/logs/app_20260527_161940.log')}
2026-05-27 16:44:05,211 - watchfiles.main - DEBUG - 1 change detected: {(<Change.modified: 2>, '/workspace/app/backend/logs/app_20260527_161940.log')}
2026-05-27 16:44:05,562 - watchfiles.main - DEBUG - 1 change detected: {(<Change.modified: 2>, '/workspace/app/backend/logs/app_20260527_161940.log')}
2026-05-27 16:44:05,913 - watchfiles.main - DEBUG - 1 change detected: {(<Change.modified: 2>, '/workspace/app/backend/logs/app_20260527_161940.log')}
2026-05-27 16:44:06,264 - watchfiles.main - DEBUG - 1 change detected: {(<Change.modified: 2>, '/workspace/app/backend/logs/app_20260527_161940.log')}
2026-05-27 16:44:06,615 - watchfiles.main - DEBUG - 1 change detected: {(<Change.modified: 2>, '/workspace/app/backend/logs/app_20260527_161940.log')}
2026-05-27 16:44:06,966 - watchfiles.main - DEBUG - 1 change detected: {(<Change.modified: 2>, '/workspace/app/backend/logs/app_20260527_161940.log')}
2026-05-27 16:44:07,317 - watchfiles.main - DEBUG - 1 change detected: {(<Change.modified: 2>, '/workspace/app/backend/logs/app_20260527_161940.log')}
2026-05-27 16:44:07,669 - watchfiles.main - DEBUG - 1 change detected: {(<Change.modified: 2>, '/workspace/app/backend/logs/app_20260527_161940.log')}
2026-05-27 16:44:08,020 - watchfiles.main - DEBUG - 1 change detected: {(<Change.modified: 2>, '/workspace/app/backend/logs/app_20260527_161940.log')}
2026-05-27 16:44:08,371 - watchfiles.main - DEBUG - 1 change detected: {(<Change.modified: 2>, '/workspace/app/backend/logs/app_20260527_161940.log')}
2026-05-27 16:44:08,721 - watchfiles.main - DEBUG - 1 change detected: {(<Change.modified: 2>, '/workspace/app/backend/logs/app_20260527_161940.log')}
2026-05-27 16:44:09,072 - watchfiles.main - DEBUG - 1 change detected: {(<Change.modified: 2>, '/workspace/app/backend/logs/app_20260527_161940.log')}
2026-05-27 16:44:09,423 - watchfiles.main - DEBUG - 1 change detected: {(<Change.modified: 2>, '/workspace/app/backend/logs/app_20260527_161940.log')}
2026-05-27 16:44:09,774 - watchfiles.main - DEBUG - 1 change detected: {(<Change.modified: 2>, '/workspace/app/backend/logs/app_20260527_161940.log')}
2026-05-27 16:44:10,125 - watchfiles.main - DEBUG - 1 change detected: {(<Change.modified: 2>, '/workspace/app/backend/logs/app_20260527_161940.log')}
2026-05-27 16:44:10,476 - watchfiles.main - DEBUG - 1 change detected: {(<Change.modified: 2>, '/workspace/app/backend/logs/app_20260527_161940.log')}
2026-05-27 16:44:10,827 - watchfiles.main - DEBUG - 1 change detected: {(<Change.modified: 2>, '/workspace/app/backend/logs/app_20260527_161940.log')}
2026-05-27 16:44:11,178 - watchfiles.main - DEBUG - 1 change detected: {(<Change.modified: 2>, '/workspace/app/backend/logs/app_20260527_161940.log')}
2026-05-27 16:44:11,529 - watchfiles.main - DEBUG - 1 change detected: {(<Change.modified: 2>, '/workspace/app/backend/logs/app_20260527_161940.log')}
2026-05-27 16:44:11,880 - watchfiles.main - DEBUG - 1 change detected: {(<Change.modified: 2>, '/workspace/app/backend/logs/app_20260527_161940.log')}
2026-05-27 16:44:12,231 - watchfiles.main - DEBUG - 1 change detected: {(<Change.modified: 2>, '/workspace/app/backend/logs/app_20260527_161940.log')}
2026-05-27 16:44:12,582 - watchfiles.main - DEBUG - 1 change detected: {(<Change.modified: 2>, '/workspace/app/backend/logs/app_20260527_161940.log')}
2026-05-27 16:44:12,932 - watchfiles.main - DEBUG - 1 change detected: {(<Change.modified: 2>, '/workspace/app/backend/logs/app_20260527_161940.log')}
2026-05-27 16:44:13,283 - watchfiles.main - DEBUG - 1 change detected: {(<Change.modified: 2>, '/workspace/app/backend/logs/app_20260527_161940.log')}
2026-05-27 16:44:13,634 - watchfiles.main - DEBUG - 1 change detected: {(<Change.modified: 2>, '/workspace/app/backend/logs/app_20260527_161940.log')}
2026-05-27 16:44:13,985 - watchfiles.main - DEBUG - 1 change detected: {(<Change.modified: 2>, '/workspace/app/backend/logs/app_20260527_161940.log')}
2026-05-27 16:44:14,336 - watchfiles.main - DEBUG - 1 change detected: {(<Change.modified: 2>, '/workspace/app/backend/logs/app_20260527_161940.log')}
2026-05-27 16:44:14,687 - watchfiles.main - DEBUG - 1 change detected: {(<Change.modified: 2>, '/workspace/app/backend/logs/app_20260527_161940.log')}
2026-05-27 16:44:15,038 - watchfiles.main - DEBUG - 1 change detected: {(<Change.modified: 2>, '/workspace/app/backend/logs/app_20260527_161940.log')}
2026-05-27 16:44:15,390 - watchfiles.main - DEBUG - 1 change detected: {(<Change.modified: 2>, '/workspace/app/backend/logs/app_20260527_161940.log')}
2026-05-27 16:44:15,741 - watchfiles.main - DEBUG - 1 change detected: {(<Change.modified: 2>, '/workspace/app/backend/logs/app_20260527_161940.log')}
2026-05-27 16:44:16,092 - watchfiles.main - DEBUG - 1 change detected: {(<Change.modified: 2>, '/workspace/app/backend/logs/app_20260527_161940.log')}
2026-05-27 16:44:16,443 - watchfiles.main - DEBUG - 1 change detected: {(<Change.modified: 2>, '/workspace/app/backend/logs/app_20260527_161940.log')}
2026-05-27 16:44:16,794 - watchfiles.main - DEBUG - 1 change detected: {(<Change.modified: 2>, '/workspace/app/backend/logs/app_20260527_161940.log')}
2026-05-27 16:44:17,145 - watchfiles.main - DEBUG - 1 change detected: {(<Change.modified: 2>, '/workspace/app/backend/logs/app_20260527_161940.log')}
2026-05-27 16:44:17,496 - watchfiles.main - DEBUG - 1 change detected: {(<Change.modified: 2>, '/workspace/app/backend/logs/app_20260527_161940.log')}
2026-05-27 16:44:17,847 - watchfiles.main - DEBUG - 1 change detected: {(<Change.modified: 2>, '/workspace/app/backend/logs/app_20260527_161940.log')}
2026-05-27 16:44:18,198 - watchfiles.main - DEBUG - 1 change detected: {(<Change.modified: 2>, '/workspace/app/backend/logs/app_20260527_161940.log')}
2026-05-27 16:44:18,549 - watchfiles.main - DEBUG - 1 change detected: {(<Change.modified: 2>, '/workspace/app/backend/logs/app_20260527_161940.log')}
2026-05-27 16:44:18,900 - watchfiles.main - DEBUG - 1 change detected: {(<Change.modified: 2>, '/workspace/app/backend/logs/app_20260527_161940.log')}
2026-05-27 16:44:19,251 - watchfiles.main - DEBUG - 1 change detected: {(<Change.modified: 2>, '/workspace/app/backend/logs/app_20260527_161940.log')}
2026-05-27 16:44:19,602 - watchfiles.main - DEBUG - 1 change detected: {(<Change.modified: 2>, '/workspace/app/backend/logs/app_20260527_161940.log')}
2026-05-27 16:44:19,953 - watchfiles.main - DEBUG - 1 change detected: {(<Change.modified: 2>, '/workspace/app/backend/logs/app_20260527_161940.log')}
2026-05-27 16:44:20,303 - watchfiles.main - DEBUG - 1 change detected: {(<Change.modified: 2>, '/workspace/app/backend/logs/app_20260527_161940.log')}
2026-05-27 16:44:20,654 - watchfiles.main - DEBUG - 1 change detected: {(<Change.modified: 2>, '/workspace/app/backend/logs/app_20260527_161940.log')}
2026-05-27 16:44:21,005 - watchfiles.main - DEBUG - 1 change detected: {(<Change.modified: 2>, '/workspace/app/backend/logs/app_20260527_161940.log')}
2026-05-27 16:44:21,356 - watchfiles.main - DEBUG - 1 change detected: {(<Change.modified: 2>, '/workspace/app/backend/logs/app_20260527_161940.log')}
2026-05-27 16:44:21,707 - watchfiles.main - DEBUG - 1 change detected: {(<Change.modified: 2>, '/workspace/app/backend/logs/app_20260527_161940.log')}
2026-05-27 16:44:22,058 - watchfiles.main - DEBUG - 1 change detected: {(<Change.modified: 2>, '/workspace/app/backend/logs/app_20260527_161940.log')}
2026-05-27 16:44:22,409 - watchfiles.main - DEBUG - 1 change detected: {(<Change.modified: 2>, '/workspace/app/backend/logs/app_20260527_161940.log')}
2026-05-27 16:44:22,760 - watchfiles.main - DEBUG - 1 change detected: {(<Change.modified: 2>, '/workspace/app/backend/logs/app_20260527_161940.log')}
2026-05-27 16:44:23,111 - watchfiles.main - DEBUG - 1 change detected: {(<Change.modified: 2>, '/workspace/app/backend/logs/app_20260527_161940.log')}
2026-05-27 16:44:23,462 - watchfiles.main - DEBUG - 1 change detected: {(<Change.modified: 2>, '/workspace/app/backend/logs/app_20260527_161940.log')}
2026-05-27 16:44:23,813 - watchfiles.main - DEBUG - 1 change detected: {(<Change.modified: 2>, '/workspace/app/backend/logs/app_20260527_161940.log')}
2026-05-27 16:44:24,164 - watchfiles.main - DEBUG - 1 change detected: {(<Change.modified: 2>, '/workspace/app/backend/logs/app_20260527_161940.log')}
2026-05-27 16:44:24,515 - watchfiles.main - DEBUG - 1 change detected: {(<Change.modified: 2>, '/workspace/app/backend/logs/app_20260527_161940.log')}
2026-05-27 16:44:24,866 - watchfiles.main - DEBUG - 1 change detected: {(<Change.modified: 2>, '/workspace/app/backend/logs/app_20260527_161940.log')}
2026-05-27 16:44:25,217 - watchfiles.main - DEBUG - 1 change detected: {(<Change.modified: 2>, '/workspace/app/backend/logs/app_20260527_161940.log')}
2026-05-27 16:44:25,568 - watchfiles.main - DEBUG - 1 change detected: {(<Change.modified: 2>, '/workspace/app/backend/logs/app_20260527_161940.log')}
2026-05-27 16:44:25,919 - watchfiles.main - DEBUG - 1 change detected: {(<Change.modified: 2>, '/workspace/app/backend/logs/app_20260527_161940.log')}
2026-05-27 16:44:26,270 - watchfiles.main - DEBUG - 1 change detected: {(<Change.modified: 2>, '/workspace/app/backend/logs/app_20260527_161940.log')}
2026-05-27 16:44:26,621 - watchfiles.main - DEBUG - 1 change detected: {(<Change.modified: 2>, '/workspace/app/backend/logs/app_20260527_161940.log')}
2026-05-27 16:44:26,972 - watchfiles.main - DEBUG - 1 change detected: {(<Change.modified: 2>, '/workspace/app/backend/logs/app_20260527_161940.log')}
2026-05-27 16:44:27,323 - watchfiles.main - DEBUG - 1 change detected: {(<Change.modified: 2>, '/workspace/app/backend/logs/app_20260527_161940.log')}
2026-05-27 16:44:27,673 - watchfiles.main - DEBUG - 1 change detected: {(<Change.modified: 2>, '/workspace/app/backend/logs/app_20260527_161940.log')}
2026-05-27 16:44:28,024 - watchfiles.main - DEBUG - 1 change detected: {(<Change.modified: 2>, '/workspace/app/backend/logs/app_20260527_161940.log')}
2026-05-27 16:44:28,375 - watchfiles.main - DEBUG - 1 change detected: {(<Change.modified: 2>, '/workspace/app/backend/logs/app_20260527_161940.log')}
2026-05-27 16:44:28,726 - watchfiles.main - DEBUG - 1 change detected: {(<Change.modified: 2>, '/workspace/app/backend/logs/app_20260527_161940.log')}
2026-05-27 16:44:29,077 - watchfiles.main - DEBUG - 1 change detected: {(<Change.modified: 2>, '/workspace/app/backend/logs/app_20260527_161940.log')}
2026-05-27 16:44:29,428 - watchfiles.main - DEBUG - 1 change detected: {(<Change.modified: 2>, '/workspace/app/backend/logs/app_20260527_161940.log')}
2026-05-27 16:44:29,779 - watchfiles.main - DEBUG - 1 change detected: {(<Change.modified: 2>, '/workspace/app/backend/logs/app_20260527_161940.log')}
2026-05-27 16:44:30,130 - watchfiles.main - DEBUG - 1 change detected: {(<Change.modified: 2>, '/workspace/app/backend/logs/app_20260527_161940.log')}
2026-05-27 16:44:30,481 - watchfiles.main - DEBUG - 1 change detected: {(<Change.modified: 2>, '/workspace/app/backend/logs/app_20260527_161940.log')}
2026-05-27 16:44:30,832 - watchfiles.main - DEBUG - 1 change detected: {(<Change.modified: 2>, '/workspace/app/backend/logs/app_20260527_161940.log')}
2026-05-27 16:44:31,183 - watchfiles.main - DEBUG - 1 change detected: {(<Change.modified: 2>, '/workspace/app/backend/logs/app_20260527_161940.log')}
2026-05-27 16:44:31,534 - watchfiles.main - DEBUG - 1 change detected: {(<Change.modified: 2>, '/workspace/app/backend/logs/app_20260527_161940.log')}
2026-05-27 16:44:31,885 - watchfiles.main - DEBUG - 1 change detected: {(<Change.modified: 2>, '/workspace/app/backend/logs/app_20260527_161940.log')}
2026-05-27 16:44:32,236 - watchfiles.main - DEBUG - 1 change detected: {(<Change.modified: 2>, '/workspace/app/backend/logs/app_20260527_161940.log')}
2026-05-27 16:44:32,587 - watchfiles.main - DEBUG - 1 change detected: {(<Change.modified: 2>, '/workspace/app/backend/logs/app_20260527_161940.log')}
2026-05-27 16:44:32,938 - watchfiles.main - DEBUG - 1 change detected: {(<Change.modified: 2>, '/workspace/app/backend/logs/app_20260527_161940.log')}
2026-05-27 16:44:33,289 - watchfiles.main - DEBUG - 1 change detected: {(<Change.modified: 2>, '/workspace/app/backend/logs/app_20260527_161940.log')}
2026-05-27 16:44:33,640 - watchfiles.main - DEBUG - 1 change detected: {(<Change.modified: 2>, '/workspace/app/backend/logs/app_20260527_161940.log')}
2026-05-27 16:44:33,991 - watchfiles.main - DEBUG - 1 change detected: {(<Change.modified: 2>, '/workspace/app/backend/logs/app_20260527_161940.log')}
2026-05-27 16:44:34,342 - watchfiles.main - DEBUG - 1 change detected: {(<Change.modified: 2>, '/workspace/app/backend/logs/app_20260527_161940.log')}
2026-05-27 16:44:34,693 - watchfiles.main - DEBUG - 1 change detected: {(<Change.modified: 2>, '/workspace/app/backend/logs/app_20260527_161940.log')}
2026-05-27 16:44:35,044 - watchfiles.main - DEBUG - 1 change detected: {(<Change.modified: 2>, '/workspace/app/backend/logs/app_20260527_161940.log')}
2026-05-27 16:44:35,394 - watchfiles.main - DEBUG - 1 change detected: {(<Change.modified: 2>, '/workspace/app/backend/logs/app_20260527_161940.log')}
2026-05-27 16:44:35,745 - watchfiles.main - DEBUG - 1 change detected: {(<Change.modified: 2>, '/workspace/app/backend/logs/app_20260527_161940.log')}
2026-05-27 16:44:36,096 - watchfiles.main - DEBUG - 1 change detected: {(<Change.modified: 2>, '/workspace/app/backend/logs/app_20260527_161940.log')}
2026-05-27 16:44:36,447 - watchfiles.main - DEBUG - 1 change detected: {(<Change.modified: 2>, '/workspace/app/backend/logs/app_20260527_161940.log')}
2026-05-27 16:44:36,798 - watchfiles.main - DEBUG - 1 change detected: {(<Change.modified: 2>, '/workspace/app/backend/logs/app_20260527_161940.log')}
2026-05-27 16:44:37,149 - watchfiles.main - DEBUG - 1 change detected: {(<Change.modified: 2>, '/workspace/app/backend/logs/app_20260527_161940.log')}
2026-05-27 16:44:37,500 - watchfiles.main - DEBUG - 1 change detected: {(<Change.modified: 2>, '/workspace/app/backend/logs/app_20260527_161940.log')}
2026-05-27 16:44:37,851 - watchfiles.main - DEBUG - 1 change detected: {(<Change.modified: 2>, '/workspace/app/backend/logs/app_20260527_161940.log')}
2026-05-27 16:44:38,202 - watchfiles.main - DEBUG - 1 change detected: {(<Change.modified: 2>, '/workspace/app/backend/logs/app_20260527_161940.log')}
2026-05-27 16:44:38,553 - watchfiles.main - DEBUG - 1 change detected: {(<Change.modified: 2>, '/workspace/app/backend/logs/app_20260527_161940.log')}
2026-05-27 16:44:38,904 - watchfiles.main - DEBUG - 1 change detected: {(<Change.modified: 2>, '/workspace/app/backend/logs/app_20260527_161940.log')}
2026-05-27 16:44:39,255 - watchfiles.main - DEBUG - 1 change detected: {(<Change.modified: 2>, '/workspace/app/backend/logs/app_20260527_161940.log')}
2026-05-27 16:44:39,606 - watchfiles.main - DEBUG - 1 change detected: {(<Change.modified: 2>, '/workspace/app/backend/logs/app_20260527_161940.log')}
2026-05-27 16:44:39,957 - watchfiles.main - DEBUG - 1 change detected: {(<Change.modified: 2>, '/workspace/app/backend/logs/app_20260527_161940.log')}
2026-05-27 16:44:40,308 - watchfiles.main - DEBUG - 1 change detected: {(<Change.modified: 2>, '/workspace/app/backend/logs/app_20260527_161940.log')}
2026-05-27 16:44:40,659 - watchfiles.main - DEBUG - 1 change detected: {(<Change.modified: 2>, '/workspace/app/backend/logs/app_20260527_161940.log')}
2026-05-27 16:44:41,010 - watchfiles.main - DEBUG - 1 change detected: {(<Change.modified: 2>, '/workspace/app/backend/logs/app_20260527_161940.log')}
2026-05-27 16:44:41,361 - watchfiles.main - DEBUG - 1 change detected: {(<Change.modified: 2>, '/workspace/app/backend/logs/app_20260527_161940.log')}
2026-05-27 16:44:41,712 - watchfiles.main - DEBUG - 1 change detected: {(<Change.modified: 2>, '/workspace/app/backend/logs/app_20260527_161940.log')}
2026-05-27 16:44:42,062 - watchfiles.main - DEBUG - 1 change detected: {(<Change.modified: 2>, '/workspace/app/backend/logs/app_20260527_161940.log')}
2026-05-27 16:44:42,414 - watchfiles.main - DEBUG - 1 change detected: {(<Change.modified: 2>, '/workspace/app/backend/logs/app_20260527_161940.log')}
2026-05-27 16:44:42,765 - watchfiles.main - DEBUG - 1 change detected: {(<Change.modified: 2>, '/workspace/app/backend/logs/app_20260527_161940.log')}
2026-05-27 16:44:43,115 - watchfiles.main - DEBUG - 1 change detected: {(<Change.modified: 2>, '/workspace/app/backend/logs/app_20260527_161940.log')}
2026-05-27 16:44:43,466 - watchfiles.main - DEBUG - 1 change detected: {(<Change.modified: 2>, '/workspace/app/backend/logs/app_20260527_161940.log')}
2026-05-27 16:44:43,818 - watchfiles.main - DEBUG - 1 change detected: {(<Change.modified: 2>, '/workspace/app/backend/logs/app_20260527_161940.log')}
2026-05-27 16:44:44,168 - watchfiles.main - DEBUG - 1 change detected: {(<Change.modified: 2>, '/workspace/app/backend/logs/app_20260527_161940.log')}
2026-05-27 16:44:44,519 - watchfiles.main - DEBUG - 1 change detected: {(<Change.modified: 2>, '/workspace/app/backend/logs/app_20260527_161940.log')}
2026-05-27 16:44:44,870 - watchfiles.main - DEBUG - 1 change detected: {(<Change.modified: 2>, '/workspace/app/backend/logs/app_20260527_161940.log')}
2026-05-27 16:44:45,221 - watchfiles.main - DEBUG - 1 change detected: {(<Change.modified: 2>, '/workspace/app/backend/logs/app_20260527_161940.log')}
2026-05-27 16:44:45,572 - watchfiles.main - DEBUG - 1 change detected: {(<Change.modified: 2>, '/workspace/app/backend/logs/app_20260527_161940.log')}
2026-05-27 16:44:45,923 - watchfiles.main - DEBUG - 1 change detected: {(<Change.modified: 2>, '/workspace/app/backend/logs/app_20260527_161940.log')}
2026-05-27 16:44:46,274 - watchfiles.main - DEBUG - 1 change detected: {(<Change.modified: 2>, '/workspace/app/backend/logs/app_20260527_161940.log')}
2026-05-27 16:44:46,625 - watchfiles.main - DEBUG - 1 change detected: {(<Change.modified: 2>, '/workspace/app/backend/logs/app_20260527_161940.log')}
2026-05-27 16:44:46,976 - watchfiles.main - DEBUG - 1 change detected: {(<Change.modified: 2>, '/workspace/app/backend/logs/app_20260527_161940.log')}
2026-05-27 16:44:47,327 - watchfiles.main - DEBUG - 1 change detected: {(<Change.modified: 2>, '/workspace/app/backend/logs/app_20260527_161940.log')}
2026-05-27 16:44:47,678 - watchfiles.main - DEBUG - 1 change detected: {(<Change.modified: 2>, '/workspace/app/backend/logs/app_20260527_161940.log')}
2026-05-27 16:44:48,029 - watchfiles.main - DEBUG - 1 change detected: {(<Change.modified: 2>, '/workspace/app/backend/logs/app_20260527_161940.log')}
2026-05-27 16:44:48,380 - watchfiles.main - DEBUG - 1 change detected: {(<Change.modified: 2>, '/workspace/app/backend/logs/app_20260527_161940.log')}
2026-05-27 16:44:48,731 - watchfiles.main - DEBUG - 1 change detected: {(<Change.modified: 2>, '/workspace/app/backend/logs/app_20260527_161940.log')}
2026-05-27 16:44:49,082 - watchfiles.main - DEBUG - 1 change detected: {(<Change.modified: 2>, '/workspace/app/backend/logs/app_20260527_161940.log')}
2026-05-27 16:44:49,432 - watchfiles.main - DEBUG - 1 change detected: {(<Change.modified: 2>, '/workspace/app/backend/logs/app_20260527_161940.log')}
2026-05-27 16:44:49,783 - watchfiles.main - DEBUG - 1 change detected: {(<Change.modified: 2>, '/workspace/app/backend/logs/app_20260527_161940.log')}
2026-05-27 16:44:50,134 - watchfiles.main - DEBUG - 1 change detected: {(<Change.modified: 2>, '/workspace/app/backend/logs/app_20260527_161940.log')}
2026-05-27 16:44:50,485 - watchfiles.main - DEBUG - 1 change detected: {(<Change.modified: 2>, '/workspace/app/backend/logs/app_20260527_161940.log')}
2026-05-27 16:44:50,836 - watchfiles.main - DEBUG - 1 change detected: {(<Change.modified: 2>, '/workspace/app/backend/logs/app_20260527_161940.log')}
2026-05-27 16:44:51,188 - watchfiles.main - DEBUG - 1 change detected: {(<Change.modified: 2>, '/workspace/app/backend/logs/app_20260527_161940.log')}
2026-05-27 16:44:51,538 - watchfiles.main - DEBUG - 1 change detected: {(<Change.modified: 2>, '/workspace/app/backend/logs/app_20260527_161940.log')}
2026-05-27 16:44:51,889 - watchfiles.main - DEBUG - 1 change detected: {(<Change.modified: 2>, '/workspace/app/backend/logs/app_20260527_161940.log')}
2026-05-27 16:44:52,240 - watchfiles.main - DEBUG - 1 change detected: {(<Change.modified: 2>, '/workspace/app/backend/logs/app_20260527_161940.log')}
2026-05-27 16:44:52,591 - watchfiles.main - DEBUG - 1 change detected: {(<Change.modified: 2>, '/workspace/app/backend/logs/app_20260527_161940.log')}
2026-05-27 16:44:52,943 - watchfiles.main - DEBUG - 1 change detected: {(<Change.modified: 2>, '/workspace/app/backend/logs/app_20260527_161940.log')}
2026-05-27 16:44:53,294 - watchfiles.main - DEBUG - 1 change detected: {(<Change.modified: 2>, '/workspace/app/backend/logs/app_20260527_161940.log')}
2026-05-27 16:44:53,645 - watchfiles.main - DEBUG - 1 change detected: {(<Change.modified: 2>, '/workspace/app/backend/logs/app_20260527_161940.log')}
2026-05-27 16:44:53,996 - watchfiles.main - DEBUG - 1 change detected: {(<Change.modified: 2>, '/workspace/app/backend/logs/app_20260527_161940.log')}
2026-05-27 16:44:54,347 - watchfiles.main - DEBUG - 1 change detected: {(<Change.modified: 2>, '/workspace/app/backend/logs/app_20260527_161940.log')}
2026-05-27 16:44:54,698 - watchfiles.main - DEBUG - 1 change detected: {(<Change.modified: 2>, '/workspace/app/backend/logs/app_20260527_161940.log')}
2026-05-27 16:44:55,049 - watchfiles.main - DEBUG - 1 change detected: {(<Change.modified: 2>, '/workspace/app/backend/logs/app_20260527_161940.log')}
2026-05-27 16:44:55,400 - watchfiles.main - DEBUG - 1 change detected: {(<Change.modified: 2>, '/workspace/app/backend/logs/app_20260527_161940.log')}
2026-05-27 16:44:55,750 - watchfiles.main - DEBUG - 1 change detected: {(<Change.modified: 2>, '/workspace/app/backend/logs/app_20260527_161940.log')}
2026-05-27 16:44:56,101 - watchfiles.main - DEBUG - 1 change detected: {(<Change.modified: 2>, '/workspace/app/backend/logs/app_20260527_161940.log')}
2026-05-27 16:44:56,452 - watchfiles.main - DEBUG - 1 change detected: {(<Change.modified: 2>, '/workspace/app/backend/logs/app_20260527_161940.log')}
2026-05-27 16:44:56,803 - watchfiles.main - DEBUG - 1 change detected: {(<Change.modified: 2>, '/workspace/app/backend/logs/app_20260527_161940.log')}
2026-05-27 16:44:57,154 - watchfiles.main - DEBUG - 1 change detected: {(<Change.modified: 2>, '/workspace/app/backend/logs/app_20260527_161940.log')}
2026-05-27 16:44:57,505 - watchfiles.main - DEBUG - 1 change detected: {(<Change.modified: 2>, '/workspace/app/backend/logs/app_20260527_161940.log')}
2026-05-27 16:44:57,856 - watchfiles.main - DEBUG - 1 change detected: {(<Change.modified: 2>, '/workspace/app/backend/logs/app_20260527_161940.log')}
2026-05-27 16:44:58,207 - watchfiles.main - DEBUG - 1 change detected: {(<Change.modified: 2>, '/workspace/app/backend/logs/app_20260527_161940.log')}
2026-05-27 16:44:58,558 - watchfiles.main - DEBUG - 1 change detected: {(<Change.modified: 2>, '/workspace/app/backend/logs/app_20260527_161940.log')}
2026-05-27 16:44:58,909 - watchfiles.main - DEBUG - 1 change detected: {(<Change.modified: 2>, '/workspace/app/backend/logs/app_20260527_161940.log')}
2026-05-27 16:44:59,261 - watchfiles.main - DEBUG - 1 change detected: {(<Change.modified: 2>, '/workspace/app/backend/logs/app_20260527_161940.log')}
2026-05-27 16:44:59,612 - watchfiles.main - DEBUG - 1 change detected: {(<Change.modified: 2>, '/workspace/app/backend/logs/app_20260527_161940.log')}
2026-05-27 16:44:59,963 - watchfiles.main - DEBUG - 1 change detected: {(<Change.modified: 2>, '/workspace/app/backend/logs/app_20260527_161940.log')}
2026-05-27 16:45:00,314 - watchfiles.main - DEBUG - 1 change detected: {(<Change.modified: 2>, '/workspace/app/backend/logs/app_20260527_161940.log')}
2026-05-27 16:45:00,665 - watchfiles.main - DEBUG - 1 change detected: {(<Change.modified: 2>, '/workspace/app/backend/logs/app_20260527_161940.log')}
2026-05-27 16:45:01,016 - watchfiles.main - DEBUG - 1 change detected: {(<Change.modified: 2>, '/workspace/app/backend/logs/app_20260527_161940.log')}
2026-05-27 16:45:01,367 - watchfiles.main - DEBUG - 1 change detected: {(<Change.modified: 2>, '/workspace/app/backend/logs/app_20260527_161940.log')}
2026-05-27 16:45:01,718 - watchfiles.main - DEBUG - 1 change detected: {(<Change.modified: 2>, '/workspace/app/backend/logs/app_20260527_161940.log')}
2026-05-27 16:45:02,069 - watchfiles.main - DEBUG - 1 change detected: {(<Change.modified: 2>, '/workspace/app/backend/logs/app_20260527_161940.log')}
2026-05-27 16:45:02,420 - watchfiles.main - DEBUG - 1 change detected: {(<Change.modified: 2>, '/workspace/app/backend/logs/app_20260527_161940.log')}
2026-05-27 16:45:02,771 - watchfiles.main - DEBUG - 1 change detected: {(<Change.modified: 2>, '/workspace/app/backend/logs/app_20260527_161940.log')}
2026-05-27 16:45:03,122 - watchfiles.main - DEBUG - 1 change detected: {(<Change.modified: 2>, '/workspace/app/backend/logs/app_20260527_161940.log')}
2026-05-27 16:45:03,473 - watchfiles.main - DEBUG - 1 change detected: {(<Change.modified: 2>, '/workspace/app/backend/logs/app_20260527_161940.log')}
2026-05-27 16:45:03,824 - watchfiles.main - DEBUG - 1 change detected: {(<Change.modified: 2>, '/workspace/app/backend/logs/app_20260527_161940.log')}
2026-05-27 16:45:04,175 - watchfiles.main - DEBUG - 1 change detected: {(<Change.modified: 2>, '/workspace/app/backend/logs/app_20260527_161940.log')}
2026-05-27 16:45:04,526 - watchfiles.main - DEBUG - 1 change detected: {(<Change.modified: 2>, '/workspace/app/backend/logs/app_20260527_161940.log')}
2026-05-27 16:45:04,877 - watchfiles.main - DEBUG - 1 change detected: {(<Change.modified: 2>, '/workspace/app/backend/logs/app_20260527_161940.log')}
2026-05-27 16:45:05,229 - watchfiles.main - DEBUG - 1 change detected: {(<Change.modified: 2>, '/workspace/app/backend/logs/app_20260527_161940.log')}
2026-05-27 16:45:05,580 - watchfiles.main - DEBUG - 1 change detected: {(<Change.modified: 2>, '/workspace/app/backend/logs/app_20260527_161940.log')}
2026-05-27 16:45:05,932 - watchfiles.main - DEBUG - 1 change detected: {(<Change.modified: 2>, '/workspace/app/backend/logs/app_20260527_161940.log')}
2026-05-27 16:45:06,282 - watchfiles.main - DEBUG - 1 change detected: {(<Change.modified: 2>, '/workspace/app/backend/logs/app_20260527_161940.log')}
2026-05-27 16:45:06,634 - watchfiles.main - DEBUG - 1 change detected: {(<Change.modified: 2>, '/workspace/app/backend/logs/app_20260527_161940.log')}
2026-05-27 16:45:06,985 - watchfiles.main - DEBUG - 1 change detected: {(<Change.modified: 2>, '/workspace/app/backend/logs/app_20260527_161940.log')}
2026-05-27 16:45:07,336 - watchfiles.main - DEBUG - 1 change detected: {(<Change.modified: 2>, '/workspace/app/backend/logs/app_20260527_161940.log')}
2026-05-27 16:45:07,687 - watchfiles.main - DEBUG - 1 change detected: {(<Change.modified: 2>, '/workspace/app/backend/logs/app_20260527_161940.log')}
2026-05-27 16:45:08,038 - watchfiles.main - DEBUG - 1 change detected: {(<Change.modified: 2>, '/workspace/app/backend/logs/app_20260527_161940.log')}
2026-05-27 16:45:08,389 - watchfiles.main - DEBUG - 1 change detected: {(<Change.modified: 2>, '/workspace/app/backend/logs/app_20260527_161940.log')}
2026-05-27 16:45:08,740 - watchfiles.main - DEBUG - 1 change detected: {(<Change.modified: 2>, '/workspace/app/backend/logs/app_20260527_161940.log')}
2026-05-27 16:45:09,091 - watchfiles.main - DEBUG - 1 change detected: {(<Change.modified: 2>, '/workspace/app/backend/logs/app_20260527_161940.log')}
2026-05-27 16:45:09,442 - watchfiles.main - DEBUG - 1 change detected: {(<Change.modified: 2>, '/workspace/app/backend/logs/app_20260527_161940.log')}
2026-05-27 16:45:09,793 - watchfiles.main - DEBUG - 1 change detected: {(<Change.modified: 2>, '/workspace/app/backend/logs/app_20260527_161940.log')}
2026-05-27 16:45:10,144 - watchfiles.main - DEBUG - 1 change detected: {(<Change.modified: 2>, '/workspace/app/backend/logs/app_20260527_161940.log')}
2026-05-27 16:45:10,494 - watchfiles.main - DEBUG - 1 change detected: {(<Change.modified: 2>, '/workspace/app/backend/logs/app_20260527_161940.log')}
2026-05-27 16:45:10,845 - watchfiles.main - DEBUG - 1 change detected: {(<Change.modified: 2>, '/workspace/app/backend/logs/app_20260527_161940.log')}
2026-05-27 16:45:11,196 - watchfiles.main - DEBUG - 1 change detected: {(<Change.modified: 2>, '/workspace/app/backend/logs/app_20260527_161940.log')}
2026-05-27 16:45:11,547 - watchfiles.main - DEBUG - 1 change detected: {(<Change.modified: 2>, '/workspace/app/backend/logs/app_20260527_161940.log')}
2026-05-27 16:45:11,898 - watchfiles.main - DEBUG - 1 change detected: {(<Change.modified: 2>, '/workspace/app/backend/logs/app_20260527_161940.log')}
2026-05-27 16:45:12,249 - watchfiles.main - DEBUG - 1 change detected: {(<Change.modified: 2>, '/workspace/app/backend/logs/app_20260527_161940.log')}
2026-05-27 16:45:12,600 - watchfiles.main - DEBUG - 1 change detected: {(<Change.modified: 2>, '/workspace/app/backend/logs/app_20260527_161940.log')}
2026-05-27 16:45:12,951 - watchfiles.main - DEBUG - 1 change detected: {(<Change.modified: 2>, '/workspace/app/backend/logs/app_20260527_161940.log')}
2026-05-27 16:45:13,302 - watchfiles.main - DEBUG - 1 change detected: {(<Change.modified: 2>, '/workspace/app/backend/logs/app_20260527_161940.log')}
2026-05-27 16:45:13,653 - watchfiles.main - DEBUG - 1 change detected: {(<Change.modified: 2>, '/workspace/app/backend/logs/app_20260527_161940.log')}
2026-05-27 16:45:14,005 - watchfiles.main - DEBUG - 1 change detected: {(<Change.modified: 2>, '/workspace/app/backend/logs/app_20260527_161940.log')}
2026-05-27 16:45:14,356 - watchfiles.main - DEBUG - 1 change detected: {(<Change.modified: 2>, '/workspace/app/backend/logs/app_20260527_161940.log')}
2026-05-27 16:45:14,707 - watchfiles.main - DEBUG - 1 change detected: {(<Change.modified: 2>, '/workspace/app/backend/logs/app_20260527_161940.log')}
2026-05-27 16:45:15,058 - watchfiles.main - DEBUG - 1 change detected: {(<Change.modified: 2>, '/workspace/app/backend/logs/app_20260527_161940.log')}
2026-05-27 16:45:15,409 - watchfiles.main - DEBUG - 1 change detected: {(<Change.modified: 2>, '/workspace/app/backend/logs/app_20260527_161940.log')}
2026-05-27 16:45:15,760 - watchfiles.main - DEBUG - 1 change detected: {(<Change.modified: 2>, '/workspace/app/backend/logs/app_20260527_161940.log')}
2026-05-27 16:45:16,111 - watchfiles.main - DEBUG - 1 change detected: {(<Change.modified: 2>, '/workspace/app/backend/logs/app_20260527_161940.log')}
2026-05-27 16:45:16,462 - watchfiles.main - DEBUG - 1 change detected: {(<Change.modified: 2>, '/workspace/app/backend/logs/app_20260527_161940.log')}
2026-05-27 16:45:16,813 - watchfiles.main - DEBUG - 1 change detected: {(<Change.modified: 2>, '/workspace/app/backend/logs/app_20260527_161940.log')}
2026-05-27 16:45:17,164 - watchfiles.main - DEBUG - 1 change detected: {(<Change.modified: 2>, '/workspace/app/backend/logs/app_20260527_161940.log')}
2026-05-27 16:45:17,515 - watchfiles.main - DEBUG - 1 change detected: {(<Change.modified: 2>, '/workspace/app/backend/logs/app_20260527_161940.log')}
2026-05-27 16:45:17,866 - watchfiles.main - DEBUG - 1 change detected: {(<Change.modified: 2>, '/workspace/app/backend/logs/app_20260527_161940.log')}
2026-05-27 16:45:18,217 - watchfiles.main - DEBUG - 1 change detected: {(<Change.modified: 2>, '/workspace/app/backend/logs/app_20260527_161940.log')}
2026-05-27 16:45:18,568 - watchfiles.main - DEBUG - 1 change detected: {(<Change.modified: 2>, '/workspace/app/backend/logs/app_20260527_161940.log')}
2026-05-27 16:45:18,919 - watchfiles.main - DEBUG - 1 change detected: {(<Change.modified: 2>, '/workspace/app/backend/logs/app_20260527_161940.log')}
2026-05-27 16:45:19,270 - watchfiles.main - DEBUG - 1 change detected: {(<Change.modified: 2>, '/workspace/app/backend/logs/app_20260527_161940.log')}
2026-05-27 16:45:19,620 - watchfiles.main - DEBUG - 1 change detected: {(<Change.modified: 2>, '/workspace/app/backend/logs/app_20260527_161940.log')}
2026-05-27 16:45:19,971 - watchfiles.main - DEBUG - 1 change detected: {(<Change.modified: 2>, '/workspace/app/backend/logs/app_20260527_161940.log')}
2026-05-27 16:45:20,322 - watchfiles.main - DEBUG - 1 change detected: {(<Change.modified: 2>, '/workspace/app/backend/logs/app_20260527_161940.log')}
2026-05-27 16:45:20,674 - watchfiles.main - DEBUG - 1 change detected: {(<Change.modified: 2>, '/workspace/app/backend/logs/app_20260527_161940.log')}
2026-05-27 16:45:21,025 - watchfiles.main - DEBUG - 1 change detected: {(<Change.modified: 2>, '/workspace/app/backend/logs/app_20260527_161940.log')}
2026-05-27 16:45:21,376 - watchfiles.main - DEBUG - 1 change detected: {(<Change.modified: 2>, '/workspace/app/backend/logs/app_20260527_161940.log')}
2026-05-27 16:45:21,727 - watchfiles.main - DEBUG - 1 change detected: {(<Change.modified: 2>, '/workspace/app/backend/logs/app_20260527_161940.log')}
2026-05-27 16:45:22,078 - watchfiles.main - DEBUG - 1 change detected: {(<Change.modified: 2>, '/workspace/app/backend/logs/app_20260527_161940.log')}
2026-05-27 16:45:22,429 - watchfiles.main - DEBUG - 1 change detected: {(<Change.modified: 2>, '/workspace/app/backend/logs/app_20260527_161940.log')}
2026-05-27 16:45:22,780 - watchfiles.main - DEBUG - 1 change detected: {(<Change.modified: 2>, '/workspace/app/backend/logs/app_20260527_161940.log')}
2026-05-27 16:45:23,131 - watchfiles.main - DEBUG - 1 change detected: {(<Change.modified: 2>, '/workspace/app/backend/logs/app_20260527_161940.log')}
2026-05-27 16:45:23,482 - watchfiles.main - DEBUG - 1 change detected: {(<Change.modified: 2>, '/workspace/app/backend/logs/app_20260527_161940.log')}
2026-05-27 16:45:23,833 - watchfiles.main - DEBUG - 1 change detected: {(<Change.modified: 2>, '/workspace/app/backend/logs/app_20260527_161940.log')}
2026-05-27 16:45:24,184 - watchfiles.main - DEBUG - 1 change detected: {(<Change.modified: 2>, '/workspace/app/backend/logs/app_20260527_161940.log')}
2026-05-27 16:45:24,535 - watchfiles.main - DEBUG - 1 change detected: {(<Change.modified: 2>, '/workspace/app/backend/logs/app_20260527_161940.log')}
2026-05-27 16:45:24,886 - watchfiles.main - DEBUG - 1 change detected: {(<Change.modified: 2>, '/workspace/app/backend/logs/app_20260527_161940.log')}
2026-05-27 16:45:25,236 - watchfiles.main - DEBUG - 1 change detected: {(<Change.modified: 2>, '/workspace/app/backend/logs/app_20260527_161940.log')}
2026-05-27 16:45:25,587 - watchfiles.main - DEBUG - 1 change detected: {(<Change.modified: 2>, '/workspace/app/backend/logs/app_20260527_161940.log')}
2026-05-27 16:45:25,938 - watchfiles.main - DEBUG - 1 change detected: {(<Change.modified: 2>, '/workspace/app/backend/logs/app_20260527_161940.log')}
2026-05-27 16:45:26,289 - watchfiles.main - DEBUG - 1 change detected: {(<Change.modified: 2>, '/workspace/app/backend/logs/app_20260527_161940.log')}
2026-05-27 16:45:26,640 - watchfiles.main - DEBUG - 1 change detected: {(<Change.modified: 2>, '/workspace/app/backend/logs/app_20260527_161940.log')}
2026-05-27 16:45:26,991 - watchfiles.main - DEBUG - 1 change detected: {(<Change.modified: 2>, '/workspace/app/backend/logs/app_20260527_161940.log')}
2026-05-27 16:45:27,342 - watchfiles.main - DEBUG - 1 change detected: {(<Change.modified: 2>, '/workspace/app/backend/logs/app_20260527_161940.log')}
2026-05-27 16:45:27,693 - watchfiles.main - DEBUG - 1 change detected: {(<Change.modified: 2>, '/workspace/app/backend/logs/app_20260527_161940.log')}
2026-05-27 16:45:28,044 - watchfiles.main - DEBUG - 1 change detected: {(<Change.modified: 2>, '/workspace/app/backend/logs/app_20260527_161940.log')}
2026-05-27 16:45:28,395 - watchfiles.main - DEBUG - 1 change detected: {(<Change.modified: 2>, '/workspace/app/backend/logs/app_20260527_161940.log')}
2026-05-27 16:45:28,746 - watchfiles.main - DEBUG - 1 change detected: {(<Change.modified: 2>, '/workspace/app/backend/logs/app_20260527_161940.log')}
2026-05-27 16:45:29,098 - watchfiles.main - DEBUG - 1 change detected: {(<Change.modified: 2>, '/workspace/app/backend/logs/app_20260527_161940.log')}
2026-05-27 16:45:29,449 - watchfiles.main - DEBUG - 1 change detected: {(<Change.modified: 2>, '/workspace/app/backend/logs/app_20260527_161940.log')}
2026-05-27 16:45:29,799 - watchfiles.main - DEBUG - 1 change detected: {(<Change.modified: 2>, '/workspace/app/backend/logs/app_20260527_161940.log')}
2026-05-27 16:45:30,150 - watchfiles.main - DEBUG - 1 change detected: {(<Change.modified: 2>, '/workspace/app/backend/logs/app_20260527_161940.log')}
2026-05-27 16:45:30,502 - watchfiles.main - DEBUG - 1 change detected: {(<Change.modified: 2>, '/workspace/app/backend/logs/app_20260527_161940.log')}
2026-05-27 16:45:30,853 - watchfiles.main - DEBUG - 1 change detected: {(<Change.modified: 2>, '/workspace/app/backend/logs/app_20260527_161940.log')}
2026-05-27 16:45:31,203 - watchfiles.main - DEBUG - 1 change detected: {(<Change.modified: 2>, '/workspace/app/backend/logs/app_20260527_161940.log')}
2026-05-27 16:45:31,554 - watchfiles.main - DEBUG - 1 change detected: {(<Change.modified: 2>, '/workspace/app/backend/logs/app_20260527_161940.log')}
2026-05-27 16:45:31,906 - watchfiles.main - DEBUG - 1 change detected: {(<Change.modified: 2>, '/workspace/app/backend/logs/app_20260527_161940.log')}
2026-05-27 16:45:32,257 - watchfiles.main - DEBUG - 1 change detected: {(<Change.modified: 2>, '/workspace/app/backend/logs/app_20260527_161940.log')}
2026-05-27 16:45:32,608 - watchfiles.main - DEBUG - 1 change detected: {(<Change.modified: 2>, '/workspace/app/backend/logs/app_20260527_161940.log')}
2026-05-27 16:45:32,959 - watchfiles.main - DEBUG - 1 change detected: {(<Change.modified: 2>, '/workspace/app/backend/logs/app_20260527_161940.log')}
2026-05-27 16:45:33,310 - watchfiles.main - DEBUG - 1 change detected: {(<Change.modified: 2>, '/workspace/app/backend/logs/app_20260527_161940.log')}
2026-05-27 16:45:33,660 - watchfiles.main - DEBUG - 1 change detected: {(<Change.modified: 2>, '/workspace/app/backend/logs/app_20260527_161940.log')}
2026-05-27 16:45:34,011 - watchfiles.main - DEBUG - 1 change detected: {(<Change.modified: 2>, '/workspace/app/backend/logs/app_20260527_161940.log')}
2026-05-27 16:45:34,362 - watchfiles.main - DEBUG - 1 change detected: {(<Change.modified: 2>, '/workspace/app/backend/logs/app_20260527_161940.log')}
2026-05-27 16:45:34,713 - watchfiles.main - DEBUG - 1 change detected: {(<Change.modified: 2>, '/workspace/app/backend/logs/app_20260527_161940.log')}
2026-05-27 16:45:35,064 - watchfiles.main - DEBUG - 1 change detected: {(<Change.modified: 2>, '/workspace/app/backend/logs/app_20260527_161940.log')}
2026-05-27 16:45:35,415 - watchfiles.main - DEBUG - 1 change detected: {(<Change.modified: 2>, '/workspace/app/backend/logs/app_20260527_161940.log')}
2026-05-27 16:45:35,766 - watchfiles.main - DEBUG - 1 change detected: {(<Change.modified: 2>, '/workspace/app/backend/logs/app_20260527_161940.log')}
2026-05-27 16:45:36,117 - watchfiles.main - DEBUG - 1 change detected: {(<Change.modified: 2>, '/workspace/app/backend/logs/app_20260527_161940.log')}
2026-05-27 16:45:36,468 - watchfiles.main - DEBUG - 1 change detected: {(<Change.modified: 2>, '/workspace/app/backend/logs/app_20260527_161940.log')}
2026-05-27 16:45:36,819 - watchfiles.main - DEBUG - 1 change detected: {(<Change.modified: 2>, '/workspace/app/backend/logs/app_20260527_161940.log')}
2026-05-27 16:45:37,170 - watchfiles.main - DEBUG - 1 change detected: {(<Change.modified: 2>, '/workspace/app/backend/logs/app_20260527_161940.log')}
2026-05-27 16:45:37,521 - watchfiles.main - DEBUG - 1 change detected: {(<Change.modified: 2>, '/workspace/app/backend/logs/app_20260527_161940.log')}
2026-05-27 16:45:37,872 - watchfiles.main - DEBUG - 1 change detected: {(<Change.modified: 2>, '/workspace/app/backend/logs/app_20260527_161940.log')}
2026-05-27 16:45:38,223 - watchfiles.main - DEBUG - 1 change detected: {(<Change.modified: 2>, '/workspace/app/backend/logs/app_20260527_161940.log')}
2026-05-27 16:45:38,574 - watchfiles.main - DEBUG - 1 change detected: {(<Change.modified: 2>, '/workspace/app/backend/logs/app_20260527_161940.log')}
2026-05-27 16:45:38,924 - watchfiles.main - DEBUG - 1 change detected: {(<Change.modified: 2>, '/workspace/app/backend/logs/app_20260527_161940.log')}
2026-05-27 16:45:39,276 - watchfiles.main - DEBUG - 1 change detected: {(<Change.modified: 2>, '/workspace/app/backend/logs/app_20260527_161940.log')}
2026-05-27 16:45:39,627 - watchfiles.main - DEBUG - 1 change detected: {(<Change.modified: 2>, '/workspace/app/backend/logs/app_20260527_161940.log')}
2026-05-27 16:45:39,978 - watchfiles.main - DEBUG - 1 change detected: {(<Change.modified: 2>, '/workspace/app/backend/logs/app_20260527_161940.log')}
2026-05-27 16:45:40,328 - watchfiles.main - DEBUG - 1 change detected: {(<Change.modified: 2>, '/workspace/app/backend/logs/app_20260527_161940.log')}
2026-05-27 16:45:40,680 - watchfiles.main - DEBUG - 1 change detected: {(<Change.modified: 2>, '/workspace/app/backend/logs/app_20260527_161940.log')}
2026-05-27 16:45:41,031 - watchfiles.main - DEBUG - 1 change detected: {(<Change.modified: 2>, '/workspace/app/backend/logs/app_20260527_161940.log')}
2026-05-27 16:45:41,382 - watchfiles.main - DEBUG - 1 change detected: {(<Change.modified: 2>, '/workspace/app/backend/logs/app_20260527_161940.log')}
2026-05-27 16:45:41,733 - watchfiles.main - DEBUG - 1 change detected: {(<Change.modified: 2>, '/workspace/app/backend/logs/app_20260527_161940.log')}
2026-05-27 16:45:42,084 - watchfiles.main - DEBUG - 1 change detected: {(<Change.modified: 2>, '/workspace/app/backend/logs/app_20260527_161940.log')}
2026-05-27 16:45:42,435 - watchfiles.main - DEBUG - 1 change detected: {(<Change.modified: 2>, '/workspace/app/backend/logs/app_20260527_161940.log')}
2026-05-27 16:45:42,786 - watchfiles.main - DEBUG - 1 change detected: {(<Change.modified: 2>, '/workspace/app/backend/logs/app_20260527_161940.log')}
2026-05-27 16:45:43,137 - watchfiles.main - DEBUG - 1 change detected: {(<Change.modified: 2>, '/workspace/app/backend/logs/app_20260527_161940.log')}
2026-05-27 16:45:43,488 - watchfiles.main - DEBUG - 1 change detected: {(<Change.modified: 2>, '/workspace/app/backend/logs/app_20260527_161940.log')}
2026-05-27 16:45:43,839 - watchfiles.main - DEBUG - 1 change detected: {(<Change.modified: 2>, '/workspace/app/backend/logs/app_20260527_161940.log')}
2026-05-27 16:45:44,190 - watchfiles.main - DEBUG - 1 change detected: {(<Change.modified: 2>, '/workspace/app/backend/logs/app_20260527_161940.log')}
2026-05-27 16:45:44,541 - watchfiles.main - DEBUG - 1 change detected: {(<Change.modified: 2>, '/workspace/app/backend/logs/app_20260527_161940.log')}
2026-05-27 16:45:44,892 - watchfiles.main - DEBUG - 1 change detected: {(<Change.modified: 2>, '/workspace/app/backend/logs/app_20260527_161940.log')}
2026-05-27 16:45:45,244 - watchfiles.main - DEBUG - 1 change detected: {(<Change.modified: 2>, '/workspace/app/backend/logs/app_20260527_161940.log')}
2026-05-27 16:45:45,595 - watchfiles.main - DEBUG - 1 change detected: {(<Change.modified: 2>, '/workspace/app/backend/logs/app_20260527_161940.log')}
2026-05-27 16:45:45,946 - watchfiles.main - DEBUG - 1 change detected: {(<Change.modified: 2>, '/workspace/app/backend/logs/app_20260527_161940.log')}
2026-05-27 16:45:46,296 - watchfiles.main - DEBUG - 1 change detected: {(<Change.modified: 2>, '/workspace/app/backend/logs/app_20260527_161940.log')}
2026-05-27 16:45:46,647 - watchfiles.main - DEBUG - 1 change detected: {(<Change.modified: 2>, '/workspace/app/backend/logs/app_20260527_161940.log')}
2026-05-27 16:45:46,998 - watchfiles.main - DEBUG - 1 change detected: {(<Change.modified: 2>, '/workspace/app/backend/logs/app_20260527_161940.log')}
2026-05-27 16:45:47,349 - watchfiles.main - DEBUG - 1 change detected: {(<Change.modified: 2>, '/workspace/app/backend/logs/app_20260527_161940.log')}
2026-05-27 16:45:47,700 - watchfiles.main - DEBUG - 1 change detected: {(<Change.modified: 2>, '/workspace/app/backend/logs/app_20260527_161940.log')}
2026-05-27 16:45:48,051 - watchfiles.main - DEBUG - 1 change detected: {(<Change.modified: 2>, '/workspace/app/backend/logs/app_20260527_161940.log')}
2026-05-27 16:45:48,403 - watchfiles.main - DEBUG - 1 change detected: {(<Change.modified: 2>, '/workspace/app/backend/logs/app_20260527_161940.log')}
2026-05-27 16:45:48,753 - watchfiles.main - DEBUG - 1 change detected: {(<Change.modified: 2>, '/workspace/app/backend/logs/app_20260527_161940.log')}
2026-05-27 16:45:49,104 - watchfiles.main - DEBUG - 1 change detected: {(<Change.modified: 2>, '/workspace/app/backend/logs/app_20260527_161940.log')}
2026-05-27 16:45:49,455 - watchfiles.main - DEBUG - 1 change detected: {(<Change.modified: 2>, '/workspace/app/backend/logs/app_20260527_161940.log')}
2026-05-27 16:45:49,807 - watchfiles.main - DEBUG - 1 change detected: {(<Change.modified: 2>, '/workspace/app/backend/logs/app_20260527_161940.log')}
2026-05-27 16:45:50,158 - watchfiles.main - DEBUG - 1 change detected: {(<Change.modified: 2>, '/workspace/app/backend/logs/app_20260527_161940.log')}
2026-05-27 16:45:50,509 - watchfiles.main - DEBUG - 1 change detected: {(<Change.modified: 2>, '/workspace/app/backend/logs/app_20260527_161940.log')}
2026-05-27 16:45:50,860 - watchfiles.main - DEBUG - 1 change detected: {(<Change.modified: 2>, '/workspace/app/backend/logs/app_20260527_161940.log')}
2026-05-27 16:45:51,211 - watchfiles.main - DEBUG - 1 change detected: {(<Change.modified: 2>, '/workspace/app/backend/logs/app_20260527_161940.log')}
2026-05-27 16:45:51,562 - watchfiles.main - DEBUG - 1 change detected: {(<Change.modified: 2>, '/workspace/app/backend/logs/app_20260527_161940.log')}
2026-05-27 16:45:51,913 - watchfiles.main - DEBUG - 1 change detected: {(<Change.modified: 2>, '/workspace/app/backend/logs/app_20260527_161940.log')}
2026-05-27 16:45:52,264 - watchfiles.main - DEBUG - 1 change detected: {(<Change.modified: 2>, '/workspace/app/backend/logs/app_20260527_161940.log')}
2026-05-27 16:45:52,615 - watchfiles.main - DEBUG - 1 change detected: {(<Change.modified: 2>, '/workspace/app/backend/logs/app_20260527_161940.log')}
2026-05-27 16:45:52,966 - watchfiles.main - DEBUG - 1 change detected: {(<Change.modified: 2>, '/workspace/app/backend/logs/app_20260527_161940.log')}
2026-05-27 16:45:53,317 - watchfiles.main - DEBUG - 1 change detected: {(<Change.modified: 2>, '/workspace/app/backend/logs/app_20260527_161940.log')}
2026-05-27 16:45:53,668 - watchfiles.main - DEBUG - 1 change detected: {(<Change.modified: 2>, '/workspace/app/backend/logs/app_20260527_161940.log')}
2026-05-27 16:45:54,019 - watchfiles.main - DEBUG - 1 change detected: {(<Change.modified: 2>, '/workspace/app/backend/logs/app_20260527_161940.log')}
2026-05-27 16:45:54,370 - watchfiles.main - DEBUG - 1 change detected: {(<Change.modified: 2>, '/workspace/app/backend/logs/app_20260527_161940.log')}
2026-05-27 16:45:54,721 - watchfiles.main - DEBUG - 1 change detected: {(<Change.modified: 2>, '/workspace/app/backend/logs/app_20260527_161940.log')}
2026-05-27 16:45:55,072 - watchfiles.main - DEBUG - 1 change detected: {(<Change.modified: 2>, '/workspace/app/backend/logs/app_20260527_161940.log')}
2026-05-27 16:45:55,423 - watchfiles.main - DEBUG - 1 change detected: {(<Change.modified: 2>, '/workspace/app/backend/logs/app_20260527_161940.log')}
2026-05-27 16:45:55,774 - watchfiles.main - DEBUG - 1 change detected: {(<Change.modified: 2>, '/workspace/app/backend/logs/app_20260527_161940.log')}
2026-05-27 16:45:56,125 - watchfiles.main - DEBUG - 1 change detected: {(<Change.modified: 2>, '/workspace/app/backend/logs/app_20260527_161940.log')}
2026-05-27 16:45:56,475 - watchfiles.main - DEBUG - 1 change detected: {(<Change.modified: 2>, '/workspace/app/backend/logs/app_20260527_161940.log')}
2026-05-27 16:45:56,827 - watchfiles.main - DEBUG - 1 change detected: {(<Change.modified: 2>, '/workspace/app/backend/logs/app_20260527_161940.log')}
2026-05-27 16:45:57,177 - watchfiles.main - DEBUG - 1 change detected: {(<Change.modified: 2>, '/workspace/app/backend/logs/app_20260527_161940.log')}
2026-05-27 16:45:57,528 - watchfiles.main - DEBUG - 1 change detected: {(<Change.modified: 2>, '/workspace/app/backend/logs/app_20260527_161940.log')}
2026-05-27 16:45:57,879 - watchfiles.main - DEBUG - 1 change detected: {(<Change.modified: 2>, '/workspace/app/backend/logs/app_20260527_161940.log')}
2026-05-27 16:45:58,230 - watchfiles.main - DEBUG - 1 change detected: {(<Change.modified: 2>, '/workspace/app/backend/logs/app_20260527_161940.log')}
2026-05-27 16:45:58,581 - watchfiles.main - DEBUG - 1 change detected: {(<Change.modified: 2>, '/workspace/app/backend/logs/app_20260527_161940.log')}
2026-05-27 16:45:58,932 - watchfiles.main - DEBUG - 1 change detected: {(<Change.modified: 2>, '/workspace/app/backend/logs/app_20260527_161940.log')}
2026-05-27 16:45:59,283 - watchfiles.main - DEBUG - 1 change detected: {(<Change.modified: 2>, '/workspace/app/backend/logs/app_20260527_161940.log')}
2026-05-27 16:45:59,634 - watchfiles.main - DEBUG - 1 change detected: {(<Change.modified: 2>, '/workspace/app/backend/logs/app_20260527_161940.log')}
2026-05-27 16:45:59,985 - watchfiles.main - DEBUG - 1 change detected: {(<Change.modified: 2>, '/workspace/app/backend/logs/app_20260527_161940.log')}
2026-05-27 16:46:00,336 - watchfiles.main - DEBUG - 1 change detected: {(<Change.modified: 2>, '/workspace/app/backend/logs/app_20260527_161940.log')}
2026-05-27 16:46:00,687 - watchfiles.main - DEBUG - 1 change detected: {(<Change.modified: 2>, '/workspace/app/backend/logs/app_20260527_161940.log')}
2026-05-27 16:46:01,038 - watchfiles.main - DEBUG - 1 change detected: {(<Change.modified: 2>, '/workspace/app/backend/logs/app_20260527_161940.log')}
2026-05-27 16:46:01,389 - watchfiles.main - DEBUG - 1 change detected: {(<Change.modified: 2>, '/workspace/app/backend/logs/app_20260527_161940.log')}
2026-05-27 16:46:01,740 - watchfiles.main - DEBUG - 1 change detected: {(<Change.modified: 2>, '/workspace/app/backend/logs/app_20260527_161940.log')}
2026-05-27 16:46:02,091 - watchfiles.main - DEBUG - 1 change detected: {(<Change.modified: 2>, '/workspace/app/backend/logs/app_20260527_161940.log')}
2026-05-27 16:46:02,442 - watchfiles.main - DEBUG - 1 change detected: {(<Change.modified: 2>, '/workspace/app/backend/logs/app_20260527_161940.log')}
2026-05-27 16:46:02,792 - watchfiles.main - DEBUG - 1 change detected: {(<Change.modified: 2>, '/workspace/app/backend/logs/app_20260527_161940.log')}
2026-05-27 16:46:03,143 - watchfiles.main - DEBUG - 1 change detected: {(<Change.modified: 2>, '/workspace/app/backend/logs/app_20260527_161940.log')}
2026-05-27 16:46:03,494 - watchfiles.main - DEBUG - 1 change detected: {(<Change.modified: 2>, '/workspace/app/backend/logs/app_20260527_161940.log')}
2026-05-27 16:46:03,845 - watchfiles.main - DEBUG - 1 change detected: {(<Change.modified: 2>, '/workspace/app/backend/logs/app_20260527_161940.log')}
2026-05-27 16:46:04,196 - watchfiles.main - DEBUG - 1 change detected: {(<Change.modified: 2>, '/workspace/app/backend/logs/app_20260527_161940.log')}
2026-05-27 16:46:04,547 - watchfiles.main - DEBUG - 1 change detected: {(<Change.modified: 2>, '/workspace/app/backend/logs/app_20260527_161940.log')}
2026-05-27 16:46:04,898 - watchfiles.main - DEBUG - 1 change detected: {(<Change.modified: 2>, '/workspace/app/backend/logs/app_20260527_161940.log')}
2026-05-27 16:46:05,249 - watchfiles.main - DEBUG - 1 change detected: {(<Change.modified: 2>, '/workspace/app/backend/logs/app_20260527_161940.log')}
2026-05-27 16:46:05,600 - watchfiles.main - DEBUG - 1 change detected: {(<Change.modified: 2>, '/workspace/app/backend/logs/app_20260527_161940.log')}
2026-05-27 16:46:05,951 - watchfiles.main - DEBUG - 1 change detected: {(<Change.modified: 2>, '/workspace/app/backend/logs/app_20260527_161940.log')}
2026-05-27 16:46:06,302 - watchfiles.main - DEBUG - 1 change detected: {(<Change.modified: 2>, '/workspace/app/backend/logs/app_20260527_161940.log')}
2026-05-27 16:46:06,653 - watchfiles.main - DEBUG - 1 change detected: {(<Change.modified: 2>, '/workspace/app/backend/logs/app_20260527_161940.log')}
2026-05-27 16:46:07,004 - watchfiles.main - DEBUG - 1 change detected: {(<Change.modified: 2>, '/workspace/app/backend/logs/app_20260527_161940.log')}
2026-05-27 16:46:07,355 - watchfiles.main - DEBUG - 1 change detected: {(<Change.modified: 2>, '/workspace/app/backend/logs/app_20260527_161940.log')}
2026-05-27 16:46:07,706 - watchfiles.main - DEBUG - 1 change detected: {(<Change.modified: 2>, '/workspace/app/backend/logs/app_20260527_161940.log')}
2026-05-27 16:46:08,057 - watchfiles.main - DEBUG - 1 change detected: {(<Change.modified: 2>, '/workspace/app/backend/logs/app_20260527_161940.log')}
2026-05-27 16:46:08,409 - watchfiles.main - DEBUG - 1 change detected: {(<Change.modified: 2>, '/workspace/app/backend/logs/app_20260527_161940.log')}
2026-05-27 16:46:08,760 - watchfiles.main - DEBUG - 1 change detected: {(<Change.modified: 2>, '/workspace/app/backend/logs/app_20260527_161940.log')}
2026-05-27 16:46:09,111 - watchfiles.main - DEBUG - 1 change detected: {(<Change.modified: 2>, '/workspace/app/backend/logs/app_20260527_161940.log')}
2026-05-27 16:46:09,462 - watchfiles.main - DEBUG - 1 change detected: {(<Change.modified: 2>, '/workspace/app/backend/logs/app_20260527_161940.log')}
2026-05-27 16:46:09,813 - watchfiles.main - DEBUG - 1 change detected: {(<Change.modified: 2>, '/workspace/app/backend/logs/app_20260527_161940.log')}
2026-05-27 16:46:10,164 - watchfiles.main - DEBUG - 1 change detected: {(<Change.modified: 2>, '/workspace/app/backend/logs/app_20260527_161940.log')}
2026-05-27 16:46:10,515 - watchfiles.main - DEBUG - 1 change detected: {(<Change.modified: 2>, '/workspace/app/backend/logs/app_20260527_161940.log')}
2026-05-27 16:46:10,866 - watchfiles.main - DEBUG - 1 change detected: {(<Change.modified: 2>, '/workspace/app/backend/logs/app_20260527_161940.log')}
2026-05-27 16:46:11,217 - watchfiles.main - DEBUG - 1 change detected: {(<Change.modified: 2>, '/workspace/app/backend/logs/app_20260527_161940.log')}
2026-05-27 16:46:11,568 - watchfiles.main - DEBUG - 1 change detected: {(<Change.modified: 2>, '/workspace/app/backend/logs/app_20260527_161940.log')}
2026-05-27 16:46:11,919 - watchfiles.main - DEBUG - 1 change detected: {(<Change.modified: 2>, '/workspace/app/backend/logs/app_20260527_161940.log')}
2026-05-27 16:46:12,270 - watchfiles.main - DEBUG - 1 change detected: {(<Change.modified: 2>, '/workspace/app/backend/logs/app_20260527_161940.log')}
2026-05-27 16:46:12,621 - watchfiles.main - DEBUG - 1 change detected: {(<Change.modified: 2>, '/workspace/app/backend/logs/app_20260527_161940.log')}
2026-05-27 16:46:12,972 - watchfiles.main - DEBUG - 1 change detected: {(<Change.modified: 2>, '/workspace/app/backend/logs/app_20260527_161940.log')}
2026-05-27 16:46:13,323 - watchfiles.main - DEBUG - 1 change detected: {(<Change.modified: 2>, '/workspace/app/backend/logs/app_20260527_161940.log')}
2026-05-27 16:46:13,674 - watchfiles.main - DEBUG - 1 change detected: {(<Change.modified: 2>, '/workspace/app/backend/logs/app_20260527_161940.log')}
2026-05-27 16:46:14,025 - watchfiles.main - DEBUG - 1 change detected: {(<Change.modified: 2>, '/workspace/app/backend/logs/app_20260527_161940.log')}
2026-05-27 16:46:14,376 - watchfiles.main - DEBUG - 1 change detected: {(<Change.modified: 2>, '/workspace/app/backend/logs/app_20260527_161940.log')}
2026-05-27 16:46:14,727 - watchfiles.main - DEBUG - 1 change detected: {(<Change.modified: 2>, '/workspace/app/backend/logs/app_20260527_161940.log')}
2026-05-27 16:46:15,079 - watchfiles.main - DEBUG - 1 change detected: {(<Change.modified: 2>, '/workspace/app/backend/logs/app_20260527_161940.log')}
2026-05-27 16:46:15,430 - watchfiles.main - DEBUG - 1 change detected: {(<Change.modified: 2>, '/workspace/app/backend/logs/app_20260527_161940.log')}
2026-05-27 16:46:15,781 - watchfiles.main - DEBUG - 1 change detected: {(<Change.modified: 2>, '/workspace/app/backend/logs/app_20260527_161940.log')}
2026-05-27 16:46:16,132 - watchfiles.main - DEBUG - 1 change detected: {(<Change.modified: 2>, '/workspace/app/backend/logs/app_20260527_161940.log')}
2026-05-27 16:46:16,483 - watchfiles.main - DEBUG - 1 change detected: {(<Change.modified: 2>, '/workspace/app/backend/logs/app_20260527_161940.log')}
2026-05-27 16:46:16,834 - watchfiles.main - DEBUG - 1 change detected: {(<Change.modified: 2>, '/workspace/app/backend/logs/app_20260527_161940.log')}
2026-05-27 16:46:17,185 - watchfiles.main - DEBUG - 1 change detected: {(<Change.modified: 2>, '/workspace/app/backend/logs/app_20260527_161940.log')}
2026-05-27 16:46:17,535 - watchfiles.main - DEBUG - 1 change detected: {(<Change.modified: 2>, '/workspace/app/backend/logs/app_20260527_161940.log')}
2026-05-27 16:46:17,886 - watchfiles.main - DEBUG - 1 change detected: {(<Change.modified: 2>, '/workspace/app/backend/logs/app_20260527_161940.log')}
2026-05-27 16:46:18,237 - watchfiles.main - DEBUG - 1 change detected: {(<Change.modified: 2>, '/workspace/app/backend/logs/app_20260527_161940.log')}
2026-05-27 16:46:18,588 - watchfiles.main - DEBUG - 1 change detected: {(<Change.modified: 2>, '/workspace/app/backend/logs/app_20260527_161940.log')}
2026-05-27 16:46:18,939 - watchfiles.main - DEBUG - 1 change detected: {(<Change.modified: 2>, '/workspace/app/backend/logs/app_20260527_161940.log')}
2026-05-27 16:46:19,290 - watchfiles.main - DEBUG - 1 change detected: {(<Change.modified: 2>, '/workspace/app/backend/logs/app_20260527_161940.log')}
2026-05-27 16:46:19,641 - watchfiles.main - DEBUG - 1 change detected: {(<Change.modified: 2>, '/workspace/app/backend/logs/app_20260527_161940.log')}
2026-05-27 16:46:19,992 - watchfiles.main - DEBUG - 1 change detected: {(<Change.modified: 2>, '/workspace/app/backend/logs/app_20260527_161940.log')}
2026-05-27 16:46:20,343 - watchfiles.main - DEBUG - 1 change detected: {(<Change.modified: 2>, '/workspace/app/backend/logs/app_20260527_161940.log')}
2026-05-27 16:46:20,694 - watchfiles.main - DEBUG - 1 change detected: {(<Change.modified: 2>, '/workspace/app/backend/logs/app_20260527_161940.log')}
2026-05-27 16:46:21,045 - watchfiles.main - DEBUG - 1 change detected: {(<Change.modified: 2>, '/workspace/app/backend/logs/app_20260527_161940.log')}
2026-05-27 16:46:21,396 - watchfiles.main - DEBUG - 1 change detected: {(<Change.modified: 2>, '/workspace/app/backend/logs/app_20260527_161940.log')}
2026-05-27 16:46:21,747 - watchfiles.main - DEBUG - 1 change detected: {(<Change.modified: 2>, '/workspace/app/backend/logs/app_20260527_161940.log')}
2026-05-27 16:46:22,098 - watchfiles.main - DEBUG - 1 change detected: {(<Change.modified: 2>, '/workspace/app/backend/logs/app_20260527_161940.log')}
2026-05-27 16:46:22,449 - watchfiles.main - DEBUG - 1 change detected: {(<Change.modified: 2>, '/workspace/app/backend/logs/app_20260527_161940.log')}
2026-05-27 16:46:22,800 - watchfiles.main - DEBUG - 1 change detected: {(<Change.modified: 2>, '/workspace/app/backend/logs/app_20260527_161940.log')}
2026-05-27 16:46:23,150 - watchfiles.main - DEBUG - 1 change detected: {(<Change.modified: 2>, '/workspace/app/backend/logs/app_20260527_161940.log')}
2026-05-27 16:46:23,502 - watchfiles.main - DEBUG - 1 change detected: {(<Change.modified: 2>, '/workspace/app/backend/logs/app_20260527_161940.log')}
2026-05-27 16:46:23,853 - watchfiles.main - DEBUG - 1 change detected: {(<Change.modified: 2>, '/workspace/app/backend/logs/app_20260527_161940.log')}
2026-05-27 16:46:24,204 - watchfiles.main - DEBUG - 1 change detected: {(<Change.modified: 2>, '/workspace/app/backend/logs/app_20260527_161940.log')}
2026-05-27 16:46:24,555 - watchfiles.main - DEBUG - 1 change detected: {(<Change.modified: 2>, '/workspace/app/backend/logs/app_20260527_161940.log')}
2026-05-27 16:46:24,906 - watchfiles.main - DEBUG - 1 change detected: {(<Change.modified: 2>, '/workspace/app/backend/logs/app_20260527_161940.log')}
2026-05-27 16:46:25,261 - watchfiles.main - DEBUG - 1 change detected: {(<Change.modified: 2>, '/workspace/app/backend/logs/app_20260527_161940.log')}
2026-05-27 16:46:25,612 - watchfiles.main - DEBUG - 1 change detected: {(<Change.modified: 2>, '/workspace/app/backend/logs/app_20260527_161940.log')}
2026-05-27 16:46:25,963 - watchfiles.main - DEBUG - 1 change detected: {(<Change.modified: 2>, '/workspace/app/backend/logs/app_20260527_161940.log')}
2026-05-27 16:46:26,314 - watchfiles.main - DEBUG - 1 change detected: {(<Change.modified: 2>, '/workspace/app/backend/logs/app_20260527_161940.log')}
2026-05-27 16:46:26,665 - watchfiles.main - DEBUG - 1 change detected: {(<Change.modified: 2>, '/workspace/app/backend/logs/app_20260527_161940.log')}
2026-05-27 16:46:27,015 - watchfiles.main - DEBUG - 1 change detected: {(<Change.modified: 2>, '/workspace/app/backend/logs/app_20260527_161940.log')}
2026-05-27 16:46:27,366 - watchfiles.main - DEBUG - 1 change detected: {(<Change.modified: 2>, '/workspace/app/backend/logs/app_20260527_161940.log')}
2026-05-27 16:46:27,718 - watchfiles.main - DEBUG - 1 change detected: {(<Change.modified: 2>, '/workspace/app/backend/logs/app_20260527_161940.log')}
2026-05-27 16:46:28,068 - watchfiles.main - DEBUG - 1 change detected: {(<Change.modified: 2>, '/workspace/app/backend/logs/app_20260527_161940.log')}
2026-05-27 16:46:28,419 - watchfiles.main - DEBUG - 1 change detected: {(<Change.modified: 2>, '/workspace/app/backend/logs/app_20260527_161940.log')}
2026-05-27 16:46:28,770 - watchfiles.main - DEBUG - 1 change detected: {(<Change.modified: 2>, '/workspace/app/backend/logs/app_20260527_161940.log')}
2026-05-27 16:46:29,121 - watchfiles.main - DEBUG - 1 change detected: {(<Change.modified: 2>, '/workspace/app/backend/logs/app_20260527_161940.log')}
2026-05-27 16:46:29,472 - watchfiles.main - DEBUG - 1 change detected: {(<Change.modified: 2>, '/workspace/app/backend/logs/app_20260527_161940.log')}
2026-05-27 16:46:29,823 - watchfiles.main - DEBUG - 1 change detected: {(<Change.modified: 2>, '/workspace/app/backend/logs/app_20260527_161940.log')}
2026-05-27 16:46:30,174 - watchfiles.main - DEBUG - 1 change detected: {(<Change.modified: 2>, '/workspace/app/backend/logs/app_20260527_161940.log')}
2026-05-27 16:46:30,525 - watchfiles.main - DEBUG - 1 change detected: {(<Change.modified: 2>, '/workspace/app/backend/logs/app_20260527_161940.log')}
2026-05-27 16:46:30,876 - watchfiles.main - DEBUG - 1 change detected: {(<Change.modified: 2>, '/workspace/app/backend/logs/app_20260527_161940.log')}
2026-05-27 16:46:31,227 - watchfiles.main - DEBUG - 1 change detected: {(<Change.modified: 2>, '/workspace/app/backend/logs/app_20260527_161940.log')}
2026-05-27 16:46:31,578 - watchfiles.main - DEBUG - 1 change detected: {(<Change.modified: 2>, '/workspace/app/backend/logs/app_20260527_161940.log')}
2026-05-27 16:46:31,929 - watchfiles.main - DEBUG - 1 change detected: {(<Change.modified: 2>, '/workspace/app/backend/logs/app_20260527_161940.log')}
2026-05-27 16:46:32,280 - watchfiles.main - DEBUG - 1 change detected: {(<Change.modified: 2>, '/workspace/app/backend/logs/app_20260527_161940.log')}
2026-05-27 16:46:32,631 - watchfiles.main - DEBUG - 1 change detected: {(<Change.modified: 2>, '/workspace/app/backend/logs/app_20260527_161940.log')}
2026-05-27 16:46:32,982 - watchfiles.main - DEBUG - 1 change detected: {(<Change.modified: 2>, '/workspace/app/backend/logs/app_20260527_161940.log')}
2026-05-27 16:46:33,333 - watchfiles.main - DEBUG - 1 change detected: {(<Change.modified: 2>, '/workspace/app/backend/logs/app_20260527_161940.log')}
2026-05-27 16:46:33,684 - watchfiles.main - DEBUG - 1 change detected: {(<Change.modified: 2>, '/workspace/app/backend/logs/app_20260527_161940.log')}
2026-05-27 16:46:34,035 - watchfiles.main - DEBUG - 1 change detected: {(<Change.modified: 2>, '/workspace/app/backend/logs/app_20260527_161940.log')}
2026-05-27 16:46:34,386 - watchfiles.main - DEBUG - 1 change detected: {(<Change.modified: 2>, '/workspace/app/backend/logs/app_20260527_161940.log')}
2026-05-27 16:46:34,737 - watchfiles.main - DEBUG - 1 change detected: {(<Change.modified: 2>, '/workspace/app/backend/logs/app_20260527_161940.log')}
2026-05-27 16:46:35,088 - watchfiles.main - DEBUG - 1 change detected: {(<Change.modified: 2>, '/workspace/app/backend/logs/app_20260527_161940.log')}
2026-05-27 16:46:35,439 - watchfiles.main - DEBUG - 1 change detected: {(<Change.modified: 2>, '/workspace/app/backend/logs/app_20260527_161940.log')}
2026-05-27 16:46:35,790 - watchfiles.main - DEBUG - 1 change detected: {(<Change.modified: 2>, '/workspace/app/backend/logs/app_20260527_161940.log')}
2026-05-27 16:46:36,141 - watchfiles.main - DEBUG - 1 change detected: {(<Change.modified: 2>, '/workspace/app/backend/logs/app_20260527_161940.log')}
2026-05-27 16:46:36,492 - watchfiles.main - DEBUG - 1 change detected: {(<Change.modified: 2>, '/workspace/app/backend/logs/app_20260527_161940.log')}
2026-05-27 16:46:36,844 - watchfiles.main - DEBUG - 1 change detected: {(<Change.modified: 2>, '/workspace/app/backend/logs/app_20260527_161940.log')}
2026-05-27 16:46:37,195 - watchfiles.main - DEBUG - 1 change detected: {(<Change.modified: 2>, '/workspace/app/backend/logs/app_20260527_161940.log')}
2026-05-27 16:46:37,546 - watchfiles.main - DEBUG - 1 change detected: {(<Change.modified: 2>, '/workspace/app/backend/logs/app_20260527_161940.log')}
2026-05-27 16:46:37,896 - watchfiles.main - DEBUG - 1 change detected: {(<Change.modified: 2>, '/workspace/app/backend/logs/app_20260527_161940.log')}
2026-05-27 16:46:38,247 - watchfiles.main - DEBUG - 1 change detected: {(<Change.modified: 2>, '/workspace/app/backend/logs/app_20260527_161940.log')}
2026-05-27 16:46:38,598 - watchfiles.main - DEBUG - 1 change detected: {(<Change.modified: 2>, '/workspace/app/backend/logs/app_20260527_161940.log')}
2026-05-27 16:46:38,949 - watchfiles.main - DEBUG - 1 change detected: {(<Change.modified: 2>, '/workspace/app/backend/logs/app_20260527_161940.log')}
2026-05-27 16:46:39,300 - watchfiles.main - DEBUG - 1 change detected: {(<Change.modified: 2>, '/workspace/app/backend/logs/app_20260527_161940.log')}
2026-05-27 16:46:39,651 - watchfiles.main - DEBUG - 1 change detected: {(<Change.modified: 2>, '/workspace/app/backend/logs/app_20260527_161940.log')}
2026-05-27 16:46:40,002 - watchfiles.main - DEBUG - 1 change detected: {(<Change.modified: 2>, '/workspace/app/backend/logs/app_20260527_161940.log')}
2026-05-27 16:46:40,353 - watchfiles.main - DEBUG - 1 change detected: {(<Change.modified: 2>, '/workspace/app/backend/logs/app_20260527_161940.log')}
2026-05-27 16:46:40,704 - watchfiles.main - DEBUG - 1 change detected: {(<Change.modified: 2>, '/workspace/app/backend/logs/app_20260527_161940.log')}
2026-05-27 16:46:41,055 - watchfiles.main - DEBUG - 1 change detected: {(<Change.modified: 2>, '/workspace/app/backend/logs/app_20260527_161940.log')}
2026-05-27 16:46:41,406 - watchfiles.main - DEBUG - 1 change detected: {(<Change.modified: 2>, '/workspace/app/backend/logs/app_20260527_161940.log')}
2026-05-27 16:46:41,757 - watchfiles.main - DEBUG - 1 change detected: {(<Change.modified: 2>, '/workspace/app/backend/logs/app_20260527_161940.log')}
2026-05-27 16:46:42,108 - watchfiles.main - DEBUG - 1 change detected: {(<Change.modified: 2>, '/workspace/app/backend/logs/app_20260527_161940.log')}
2026-05-27 16:46:42,458 - watchfiles.main - DEBUG - 1 change detected: {(<Change.modified: 2>, '/workspace/app/backend/logs/app_20260527_161940.log')}
2026-05-27 16:46:42,809 - watchfiles.main - DEBUG - 1 change detected: {(<Change.modified: 2>, '/workspace/app/backend/logs/app_20260527_161940.log')}
2026-05-27 16:46:43,160 - watchfiles.main - DEBUG - 1 change detected: {(<Change.modified: 2>, '/workspace/app/backend/logs/app_20260527_161940.log')}
2026-05-27 16:46:43,511 - watchfiles.main - DEBUG - 1 change detected: {(<Change.modified: 2>, '/workspace/app/backend/logs/app_20260527_161940.log')}
2026-05-27 16:46:43,862 - watchfiles.main - DEBUG - 1 change detected: {(<Change.modified: 2>, '/workspace/app/backend/logs/app_20260527_161940.log')}
2026-05-27 16:46:44,213 - watchfiles.main - DEBUG - 1 change detected: {(<Change.modified: 2>, '/workspace/app/backend/logs/app_20260527_161940.log')}
2026-05-27 16:46:44,564 - watchfiles.main - DEBUG - 1 change detected: {(<Change.modified: 2>, '/workspace/app/backend/logs/app_20260527_161940.log')}
2026-05-27 16:46:44,915 - watchfiles.main - DEBUG - 1 change detected: {(<Change.modified: 2>, '/workspace/app/backend/logs/app_20260527_161940.log')}
2026-05-27 16:46:45,266 - watchfiles.main - DEBUG - 1 change detected: {(<Change.modified: 2>, '/workspace/app/backend/logs/app_20260527_161940.log')}
2026-05-27 16:46:45,617 - watchfiles.main - DEBUG - 1 change detected: {(<Change.modified: 2>, '/workspace/app/backend/logs/app_20260527_161940.log')}
2026-05-27 16:46:45,968 - watchfiles.main - DEBUG - 1 change detected: {(<Change.modified: 2>, '/workspace/app/backend/logs/app_20260527_161940.log')}
2026-05-27 16:46:46,319 - watchfiles.main - DEBUG - 1 change detected: {(<Change.modified: 2>, '/workspace/app/backend/logs/app_20260527_161940.log')}
2026-05-27 16:46:46,670 - watchfiles.main - DEBUG - 1 change detected: {(<Change.modified: 2>, '/workspace/app/backend/logs/app_20260527_161940.log')}
2026-05-27 16:46:47,021 - watchfiles.main - DEBUG - 1 change detected: {(<Change.modified: 2>, '/workspace/app/backend/logs/app_20260527_161940.log')}
2026-05-27 16:46:47,372 - watchfiles.main - DEBUG - 1 change detected: {(<Change.modified: 2>, '/workspace/app/backend/logs/app_20260527_161940.log')}
2026-05-27 16:46:47,723 - watchfiles.main - DEBUG - 1 change detected: {(<Change.modified: 2>, '/workspace/app/backend/logs/app_20260527_161940.log')}
2026-05-27 16:46:48,074 - watchfiles.main - DEBUG - 1 change detected: {(<Change.modified: 2>, '/workspace/app/backend/logs/app_20260527_161940.log')}
2026-05-27 16:46:48,425 - watchfiles.main - DEBUG - 1 change detected: {(<Change.modified: 2>, '/workspace/app/backend/logs/app_20260527_161940.log')}
2026-05-27 16:46:48,776 - watchfiles.main - DEBUG - 1 change detected: {(<Change.modified: 2>, '/workspace/app/backend/logs/app_20260527_161940.log')}
2026-05-27 16:46:49,127 - watchfiles.main - DEBUG - 1 change detected: {(<Change.modified: 2>, '/workspace/app/backend/logs/app_20260527_161940.log')}
2026-05-27 16:46:49,477 - watchfiles.main - DEBUG - 1 change detected: {(<Change.modified: 2>, '/workspace/app/backend/logs/app_20260527_161940.log')}
2026-05-27 16:46:49,829 - watchfiles.main - DEBUG - 1 change detected: {(<Change.modified: 2>, '/workspace/app/backend/logs/app_20260527_161940.log')}
2026-05-27 16:46:50,179 - watchfiles.main - DEBUG - 1 change detected: {(<Change.modified: 2>, '/workspace/app/backend/logs/app_20260527_161940.log')}
2026-05-27 16:46:50,531 - watchfiles.main - DEBUG - 1 change detected: {(<Change.modified: 2>, '/workspace/app/backend/logs/app_20260527_161940.log')}
2026-05-27 16:46:50,881 - watchfiles.main - DEBUG - 1 change detected: {(<Change.modified: 2>, '/workspace/app/backend/logs/app_20260527_161940.log')}
2026-05-27 16:46:51,232 - watchfiles.main - DEBUG - 1 change detected: {(<Change.modified: 2>, '/workspace/app/backend/logs/app_20260527_161940.log')}
2026-05-27 16:46:51,583 - watchfiles.main - DEBUG - 1 change detected: {(<Change.modified: 2>, '/workspace/app/backend/logs/app_20260527_161940.log')}
2026-05-27 16:46:51,934 - watchfiles.main - DEBUG - 1 change detected: {(<Change.modified: 2>, '/workspace/app/backend/logs/app_20260527_161940.log')}
2026-05-27 16:46:52,286 - watchfiles.main - DEBUG - 1 change detected: {(<Change.modified: 2>, '/workspace/app/backend/logs/app_20260527_161940.log')}
2026-05-27 16:46:52,637 - watchfiles.main - DEBUG - 1 change detected: {(<Change.modified: 2>, '/workspace/app/backend/logs/app_20260527_161940.log')}
2026-05-27 16:46:52,987 - watchfiles.main - DEBUG - 1 change detected: {(<Change.modified: 2>, '/workspace/app/backend/logs/app_20260527_161940.log')}
2026-05-27 16:46:53,338 - watchfiles.main - DEBUG - 1 change detected: {(<Change.modified: 2>, '/workspace/app/backend/logs/app_20260527_161940.log')}
2026-05-27 16:46:53,689 - watchfiles.main - DEBUG - 1 change detected: {(<Change.modified: 2>, '/workspace/app/backend/logs/app_20260527_161940.log')}
2026-05-27 16:46:54,040 - watchfiles.main - DEBUG - 1 change detected: {(<Change.modified: 2>, '/workspace/app/backend/logs/app_20260527_161940.log')}
2026-05-27 16:46:54,391 - watchfiles.main - DEBUG - 1 change detected: {(<Change.modified: 2>, '/workspace/app/backend/logs/app_20260527_161940.log')}
2026-05-27 16:46:54,742 - watchfiles.main - DEBUG - 1 change detected: {(<Change.modified: 2>, '/workspace/app/backend/logs/app_20260527_161940.log')}
2026-05-27 16:46:55,093 - watchfiles.main - DEBUG - 1 change detected: {(<Change.modified: 2>, '/workspace/app/backend/logs/app_20260527_161940.log')}
2026-05-27 16:46:55,444 - watchfiles.main - DEBUG - 1 change detected: {(<Change.modified: 2>, '/workspace/app/backend/logs/app_20260527_161940.log')}
2026-05-27 16:46:55,795 - watchfiles.main - DEBUG - 1 change detected: {(<Change.modified: 2>, '/workspace/app/backend/logs/app_20260527_161940.log')}
2026-05-27 16:46:56,146 - watchfiles.main - DEBUG - 1 change detected: {(<Change.modified: 2>, '/workspace/app/backend/logs/app_20260527_161940.log')}
2026-05-27 16:46:56,497 - watchfiles.main - DEBUG - 1 change detected: {(<Change.modified: 2>, '/workspace/app/backend/logs/app_20260527_161940.log')}
2026-05-27 16:46:56,847 - watchfiles.main - DEBUG - 1 change detected: {(<Change.modified: 2>, '/workspace/app/backend/logs/app_20260527_161940.log')}
2026-05-27 16:46:57,198 - watchfiles.main - DEBUG - 1 change detected: {(<Change.modified: 2>, '/workspace/app/backend/logs/app_20260527_161940.log')}
2026-05-27 16:46:57,549 - watchfiles.main - DEBUG - 1 change detected: {(<Change.modified: 2>, '/workspace/app/backend/logs/app_20260527_161940.log')}
2026-05-27 16:46:57,900 - watchfiles.main - DEBUG - 1 change detected: {(<Change.modified: 2>, '/workspace/app/backend/logs/app_20260527_161940.log')}
2026-05-27 16:46:58,251 - watchfiles.main - DEBUG - 1 change detected: {(<Change.modified: 2>, '/workspace/app/backend/logs/app_20260527_161940.log')}
2026-05-27 16:46:58,602 - watchfiles.main - DEBUG - 1 change detected: {(<Change.modified: 2>, '/workspace/app/backend/logs/app_20260527_161940.log')}
2026-05-27 16:46:58,953 - watchfiles.main - DEBUG - 1 change detected: {(<Change.modified: 2>, '/workspace/app/backend/logs/app_20260527_161940.log')}
2026-05-27 16:46:59,304 - watchfiles.main - DEBUG - 1 change detected: {(<Change.modified: 2>, '/workspace/app/backend/logs/app_20260527_161940.log')}
2026-05-27 16:46:59,655 - watchfiles.main - DEBUG - 1 change detected: {(<Change.modified: 2>, '/workspace/app/backend/logs/app_20260527_161940.log')}
2026-05-27 16:47:00,006 - watchfiles.main - DEBUG - 1 change detected: {(<Change.modified: 2>, '/workspace/app/backend/logs/app_20260527_161940.log')}
2026-05-27 16:47:00,357 - watchfiles.main - DEBUG - 1 change detected: {(<Change.modified: 2>, '/workspace/app/backend/logs/app_20260527_161940.log')}
2026-05-27 16:47:00,707 - watchfiles.main - DEBUG - 1 change detected: {(<Change.modified: 2>, '/workspace/app/backend/logs/app_20260527_161940.log')}
2026-05-27 16:47:01,058 - watchfiles.main - DEBUG - 1 change detected: {(<Change.modified: 2>, '/workspace/app/backend/logs/app_20260527_161940.log')}
2026-05-27 16:47:01,409 - watchfiles.main - DEBUG - 1 change detected: {(<Change.modified: 2>, '/workspace/app/backend/logs/app_20260527_161940.log')}
2026-05-27 16:47:01,760 - watchfiles.main - DEBUG - 1 change detected: {(<Change.modified: 2>, '/workspace/app/backend/logs/app_20260527_161940.log')}
2026-05-27 16:47:02,111 - watchfiles.main - DEBUG - 1 change detected: {(<Change.modified: 2>, '/workspace/app/backend/logs/app_20260527_161940.log')}
2026-05-27 16:47:02,462 - watchfiles.main - DEBUG - 1 change detected: {(<Change.modified: 2>, '/workspace/app/backend/logs/app_20260527_161940.log')}
2026-05-27 16:47:02,813 - watchfiles.main - DEBUG - 1 change detected: {(<Change.modified: 2>, '/workspace/app/backend/logs/app_20260527_161940.log')}
2026-05-27 16:47:03,164 - watchfiles.main - DEBUG - 1 change detected: {(<Change.modified: 2>, '/workspace/app/backend/logs/app_20260527_161940.log')}
2026-05-27 16:47:03,515 - watchfiles.main - DEBUG - 1 change detected: {(<Change.modified: 2>, '/workspace/app/backend/logs/app_20260527_161940.log')}
2026-05-27 16:47:03,866 - watchfiles.main - DEBUG - 1 change detected: {(<Change.modified: 2>, '/workspace/app/backend/logs/app_20260527_161940.log')}
2026-05-27 16:47:04,217 - watchfiles.main - DEBUG - 1 change detected: {(<Change.modified: 2>, '/workspace/app/backend/logs/app_20260527_161940.log')}
2026-05-27 16:47:04,568 - watchfiles.main - DEBUG - 1 change detected: {(<Change.modified: 2>, '/workspace/app/backend/logs/app_20260527_161940.log')}
2026-05-27 16:47:04,919 - watchfiles.main - DEBUG - 1 change detected: {(<Change.modified: 2>, '/workspace/app/backend/logs/app_20260527_161940.log')}
2026-05-27 16:47:05,270 - watchfiles.main - DEBUG - 1 change detected: {(<Change.modified: 2>, '/workspace/app/backend/logs/app_20260527_161940.log')}
2026-05-27 16:47:05,620 - watchfiles.main - DEBUG - 1 change detected: {(<Change.modified: 2>, '/workspace/app/backend/logs/app_20260527_161940.log')}
2026-05-27 16:47:05,971 - watchfiles.main - DEBUG - 1 change detected: {(<Change.modified: 2>, '/workspace/app/backend/logs/app_20260527_161940.log')}
2026-05-27 16:47:06,322 - watchfiles.main - DEBUG - 1 change detected: {(<Change.modified: 2>, '/workspace/app/backend/logs/app_20260527_161940.log')}
2026-05-27 16:47:06,674 - watchfiles.main - DEBUG - 1 change detected: {(<Change.modified: 2>, '/workspace/app/backend/logs/app_20260527_161940.log')}
2026-05-27 16:47:07,025 - watchfiles.main - DEBUG - 1 change detected: {(<Change.modified: 2>, '/workspace/app/backend/logs/app_20260527_161940.log')}
2026-05-27 16:47:07,375 - watchfiles.main - DEBUG - 1 change detected: {(<Change.modified: 2>, '/workspace/app/backend/logs/app_20260527_161940.log')}
2026-05-27 16:47:07,726 - watchfiles.main - DEBUG - 1 change detected: {(<Change.modified: 2>, '/workspace/app/backend/logs/app_20260527_161940.log')}
2026-05-27 16:47:08,077 - watchfiles.main - DEBUG - 1 change detected: {(<Change.modified: 2>, '/workspace/app/backend/logs/app_20260527_161940.log')}
2026-05-27 16:47:08,428 - watchfiles.main - DEBUG - 1 change detected: {(<Change.modified: 2>, '/workspace/app/backend/logs/app_20260527_161940.log')}
2026-05-27 16:47:08,779 - watchfiles.main - DEBUG - 1 change detected: {(<Change.modified: 2>, '/workspace/app/backend/logs/app_20260527_161940.log')}
2026-05-27 16:47:09,130 - watchfiles.main - DEBUG - 1 change detected: {(<Change.modified: 2>, '/workspace/app/backend/logs/app_20260527_161940.log')}
2026-05-27 16:47:09,481 - watchfiles.main - DEBUG - 1 change detected: {(<Change.modified: 2>, '/workspace/app/backend/logs/app_20260527_161940.log')}
2026-05-27 16:47:09,832 - watchfiles.main - DEBUG - 1 change detected: {(<Change.modified: 2>, '/workspace/app/backend/logs/app_20260527_161940.log')}
2026-05-27 16:47:10,183 - watchfiles.main - DEBUG - 1 change detected: {(<Change.modified: 2>, '/workspace/app/backend/logs/app_20260527_161940.log')}
2026-05-27 16:47:10,534 - watchfiles.main - DEBUG - 1 change detected: {(<Change.modified: 2>, '/workspace/app/backend/logs/app_20260527_161940.log')}
2026-05-27 16:47:10,885 - watchfiles.main - DEBUG - 1 change detected: {(<Change.modified: 2>, '/workspace/app/backend/logs/app_20260527_161940.log')}
2026-05-27 16:47:11,236 - watchfiles.main - DEBUG - 1 change detected: {(<Change.modified: 2>, '/workspace/app/backend/logs/app_20260527_161940.log')}
2026-05-27 16:47:11,587 - watchfiles.main - DEBUG - 1 change detected: {(<Change.modified: 2>, '/workspace/app/backend/logs/app_20260527_161940.log')}
2026-05-27 16:47:11,937 - watchfiles.main - DEBUG - 1 change detected: {(<Change.modified: 2>, '/workspace/app/backend/logs/app_20260527_161940.log')}
2026-05-27 16:47:12,288 - watchfiles.main - DEBUG - 1 change detected: {(<Change.modified: 2>, '/workspace/app/backend/logs/app_20260527_161940.log')}
2026-05-27 16:47:12,639 - watchfiles.main - DEBUG - 1 change detected: {(<Change.modified: 2>, '/workspace/app/backend/logs/app_20260527_161940.log')}
2026-05-27 16:47:12,990 - watchfiles.main - DEBUG - 1 change detected: {(<Change.modified: 2>, '/workspace/app/backend/logs/app_20260527_161940.log')}
2026-05-27 16:47:13,341 - watchfiles.main - DEBUG - 1 change detected: {(<Change.modified: 2>, '/workspace/app/backend/logs/app_20260527_161940.log')}
2026-05-27 16:47:13,692 - watchfiles.main - DEBUG - 1 change detected: {(<Change.modified: 2>, '/workspace/app/backend/logs/app_20260527_161940.log')}
2026-05-27 16:47:14,043 - watchfiles.main - DEBUG - 1 change detected: {(<Change.modified: 2>, '/workspace/app/backend/logs/app_20260527_161940.log')}
2026-05-27 16:47:14,394 - watchfiles.main - DEBUG - 1 change detected: {(<Change.modified: 2>, '/workspace/app/backend/logs/app_20260527_161940.log')}
2026-05-27 16:47:14,745 - watchfiles.main - DEBUG - 1 change detected: {(<Change.modified: 2>, '/workspace/app/backend/logs/app_20260527_161940.log')}
2026-05-27 16:47:15,096 - watchfiles.main - DEBUG - 1 change detected: {(<Change.modified: 2>, '/workspace/app/backend/logs/app_20260527_161940.log')}
2026-05-27 16:47:15,447 - watchfiles.main - DEBUG - 1 change detected: {(<Change.modified: 2>, '/workspace/app/backend/logs/app_20260527_161940.log')}
2026-05-27 16:47:15,798 - watchfiles.main - DEBUG - 1 change detected: {(<Change.modified: 2>, '/workspace/app/backend/logs/app_20260527_161940.log')}
2026-05-27 16:47:16,149 - watchfiles.main - DEBUG - 1 change detected: {(<Change.modified: 2>, '/workspace/app/backend/logs/app_20260527_161940.log')}
2026-05-27 16:47:16,500 - watchfiles.main - DEBUG - 1 change detected: {(<Change.modified: 2>, '/workspace/app/backend/logs/app_20260527_161940.log')}
2026-05-27 16:47:16,851 - watchfiles.main - DEBUG - 1 change detected: {(<Change.modified: 2>, '/workspace/app/backend/logs/app_20260527_161940.log')}
2026-05-27 16:47:17,202 - watchfiles.main - DEBUG - 1 change detected: {(<Change.modified: 2>, '/workspace/app/backend/logs/app_20260527_161940.log')}
2026-05-27 16:47:17,553 - watchfiles.main - DEBUG - 1 change detected: {(<Change.modified: 2>, '/workspace/app/backend/logs/app_20260527_161940.log')}
2026-05-27 16:47:17,904 - watchfiles.main - DEBUG - 1 change detected: {(<Change.modified: 2>, '/workspace/app/backend/logs/app_20260527_161940.log')}
2026-05-27 16:47:18,255 - watchfiles.main - DEBUG - 1 change detected: {(<Change.modified: 2>, '/workspace/app/backend/logs/app_20260527_161940.log')}
2026-05-27 16:47:18,606 - watchfiles.main - DEBUG - 1 change detected: {(<Change.modified: 2>, '/workspace/app/backend/logs/app_20260527_161940.log')}
2026-05-27 16:47:18,957 - watchfiles.main - DEBUG - 1 change detected: {(<Change.modified: 2>, '/workspace/app/backend/logs/app_20260527_161940.log')}
2026-05-27 16:47:19,308 - watchfiles.main - DEBUG - 1 change detected: {(<Change.modified: 2>, '/workspace/app/backend/logs/app_20260527_161940.log')}
2026-05-27 16:47:19,659 - watchfiles.main - DEBUG - 1 change detected: {(<Change.modified: 2>, '/workspace/app/backend/logs/app_20260527_161940.log')}
2026-05-27 16:47:20,010 - watchfiles.main - DEBUG - 1 change detected: {(<Change.modified: 2>, '/workspace/app/backend/logs/app_20260527_161940.log')}
2026-05-27 16:47:20,361 - watchfiles.main - DEBUG - 1 change detected: {(<Change.modified: 2>, '/workspace/app/backend/logs/app_20260527_161940.log')}
2026-05-27 16:47:20,712 - watchfiles.main - DEBUG - 1 change detected: {(<Change.modified: 2>, '/workspace/app/backend/logs/app_20260527_161940.log')}
2026-05-27 16:47:21,063 - watchfiles.main - DEBUG - 1 change detected: {(<Change.modified: 2>, '/workspace/app/backend/logs/app_20260527_161940.log')}
2026-05-27 16:47:21,414 - watchfiles.main - DEBUG - 1 change detected: {(<Change.modified: 2>, '/workspace/app/backend/logs/app_20260527_161940.log')}
2026-05-27 16:47:21,765 - watchfiles.main - DEBUG - 1 change detected: {(<Change.modified: 2>, '/workspace/app/backend/logs/app_20260527_161940.log')}
2026-05-27 16:47:22,116 - watchfiles.main - DEBUG - 1 change detected: {(<Change.modified: 2>, '/workspace/app/backend/logs/app_20260527_161940.log')}
2026-05-27 16:47:22,467 - watchfiles.main - DEBUG - 1 change detected: {(<Change.modified: 2>, '/workspace/app/backend/logs/app_20260527_161940.log')}
2026-05-27 16:47:22,818 - watchfiles.main - DEBUG - 1 change detected: {(<Change.modified: 2>, '/workspace/app/backend/logs/app_20260527_161940.log')}
2026-05-27 16:47:23,168 - watchfiles.main - DEBUG - 1 change detected: {(<Change.modified: 2>, '/workspace/app/backend/logs/app_20260527_161940.log')}
2026-05-27 16:47:23,520 - watchfiles.main - DEBUG - 1 change detected: {(<Change.modified: 2>, '/workspace/app/backend/logs/app_20260527_161940.log')}
2026-05-27 16:47:23,871 - watchfiles.main - DEBUG - 1 change detected: {(<Change.modified: 2>, '/workspace/app/backend/logs/app_20260527_161940.log')}
2026-05-27 16:47:24,221 - watchfiles.main - DEBUG - 1 change detected: {(<Change.modified: 2>, '/workspace/app/backend/logs/app_20260527_161940.log')}
2026-05-27 16:47:24,572 - watchfiles.main - DEBUG - 1 change detected: {(<Change.modified: 2>, '/workspace/app/backend/logs/app_20260527_161940.log')}
2026-05-27 16:47:24,923 - watchfiles.main - DEBUG - 1 change detected: {(<Change.modified: 2>, '/workspace/app/backend/logs/app_20260527_161940.log')}
2026-05-27 16:47:25,274 - watchfiles.main - DEBUG - 1 change detected: {(<Change.modified: 2>, '/workspace/app/backend/logs/app_20260527_161940.log')}
2026-05-27 16:47:25,625 - watchfiles.main - DEBUG - 1 change detected: {(<Change.modified: 2>, '/workspace/app/backend/logs/app_20260527_161940.log')}
2026-05-27 16:47:25,976 - watchfiles.main - DEBUG - 1 change detected: {(<Change.modified: 2>, '/workspace/app/backend/logs/app_20260527_161940.log')}
2026-05-27 16:47:26,327 - watchfiles.main - DEBUG - 1 change detected: {(<Change.modified: 2>, '/workspace/app/backend/logs/app_20260527_161940.log')}
2026-05-27 16:47:26,678 - watchfiles.main - DEBUG - 1 change detected: {(<Change.modified: 2>, '/workspace/app/backend/logs/app_20260527_161940.log')}
2026-05-27 16:47:27,029 - watchfiles.main - DEBUG - 1 change detected: {(<Change.modified: 2>, '/workspace/app/backend/logs/app_20260527_161940.log')}
2026-05-27 16:47:27,380 - watchfiles.main - DEBUG - 1 change detected: {(<Change.modified: 2>, '/workspace/app/backend/logs/app_20260527_161940.log')}
2026-05-27 16:47:27,731 - watchfiles.main - DEBUG - 1 change detected: {(<Change.modified: 2>, '/workspace/app/backend/logs/app_20260527_161940.log')}
2026-05-27 16:47:28,082 - watchfiles.main - DEBUG - 1 change detected: {(<Change.modified: 2>, '/workspace/app/backend/logs/app_20260527_161940.log')}
2026-05-27 16:47:28,433 - watchfiles.main - DEBUG - 1 change detected: {(<Change.modified: 2>, '/workspace/app/backend/logs/app_20260527_161940.log')}
2026-05-27 16:47:28,784 - watchfiles.main - DEBUG - 1 change detected: {(<Change.modified: 2>, '/workspace/app/backend/logs/app_20260527_161940.log')}
2026-05-27 16:47:29,135 - watchfiles.main - DEBUG - 1 change detected: {(<Change.modified: 2>, '/workspace/app/backend/logs/app_20260527_161940.log')}
2026-05-27 16:47:29,486 - watchfiles.main - DEBUG - 1 change detected: {(<Change.modified: 2>, '/workspace/app/backend/logs/app_20260527_161940.log')}
2026-05-27 16:47:29,837 - watchfiles.main - DEBUG - 1 change detected: {(<Change.modified: 2>, '/workspace/app/backend/logs/app_20260527_161940.log')}
2026-05-27 16:47:30,188 - watchfiles.main - DEBUG - 1 change detected: {(<Change.modified: 2>, '/workspace/app/backend/logs/app_20260527_161940.log')}
2026-05-27 16:47:30,539 - watchfiles.main - DEBUG - 1 change detected: {(<Change.modified: 2>, '/workspace/app/backend/logs/app_20260527_161940.log')}
2026-05-27 16:47:30,890 - watchfiles.main - DEBUG - 1 change detected: {(<Change.modified: 2>, '/workspace/app/backend/logs/app_20260527_161940.log')}
2026-05-27 16:47:31,241 - watchfiles.main - DEBUG - 1 change detected: {(<Change.modified: 2>, '/workspace/app/backend/logs/app_20260527_161940.log')}
2026-05-27 16:47:31,592 - watchfiles.main - DEBUG - 1 change detected: {(<Change.modified: 2>, '/workspace/app/backend/logs/app_20260527_161940.log')}
2026-05-27 16:47:31,943 - watchfiles.main - DEBUG - 1 change detected: {(<Change.modified: 2>, '/workspace/app/backend/logs/app_20260527_161940.log')}
2026-05-27 16:47:32,294 - watchfiles.main - DEBUG - 1 change detected: {(<Change.modified: 2>, '/workspace/app/backend/logs/app_20260527_161940.log')}
2026-05-27 16:47:32,645 - watchfiles.main - DEBUG - 1 change detected: {(<Change.modified: 2>, '/workspace/app/backend/logs/app_20260527_161940.log')}
2026-05-27 16:47:32,996 - watchfiles.main - DEBUG - 1 change detected: {(<Change.modified: 2>, '/workspace/app/backend/logs/app_20260527_161940.log')}
2026-05-27 16:47:33,347 - watchfiles.main - DEBUG - 1 change detected: {(<Change.modified: 2>, '/workspace/app/backend/logs/app_20260527_161940.log')}
2026-05-27 16:47:33,698 - watchfiles.main - DEBUG - 1 change detected: {(<Change.modified: 2>, '/workspace/app/backend/logs/app_20260527_161940.log')}
2026-05-27 16:47:34,049 - watchfiles.main - DEBUG - 1 change detected: {(<Change.modified: 2>, '/workspace/app/backend/logs/app_20260527_161940.log')}
2026-05-27 16:47:34,400 - watchfiles.main - DEBUG - 1 change detected: {(<Change.modified: 2>, '/workspace/app/backend/logs/app_20260527_161940.log')}
2026-05-27 16:47:34,751 - watchfiles.main - DEBUG - 1 change detected: {(<Change.modified: 2>, '/workspace/app/backend/logs/app_20260527_161940.log')}
2026-05-27 16:47:35,102 - watchfiles.main - DEBUG - 1 change detected: {(<Change.modified: 2>, '/workspace/app/backend/logs/app_20260527_161940.log')}
2026-05-27 16:47:35,453 - watchfiles.main - DEBUG - 1 change detected: {(<Change.modified: 2>, '/workspace/app/backend/logs/app_20260527_161940.log')}
2026-05-27 16:47:35,804 - watchfiles.main - DEBUG - 1 change detected: {(<Change.modified: 2>, '/workspace/app/backend/logs/app_20260527_161940.log')}
2026-05-27 16:47:36,155 - watchfiles.main - DEBUG - 1 change detected: {(<Change.modified: 2>, '/workspace/app/backend/logs/app_20260527_161940.log')}
2026-05-27 16:47:36,506 - watchfiles.main - DEBUG - 1 change detected: {(<Change.modified: 2>, '/workspace/app/backend/logs/app_20260527_161940.log')}
2026-05-27 16:47:36,857 - watchfiles.main - DEBUG - 1 change detected: {(<Change.modified: 2>, '/workspace/app/backend/logs/app_20260527_161940.log')}
2026-05-27 16:47:37,208 - watchfiles.main - DEBUG - 1 change detected: {(<Change.modified: 2>, '/workspace/app/backend/logs/app_20260527_161940.log')}
2026-05-27 16:47:37,559 - watchfiles.main - DEBUG - 1 change detected: {(<Change.modified: 2>, '/workspace/app/backend/logs/app_20260527_161940.log')}
2026-05-27 16:47:37,910 - watchfiles.main - DEBUG - 1 change detected: {(<Change.modified: 2>, '/workspace/app/backend/logs/app_20260527_161940.log')}
2026-05-27 16:47:38,261 - watchfiles.main - DEBUG - 1 change detected: {(<Change.modified: 2>, '/workspace/app/backend/logs/app_20260527_161940.log')}
2026-05-27 16:47:38,612 - watchfiles.main - DEBUG - 1 change detected: {(<Change.modified: 2>, '/workspace/app/backend/logs/app_20260527_161940.log')}
2026-05-27 16:47:38,963 - watchfiles.main - DEBUG - 1 change detected: {(<Change.modified: 2>, '/workspace/app/backend/logs/app_20260527_161940.log')}
2026-05-27 16:47:39,314 - watchfiles.main - DEBUG - 1 change detected: {(<Change.modified: 2>, '/workspace/app/backend/logs/app_20260527_161940.log')}
2026-05-27 16:47:39,665 - watchfiles.main - DEBUG - 1 change detected: {(<Change.modified: 2>, '/workspace/app/backend/logs/app_20260527_161940.log')}
2026-05-27 16:47:40,016 - watchfiles.main - DEBUG - 1 change detected: {(<Change.modified: 2>, '/workspace/app/backend/logs/app_20260527_161940.log')}
2026-05-27 16:47:40,367 - watchfiles.main - DEBUG - 1 change detected: {(<Change.modified: 2>, '/workspace/app/backend/logs/app_20260527_161940.log')}
2026-05-27 16:47:40,718 - watchfiles.main - DEBUG - 1 change detected: {(<Change.modified: 2>, '/workspace/app/backend/logs/app_20260527_161940.log')}
2026-05-27 16:47:41,069 - watchfiles.main - DEBUG - 1 change detected: {(<Change.modified: 2>, '/workspace/app/backend/logs/app_20260527_161940.log')}
2026-05-27 16:47:41,419 - watchfiles.main - DEBUG - 1 change detected: {(<Change.modified: 2>, '/workspace/app/backend/logs/app_20260527_161940.log')}
2026-05-27 16:47:41,770 - watchfiles.main - DEBUG - 1 change detected: {(<Change.modified: 2>, '/workspace/app/backend/logs/app_20260527_161940.log')}
2026-05-27 16:47:42,121 - watchfiles.main - DEBUG - 1 change detected: {(<Change.modified: 2>, '/workspace/app/backend/logs/app_20260527_161940.log')}
2026-05-27 16:47:42,472 - watchfiles.main - DEBUG - 1 change detected: {(<Change.modified: 2>, '/workspace/app/backend/logs/app_20260527_161940.log')}
2026-05-27 16:47:42,823 - watchfiles.main - DEBUG - 1 change detected: {(<Change.modified: 2>, '/workspace/app/backend/logs/app_20260527_161940.log')}
2026-05-27 16:47:43,174 - watchfiles.main - DEBUG - 1 change detected: {(<Change.modified: 2>, '/workspace/app/backend/logs/app_20260527_161940.log')}
2026-05-27 16:47:43,525 - watchfiles.main - DEBUG - 1 change detected: {(<Change.modified: 2>, '/workspace/app/backend/logs/app_20260527_161940.log')}
2026-05-27 16:47:43,876 - watchfiles.main - DEBUG - 1 change detected: {(<Change.modified: 2>, '/workspace/app/backend/logs/app_20260527_161940.log')}
2026-05-27 16:47:44,227 - watchfiles.main - DEBUG - 1 change detected: {(<Change.modified: 2>, '/workspace/app/backend/logs/app_20260527_161940.log')}
2026-05-27 16:47:44,578 - watchfiles.main - DEBUG - 1 change detected: {(<Change.modified: 2>, '/workspace/app/backend/logs/app_20260527_161940.log')}
2026-05-27 16:47:44,929 - watchfiles.main - DEBUG - 1 change detected: {(<Change.modified: 2>, '/workspace/app/backend/logs/app_20260527_161940.log')}
2026-05-27 16:47:45,280 - watchfiles.main - DEBUG - 1 change detected: {(<Change.modified: 2>, '/workspace/app/backend/logs/app_20260527_161940.log')}
2026-05-27 16:47:45,631 - watchfiles.main - DEBUG - 1 change detected: {(<Change.modified: 2>, '/workspace/app/backend/logs/app_20260527_161940.log')}
2026-05-27 16:47:45,982 - watchfiles.main - DEBUG - 1 change detected: {(<Change.modified: 2>, '/workspace/app/backend/logs/app_20260527_161940.log')}
2026-05-27 16:47:46,333 - watchfiles.main - DEBUG - 1 change detected: {(<Change.modified: 2>, '/workspace/app/backend/logs/app_20260527_161940.log')}
2026-05-27 16:47:46,684 - watchfiles.main - DEBUG - 1 change detected: {(<Change.modified: 2>, '/workspace/app/backend/logs/app_20260527_161940.log')}
2026-05-27 16:47:47,035 - watchfiles.main - DEBUG - 1 change detected: {(<Change.modified: 2>, '/workspace/app/backend/logs/app_20260527_161940.log')}
2026-05-27 16:47:47,386 - watchfiles.main - DEBUG - 1 change detected: {(<Change.modified: 2>, '/workspace/app/backend/logs/app_20260527_161940.log')}
2026-05-27 16:47:47,737 - watchfiles.main - DEBUG - 1 change detected: {(<Change.modified: 2>, '/workspace/app/backend/logs/app_20260527_161940.log')}
2026-05-27 16:47:48,087 - watchfiles.main - DEBUG - 1 change detected: {(<Change.modified: 2>, '/workspace/app/backend/logs/app_20260527_161940.log')}
2026-05-27 16:47:48,438 - watchfiles.main - DEBUG - 1 change detected: {(<Change.modified: 2>, '/workspace/app/backend/logs/app_20260527_161940.log')}
2026-05-27 16:47:48,789 - watchfiles.main - DEBUG - 1 change detected: {(<Change.modified: 2>, '/workspace/app/backend/logs/app_20260527_161940.log')}
2026-05-27 16:47:49,140 - watchfiles.main - DEBUG - 1 change detected: {(<Change.modified: 2>, '/workspace/app/backend/logs/app_20260527_161940.log')}
2026-05-27 16:47:49,491 - watchfiles.main - DEBUG - 1 change detected: {(<Change.modified: 2>, '/workspace/app/backend/logs/app_20260527_161940.log')}
2026-05-27 16:47:49,842 - watchfiles.main - DEBUG - 1 change detected: {(<Change.modified: 2>, '/workspace/app/backend/logs/app_20260527_161940.log')}
2026-05-27 16:47:50,193 - watchfiles.main - DEBUG - 1 change detected: {(<Change.modified: 2>, '/workspace/app/backend/logs/app_20260527_161940.log')}
2026-05-27 16:47:50,544 - watchfiles.main - DEBUG - 1 change detected: {(<Change.modified: 2>, '/workspace/app/backend/logs/app_20260527_161940.log')}
2026-05-27 16:47:50,896 - watchfiles.main - DEBUG - 1 change detected: {(<Change.modified: 2>, '/workspace/app/backend/logs/app_20260527_161940.log')}
2026-05-27 16:47:51,246 - watchfiles.main - DEBUG - 1 change detected: {(<Change.modified: 2>, '/workspace/app/backend/logs/app_20260527_161940.log')}
2026-05-27 16:47:51,597 - watchfiles.main - DEBUG - 1 change detected: {(<Change.modified: 2>, '/workspace/app/backend/logs/app_20260527_161940.log')}
2026-05-27 16:47:51,948 - watchfiles.main - DEBUG - 1 change detected: {(<Change.modified: 2>, '/workspace/app/backend/logs/app_20260527_161940.log')}
2026-05-27 16:47:52,300 - watchfiles.main - DEBUG - 1 change detected: {(<Change.modified: 2>, '/workspace/app/backend/logs/app_20260527_161940.log')}
2026-05-27 16:47:52,651 - watchfiles.main - DEBUG - 1 change detected: {(<Change.modified: 2>, '/workspace/app/backend/logs/app_20260527_161940.log')}
2026-05-27 16:47:53,002 - watchfiles.main - DEBUG - 1 change detected: {(<Change.modified: 2>, '/workspace/app/backend/logs/app_20260527_161940.log')}
2026-05-27 16:47:53,353 - watchfiles.main - DEBUG - 1 change detected: {(<Change.modified: 2>, '/workspace/app/backend/logs/app_20260527_161940.log')}
2026-05-27 16:47:53,704 - watchfiles.main - DEBUG - 1 change detected: {(<Change.modified: 2>, '/workspace/app/backend/logs/app_20260527_161940.log')}
2026-05-27 16:47:54,055 - watchfiles.main - DEBUG - 1 change detected: {(<Change.modified: 2>, '/workspace/app/backend/logs/app_20260527_161940.log')}
2026-05-27 16:47:54,406 - watchfiles.main - DEBUG - 1 change detected: {(<Change.modified: 2>, '/workspace/app/backend/logs/app_20260527_161940.log')}
2026-05-27 16:47:54,757 - watchfiles.main - DEBUG - 1 change detected: {(<Change.modified: 2>, '/workspace/app/backend/logs/app_20260527_161940.log')}
2026-05-27 16:47:55,107 - watchfiles.main - DEBUG - 1 change detected: {(<Change.modified: 2>, '/workspace/app/backend/logs/app_20260527_161940.log')}
2026-05-27 16:47:55,459 - watchfiles.main - DEBUG - 1 change detected: {(<Change.modified: 2>, '/workspace/app/backend/logs/app_20260527_161940.log')}
2026-05-27 16:47:55,809 - watchfiles.main - DEBUG - 1 change detected: {(<Change.modified: 2>, '/workspace/app/backend/logs/app_20260527_161940.log')}
2026-05-27 16:47:56,160 - watchfiles.main - DEBUG - 1 change detected: {(<Change.modified: 2>, '/workspace/app/backend/logs/app_20260527_161940.log')}
2026-05-27 16:47:56,511 - watchfiles.main - DEBUG - 1 change detected: {(<Change.modified: 2>, '/workspace/app/backend/logs/app_20260527_161940.log')}
2026-05-27 16:47:56,862 - watchfiles.main - DEBUG - 1 change detected: {(<Change.modified: 2>, '/workspace/app/backend/logs/app_20260527_161940.log')}
2026-05-27 16:47:57,213 - watchfiles.main - DEBUG - 1 change detected: {(<Change.modified: 2>, '/workspace/app/backend/logs/app_20260527_161940.log')}
2026-05-27 16:47:57,564 - watchfiles.main - DEBUG - 1 change detected: {(<Change.modified: 2>, '/workspace/app/backend/logs/app_20260527_161940.log')}
2026-05-27 16:47:57,915 - watchfiles.main - DEBUG - 1 change detected: {(<Change.modified: 2>, '/workspace/app/backend/logs/app_20260527_161940.log')}
2026-05-27 16:47:58,265 - watchfiles.main - DEBUG - 1 change detected: {(<Change.modified: 2>, '/workspace/app/backend/logs/app_20260527_161940.log')}
2026-05-27 16:47:58,616 - watchfiles.main - DEBUG - 1 change detected: {(<Change.modified: 2>, '/workspace/app/backend/logs/app_20260527_161940.log')}
2026-05-27 16:47:58,967 - watchfiles.main - DEBUG - 1 change detected: {(<Change.modified: 2>, '/workspace/app/backend/logs/app_20260527_161940.log')}
2026-05-27 16:47:59,319 - watchfiles.main - DEBUG - 1 change detected: {(<Change.modified: 2>, '/workspace/app/backend/logs/app_20260527_161940.log')}
2026-05-27 16:47:59,670 - watchfiles.main - DEBUG - 1 change detected: {(<Change.modified: 2>, '/workspace/app/backend/logs/app_20260527_161940.log')}
2026-05-27 16:48:00,021 - watchfiles.main - DEBUG - 1 change detected: {(<Change.modified: 2>, '/workspace/app/backend/logs/app_20260527_161940.log')}
2026-05-27 16:48:00,371 - watchfiles.main - DEBUG - 1 change detected: {(<Change.modified: 2>, '/workspace/app/backend/logs/app_20260527_161940.log')}
2026-05-27 16:48:00,722 - watchfiles.main - DEBUG - 1 change detected: {(<Change.modified: 2>, '/workspace/app/backend/logs/app_20260527_161940.log')}
2026-05-27 16:48:01,073 - watchfiles.main - DEBUG - 1 change detected: {(<Change.modified: 2>, '/workspace/app/backend/logs/app_20260527_161940.log')}
2026-05-27 16:48:01,424 - watchfiles.main - DEBUG - 1 change detected: {(<Change.modified: 2>, '/workspace/app/backend/logs/app_20260527_161940.log')}
2026-05-27 16:48:01,775 - watchfiles.main - DEBUG - 1 change detected: {(<Change.modified: 2>, '/workspace/app/backend/logs/app_20260527_161940.log')}
2026-05-27 16:48:02,127 - watchfiles.main - DEBUG - 1 change detected: {(<Change.modified: 2>, '/workspace/app/backend/logs/app_20260527_161940.log')}
2026-05-27 16:48:02,477 - watchfiles.main - DEBUG - 1 change detected: {(<Change.modified: 2>, '/workspace/app/backend/logs/app_20260527_161940.log')}
2026-05-27 16:48:02,829 - watchfiles.main - DEBUG - 1 change detected: {(<Change.modified: 2>, '/workspace/app/backend/logs/app_20260527_161940.log')}
2026-05-27 16:48:03,180 - watchfiles.main - DEBUG - 1 change detected: {(<Change.modified: 2>, '/workspace/app/backend/logs/app_20260527_161940.log')}
2026-05-27 16:48:03,531 - watchfiles.main - DEBUG - 1 change detected: {(<Change.modified: 2>, '/workspace/app/backend/logs/app_20260527_161940.log')}
2026-05-27 16:48:03,882 - watchfiles.main - DEBUG - 1 change detected: {(<Change.modified: 2>, '/workspace/app/backend/logs/app_20260527_161940.log')}
2026-05-27 16:48:04,233 - watchfiles.main - DEBUG - 1 change detected: {(<Change.modified: 2>, '/workspace/app/backend/logs/app_20260527_161940.log')}
2026-05-27 16:48:04,584 - watchfiles.main - DEBUG - 1 change detected: {(<Change.modified: 2>, '/workspace/app/backend/logs/app_20260527_161940.log')}
2026-05-27 16:48:04,935 - watchfiles.main - DEBUG - 1 change detected: {(<Change.modified: 2>, '/workspace/app/backend/logs/app_20260527_161940.log')}
2026-05-27 16:48:05,286 - watchfiles.main - DEBUG - 1 change detected: {(<Change.modified: 2>, '/workspace/app/backend/logs/app_20260527_161940.log')}
2026-05-27 16:48:05,636 - watchfiles.main - DEBUG - 1 change detected: {(<Change.modified: 2>, '/workspace/app/backend/logs/app_20260527_161940.log')}
2026-05-27 16:48:05,987 - watchfiles.main - DEBUG - 1 change detected: {(<Change.modified: 2>, '/workspace/app/backend/logs/app_20260527_161940.log')}
2026-05-27 16:48:06,339 - watchfiles.main - DEBUG - 1 change detected: {(<Change.modified: 2>, '/workspace/app/backend/logs/app_20260527_161940.log')}
2026-05-27 16:48:06,690 - watchfiles.main - DEBUG - 1 change detected: {(<Change.modified: 2>, '/workspace/app/backend/logs/app_20260527_161940.log')}
2026-05-27 16:48:07,041 - watchfiles.main - DEBUG - 1 change detected: {(<Change.modified: 2>, '/workspace/app/backend/logs/app_20260527_161940.log')}
2026-05-27 16:48:07,391 - watchfiles.main - DEBUG - 1 change detected: {(<Change.modified: 2>, '/workspace/app/backend/logs/app_20260527_161940.log')}
2026-05-27 16:48:07,743 - watchfiles.main - DEBUG - 1 change detected: {(<Change.modified: 2>, '/workspace/app/backend/logs/app_20260527_161940.log')}
2026-05-27 16:48:08,094 - watchfiles.main - DEBUG - 1 change detected: {(<Change.modified: 2>, '/workspace/app/backend/logs/app_20260527_161940.log')}
2026-05-27 16:48:08,444 - watchfiles.main - DEBUG - 1 change detected: {(<Change.modified: 2>, '/workspace/app/backend/logs/app_20260527_161940.log')}
2026-05-27 16:48:08,795 - watchfiles.main - DEBUG - 1 change detected: {(<Change.modified: 2>, '/workspace/app/backend/logs/app_20260527_161940.log')}
2026-05-27 16:48:09,146 - watchfiles.main - DEBUG - 1 change detected: {(<Change.modified: 2>, '/workspace/app/backend/logs/app_20260527_161940.log')}
2026-05-27 16:48:09,497 - watchfiles.main - DEBUG - 1 change detected: {(<Change.modified: 2>, '/workspace/app/backend/logs/app_20260527_161940.log')}
2026-05-27 16:48:09,848 - watchfiles.main - DEBUG - 1 change detected: {(<Change.modified: 2>, '/workspace/app/backend/logs/app_20260527_161940.log')}
2026-05-27 16:48:10,199 - watchfiles.main - DEBUG - 1 change detected: {(<Change.modified: 2>, '/workspace/app/backend/logs/app_20260527_161940.log')}
2026-05-27 16:48:10,550 - watchfiles.main - DEBUG - 1 change detected: {(<Change.modified: 2>, '/workspace/app/backend/logs/app_20260527_161940.log')}
2026-05-27 16:48:10,901 - watchfiles.main - DEBUG - 1 change detected: {(<Change.modified: 2>, '/workspace/app/backend/logs/app_20260527_161940.log')}
2026-05-27 16:48:11,253 - watchfiles.main - DEBUG - 1 change detected: {(<Change.modified: 2>, '/workspace/app/backend/logs/app_20260527_161940.log')}
2026-05-27 16:48:11,604 - watchfiles.main - DEBUG - 1 change detected: {(<Change.modified: 2>, '/workspace/app/backend/logs/app_20260527_161940.log')}
2026-05-27 16:48:11,954 - watchfiles.main - DEBUG - 1 change detected: {(<Change.modified: 2>, '/workspace/app/backend/logs/app_20260527_161940.log')}
2026-05-27 16:48:12,306 - watchfiles.main - DEBUG - 1 change detected: {(<Change.modified: 2>, '/workspace/app/backend/logs/app_20260527_161940.log')}
2026-05-27 16:48:12,657 - watchfiles.main - DEBUG - 1 change detected: {(<Change.modified: 2>, '/workspace/app/backend/logs/app_20260527_161940.log')}
2026-05-27 16:48:13,008 - watchfiles.main - DEBUG - 1 change detected: {(<Change.modified: 2>, '/workspace/app/backend/logs/app_20260527_161940.log')}
2026-05-27 16:48:13,359 - watchfiles.main - DEBUG - 1 change detected: {(<Change.modified: 2>, '/workspace/app/backend/logs/app_20260527_161940.log')}
2026-05-27 16:48:13,710 - watchfiles.main - DEBUG - 1 change detected: {(<Change.modified: 2>, '/workspace/app/backend/logs/app_20260527_161940.log')}
2026-05-27 16:48:14,061 - watchfiles.main - DEBUG - 1 change detected: {(<Change.modified: 2>, '/workspace/app/backend/logs/app_20260527_161940.log')}
2026-05-27 16:48:14,412 - watchfiles.main - DEBUG - 1 change detected: {(<Change.modified: 2>, '/workspace/app/backend/logs/app_20260527_161940.log')}
2026-05-27 16:48:14,762 - watchfiles.main - DEBUG - 1 change detected: {(<Change.modified: 2>, '/workspace/app/backend/logs/app_20260527_161940.log')}
2026-05-27 16:48:15,114 - watchfiles.main - DEBUG - 1 change detected: {(<Change.modified: 2>, '/workspace/app/backend/logs/app_20260527_161940.log')}
2026-05-27 16:48:15,464 - watchfiles.main - DEBUG - 1 change detected: {(<Change.modified: 2>, '/workspace/app/backend/logs/app_20260527_161940.log')}
2026-05-27 16:48:15,816 - watchfiles.main - DEBUG - 1 change detected: {(<Change.modified: 2>, '/workspace/app/backend/logs/app_20260527_161940.log')}
2026-05-27 16:48:16,167 - watchfiles.main - DEBUG - 1 change detected: {(<Change.modified: 2>, '/workspace/app/backend/logs/app_20260527_161940.log')}
2026-05-27 16:48:16,518 - watchfiles.main - DEBUG - 1 change detected: {(<Change.modified: 2>, '/workspace/app/backend/logs/app_20260527_161940.log')}
2026-05-27 16:48:16,869 - watchfiles.main - DEBUG - 1 change detected: {(<Change.modified: 2>, '/workspace/app/backend/logs/app_20260527_161940.log')}
2026-05-27 16:48:17,220 - watchfiles.main - DEBUG - 1 change detected: {(<Change.modified: 2>, '/workspace/app/backend/logs/app_20260527_161940.log')}
2026-05-27 16:48:17,571 - watchfiles.main - DEBUG - 1 change detected: {(<Change.modified: 2>, '/workspace/app/backend/logs/app_20260527_161940.log')}
2026-05-27 16:48:17,922 - watchfiles.main - DEBUG - 1 change detected: {(<Change.modified: 2>, '/workspace/app/backend/logs/app_20260527_161940.log')}
2026-05-27 16:48:18,273 - watchfiles.main - DEBUG - 1 change detected: {(<Change.modified: 2>, '/workspace/app/backend/logs/app_20260527_161940.log')}
2026-05-27 16:48:18,624 - watchfiles.main - DEBUG - 1 change detected: {(<Change.modified: 2>, '/workspace/app/backend/logs/app_20260527_161940.log')}
2026-05-27 16:48:18,975 - watchfiles.main - DEBUG - 1 change detected: {(<Change.modified: 2>, '/workspace/app/backend/logs/app_20260527_161940.log')}
2026-05-27 16:48:19,326 - watchfiles.main - DEBUG - 1 change detected: {(<Change.modified: 2>, '/workspace/app/backend/logs/app_20260527_161940.log')}
2026-05-27 16:48:19,677 - watchfiles.main - DEBUG - 1 change detected: {(<Change.modified: 2>, '/workspace/app/backend/logs/app_20260527_161940.log')}
2026-05-27 16:48:20,028 - watchfiles.main - DEBUG - 1 change detected: {(<Change.modified: 2>, '/workspace/app/backend/logs/app_20260527_161940.log')}
2026-05-27 16:48:20,379 - watchfiles.main - DEBUG - 1 change detected: {(<Change.modified: 2>, '/workspace/app/backend/logs/app_20260527_161940.log')}
2026-05-27 16:48:20,730 - watchfiles.main - DEBUG - 1 change detected: {(<Change.modified: 2>, '/workspace/app/backend/logs/app_20260527_161940.log')}
2026-05-27 16:48:21,081 - watchfiles.main - DEBUG - 1 change detected: {(<Change.modified: 2>, '/workspace/app/backend/logs/app_20260527_161940.log')}
2026-05-27 16:48:21,432 - watchfiles.main - DEBUG - 1 change detected: {(<Change.modified: 2>, '/workspace/app/backend/logs/app_20260527_161940.log')}
2026-05-27 16:48:21,782 - watchfiles.main - DEBUG - 1 change detected: {(<Change.modified: 2>, '/workspace/app/backend/logs/app_20260527_161940.log')}
2026-05-27 16:48:22,134 - watchfiles.main - DEBUG - 1 change detected: {(<Change.modified: 2>, '/workspace/app/backend/logs/app_20260527_161940.log')}
2026-05-27 16:48:22,485 - watchfiles.main - DEBUG - 1 change detected: {(<Change.modified: 2>, '/workspace/app/backend/logs/app_20260527_161940.log')}
2026-05-27 16:48:22,836 - watchfiles.main - DEBUG - 1 change detected: {(<Change.modified: 2>, '/workspace/app/backend/logs/app_20260527_161940.log')}
2026-05-27 16:48:23,187 - watchfiles.main - DEBUG - 1 change detected: {(<Change.modified: 2>, '/workspace/app/backend/logs/app_20260527_161940.log')}
2026-05-27 16:48:23,538 - watchfiles.main - DEBUG - 1 change detected: {(<Change.modified: 2>, '/workspace/app/backend/logs/app_20260527_161940.log')}
2026-05-27 16:48:23,889 - watchfiles.main - DEBUG - 1 change detected: {(<Change.modified: 2>, '/workspace/app/backend/logs/app_20260527_161940.log')}
2026-05-27 16:48:24,239 - watchfiles.main - DEBUG - 1 change detected: {(<Change.modified: 2>, '/workspace/app/backend/logs/app_20260527_161940.log')}
2026-05-27 16:48:24,590 - watchfiles.main - DEBUG - 1 change detected: {(<Change.modified: 2>, '/workspace/app/backend/logs/app_20260527_161940.log')}
2026-05-27 16:48:24,942 - watchfiles.main - DEBUG - 1 change detected: {(<Change.modified: 2>, '/workspace/app/backend/logs/app_20260527_161940.log')}
2026-05-27 16:48:25,293 - watchfiles.main - DEBUG - 1 change detected: {(<Change.modified: 2>, '/workspace/app/backend/logs/app_20260527_161940.log')}
2026-05-27 16:48:25,644 - watchfiles.main - DEBUG - 1 change detected: {(<Change.modified: 2>, '/workspace/app/backend/logs/app_20260527_161940.log')}
2026-05-27 16:48:25,995 - watchfiles.main - DEBUG - 1 change detected: {(<Change.modified: 2>, '/workspace/app/backend/logs/app_20260527_161940.log')}
2026-05-27 16:48:26,345 - watchfiles.main - DEBUG - 1 change detected: {(<Change.modified: 2>, '/workspace/app/backend/logs/app_20260527_161940.log')}
2026-05-27 16:48:26,696 - watchfiles.main - DEBUG - 1 change detected: {(<Change.modified: 2>, '/workspace/app/backend/logs/app_20260527_161940.log')}
2026-05-27 16:48:27,047 - watchfiles.main - DEBUG - 1 change detected: {(<Change.modified: 2>, '/workspace/app/backend/logs/app_20260527_161940.log')}
2026-05-27 16:48:27,398 - watchfiles.main - DEBUG - 1 change detected: {(<Change.modified: 2>, '/workspace/app/backend/logs/app_20260527_161940.log')}
2026-05-27 16:48:27,750 - watchfiles.main - DEBUG - 1 change detected: {(<Change.modified: 2>, '/workspace/app/backend/logs/app_20260527_161940.log')}
2026-05-27 16:48:28,101 - watchfiles.main - DEBUG - 1 change detected: {(<Change.modified: 2>, '/workspace/app/backend/logs/app_20260527_161940.log')}
2026-05-27 16:48:28,452 - watchfiles.main - DEBUG - 1 change detected: {(<Change.modified: 2>, '/workspace/app/backend/logs/app_20260527_161940.log')}
2026-05-27 16:48:28,803 - watchfiles.main - DEBUG - 1 change detected: {(<Change.modified: 2>, '/workspace/app/backend/logs/app_20260527_161940.log')}
2026-05-27 16:48:29,154 - watchfiles.main - DEBUG - 1 change detected: {(<Change.modified: 2>, '/workspace/app/backend/logs/app_20260527_161940.log')}
2026-05-27 16:48:29,505 - watchfiles.main - DEBUG - 1 change detected: {(<Change.modified: 2>, '/workspace/app/backend/logs/app_20260527_161940.log')}
2026-05-27 16:48:29,856 - watchfiles.main - DEBUG - 1 change detected: {(<Change.modified: 2>, '/workspace/app/backend/logs/app_20260527_161940.log')}
2026-05-27 16:48:30,207 - watchfiles.main - DEBUG - 1 change detected: {(<Change.modified: 2>, '/workspace/app/backend/logs/app_20260527_161940.log')}
2026-05-27 16:48:30,557 - watchfiles.main - DEBUG - 1 change detected: {(<Change.modified: 2>, '/workspace/app/backend/logs/app_20260527_161940.log')}
2026-05-27 16:48:30,908 - watchfiles.main - DEBUG - 1 change detected: {(<Change.modified: 2>, '/workspace/app/backend/logs/app_20260527_161940.log')}
2026-05-27 16:48:31,259 - watchfiles.main - DEBUG - 1 change detected: {(<Change.modified: 2>, '/workspace/app/backend/logs/app_20260527_161940.log')}
2026-05-27 16:48:31,610 - watchfiles.main - DEBUG - 1 change detected: {(<Change.modified: 2>, '/workspace/app/backend/logs/app_20260527_161940.log')}
2026-05-27 16:48:31,961 - watchfiles.main - DEBUG - 1 change detected: {(<Change.modified: 2>, '/workspace/app/backend/logs/app_20260527_161940.log')}
2026-05-27 16:48:32,312 - watchfiles.main - DEBUG - 1 change detected: {(<Change.modified: 2>, '/workspace/app/backend/logs/app_20260527_161940.log')}
2026-05-27 16:48:32,663 - watchfiles.main - DEBUG - 1 change detected: {(<Change.modified: 2>, '/workspace/app/backend/logs/app_20260527_161940.log')}
2026-05-27 16:48:33,014 - watchfiles.main - DEBUG - 1 change detected: {(<Change.modified: 2>, '/workspace/app/backend/logs/app_20260527_161940.log')}
2026-05-27 16:48:33,365 - watchfiles.main - DEBUG - 1 change detected: {(<Change.modified: 2>, '/workspace/app/backend/logs/app_20260527_161940.log')}
2026-05-27 16:48:33,715 - watchfiles.main - DEBUG - 1 change detected: {(<Change.modified: 2>, '/workspace/app/backend/logs/app_20260527_161940.log')}
2026-05-27 16:48:34,067 - watchfiles.main - DEBUG - 1 change detected: {(<Change.modified: 2>, '/workspace/app/backend/logs/app_20260527_161940.log')}
2026-05-27 16:48:34,418 - watchfiles.main - DEBUG - 1 change detected: {(<Change.modified: 2>, '/workspace/app/backend/logs/app_20260527_161940.log')}
2026-05-27 16:48:34,768 - watchfiles.main - DEBUG - 1 change detected: {(<Change.modified: 2>, '/workspace/app/backend/logs/app_20260527_161940.log')}
2026-05-27 16:48:35,120 - watchfiles.main - DEBUG - 1 change detected: {(<Change.modified: 2>, '/workspace/app/backend/logs/app_20260527_161940.log')}
2026-05-27 16:48:35,471 - watchfiles.main - DEBUG - 1 change detected: {(<Change.modified: 2>, '/workspace/app/backend/logs/app_20260527_161940.log')}
2026-05-27 16:48:35,822 - watchfiles.main - DEBUG - 1 change detected: {(<Change.modified: 2>, '/workspace/app/backend/logs/app_20260527_161940.log')}
2026-05-27 16:48:36,173 - watchfiles.main - DEBUG - 1 change detected: {(<Change.modified: 2>, '/workspace/app/backend/logs/app_20260527_161940.log')}
2026-05-27 16:48:36,524 - watchfiles.main - DEBUG - 1 change detected: {(<Change.modified: 2>, '/workspace/app/backend/logs/app_20260527_161940.log')}
2026-05-27 16:48:36,874 - watchfiles.main - DEBUG - 1 change detected: {(<Change.modified: 2>, '/workspace/app/backend/logs/app_20260527_161940.log')}
2026-05-27 16:48:37,225 - watchfiles.main - DEBUG - 1 change detected: {(<Change.modified: 2>, '/workspace/app/backend/logs/app_20260527_161940.log')}
2026-05-27 16:48:37,576 - watchfiles.main - DEBUG - 1 change detected: {(<Change.modified: 2>, '/workspace/app/backend/logs/app_20260527_161940.log')}
2026-05-27 16:48:37,927 - watchfiles.main - DEBUG - 1 change detected: {(<Change.modified: 2>, '/workspace/app/backend/logs/app_20260527_161940.log')}
2026-05-27 16:48:38,278 - watchfiles.main - DEBUG - 1 change detected: {(<Change.modified: 2>, '/workspace/app/backend/logs/app_20260527_161940.log')}
2026-05-27 16:48:38,629 - watchfiles.main - DEBUG - 1 change detected: {(<Change.modified: 2>, '/workspace/app/backend/logs/app_20260527_161940.log')}
2026-05-27 16:48:38,980 - watchfiles.main - DEBUG - 1 change detected: {(<Change.modified: 2>, '/workspace/app/backend/logs/app_20260527_161940.log')}
2026-05-27 16:48:39,331 - watchfiles.main - DEBUG - 1 change detected: {(<Change.modified: 2>, '/workspace/app/backend/logs/app_20260527_161940.log')}
2026-05-27 16:48:39,682 - watchfiles.main - DEBUG - 1 change detected: {(<Change.modified: 2>, '/workspace/app/backend/logs/app_20260527_161940.log')}
2026-05-27 16:48:40,033 - watchfiles.main - DEBUG - 1 change detected: {(<Change.modified: 2>, '/workspace/app/backend/logs/app_20260527_161940.log')}
2026-05-27 16:48:40,384 - watchfiles.main - DEBUG - 1 change detected: {(<Change.modified: 2>, '/workspace/app/backend/logs/app_20260527_161940.log')}
2026-05-27 16:48:40,735 - watchfiles.main - DEBUG - 1 change detected: {(<Change.modified: 2>, '/workspace/app/backend/logs/app_20260527_161940.log')}
2026-05-27 16:48:41,086 - watchfiles.main - DEBUG - 1 change detected: {(<Change.modified: 2>, '/workspace/app/backend/logs/app_20260527_161940.log')}
2026-05-27 16:48:41,437 - watchfiles.main - DEBUG - 1 change detected: {(<Change.modified: 2>, '/workspace/app/backend/logs/app_20260527_161940.log')}
2026-05-27 16:48:41,789 - watchfiles.main - DEBUG - 1 change detected: {(<Change.modified: 2>, '/workspace/app/backend/logs/app_20260527_161940.log')}
2026-05-27 16:48:42,140 - watchfiles.main - DEBUG - 1 change detected: {(<Change.modified: 2>, '/workspace/app/backend/logs/app_20260527_161940.log')}
2026-05-27 16:48:42,491 - watchfiles.main - DEBUG - 1 change detected: {(<Change.modified: 2>, '/workspace/app/backend/logs/app_20260527_161940.log')}
2026-05-27 16:48:42,842 - watchfiles.main - DEBUG - 1 change detected: {(<Change.modified: 2>, '/workspace/app/backend/logs/app_20260527_161940.log')}
2026-05-27 16:48:43,193 - watchfiles.main - DEBUG - 1 change detected: {(<Change.modified: 2>, '/workspace/app/backend/logs/app_20260527_161940.log')}
2026-05-27 16:48:43,545 - watchfiles.main - DEBUG - 1 change detected: {(<Change.modified: 2>, '/workspace/app/backend/logs/app_20260527_161940.log')}
2026-05-27 16:48:43,896 - watchfiles.main - DEBUG - 1 change detected: {(<Change.modified: 2>, '/workspace/app/backend/logs/app_20260527_161940.log')}
2026-05-27 16:48:44,247 - watchfiles.main - DEBUG - 1 change detected: {(<Change.modified: 2>, '/workspace/app/backend/logs/app_20260527_161940.log')}
2026-05-27 16:48:44,598 - watchfiles.main - DEBUG - 1 change detected: {(<Change.modified: 2>, '/workspace/app/backend/logs/app_20260527_161940.log')}
2026-05-27 16:48:44,948 - watchfiles.main - DEBUG - 1 change detected: {(<Change.modified: 2>, '/workspace/app/backend/logs/app_20260527_161940.log')}
2026-05-27 16:48:45,299 - watchfiles.main - DEBUG - 1 change detected: {(<Change.modified: 2>, '/workspace/app/backend/logs/app_20260527_161940.log')}
2026-05-27 16:48:45,650 - watchfiles.main - DEBUG - 1 change detected: {(<Change.modified: 2>, '/workspace/app/backend/logs/app_20260527_161940.log')}
2026-05-27 16:48:46,001 - watchfiles.main - DEBUG - 1 change detected: {(<Change.modified: 2>, '/workspace/app/backend/logs/app_20260527_161940.log')}
2026-05-27 16:48:46,352 - watchfiles.main - DEBUG - 1 change detected: {(<Change.modified: 2>, '/workspace/app/backend/logs/app_20260527_161940.log')}
2026-05-27 16:48:46,703 - watchfiles.main - DEBUG - 1 change detected: {(<Change.modified: 2>, '/workspace/app/backend/logs/app_20260527_161940.log')}
2026-05-27 16:48:47,054 - watchfiles.main - DEBUG - 1 change detected: {(<Change.modified: 2>, '/workspace/app/backend/logs/app_20260527_161940.log')}
2026-05-27 16:48:47,405 - watchfiles.main - DEBUG - 1 change detected: {(<Change.modified: 2>, '/workspace/app/backend/logs/app_20260527_161940.log')}
2026-05-27 16:48:47,757 - watchfiles.main - DEBUG - 1 change detected: {(<Change.modified: 2>, '/workspace/app/backend/logs/app_20260527_161940.log')}
2026-05-27 16:48:48,108 - watchfiles.main - DEBUG - 1 change detected: {(<Change.modified: 2>, '/workspace/app/backend/logs/app_20260527_161940.log')}
2026-05-27 16:48:48,458 - watchfiles.main - DEBUG - 1 change detected: {(<Change.modified: 2>, '/workspace/app/backend/logs/app_20260527_161940.log')}
2026-05-27 16:48:48,809 - watchfiles.main - DEBUG - 1 change detected: {(<Change.modified: 2>, '/workspace/app/backend/logs/app_20260527_161940.log')}
2026-05-27 16:48:49,160 - watchfiles.main - DEBUG - 1 change detected: {(<Change.modified: 2>, '/workspace/app/backend/logs/app_20260527_161940.log')}
2026-05-27 16:48:49,511 - watchfiles.main - DEBUG - 1 change detected: {(<Change.modified: 2>, '/workspace/app/backend/logs/app_20260527_161940.log')}
2026-05-27 16:48:49,862 - watchfiles.main - DEBUG - 1 change detected: {(<Change.modified: 2>, '/workspace/app/backend/logs/app_20260527_161940.log')}
2026-05-27 16:48:50,213 - watchfiles.main - DEBUG - 1 change detected: {(<Change.modified: 2>, '/workspace/app/backend/logs/app_20260527_161940.log')}
2026-05-27 16:48:50,565 - watchfiles.main - DEBUG - 1 change detected: {(<Change.modified: 2>, '/workspace/app/backend/logs/app_20260527_161940.log')}
2026-05-27 16:48:50,916 - watchfiles.main - DEBUG - 1 change detected: {(<Change.modified: 2>, '/workspace/app/backend/logs/app_20260527_161940.log')}
2026-05-27 16:48:51,267 - watchfiles.main - DEBUG - 1 change detected: {(<Change.modified: 2>, '/workspace/app/backend/logs/app_20260527_161940.log')}
2026-05-27 16:48:51,618 - watchfiles.main - DEBUG - 1 change detected: {(<Change.modified: 2>, '/workspace/app/backend/logs/app_20260527_161940.log')}
2026-05-27 16:48:51,969 - watchfiles.main - DEBUG - 1 change detected: {(<Change.modified: 2>, '/workspace/app/backend/logs/app_20260527_161940.log')}
2026-05-27 16:48:52,320 - watchfiles.main - DEBUG - 1 change detected: {(<Change.modified: 2>, '/workspace/app/backend/logs/app_20260527_161940.log')}
2026-05-27 16:48:52,671 - watchfiles.main - DEBUG - 1 change detected: {(<Change.modified: 2>, '/workspace/app/backend/logs/app_20260527_161940.log')}
2026-05-27 16:48:53,022 - watchfiles.main - DEBUG - 1 change detected: {(<Change.modified: 2>, '/workspace/app/backend/logs/app_20260527_161940.log')}
2026-05-27 16:48:53,373 - watchfiles.main - DEBUG - 1 change detected: {(<Change.modified: 2>, '/workspace/app/backend/logs/app_20260527_161940.log')}
2026-05-27 16:48:53,724 - watchfiles.main - DEBUG - 1 change detected: {(<Change.modified: 2>, '/workspace/app/backend/logs/app_20260527_161940.log')}
2026-05-27 16:48:54,075 - watchfiles.main - DEBUG - 1 change detected: {(<Change.modified: 2>, '/workspace/app/backend/logs/app_20260527_161940.log')}
2026-05-27 16:48:54,426 - watchfiles.main - DEBUG - 1 change detected: {(<Change.modified: 2>, '/workspace/app/backend/logs/app_20260527_161940.log')}
2026-05-27 16:48:54,777 - watchfiles.main - DEBUG - 1 change detected: {(<Change.modified: 2>, '/workspace/app/backend/logs/app_20260527_161940.log')}
2026-05-27 16:48:55,128 - watchfiles.main - DEBUG - 1 change detected: {(<Change.modified: 2>, '/workspace/app/backend/logs/app_20260527_161940.log')}
2026-05-27 16:48:55,479 - watchfiles.main - DEBUG - 1 change detected: {(<Change.modified: 2>, '/workspace/app/backend/logs/app_20260527_161940.log')}
2026-05-27 16:48:55,830 - watchfiles.main - DEBUG - 1 change detected: {(<Change.modified: 2>, '/workspace/app/backend/logs/app_20260527_161940.log')}
2026-05-27 16:48:56,180 - watchfiles.main - DEBUG - 1 change detected: {(<Change.modified: 2>, '/workspace/app/backend/logs/app_20260527_161940.log')}
2026-05-27 16:48:56,531 - watchfiles.main - DEBUG - 1 change detected: {(<Change.modified: 2>, '/workspace/app/backend/logs/app_20260527_161940.log')}
2026-05-27 16:48:56,883 - watchfiles.main - DEBUG - 1 change detected: {(<Change.modified: 2>, '/workspace/app/backend/logs/app_20260527_161940.log')}
2026-05-27 16:48:57,233 - watchfiles.main - DEBUG - 1 change detected: {(<Change.modified: 2>, '/workspace/app/backend/logs/app_20260527_161940.log')}
2026-05-27 16:48:57,584 - watchfiles.main - DEBUG - 1 change detected: {(<Change.modified: 2>, '/workspace/app/backend/logs/app_20260527_161940.log')}
2026-05-27 16:48:57,935 - watchfiles.main - DEBUG - 1 change detected: {(<Change.modified: 2>, '/workspace/app/backend/logs/app_20260527_161940.log')}
2026-05-27 16:48:58,286 - watchfiles.main - DEBUG - 1 change detected: {(<Change.modified: 2>, '/workspace/app/backend/logs/app_20260527_161940.log')}
2026-05-27 16:48:58,637 - watchfiles.main - DEBUG - 1 change detected: {(<Change.modified: 2>, '/workspace/app/backend/logs/app_20260527_161940.log')}
2026-05-27 16:48:58,988 - watchfiles.main - DEBUG - 1 change detected: {(<Change.modified: 2>, '/workspace/app/backend/logs/app_20260527_161940.log')}
2026-05-27 16:48:59,339 - watchfiles.main - DEBUG - 1 change detected: {(<Change.modified: 2>, '/workspace/app/backend/logs/app_20260527_161940.log')}
2026-05-27 16:48:59,690 - watchfiles.main - DEBUG - 1 change detected: {(<Change.modified: 2>, '/workspace/app/backend/logs/app_20260527_161940.log')}
2026-05-27 16:49:00,041 - watchfiles.main - DEBUG - 1 change detected: {(<Change.modified: 2>, '/workspace/app/backend/logs/app_20260527_161940.log')}
2026-05-27 16:49:00,392 - watchfiles.main - DEBUG - 1 change detected: {(<Change.modified: 2>, '/workspace/app/backend/logs/app_20260527_161940.log')}
2026-05-27 16:49:00,743 - watchfiles.main - DEBUG - 1 change detected: {(<Change.modified: 2>, '/workspace/app/backend/logs/app_20260527_161940.log')}
2026-05-27 16:49:01,094 - watchfiles.main - DEBUG - 1 change detected: {(<Change.modified: 2>, '/workspace/app/backend/logs/app_20260527_161940.log')}
2026-05-27 16:49:01,445 - watchfiles.main - DEBUG - 1 change detected: {(<Change.modified: 2>, '/workspace/app/backend/logs/app_20260527_161940.log')}
2026-05-27 16:49:01,796 - watchfiles.main - DEBUG - 1 change detected: {(<Change.modified: 2>, '/workspace/app/backend/logs/app_20260527_161940.log')}
2026-05-27 16:49:02,147 - watchfiles.main - DEBUG - 1 change detected: {(<Change.modified: 2>, '/workspace/app/backend/logs/app_20260527_161940.log')}
2026-05-27 16:49:02,498 - watchfiles.main - DEBUG - 1 change detected: {(<Change.modified: 2>, '/workspace/app/backend/logs/app_20260527_161940.log')}
2026-05-27 16:49:02,849 - watchfiles.main - DEBUG - 1 change detected: {(<Change.modified: 2>, '/workspace/app/backend/logs/app_20260527_161940.log')}
2026-05-27 16:49:03,200 - watchfiles.main - DEBUG - 1 change detected: {(<Change.modified: 2>, '/workspace/app/backend/logs/app_20260527_161940.log')}
2026-05-27 16:49:03,551 - watchfiles.main - DEBUG - 1 change detected: {(<Change.modified: 2>, '/workspace/app/backend/logs/app_20260527_161940.log')}
2026-05-27 16:49:03,902 - watchfiles.main - DEBUG - 1 change detected: {(<Change.modified: 2>, '/workspace/app/backend/logs/app_20260527_161940.log')}
2026-05-27 16:49:04,253 - watchfiles.main - DEBUG - 1 change detected: {(<Change.modified: 2>, '/workspace/app/backend/logs/app_20260527_161940.log')}
2026-05-27 16:49:04,604 - watchfiles.main - DEBUG - 1 change detected: {(<Change.modified: 2>, '/workspace/app/backend/logs/app_20260527_161940.log')}
2026-05-27 16:49:04,955 - watchfiles.main - DEBUG - 1 change detected: {(<Change.modified: 2>, '/workspace/app/backend/logs/app_20260527_161940.log')}
2026-05-27 16:49:05,306 - watchfiles.main - DEBUG - 1 change detected: {(<Change.modified: 2>, '/workspace/app/backend/logs/app_20260527_161940.log')}
2026-05-27 16:49:05,657 - watchfiles.main - DEBUG - 1 change detected: {(<Change.modified: 2>, '/workspace/app/backend/logs/app_20260527_161940.log')}
2026-05-27 16:49:06,008 - watchfiles.main - DEBUG - 1 change detected: {(<Change.modified: 2>, '/workspace/app/backend/logs/app_20260527_161940.log')}
2026-05-27 16:49:06,359 - watchfiles.main - DEBUG - 1 change detected: {(<Change.modified: 2>, '/workspace/app/backend/logs/app_20260527_161940.log')}
2026-05-27 16:49:06,709 - watchfiles.main - DEBUG - 1 change detected: {(<Change.modified: 2>, '/workspace/app/backend/logs/app_20260527_161940.log')}
2026-05-27 16:49:07,060 - watchfiles.main - DEBUG - 1 change detected: {(<Change.modified: 2>, '/workspace/app/backend/logs/app_20260527_161940.log')}
2026-05-27 16:49:07,411 - watchfiles.main - DEBUG - 1 change detected: {(<Change.modified: 2>, '/workspace/app/backend/logs/app_20260527_161940.log')}
2026-05-27 16:49:07,762 - watchfiles.main - DEBUG - 1 change detected: {(<Change.modified: 2>, '/workspace/app/backend/logs/app_20260527_161940.log')}
2026-05-27 16:49:08,113 - watchfiles.main - DEBUG - 1 change detected: {(<Change.modified: 2>, '/workspace/app/backend/logs/app_20260527_161940.log')}
2026-05-27 16:49:08,464 - watchfiles.main - DEBUG - 1 change detected: {(<Change.modified: 2>, '/workspace/app/backend/logs/app_20260527_161940.log')}
2026-05-27 16:49:08,815 - watchfiles.main - DEBUG - 1 change detected: {(<Change.modified: 2>, '/workspace/app/backend/logs/app_20260527_161940.log')}
2026-05-27 16:49:09,166 - watchfiles.main - DEBUG - 1 change detected: {(<Change.modified: 2>, '/workspace/app/backend/logs/app_20260527_161940.log')}
2026-05-27 16:49:09,517 - watchfiles.main - DEBUG - 1 change detected: {(<Change.modified: 2>, '/workspace/app/backend/logs/app_20260527_161940.log')}
2026-05-27 16:49:09,868 - watchfiles.main - DEBUG - 1 change detected: {(<Change.modified: 2>, '/workspace/app/backend/logs/app_20260527_161940.log')}
2026-05-27 16:49:10,219 - watchfiles.main - DEBUG - 1 change detected: {(<Change.modified: 2>, '/workspace/app/backend/logs/app_20260527_161940.log')}
2026-05-27 16:49:10,570 - watchfiles.main - DEBUG - 1 change detected: {(<Change.modified: 2>, '/workspace/app/backend/logs/app_20260527_161940.log')}
2026-05-27 16:49:10,921 - watchfiles.main - DEBUG - 1 change detected: {(<Change.modified: 2>, '/workspace/app/backend/logs/app_20260527_161940.log')}
2026-05-27 16:49:11,272 - watchfiles.main - DEBUG - 1 change detected: {(<Change.modified: 2>, '/workspace/app/backend/logs/app_20260527_161940.log')}
2026-05-27 16:49:11,623 - watchfiles.main - DEBUG - 1 change detected: {(<Change.modified: 2>, '/workspace/app/backend/logs/app_20260527_161940.log')}
2026-05-27 16:49:11,974 - watchfiles.main - DEBUG - 1 change detected: {(<Change.modified: 2>, '/workspace/app/backend/logs/app_20260527_161940.log')}
2026-05-27 16:49:12,325 - watchfiles.main - DEBUG - 1 change detected: {(<Change.modified: 2>, '/workspace/app/backend/logs/app_20260527_161940.log')}
2026-05-27 16:49:12,676 - watchfiles.main - DEBUG - 1 change detected: {(<Change.modified: 2>, '/workspace/app/backend/logs/app_20260527_161940.log')}
2026-05-27 16:49:13,027 - watchfiles.main - DEBUG - 1 change detected: {(<Change.modified: 2>, '/workspace/app/backend/logs/app_20260527_161940.log')}
2026-05-27 16:49:13,378 - watchfiles.main - DEBUG - 1 change detected: {(<Change.modified: 2>, '/workspace/app/backend/logs/app_20260527_161940.log')}
2026-05-27 16:49:13,729 - watchfiles.main - DEBUG - 1 change detected: {(<Change.modified: 2>, '/workspace/app/backend/logs/app_20260527_161940.log')}
2026-05-27 16:49:14,080 - watchfiles.main - DEBUG - 1 change detected: {(<Change.modified: 2>, '/workspace/app/backend/logs/app_20260527_161940.log')}
2026-05-27 16:49:14,431 - watchfiles.main - DEBUG - 1 change detected: {(<Change.modified: 2>, '/workspace/app/backend/logs/app_20260527_161940.log')}
2026-05-27 16:49:14,782 - watchfiles.main - DEBUG - 1 change detected: {(<Change.modified: 2>, '/workspace/app/backend/logs/app_20260527_161940.log')}
2026-05-27 16:49:15,133 - watchfiles.main - DEBUG - 1 change detected: {(<Change.modified: 2>, '/workspace/app/backend/logs/app_20260527_161940.log')}
2026-05-27 16:49:15,484 - watchfiles.main - DEBUG - 1 change detected: {(<Change.modified: 2>, '/workspace/app/backend/logs/app_20260527_161940.log')}
2026-05-27 16:49:15,835 - watchfiles.main - DEBUG - 1 change detected: {(<Change.modified: 2>, '/workspace/app/backend/logs/app_20260527_161940.log')}
2026-05-27 16:49:16,186 - watchfiles.main - DEBUG - 1 change detected: {(<Change.modified: 2>, '/workspace/app/backend/logs/app_20260527_161940.log')}
2026-05-27 16:49:16,537 - watchfiles.main - DEBUG - 1 change detected: {(<Change.modified: 2>, '/workspace/app/backend/logs/app_20260527_161940.log')}
2026-05-27 16:49:16,888 - watchfiles.main - DEBUG - 1 change detected: {(<Change.modified: 2>, '/workspace/app/backend/logs/app_20260527_161940.log')}
2026-05-27 16:49:17,239 - watchfiles.main - DEBUG - 1 change detected: {(<Change.modified: 2>, '/workspace/app/backend/logs/app_20260527_161940.log')}
2026-05-27 16:49:17,590 - watchfiles.main - DEBUG - 1 change detected: {(<Change.modified: 2>, '/workspace/app/backend/logs/app_20260527_161940.log')}
2026-05-27 16:49:17,941 - watchfiles.main - DEBUG - 1 change detected: {(<Change.modified: 2>, '/workspace/app/backend/logs/app_20260527_161940.log')}
2026-05-27 16:49:18,292 - watchfiles.main - DEBUG - 1 change detected: {(<Change.modified: 2>, '/workspace/app/backend/logs/app_20260527_161940.log')}
2026-05-27 16:49:18,643 - watchfiles.main - DEBUG - 1 change detected: {(<Change.modified: 2>, '/workspace/app/backend/logs/app_20260527_161940.log')}
2026-05-27 16:49:18,994 - watchfiles.main - DEBUG - 1 change detected: {(<Change.modified: 2>, '/workspace/app/backend/logs/app_20260527_161940.log')}
2026-05-27 16:49:19,345 - watchfiles.main - DEBUG - 1 change detected: {(<Change.modified: 2>, '/workspace/app/backend/logs/app_20260527_161940.log')}
2026-05-27 16:49:19,695 - watchfiles.main - DEBUG - 1 change detected: {(<Change.modified: 2>, '/workspace/app/backend/logs/app_20260527_161940.log')}
2026-05-27 16:49:20,046 - watchfiles.main - DEBUG - 1 change detected: {(<Change.modified: 2>, '/workspace/app/backend/logs/app_20260527_161940.log')}
2026-05-27 16:49:20,397 - watchfiles.main - DEBUG - 1 change detected: {(<Change.modified: 2>, '/workspace/app/backend/logs/app_20260527_161940.log')}
2026-05-27 16:49:20,748 - watchfiles.main - DEBUG - 1 change detected: {(<Change.modified: 2>, '/workspace/app/backend/logs/app_20260527_161940.log')}
2026-05-27 16:49:21,099 - watchfiles.main - DEBUG - 1 change detected: {(<Change.modified: 2>, '/workspace/app/backend/logs/app_20260527_161940.log')}
2026-05-27 16:49:21,450 - watchfiles.main - DEBUG - 1 change detected: {(<Change.modified: 2>, '/workspace/app/backend/logs/app_20260527_161940.log')}
2026-05-27 16:49:21,801 - watchfiles.main - DEBUG - 1 change detected: {(<Change.modified: 2>, '/workspace/app/backend/logs/app_20260527_161940.log')}
2026-05-27 16:49:22,152 - watchfiles.main - DEBUG - 1 change detected: {(<Change.modified: 2>, '/workspace/app/backend/logs/app_20260527_161940.log')}
2026-05-27 16:49:22,503 - watchfiles.main - DEBUG - 1 change detected: {(<Change.modified: 2>, '/workspace/app/backend/logs/app_20260527_161940.log')}
2026-05-27 16:49:22,854 - watchfiles.main - DEBUG - 1 change detected: {(<Change.modified: 2>, '/workspace/app/backend/logs/app_20260527_161940.log')}
2026-05-27 16:49:23,205 - watchfiles.main - DEBUG - 1 change detected: {(<Change.modified: 2>, '/workspace/app/backend/logs/app_20260527_161940.log')}
2026-05-27 16:49:23,556 - watchfiles.main - DEBUG - 1 change detected: {(<Change.modified: 2>, '/workspace/app/backend/logs/app_20260527_161940.log')}
2026-05-27 16:49:23,907 - watchfiles.main - DEBUG - 1 change detected: {(<Change.modified: 2>, '/workspace/app/backend/logs/app_20260527_161940.log')}
2026-05-27 16:49:24,258 - watchfiles.main - DEBUG - 1 change detected: {(<Change.modified: 2>, '/workspace/app/backend/logs/app_20260527_161940.log')}
2026-05-27 16:49:24,609 - watchfiles.main - DEBUG - 1 change detected: {(<Change.modified: 2>, '/workspace/app/backend/logs/app_20260527_161940.log')}
2026-05-27 16:49:24,960 - watchfiles.main - DEBUG - 1 change detected: {(<Change.modified: 2>, '/workspace/app/backend/logs/app_20260527_161940.log')}
2026-05-27 16:49:25,312 - watchfiles.main - DEBUG - 1 change detected: {(<Change.modified: 2>, '/workspace/app/backend/logs/app_20260527_161940.log')}
2026-05-27 16:49:25,663 - watchfiles.main - DEBUG - 1 change detected: {(<Change.modified: 2>, '/workspace/app/backend/logs/app_20260527_161940.log')}
2026-05-27 16:49:26,013 - watchfiles.main - DEBUG - 1 change detected: {(<Change.modified: 2>, '/workspace/app/backend/logs/app_20260527_161940.log')}
2026-05-27 16:49:26,364 - watchfiles.main - DEBUG - 1 change detected: {(<Change.modified: 2>, '/workspace/app/backend/logs/app_20260527_161940.log')}
2026-05-27 16:49:26,715 - watchfiles.main - DEBUG - 1 change detected: {(<Change.modified: 2>, '/workspace/app/backend/logs/app_20260527_161940.log')}
2026-05-27 16:49:27,067 - watchfiles.main - DEBUG - 1 change detected: {(<Change.modified: 2>, '/workspace/app/backend/logs/app_20260527_161940.log')}
2026-05-27 16:49:27,418 - watchfiles.main - DEBUG - 1 change detected: {(<Change.modified: 2>, '/workspace/app/backend/logs/app_20260527_161940.log')}
2026-05-27 16:49:27,769 - watchfiles.main - DEBUG - 1 change detected: {(<Change.modified: 2>, '/workspace/app/backend/logs/app_20260527_161940.log')}
2026-05-27 16:49:28,120 - watchfiles.main - DEBUG - 1 change detected: {(<Change.modified: 2>, '/workspace/app/backend/logs/app_20260527_161940.log')}
2026-05-27 16:49:28,471 - watchfiles.main - DEBUG - 1 change detected: {(<Change.modified: 2>, '/workspace/app/backend/logs/app_20260527_161940.log')}
2026-05-27 16:49:28,821 - watchfiles.main - DEBUG - 1 change detected: {(<Change.modified: 2>, '/workspace/app/backend/logs/app_20260527_161940.log')}
2026-05-27 16:49:29,172 - watchfiles.main - DEBUG - 1 change detected: {(<Change.modified: 2>, '/workspace/app/backend/logs/app_20260527_161940.log')}
2026-05-27 16:49:29,524 - watchfiles.main - DEBUG - 1 change detected: {(<Change.modified: 2>, '/workspace/app/backend/logs/app_20260527_161940.log')}
2026-05-27 16:49:29,875 - watchfiles.main - DEBUG - 1 change detected: {(<Change.modified: 2>, '/workspace/app/backend/logs/app_20260527_161940.log')}
2026-05-27 16:49:30,226 - watchfiles.main - DEBUG - 1 change detected: {(<Change.modified: 2>, '/workspace/app/backend/logs/app_20260527_161940.log')}
2026-05-27 16:49:30,577 - watchfiles.main - DEBUG - 1 change detected: {(<Change.modified: 2>, '/workspace/app/backend/logs/app_20260527_161940.log')}
2026-05-27 16:49:30,928 - watchfiles.main - DEBUG - 1 change detected: {(<Change.modified: 2>, '/workspace/app/backend/logs/app_20260527_161940.log')}
2026-05-27 16:49:31,279 - watchfiles.main - DEBUG - 1 change detected: {(<Change.modified: 2>, '/workspace/app/backend/logs/app_20260527_161940.log')}
2026-05-27 16:49:31,631 - watchfiles.main - DEBUG - 1 change detected: {(<Change.modified: 2>, '/workspace/app/backend/logs/app_20260527_161940.log')}
2026-05-27 16:49:31,982 - watchfiles.main - DEBUG - 1 change detected: {(<Change.modified: 2>, '/workspace/app/backend/logs/app_20260527_161940.log')}
2026-05-27 16:49:32,333 - watchfiles.main - DEBUG - 1 change detected: {(<Change.modified: 2>, '/workspace/app/backend/logs/app_20260527_161940.log')}
2026-05-27 16:49:32,684 - watchfiles.main - DEBUG - 1 change detected: {(<Change.modified: 2>, '/workspace/app/backend/logs/app_20260527_161940.log')}
2026-05-27 16:49:33,035 - watchfiles.main - DEBUG - 1 change detected: {(<Change.modified: 2>, '/workspace/app/backend/logs/app_20260527_161940.log')}
2026-05-27 16:49:33,386 - watchfiles.main - DEBUG - 1 change detected: {(<Change.modified: 2>, '/workspace/app/backend/logs/app_20260527_161940.log')}
2026-05-27 16:49:33,737 - watchfiles.main - DEBUG - 1 change detected: {(<Change.modified: 2>, '/workspace/app/backend/logs/app_20260527_161940.log')}
2026-05-27 16:49:34,088 - watchfiles.main - DEBUG - 1 change detected: {(<Change.modified: 2>, '/workspace/app/backend/logs/app_20260527_161940.log')}
2026-05-27 16:49:34,439 - watchfiles.main - DEBUG - 1 change detected: {(<Change.modified: 2>, '/workspace/app/backend/logs/app_20260527_161940.log')}
2026-05-27 16:49:34,790 - watchfiles.main - DEBUG - 1 change detected: {(<Change.modified: 2>, '/workspace/app/backend/logs/app_20260527_161940.log')}
2026-05-27 16:49:35,141 - watchfiles.main - DEBUG - 1 change detected: {(<Change.modified: 2>, '/workspace/app/backend/logs/app_20260527_161940.log')}
2026-05-27 16:49:35,492 - watchfiles.main - DEBUG - 1 change detected: {(<Change.modified: 2>, '/workspace/app/backend/logs/app_20260527_161940.log')}
2026-05-27 16:49:35,843 - watchfiles.main - DEBUG - 1 change detected: {(<Change.modified: 2>, '/workspace/app/backend/logs/app_20260527_161940.log')}
2026-05-27 16:49:36,194 - watchfiles.main - DEBUG - 1 change detected: {(<Change.modified: 2>, '/workspace/app/backend/logs/app_20260527_161940.log')}
2026-05-27 16:49:36,545 - watchfiles.main - DEBUG - 1 change detected: {(<Change.modified: 2>, '/workspace/app/backend/logs/app_20260527_161940.log')}
2026-05-27 16:49:36,896 - watchfiles.main - DEBUG - 1 change detected: {(<Change.modified: 2>, '/workspace/app/backend/logs/app_20260527_161940.log')}
2026-05-27 16:49:37,247 - watchfiles.main - DEBUG - 1 change detected: {(<Change.modified: 2>, '/workspace/app/backend/logs/app_20260527_161940.log')}
2026-05-27 16:49:37,598 - watchfiles.main - DEBUG - 1 change detected: {(<Change.modified: 2>, '/workspace/app/backend/logs/app_20260527_161940.log')}
2026-05-27 16:49:37,949 - watchfiles.main - DEBUG - 1 change detected: {(<Change.modified: 2>, '/workspace/app/backend/logs/app_20260527_161940.log')}
2026-05-27 16:49:38,300 - watchfiles.main - DEBUG - 1 change detected: {(<Change.modified: 2>, '/workspace/app/backend/logs/app_20260527_161940.log')}
2026-05-27 16:49:38,652 - watchfiles.main - DEBUG - 1 change detected: {(<Change.modified: 2>, '/workspace/app/backend/logs/app_20260527_161940.log')}
2026-05-27 16:49:39,002 - watchfiles.main - DEBUG - 1 change detected: {(<Change.modified: 2>, '/workspace/app/backend/logs/app_20260527_161940.log')}
2026-05-27 16:49:39,353 - watchfiles.main - DEBUG - 1 change detected: {(<Change.modified: 2>, '/workspace/app/backend/logs/app_20260527_161940.log')}
2026-05-27 16:49:39,704 - watchfiles.main - DEBUG - 1 change detected: {(<Change.modified: 2>, '/workspace/app/backend/logs/app_20260527_161940.log')}
2026-05-27 16:49:40,055 - watchfiles.main - DEBUG - 1 change detected: {(<Change.modified: 2>, '/workspace/app/backend/logs/app_20260527_161940.log')}
2026-05-27 16:49:40,406 - watchfiles.main - DEBUG - 1 change detected: {(<Change.modified: 2>, '/workspace/app/backend/logs/app_20260527_161940.log')}
2026-05-27 16:49:40,757 - watchfiles.main - DEBUG - 1 change detected: {(<Change.modified: 2>, '/workspace/app/backend/logs/app_20260527_161940.log')}
2026-05-27 16:49:41,108 - watchfiles.main - DEBUG - 1 change detected: {(<Change.modified: 2>, '/workspace/app/backend/logs/app_20260527_161940.log')}
2026-05-27 16:49:41,459 - watchfiles.main - DEBUG - 1 change detected: {(<Change.modified: 2>, '/workspace/app/backend/logs/app_20260527_161940.log')}
2026-05-27 16:49:41,810 - watchfiles.main - DEBUG - 1 change detected: {(<Change.modified: 2>, '/workspace/app/backend/logs/app_20260527_161940.log')}
2026-05-27 16:49:42,161 - watchfiles.main - DEBUG - 1 change detected: {(<Change.modified: 2>, '/workspace/app/backend/logs/app_20260527_161940.log')}
2026-05-27 16:49:42,512 - watchfiles.main - DEBUG - 1 change detected: {(<Change.modified: 2>, '/workspace/app/backend/logs/app_20260527_161940.log')}
2026-05-27 16:49:42,863 - watchfiles.main - DEBUG - 1 change detected: {(<Change.modified: 2>, '/workspace/app/backend/logs/app_20260527_161940.log')}
2026-05-27 16:49:43,214 - watchfiles.main - DEBUG - 1 change detected: {(<Change.modified: 2>, '/workspace/app/backend/logs/app_20260527_161940.log')}
2026-05-27 16:49:43,565 - watchfiles.main - DEBUG - 1 change detected: {(<Change.modified: 2>, '/workspace/app/backend/logs/app_20260527_161940.log')}
2026-05-27 16:49:43,916 - watchfiles.main - DEBUG - 1 change detected: {(<Change.modified: 2>, '/workspace/app/backend/logs/app_20260527_161940.log')}
2026-05-27 16:49:44,268 - watchfiles.main - DEBUG - 1 change detected: {(<Change.modified: 2>, '/workspace/app/backend/logs/app_20260527_161940.log')}
2026-05-27 16:49:44,620 - watchfiles.main - DEBUG - 1 change detected: {(<Change.modified: 2>, '/workspace/app/backend/logs/app_20260527_161940.log')}
2026-05-27 16:49:44,971 - watchfiles.main - DEBUG - 1 change detected: {(<Change.modified: 2>, '/workspace/app/backend/logs/app_20260527_161940.log')}
2026-05-27 16:49:45,322 - watchfiles.main - DEBUG - 1 change detected: {(<Change.modified: 2>, '/workspace/app/backend/logs/app_20260527_161940.log')}
2026-05-27 16:49:45,673 - watchfiles.main - DEBUG - 1 change detected: {(<Change.modified: 2>, '/workspace/app/backend/logs/app_20260527_161940.log')}
2026-05-27 16:49:46,024 - watchfiles.main - DEBUG - 1 change detected: {(<Change.modified: 2>, '/workspace/app/backend/logs/app_20260527_161940.log')}
2026-05-27 16:49:46,375 - watchfiles.main - DEBUG - 1 change detected: {(<Change.modified: 2>, '/workspace/app/backend/logs/app_20260527_161940.log')}
2026-05-27 16:49:46,726 - watchfiles.main - DEBUG - 1 change detected: {(<Change.modified: 2>, '/workspace/app/backend/logs/app_20260527_161940.log')}
2026-05-27 16:49:47,077 - watchfiles.main - DEBUG - 1 change detected: {(<Change.modified: 2>, '/workspace/app/backend/logs/app_20260527_161940.log')}
2026-05-27 16:49:47,428 - watchfiles.main - DEBUG - 1 change detected: {(<Change.modified: 2>, '/workspace/app/backend/logs/app_20260527_161940.log')}
2026-05-27 16:49:47,779 - watchfiles.main - DEBUG - 1 change detected: {(<Change.modified: 2>, '/workspace/app/backend/logs/app_20260527_161940.log')}
2026-05-27 16:49:48,130 - watchfiles.main - DEBUG - 1 change detected: {(<Change.modified: 2>, '/workspace/app/backend/logs/app_20260527_161940.log')}
2026-05-27 16:49:48,481 - watchfiles.main - DEBUG - 1 change detected: {(<Change.modified: 2>, '/workspace/app/backend/logs/app_20260527_161940.log')}
2026-05-27 16:49:48,832 - watchfiles.main - DEBUG - 1 change detected: {(<Change.modified: 2>, '/workspace/app/backend/logs/app_20260527_161940.log')}
2026-05-27 16:49:49,183 - watchfiles.main - DEBUG - 1 change detected: {(<Change.modified: 2>, '/workspace/app/backend/logs/app_20260527_161940.log')}
2026-05-27 16:49:49,534 - watchfiles.main - DEBUG - 1 change detected: {(<Change.modified: 2>, '/workspace/app/backend/logs/app_20260527_161940.log')}
2026-05-27 16:49:49,885 - watchfiles.main - DEBUG - 1 change detected: {(<Change.modified: 2>, '/workspace/app/backend/logs/app_20260527_161940.log')}
2026-05-27 16:49:50,236 - watchfiles.main - DEBUG - 1 change detected: {(<Change.modified: 2>, '/workspace/app/backend/logs/app_20260527_161940.log')}
2026-05-27 16:49:50,587 - watchfiles.main - DEBUG - 1 change detected: {(<Change.modified: 2>, '/workspace/app/backend/logs/app_20260527_161940.log')}
2026-05-27 16:49:50,938 - watchfiles.main - DEBUG - 1 change detected: {(<Change.modified: 2>, '/workspace/app/backend/logs/app_20260527_161940.log')}
2026-05-27 16:49:51,288 - watchfiles.main - DEBUG - 1 change detected: {(<Change.modified: 2>, '/workspace/app/backend/logs/app_20260527_161940.log')}
2026-05-27 16:49:51,639 - watchfiles.main - DEBUG - 1 change detected: {(<Change.modified: 2>, '/workspace/app/backend/logs/app_20260527_161940.log')}
2026-05-27 16:49:51,990 - watchfiles.main - DEBUG - 1 change detected: {(<Change.modified: 2>, '/workspace/app/backend/logs/app_20260527_161940.log')}
2026-05-27 16:49:52,341 - watchfiles.main - DEBUG - 1 change detected: {(<Change.modified: 2>, '/workspace/app/backend/logs/app_20260527_161940.log')}
2026-05-27 16:49:52,693 - watchfiles.main - DEBUG - 1 change detected: {(<Change.modified: 2>, '/workspace/app/backend/logs/app_20260527_161940.log')}
2026-05-27 16:49:53,044 - watchfiles.main - DEBUG - 1 change detected: {(<Change.modified: 2>, '/workspace/app/backend/logs/app_20260527_161940.log')}
2026-05-27 16:49:53,395 - watchfiles.main - DEBUG - 1 change detected: {(<Change.modified: 2>, '/workspace/app/backend/logs/app_20260527_161940.log')}
2026-05-27 16:49:53,746 - watchfiles.main - DEBUG - 1 change detected: {(<Change.modified: 2>, '/workspace/app/backend/logs/app_20260527_161940.log')}
2026-05-27 16:49:54,097 - watchfiles.main - DEBUG - 1 change detected: {(<Change.modified: 2>, '/workspace/app/backend/logs/app_20260527_161940.log')}
2026-05-27 16:49:54,448 - watchfiles.main - DEBUG - 1 change detected: {(<Change.modified: 2>, '/workspace/app/backend/logs/app_20260527_161940.log')}
2026-05-27 16:49:54,799 - watchfiles.main - DEBUG - 1 change detected: {(<Change.modified: 2>, '/workspace/app/backend/logs/app_20260527_161940.log')}
2026-05-27 16:49:55,150 - watchfiles.main - DEBUG - 1 change detected: {(<Change.modified: 2>, '/workspace/app/backend/logs/app_20260527_161940.log')}
2026-05-27 16:49:55,501 - watchfiles.main - DEBUG - 1 change detected: {(<Change.modified: 2>, '/workspace/app/backend/logs/app_20260527_161940.log')}
2026-05-27 16:49:55,852 - watchfiles.main - DEBUG - 1 change detected: {(<Change.modified: 2>, '/workspace/app/backend/logs/app_20260527_161940.log')}
2026-05-27 16:49:56,204 - watchfiles.main - DEBUG - 1 change detected: {(<Change.modified: 2>, '/workspace/app/backend/logs/app_20260527_161940.log')}
2026-05-27 16:49:56,555 - watchfiles.main - DEBUG - 1 change detected: {(<Change.modified: 2>, '/workspace/app/backend/logs/app_20260527_161940.log')}
2026-05-27 16:49:56,906 - watchfiles.main - DEBUG - 1 change detected: {(<Change.modified: 2>, '/workspace/app/backend/logs/app_20260527_161940.log')}
2026-05-27 16:49:57,257 - watchfiles.main - DEBUG - 1 change detected: {(<Change.modified: 2>, '/workspace/app/backend/logs/app_20260527_161940.log')}
2026-05-27 16:49:57,608 - watchfiles.main - DEBUG - 1 change detected: {(<Change.modified: 2>, '/workspace/app/backend/logs/app_20260527_161940.log')}
2026-05-27 16:49:57,959 - watchfiles.main - DEBUG - 1 change detected: {(<Change.modified: 2>, '/workspace/app/backend/logs/app_20260527_161940.log')}
2026-05-27 16:49:58,310 - watchfiles.main - DEBUG - 1 change detected: {(<Change.modified: 2>, '/workspace/app/backend/logs/app_20260527_161940.log')}
2026-05-27 16:49:58,661 - watchfiles.main - DEBUG - 1 change detected: {(<Change.modified: 2>, '/workspace/app/backend/logs/app_20260527_161940.log')}
2026-05-27 16:49:59,013 - watchfiles.main - DEBUG - 1 change detected: {(<Change.modified: 2>, '/workspace/app/backend/logs/app_20260527_161940.log')}
2026-05-27 16:49:59,364 - watchfiles.main - DEBUG - 1 change detected: {(<Change.modified: 2>, '/workspace/app/backend/logs/app_20260527_161940.log')}
2026-05-27 16:49:59,716 - watchfiles.main - DEBUG - 1 change detected: {(<Change.modified: 2>, '/workspace/app/backend/logs/app_20260527_161940.log')}
2026-05-27 16:50:00,068 - watchfiles.main - DEBUG - 1 change detected: {(<Change.modified: 2>, '/workspace/app/backend/logs/app_20260527_161940.log')}
2026-05-27 16:50:00,419 - watchfiles.main - DEBUG - 1 change detected: {(<Change.modified: 2>, '/workspace/app/backend/logs/app_20260527_161940.log')}
2026-05-27 16:50:00,770 - watchfiles.main - DEBUG - 1 change detected: {(<Change.modified: 2>, '/workspace/app/backend/logs/app_20260527_161940.log')}
2026-05-27 16:50:01,121 - watchfiles.main - DEBUG - 1 change detected: {(<Change.modified: 2>, '/workspace/app/backend/logs/app_20260527_161940.log')}
2026-05-27 16:50:01,472 - watchfiles.main - DEBUG - 1 change detected: {(<Change.modified: 2>, '/workspace/app/backend/logs/app_20260527_161940.log')}
2026-05-27 16:50:01,823 - watchfiles.main - DEBUG - 1 change detected: {(<Change.modified: 2>, '/workspace/app/backend/logs/app_20260527_161940.log')}
2026-05-27 16:50:02,174 - watchfiles.main - DEBUG - 1 change detected: {(<Change.modified: 2>, '/workspace/app/backend/logs/app_20260527_161940.log')}
2026-05-27 16:50:02,525 - watchfiles.main - DEBUG - 1 change detected: {(<Change.modified: 2>, '/workspace/app/backend/logs/app_20260527_161940.log')}
2026-05-27 16:50:02,876 - watchfiles.main - DEBUG - 1 change detected: {(<Change.modified: 2>, '/workspace/app/backend/logs/app_20260527_161940.log')}
2026-05-27 16:50:03,227 - watchfiles.main - DEBUG - 1 change detected: {(<Change.modified: 2>, '/workspace/app/backend/logs/app_20260527_161940.log')}
2026-05-27 16:50:03,578 - watchfiles.main - DEBUG - 1 change detected: {(<Change.modified: 2>, '/workspace/app/backend/logs/app_20260527_161940.log')}
2026-05-27 16:50:03,929 - watchfiles.main - DEBUG - 1 change detected: {(<Change.modified: 2>, '/workspace/app/backend/logs/app_20260527_161940.log')}
2026-05-27 16:50:04,280 - watchfiles.main - DEBUG - 1 change detected: {(<Change.modified: 2>, '/workspace/app/backend/logs/app_20260527_161940.log')}
2026-05-27 16:50:04,631 - watchfiles.main - DEBUG - 1 change detected: {(<Change.modified: 2>, '/workspace/app/backend/logs/app_20260527_161940.log')}
2026-05-27 16:50:04,982 - watchfiles.main - DEBUG - 1 change detected: {(<Change.modified: 2>, '/workspace/app/backend/logs/app_20260527_161940.log')}
2026-05-27 16:50:05,333 - watchfiles.main - DEBUG - 1 change detected: {(<Change.modified: 2>, '/workspace/app/backend/logs/app_20260527_161940.log')}
2026-05-27 16:50:05,684 - watchfiles.main - DEBUG - 1 change detected: {(<Change.modified: 2>, '/workspace/app/backend/logs/app_20260527_161940.log')}
2026-05-27 16:50:06,035 - watchfiles.main - DEBUG - 1 change detected: {(<Change.modified: 2>, '/workspace/app/backend/logs/app_20260527_161940.log')}
2026-05-27 16:50:06,386 - watchfiles.main - DEBUG - 1 change detected: {(<Change.modified: 2>, '/workspace/app/backend/logs/app_20260527_161940.log')}
2026-05-27 16:50:06,737 - watchfiles.main - DEBUG - 1 change detected: {(<Change.modified: 2>, '/workspace/app/backend/logs/app_20260527_161940.log')}
2026-05-27 16:50:07,088 - watchfiles.main - DEBUG - 1 change detected: {(<Change.modified: 2>, '/workspace/app/backend/logs/app_20260527_161940.log')}
2026-05-27 16:50:07,439 - watchfiles.main - DEBUG - 1 change detected: {(<Change.modified: 2>, '/workspace/app/backend/logs/app_20260527_161940.log')}
2026-05-27 16:50:07,790 - watchfiles.main - DEBUG - 1 change detected: {(<Change.modified: 2>, '/workspace/app/backend/logs/app_20260527_161940.log')}
2026-05-27 16:50:08,141 - watchfiles.main - DEBUG - 1 change detected: {(<Change.modified: 2>, '/workspace/app/backend/logs/app_20260527_161940.log')}
2026-05-27 16:50:08,492 - watchfiles.main - DEBUG - 1 change detected: {(<Change.modified: 2>, '/workspace/app/backend/logs/app_20260527_161940.log')}
2026-05-27 16:50:08,843 - watchfiles.main - DEBUG - 1 change detected: {(<Change.modified: 2>, '/workspace/app/backend/logs/app_20260527_161940.log')}
2026-05-27 16:50:09,194 - watchfiles.main - DEBUG - 1 change detected: {(<Change.modified: 2>, '/workspace/app/backend/logs/app_20260527_161940.log')}
2026-05-27 16:50:09,544 - watchfiles.main - DEBUG - 1 change detected: {(<Change.modified: 2>, '/workspace/app/backend/logs/app_20260527_161940.log')}
2026-05-27 16:50:09,895 - watchfiles.main - DEBUG - 1 change detected: {(<Change.modified: 2>, '/workspace/app/backend/logs/app_20260527_161940.log')}
2026-05-27 16:50:10,246 - watchfiles.main - DEBUG - 1 change detected: {(<Change.modified: 2>, '/workspace/app/backend/logs/app_20260527_161940.log')}
2026-05-27 16:50:10,597 - watchfiles.main - DEBUG - 1 change detected: {(<Change.modified: 2>, '/workspace/app/backend/logs/app_20260527_161940.log')}
2026-05-27 16:50:10,948 - watchfiles.main - DEBUG - 1 change detected: {(<Change.modified: 2>, '/workspace/app/backend/logs/app_20260527_161940.log')}
2026-05-27 16:50:11,299 - watchfiles.main - DEBUG - 1 change detected: {(<Change.modified: 2>, '/workspace/app/backend/logs/app_20260527_161940.log')}
2026-05-27 16:50:11,650 - watchfiles.main - DEBUG - 1 change detected: {(<Change.modified: 2>, '/workspace/app/backend/logs/app_20260527_161940.log')}
2026-05-27 16:50:12,001 - watchfiles.main - DEBUG - 1 change detected: {(<Change.modified: 2>, '/workspace/app/backend/logs/app_20260527_161940.log')}
2026-05-27 16:50:12,352 - watchfiles.main - DEBUG - 1 change detected: {(<Change.modified: 2>, '/workspace/app/backend/logs/app_20260527_161940.log')}
2026-05-27 16:50:12,703 - watchfiles.main - DEBUG - 1 change detected: {(<Change.modified: 2>, '/workspace/app/backend/logs/app_20260527_161940.log')}
2026-05-27 16:50:13,053 - watchfiles.main - DEBUG - 1 change detected: {(<Change.modified: 2>, '/workspace/app/backend/logs/app_20260527_161940.log')}
2026-05-27 16:50:13,404 - watchfiles.main - DEBUG - 1 change detected: {(<Change.modified: 2>, '/workspace/app/backend/logs/app_20260527_161940.log')}
2026-05-27 16:50:13,755 - watchfiles.main - DEBUG - 1 change detected: {(<Change.modified: 2>, '/workspace/app/backend/logs/app_20260527_161940.log')}
2026-05-27 16:50:14,106 - watchfiles.main - DEBUG - 1 change detected: {(<Change.modified: 2>, '/workspace/app/backend/logs/app_20260527_161940.log')}
2026-05-27 16:50:14,457 - watchfiles.main - DEBUG - 1 change detected: {(<Change.modified: 2>, '/workspace/app/backend/logs/app_20260527_161940.log')}
2026-05-27 16:50:14,808 - watchfiles.main - DEBUG - 1 change detected: {(<Change.modified: 2>, '/workspace/app/backend/logs/app_20260527_161940.log')}
2026-05-27 16:50:15,159 - watchfiles.main - DEBUG - 1 change detected: {(<Change.modified: 2>, '/workspace/app/backend/logs/app_20260527_161940.log')}
2026-05-27 16:50:15,510 - watchfiles.main - DEBUG - 1 change detected: {(<Change.modified: 2>, '/workspace/app/backend/logs/app_20260527_161940.log')}
2026-05-27 16:50:15,861 - watchfiles.main - DEBUG - 1 change detected: {(<Change.modified: 2>, '/workspace/app/backend/logs/app_20260527_161940.log')}
2026-05-27 16:50:16,212 - watchfiles.main - DEBUG - 1 change detected: {(<Change.modified: 2>, '/workspace/app/backend/logs/app_20260527_161940.log')}
2026-05-27 16:50:16,563 - watchfiles.main - DEBUG - 1 change detected: {(<Change.modified: 2>, '/workspace/app/backend/logs/app_20260527_161940.log')}
2026-05-27 16:50:16,914 - watchfiles.main - DEBUG - 1 change detected: {(<Change.modified: 2>, '/workspace/app/backend/logs/app_20260527_161940.log')}
2026-05-27 16:50:17,265 - watchfiles.main - DEBUG - 1 change detected: {(<Change.modified: 2>, '/workspace/app/backend/logs/app_20260527_161940.log')}
2026-05-27 16:50:17,616 - watchfiles.main - DEBUG - 1 change detected: {(<Change.modified: 2>, '/workspace/app/backend/logs/app_20260527_161940.log')}
2026-05-27 16:50:17,967 - watchfiles.main - DEBUG - 1 change detected: {(<Change.modified: 2>, '/workspace/app/backend/logs/app_20260527_161940.log')}
2026-05-27 16:50:18,318 - watchfiles.main - DEBUG - 1 change detected: {(<Change.modified: 2>, '/workspace/app/backend/logs/app_20260527_161940.log')}
2026-05-27 16:50:18,669 - watchfiles.main - DEBUG - 1 change detected: {(<Change.modified: 2>, '/workspace/app/backend/logs/app_20260527_161940.log')}
2026-05-27 16:50:19,020 - watchfiles.main - DEBUG - 1 change detected: {(<Change.modified: 2>, '/workspace/app/backend/logs/app_20260527_161940.log')}
2026-05-27 16:50:19,371 - watchfiles.main - DEBUG - 1 change detected: {(<Change.modified: 2>, '/workspace/app/backend/logs/app_20260527_161940.log')}
2026-05-27 16:50:19,722 - watchfiles.main - DEBUG - 1 change detected: {(<Change.modified: 2>, '/workspace/app/backend/logs/app_20260527_161940.log')}
2026-05-27 16:50:20,073 - watchfiles.main - DEBUG - 1 change detected: {(<Change.modified: 2>, '/workspace/app/backend/logs/app_20260527_161940.log')}
2026-05-27 16:50:20,424 - watchfiles.main - DEBUG - 1 change detected: {(<Change.modified: 2>, '/workspace/app/backend/logs/app_20260527_161940.log')}
2026-05-27 16:50:20,775 - watchfiles.main - DEBUG - 1 change detected: {(<Change.modified: 2>, '/workspace/app/backend/logs/app_20260527_161940.log')}
2026-05-27 16:50:21,126 - watchfiles.main - DEBUG - 1 change detected: {(<Change.modified: 2>, '/workspace/app/backend/logs/app_20260527_161940.log')}
2026-05-27 16:50:21,477 - watchfiles.main - DEBUG - 1 change detected: {(<Change.modified: 2>, '/workspace/app/backend/logs/app_20260527_161940.log')}
2026-05-27 16:50:21,828 - watchfiles.main - DEBUG - 1 change detected: {(<Change.modified: 2>, '/workspace/app/backend/logs/app_20260527_161940.log')}
2026-05-27 16:50:22,180 - watchfiles.main - DEBUG - 1 change detected: {(<Change.modified: 2>, '/workspace/app/backend/logs/app_20260527_161940.log')}
2026-05-27 16:50:22,532 - watchfiles.main - DEBUG - 1 change detected: {(<Change.modified: 2>, '/workspace/app/backend/logs/app_20260527_161940.log')}
2026-05-27 16:50:22,883 - watchfiles.main - DEBUG - 1 change detected: {(<Change.modified: 2>, '/workspace/app/backend/logs/app_20260527_161940.log')}
2026-05-27 16:50:23,233 - watchfiles.main - DEBUG - 1 change detected: {(<Change.modified: 2>, '/workspace/app/backend/logs/app_20260527_161940.log')}
2026-05-27 16:50:23,584 - watchfiles.main - DEBUG - 1 change detected: {(<Change.modified: 2>, '/workspace/app/backend/logs/app_20260527_161940.log')}
2026-05-27 16:50:23,935 - watchfiles.main - DEBUG - 1 change detected: {(<Change.modified: 2>, '/workspace/app/backend/logs/app_20260527_161940.log')}
2026-05-27 16:50:24,286 - watchfiles.main - DEBUG - 1 change detected: {(<Change.modified: 2>, '/workspace/app/backend/logs/app_20260527_161940.log')}
2026-05-27 16:50:24,637 - watchfiles.main - DEBUG - 1 change detected: {(<Change.modified: 2>, '/workspace/app/backend/logs/app_20260527_161940.log')}
2026-05-27 16:50:24,988 - watchfiles.main - DEBUG - 1 change detected: {(<Change.modified: 2>, '/workspace/app/backend/logs/app_20260527_161940.log')}
2026-05-27 16:50:25,339 - watchfiles.main - DEBUG - 1 change detected: {(<Change.modified: 2>, '/workspace/app/backend/logs/app_20260527_161940.log')}
2026-05-27 16:50:25,690 - watchfiles.main - DEBUG - 1 change detected: {(<Change.modified: 2>, '/workspace/app/backend/logs/app_20260527_161940.log')}
2026-05-27 16:50:26,041 - watchfiles.main - DEBUG - 1 change detected: {(<Change.modified: 2>, '/workspace/app/backend/logs/app_20260527_161940.log')}
2026-05-27 16:50:26,392 - watchfiles.main - DEBUG - 1 change detected: {(<Change.modified: 2>, '/workspace/app/backend/logs/app_20260527_161940.log')}
2026-05-27 16:50:26,743 - watchfiles.main - DEBUG - 1 change detected: {(<Change.modified: 2>, '/workspace/app/backend/logs/app_20260527_161940.log')}
2026-05-27 16:50:27,094 - watchfiles.main - DEBUG - 1 change detected: {(<Change.modified: 2>, '/workspace/app/backend/logs/app_20260527_161940.log')}
2026-05-27 16:50:27,446 - watchfiles.main - DEBUG - 1 change detected: {(<Change.modified: 2>, '/workspace/app/backend/logs/app_20260527_161940.log')}
2026-05-27 16:50:27,797 - watchfiles.main - DEBUG - 1 change detected: {(<Change.modified: 2>, '/workspace/app/backend/logs/app_20260527_161940.log')}
2026-05-27 16:50:28,148 - watchfiles.main - DEBUG - 1 change detected: {(<Change.modified: 2>, '/workspace/app/backend/logs/app_20260527_161940.log')}
2026-05-27 16:50:28,498 - watchfiles.main - DEBUG - 1 change detected: {(<Change.modified: 2>, '/workspace/app/backend/logs/app_20260527_161940.log')}
2026-05-27 16:50:28,850 - watchfiles.main - DEBUG - 1 change detected: {(<Change.modified: 2>, '/workspace/app/backend/logs/app_20260527_161940.log')}
2026-05-27 16:50:29,201 - watchfiles.main - DEBUG - 1 change detected: {(<Change.modified: 2>, '/workspace/app/backend/logs/app_20260527_161940.log')}
2026-05-27 16:50:29,551 - watchfiles.main - DEBUG - 1 change detected: {(<Change.modified: 2>, '/workspace/app/backend/logs/app_20260527_161940.log')}
2026-05-27 16:50:29,902 - watchfiles.main - DEBUG - 1 change detected: {(<Change.modified: 2>, '/workspace/app/backend/logs/app_20260527_161940.log')}
2026-05-27 16:50:30,253 - watchfiles.main - DEBUG - 1 change detected: {(<Change.modified: 2>, '/workspace/app/backend/logs/app_20260527_161940.log')}
2026-05-27 16:50:30,604 - watchfiles.main - DEBUG - 1 change detected: {(<Change.modified: 2>, '/workspace/app/backend/logs/app_20260527_161940.log')}
2026-05-27 16:50:30,955 - watchfiles.main - DEBUG - 1 change detected: {(<Change.modified: 2>, '/workspace/app/backend/logs/app_20260527_161940.log')}
2026-05-27 16:50:31,306 - watchfiles.main - DEBUG - 1 change detected: {(<Change.modified: 2>, '/workspace/app/backend/logs/app_20260527_161940.log')}
2026-05-27 16:50:31,657 - watchfiles.main - DEBUG - 1 change detected: {(<Change.modified: 2>, '/workspace/app/backend/logs/app_20260527_161940.log')}
2026-05-27 16:50:32,008 - watchfiles.main - DEBUG - 1 change detected: {(<Change.modified: 2>, '/workspace/app/backend/logs/app_20260527_161940.log')}
2026-05-27 16:50:32,359 - watchfiles.main - DEBUG - 1 change detected: {(<Change.modified: 2>, '/workspace/app/backend/logs/app_20260527_161940.log')}
2026-05-27 16:50:32,710 - watchfiles.main - DEBUG - 1 change detected: {(<Change.modified: 2>, '/workspace/app/backend/logs/app_20260527_161940.log')}
2026-05-27 16:50:33,061 - watchfiles.main - DEBUG - 1 change detected: {(<Change.modified: 2>, '/workspace/app/backend/logs/app_20260527_161940.log')}
2026-05-27 16:50:33,411 - watchfiles.main - DEBUG - 1 change detected: {(<Change.modified: 2>, '/workspace/app/backend/logs/app_20260527_161940.log')}
2026-05-27 16:50:33,763 - watchfiles.main - DEBUG - 1 change detected: {(<Change.modified: 2>, '/workspace/app/backend/logs/app_20260527_161940.log')}
2026-05-27 16:50:34,114 - watchfiles.main - DEBUG - 1 change detected: {(<Change.modified: 2>, '/workspace/app/backend/logs/app_20260527_161940.log')}
2026-05-27 16:50:34,465 - watchfiles.main - DEBUG - 1 change detected: {(<Change.modified: 2>, '/workspace/app/backend/logs/app_20260527_161940.log')}
2026-05-27 16:50:34,815 - watchfiles.main - DEBUG - 1 change detected: {(<Change.modified: 2>, '/workspace/app/backend/logs/app_20260527_161940.log')}
2026-05-27 16:50:35,167 - watchfiles.main - DEBUG - 1 change detected: {(<Change.modified: 2>, '/workspace/app/backend/logs/app_20260527_161940.log')}
2026-05-27 16:50:35,518 - watchfiles.main - DEBUG - 1 change detected: {(<Change.modified: 2>, '/workspace/app/backend/logs/app_20260527_161940.log')}
2026-05-27 16:50:35,869 - watchfiles.main - DEBUG - 1 change detected: {(<Change.modified: 2>, '/workspace/app/backend/logs/app_20260527_161940.log')}
2026-05-27 16:50:36,220 - watchfiles.main - DEBUG - 1 change detected: {(<Change.modified: 2>, '/workspace/app/backend/logs/app_20260527_161940.log')}
2026-05-27 16:50:36,571 - watchfiles.main - DEBUG - 1 change detected: {(<Change.modified: 2>, '/workspace/app/backend/logs/app_20260527_161940.log')}
2026-05-27 16:50:36,922 - watchfiles.main - DEBUG - 1 change detected: {(<Change.modified: 2>, '/workspace/app/backend/logs/app_20260527_161940.log')}
2026-05-27 16:50:37,273 - watchfiles.main - DEBUG - 1 change detected: {(<Change.modified: 2>, '/workspace/app/backend/logs/app_20260527_161940.log')}
2026-05-27 16:50:37,624 - watchfiles.main - DEBUG - 1 change detected: {(<Change.modified: 2>, '/workspace/app/backend/logs/app_20260527_161940.log')}
2026-05-27 16:50:37,974 - watchfiles.main - DEBUG - 1 change detected: {(<Change.modified: 2>, '/workspace/app/backend/logs/app_20260527_161940.log')}
2026-05-27 16:50:38,325 - watchfiles.main - DEBUG - 1 change detected: {(<Change.modified: 2>, '/workspace/app/backend/logs/app_20260527_161940.log')}
2026-05-27 16:50:38,676 - watchfiles.main - DEBUG - 1 change detected: {(<Change.modified: 2>, '/workspace/app/backend/logs/app_20260527_161940.log')}
2026-05-27 16:50:39,028 - watchfiles.main - DEBUG - 1 change detected: {(<Change.modified: 2>, '/workspace/app/backend/logs/app_20260527_161940.log')}
2026-05-27 16:50:39,378 - watchfiles.main - DEBUG - 1 change detected: {(<Change.modified: 2>, '/workspace/app/backend/logs/app_20260527_161940.log')}
2026-05-27 16:50:39,729 - watchfiles.main - DEBUG - 1 change detected: {(<Change.modified: 2>, '/workspace/app/backend/logs/app_20260527_161940.log')}
2026-05-27 16:50:40,080 - watchfiles.main - DEBUG - 1 change detected: {(<Change.modified: 2>, '/workspace/app/backend/logs/app_20260527_161940.log')}
2026-05-27 16:50:40,431 - watchfiles.main - DEBUG - 1 change detected: {(<Change.modified: 2>, '/workspace/app/backend/logs/app_20260527_161940.log')}
2026-05-27 16:50:40,782 - watchfiles.main - DEBUG - 1 change detected: {(<Change.modified: 2>, '/workspace/app/backend/logs/app_20260527_161940.log')}
2026-05-27 16:50:41,133 - watchfiles.main - DEBUG - 1 change detected: {(<Change.modified: 2>, '/workspace/app/backend/logs/app_20260527_161940.log')}
2026-05-27 16:50:41,485 - watchfiles.main - DEBUG - 1 change detected: {(<Change.modified: 2>, '/workspace/app/backend/logs/app_20260527_161940.log')}
2026-05-27 16:50:41,835 - watchfiles.main - DEBUG - 1 change detected: {(<Change.modified: 2>, '/workspace/app/backend/logs/app_20260527_161940.log')}
2026-05-27 16:50:42,187 - watchfiles.main - DEBUG - 1 change detected: {(<Change.modified: 2>, '/workspace/app/backend/logs/app_20260527_161940.log')}
2026-05-27 16:50:42,538 - watchfiles.main - DEBUG - 1 change detected: {(<Change.modified: 2>, '/workspace/app/backend/logs/app_20260527_161940.log')}
2026-05-27 16:50:42,889 - watchfiles.main - DEBUG - 1 change detected: {(<Change.modified: 2>, '/workspace/app/backend/logs/app_20260527_161940.log')}
2026-05-27 16:50:43,240 - watchfiles.main - DEBUG - 1 change detected: {(<Change.modified: 2>, '/workspace/app/backend/logs/app_20260527_161940.log')}
2026-05-27 16:50:43,591 - watchfiles.main - DEBUG - 1 change detected: {(<Change.modified: 2>, '/workspace/app/backend/logs/app_20260527_161940.log')}
2026-05-27 16:50:43,943 - watchfiles.main - DEBUG - 1 change detected: {(<Change.modified: 2>, '/workspace/app/backend/logs/app_20260527_161940.log')}
2026-05-27 16:50:44,294 - watchfiles.main - DEBUG - 1 change detected: {(<Change.modified: 2>, '/workspace/app/backend/logs/app_20260527_161940.log')}
2026-05-27 16:50:44,645 - watchfiles.main - DEBUG - 1 change detected: {(<Change.modified: 2>, '/workspace/app/backend/logs/app_20260527_161940.log')}
2026-05-27 16:50:44,995 - watchfiles.main - DEBUG - 1 change detected: {(<Change.modified: 2>, '/workspace/app/backend/logs/app_20260527_161940.log')}
2026-05-27 16:50:45,347 - watchfiles.main - DEBUG - 1 change detected: {(<Change.modified: 2>, '/workspace/app/backend/logs/app_20260527_161940.log')}
2026-05-27 16:50:45,697 - watchfiles.main - DEBUG - 1 change detected: {(<Change.modified: 2>, '/workspace/app/backend/logs/app_20260527_161940.log')}
2026-05-27 16:50:46,049 - watchfiles.main - DEBUG - 1 change detected: {(<Change.modified: 2>, '/workspace/app/backend/logs/app_20260527_161940.log')}
2026-05-27 16:50:46,400 - watchfiles.main - DEBUG - 1 change detected: {(<Change.modified: 2>, '/workspace/app/backend/logs/app_20260527_161940.log')}
2026-05-27 16:50:46,750 - watchfiles.main - DEBUG - 1 change detected: {(<Change.modified: 2>, '/workspace/app/backend/logs/app_20260527_161940.log')}
2026-05-27 16:50:47,101 - watchfiles.main - DEBUG - 1 change detected: {(<Change.modified: 2>, '/workspace/app/backend/logs/app_20260527_161940.log')}
2026-05-27 16:50:47,452 - watchfiles.main - DEBUG - 1 change detected: {(<Change.modified: 2>, '/workspace/app/backend/logs/app_20260527_161940.log')}
2026-05-27 16:50:47,803 - watchfiles.main - DEBUG - 1 change detected: {(<Change.modified: 2>, '/workspace/app/backend/logs/app_20260527_161940.log')}
2026-05-27 16:50:48,155 - watchfiles.main - DEBUG - 1 change detected: {(<Change.modified: 2>, '/workspace/app/backend/logs/app_20260527_161940.log')}
2026-05-27 16:50:48,506 - watchfiles.main - DEBUG - 1 change detected: {(<Change.modified: 2>, '/workspace/app/backend/logs/app_20260527_161940.log')}
2026-05-27 16:50:48,857 - watchfiles.main - DEBUG - 1 change detected: {(<Change.modified: 2>, '/workspace/app/backend/logs/app_20260527_161940.log')}
2026-05-27 16:50:49,209 - watchfiles.main - DEBUG - 1 change detected: {(<Change.modified: 2>, '/workspace/app/backend/logs/app_20260527_161940.log')}
2026-05-27 16:50:49,560 - watchfiles.main - DEBUG - 1 change detected: {(<Change.modified: 2>, '/workspace/app/backend/logs/app_20260527_161940.log')}
2026-05-27 16:50:49,911 - watchfiles.main - DEBUG - 1 change detected: {(<Change.modified: 2>, '/workspace/app/backend/logs/app_20260527_161940.log')}
2026-05-27 16:50:50,261 - watchfiles.main - DEBUG - 1 change detected: {(<Change.modified: 2>, '/workspace/app/backend/logs/app_20260527_161940.log')}
2026-05-27 16:50:50,612 - watchfiles.main - DEBUG - 1 change detected: {(<Change.modified: 2>, '/workspace/app/backend/logs/app_20260527_161940.log')}
2026-05-27 16:50:50,963 - watchfiles.main - DEBUG - 1 change detected: {(<Change.modified: 2>, '/workspace/app/backend/logs/app_20260527_161940.log')}
2026-05-27 16:50:51,314 - watchfiles.main - DEBUG - 1 change detected: {(<Change.modified: 2>, '/workspace/app/backend/logs/app_20260527_161940.log')}
2026-05-27 16:50:51,665 - watchfiles.main - DEBUG - 1 change detected: {(<Change.modified: 2>, '/workspace/app/backend/logs/app_20260527_161940.log')}
2026-05-27 16:50:52,016 - watchfiles.main - DEBUG - 1 change detected: {(<Change.modified: 2>, '/workspace/app/backend/logs/app_20260527_161940.log')}
2026-05-27 16:50:52,367 - watchfiles.main - DEBUG - 1 change detected: {(<Change.modified: 2>, '/workspace/app/backend/logs/app_20260527_161940.log')}
2026-05-27 16:50:52,718 - watchfiles.main - DEBUG - 1 change detected: {(<Change.modified: 2>, '/workspace/app/backend/logs/app_20260527_161940.log')}
2026-05-27 16:50:53,069 - watchfiles.main - DEBUG - 1 change detected: {(<Change.modified: 2>, '/workspace/app/backend/logs/app_20260527_161940.log')}
2026-05-27 16:50:53,420 - watchfiles.main - DEBUG - 1 change detected: {(<Change.modified: 2>, '/workspace/app/backend/logs/app_20260527_161940.log')}
2026-05-27 16:50:53,770 - watchfiles.main - DEBUG - 1 change detected: {(<Change.modified: 2>, '/workspace/app/backend/logs/app_20260527_161940.log')}
2026-05-27 16:50:54,121 - watchfiles.main - DEBUG - 1 change detected: {(<Change.modified: 2>, '/workspace/app/backend/logs/app_20260527_161940.log')}
2026-05-27 16:50:54,472 - watchfiles.main - DEBUG - 1 change detected: {(<Change.modified: 2>, '/workspace/app/backend/logs/app_20260527_161940.log')}
2026-05-27 16:50:54,823 - watchfiles.main - DEBUG - 1 change detected: {(<Change.modified: 2>, '/workspace/app/backend/logs/app_20260527_161940.log')}
2026-05-27 16:50:55,175 - watchfiles.main - DEBUG - 1 change detected: {(<Change.modified: 2>, '/workspace/app/backend/logs/app_20260527_161940.log')}
2026-05-27 16:50:55,526 - watchfiles.main - DEBUG - 1 change detected: {(<Change.modified: 2>, '/workspace/app/backend/logs/app_20260527_161940.log')}
2026-05-27 16:50:55,877 - watchfiles.main - DEBUG - 1 change detected: {(<Change.modified: 2>, '/workspace/app/backend/logs/app_20260527_161940.log')}
2026-05-27 16:50:56,228 - watchfiles.main - DEBUG - 1 change detected: {(<Change.modified: 2>, '/workspace/app/backend/logs/app_20260527_161940.log')}
2026-05-27 16:50:56,578 - watchfiles.main - DEBUG - 1 change detected: {(<Change.modified: 2>, '/workspace/app/backend/logs/app_20260527_161940.log')}
2026-05-27 16:50:56,930 - watchfiles.main - DEBUG - 1 change detected: {(<Change.modified: 2>, '/workspace/app/backend/logs/app_20260527_161940.log')}
2026-05-27 16:50:57,281 - watchfiles.main - DEBUG - 1 change detected: {(<Change.modified: 2>, '/workspace/app/backend/logs/app_20260527_161940.log')}
2026-05-27 16:50:57,632 - watchfiles.main - DEBUG - 1 change detected: {(<Change.modified: 2>, '/workspace/app/backend/logs/app_20260527_161940.log')}
2026-05-27 16:50:57,983 - watchfiles.main - DEBUG - 1 change detected: {(<Change.modified: 2>, '/workspace/app/backend/logs/app_20260527_161940.log')}
2026-05-27 16:50:58,334 - watchfiles.main - DEBUG - 1 change detected: {(<Change.modified: 2>, '/workspace/app/backend/logs/app_20260527_161940.log')}
2026-05-27 16:50:58,685 - watchfiles.main - DEBUG - 1 change detected: {(<Change.modified: 2>, '/workspace/app/backend/logs/app_20260527_161940.log')}
2026-05-27 16:50:59,036 - watchfiles.main - DEBUG - 1 change detected: {(<Change.modified: 2>, '/workspace/app/backend/logs/app_20260527_161940.log')}
2026-05-27 16:50:59,387 - watchfiles.main - DEBUG - 1 change detected: {(<Change.modified: 2>, '/workspace/app/backend/logs/app_20260527_161940.log')}
2026-05-27 16:50:59,738 - watchfiles.main - DEBUG - 1 change detected: {(<Change.modified: 2>, '/workspace/app/backend/logs/app_20260527_161940.log')}
2026-05-27 16:51:00,090 - watchfiles.main - DEBUG - 1 change detected: {(<Change.modified: 2>, '/workspace/app/backend/logs/app_20260527_161940.log')}
2026-05-27 16:51:00,440 - watchfiles.main - DEBUG - 1 change detected: {(<Change.modified: 2>, '/workspace/app/backend/logs/app_20260527_161940.log')}
2026-05-27 16:51:00,791 - watchfiles.main - DEBUG - 1 change detected: {(<Change.modified: 2>, '/workspace/app/backend/logs/app_20260527_161940.log')}
2026-05-27 16:51:01,142 - watchfiles.main - DEBUG - 1 change detected: {(<Change.modified: 2>, '/workspace/app/backend/logs/app_20260527_161940.log')}
2026-05-27 16:51:01,493 - watchfiles.main - DEBUG - 1 change detected: {(<Change.modified: 2>, '/workspace/app/backend/logs/app_20260527_161940.log')}
2026-05-27 16:51:01,844 - watchfiles.main - DEBUG - 1 change detected: {(<Change.modified: 2>, '/workspace/app/backend/logs/app_20260527_161940.log')}
2026-05-27 16:51:02,195 - watchfiles.main - DEBUG - 1 change detected: {(<Change.modified: 2>, '/workspace/app/backend/logs/app_20260527_161940.log')}
2026-05-27 16:51:02,546 - watchfiles.main - DEBUG - 1 change detected: {(<Change.modified: 2>, '/workspace/app/backend/logs/app_20260527_161940.log')}
2026-05-27 16:51:02,897 - watchfiles.main - DEBUG - 1 change detected: {(<Change.modified: 2>, '/workspace/app/backend/logs/app_20260527_161940.log')}
2026-05-27 16:51:03,248 - watchfiles.main - DEBUG - 1 change detected: {(<Change.modified: 2>, '/workspace/app/backend/logs/app_20260527_161940.log')}
2026-05-27 16:51:03,599 - watchfiles.main - DEBUG - 1 change detected: {(<Change.modified: 2>, '/workspace/app/backend/logs/app_20260527_161940.log')}
2026-05-27 16:51:03,950 - watchfiles.main - DEBUG - 1 change detected: {(<Change.modified: 2>, '/workspace/app/backend/logs/app_20260527_161940.log')}
2026-05-27 16:51:04,301 - watchfiles.main - DEBUG - 1 change detected: {(<Change.modified: 2>, '/workspace/app/backend/logs/app_20260527_161940.log')}
2026-05-27 16:51:04,652 - watchfiles.main - DEBUG - 1 change detected: {(<Change.modified: 2>, '/workspace/app/backend/logs/app_20260527_161940.log')}
2026-05-27 16:51:05,003 - watchfiles.main - DEBUG - 1 change detected: {(<Change.modified: 2>, '/workspace/app/backend/logs/app_20260527_161940.log')}
2026-05-27 16:51:05,354 - watchfiles.main - DEBUG - 1 change detected: {(<Change.modified: 2>, '/workspace/app/backend/logs/app_20260527_161940.log')}
2026-05-27 16:51:05,704 - watchfiles.main - DEBUG - 1 change detected: {(<Change.modified: 2>, '/workspace/app/backend/logs/app_20260527_161940.log')}
2026-05-27 16:51:06,056 - watchfiles.main - DEBUG - 1 change detected: {(<Change.modified: 2>, '/workspace/app/backend/logs/app_20260527_161940.log')}
2026-05-27 16:51:06,406 - watchfiles.main - DEBUG - 1 change detected: {(<Change.modified: 2>, '/workspace/app/backend/logs/app_20260527_161940.log')}
2026-05-27 16:51:06,757 - watchfiles.main - DEBUG - 1 change detected: {(<Change.modified: 2>, '/workspace/app/backend/logs/app_20260527_161940.log')}
2026-05-27 16:51:07,108 - watchfiles.main - DEBUG - 1 change detected: {(<Change.modified: 2>, '/workspace/app/backend/logs/app_20260527_161940.log')}
2026-05-27 16:51:07,459 - watchfiles.main - DEBUG - 1 change detected: {(<Change.modified: 2>, '/workspace/app/backend/logs/app_20260527_161940.log')}
2026-05-27 16:51:07,810 - watchfiles.main - DEBUG - 1 change detected: {(<Change.modified: 2>, '/workspace/app/backend/logs/app_20260527_161940.log')}
2026-05-27 16:51:08,161 - watchfiles.main - DEBUG - 1 change detected: {(<Change.modified: 2>, '/workspace/app/backend/logs/app_20260527_161940.log')}
2026-05-27 16:51:08,512 - watchfiles.main - DEBUG - 1 change detected: {(<Change.modified: 2>, '/workspace/app/backend/logs/app_20260527_161940.log')}
2026-05-27 16:51:08,863 - watchfiles.main - DEBUG - 1 change detected: {(<Change.modified: 2>, '/workspace/app/backend/logs/app_20260527_161940.log')}
2026-05-27 16:51:09,214 - watchfiles.main - DEBUG - 1 change detected: {(<Change.modified: 2>, '/workspace/app/backend/logs/app_20260527_161940.log')}
2026-05-27 16:51:09,565 - watchfiles.main - DEBUG - 1 change detected: {(<Change.modified: 2>, '/workspace/app/backend/logs/app_20260527_161940.log')}
2026-05-27 16:51:09,916 - watchfiles.main - DEBUG - 1 change detected: {(<Change.modified: 2>, '/workspace/app/backend/logs/app_20260527_161940.log')}
2026-05-27 16:51:10,267 - watchfiles.main - DEBUG - 1 change detected: {(<Change.modified: 2>, '/workspace/app/backend/logs/app_20260527_161940.log')}
2026-05-27 16:51:10,618 - watchfiles.main - DEBUG - 1 change detected: {(<Change.modified: 2>, '/workspace/app/backend/logs/app_20260527_161940.log')}
2026-05-27 16:51:10,969 - watchfiles.main - DEBUG - 1 change detected: {(<Change.modified: 2>, '/workspace/app/backend/logs/app_20260527_161940.log')}
2026-05-27 16:51:11,320 - watchfiles.main - DEBUG - 1 change detected: {(<Change.modified: 2>, '/workspace/app/backend/logs/app_20260527_161940.log')}
2026-05-27 16:51:11,671 - watchfiles.main - DEBUG - 1 change detected: {(<Change.modified: 2>, '/workspace/app/backend/logs/app_20260527_161940.log')}
2026-05-27 16:51:12,022 - watchfiles.main - DEBUG - 1 change detected: {(<Change.modified: 2>, '/workspace/app/backend/logs/app_20260527_161940.log')}
2026-05-27 16:51:12,373 - watchfiles.main - DEBUG - 1 change detected: {(<Change.modified: 2>, '/workspace/app/backend/logs/app_20260527_161940.log')}
2026-05-27 16:51:12,724 - watchfiles.main - DEBUG - 1 change detected: {(<Change.modified: 2>, '/workspace/app/backend/logs/app_20260527_161940.log')}
2026-05-27 16:51:13,075 - watchfiles.main - DEBUG - 1 change detected: {(<Change.modified: 2>, '/workspace/app/backend/logs/app_20260527_161940.log')}
2026-05-27 16:51:13,426 - watchfiles.main - DEBUG - 1 change detected: {(<Change.modified: 2>, '/workspace/app/backend/logs/app_20260527_161940.log')}
2026-05-27 16:51:13,777 - watchfiles.main - DEBUG - 1 change detected: {(<Change.modified: 2>, '/workspace/app/backend/logs/app_20260527_161940.log')}
2026-05-27 16:51:14,128 - watchfiles.main - DEBUG - 1 change detected: {(<Change.modified: 2>, '/workspace/app/backend/logs/app_20260527_161940.log')}
2026-05-27 16:51:14,479 - watchfiles.main - DEBUG - 1 change detected: {(<Change.modified: 2>, '/workspace/app/backend/logs/app_20260527_161940.log')}
2026-05-27 16:51:14,830 - watchfiles.main - DEBUG - 1 change detected: {(<Change.modified: 2>, '/workspace/app/backend/logs/app_20260527_161940.log')}
2026-05-27 16:51:15,182 - watchfiles.main - DEBUG - 1 change detected: {(<Change.modified: 2>, '/workspace/app/backend/logs/app_20260527_161940.log')}
2026-05-27 16:51:15,533 - watchfiles.main - DEBUG - 1 change detected: {(<Change.modified: 2>, '/workspace/app/backend/logs/app_20260527_161940.log')}
2026-05-27 16:51:15,884 - watchfiles.main - DEBUG - 1 change detected: {(<Change.modified: 2>, '/workspace/app/backend/logs/app_20260527_161940.log')}
2026-05-27 16:51:16,235 - watchfiles.main - DEBUG - 1 change detected: {(<Change.modified: 2>, '/workspace/app/backend/logs/app_20260527_161940.log')}
2026-05-27 16:51:16,586 - watchfiles.main - DEBUG - 1 change detected: {(<Change.modified: 2>, '/workspace/app/backend/logs/app_20260527_161940.log')}
2026-05-27 16:51:16,937 - watchfiles.main - DEBUG - 1 change detected: {(<Change.modified: 2>, '/workspace/app/backend/logs/app_20260527_161940.log')}
2026-05-27 16:51:17,287 - watchfiles.main - DEBUG - 1 change detected: {(<Change.modified: 2>, '/workspace/app/backend/logs/app_20260527_161940.log')}
2026-05-27 16:51:17,639 - watchfiles.main - DEBUG - 1 change detected: {(<Change.modified: 2>, '/workspace/app/backend/logs/app_20260527_161940.log')}
2026-05-27 16:51:17,989 - watchfiles.main - DEBUG - 1 change detected: {(<Change.modified: 2>, '/workspace/app/backend/logs/app_20260527_161940.log')}
2026-05-27 16:51:18,340 - watchfiles.main - DEBUG - 1 change detected: {(<Change.modified: 2>, '/workspace/app/backend/logs/app_20260527_161940.log')}
2026-05-27 16:51:18,691 - watchfiles.main - DEBUG - 1 change detected: {(<Change.modified: 2>, '/workspace/app/backend/logs/app_20260527_161940.log')}
2026-05-27 16:51:19,043 - watchfiles.main - DEBUG - 1 change detected: {(<Change.modified: 2>, '/workspace/app/backend/logs/app_20260527_161940.log')}
2026-05-27 16:51:19,395 - watchfiles.main - DEBUG - 1 change detected: {(<Change.modified: 2>, '/workspace/app/backend/logs/app_20260527_161940.log')}
2026-05-27 16:51:19,745 - watchfiles.main - DEBUG - 1 change detected: {(<Change.modified: 2>, '/workspace/app/backend/logs/app_20260527_161940.log')}
2026-05-27 16:51:20,096 - watchfiles.main - DEBUG - 1 change detected: {(<Change.modified: 2>, '/workspace/app/backend/logs/app_20260527_161940.log')}
2026-05-27 16:51:20,447 - watchfiles.main - DEBUG - 1 change detected: {(<Change.modified: 2>, '/workspace/app/backend/logs/app_20260527_161940.log')}
2026-05-27 16:51:20,805 - watchfiles.main - DEBUG - 1 change detected: {(<Change.modified: 2>, '/workspace/app/backend/logs/app_20260527_161940.log')}
2026-05-27 16:51:21,156 - watchfiles.main - DEBUG - 1 change detected: {(<Change.modified: 2>, '/workspace/app/backend/logs/app_20260527_161940.log')}
2026-05-27 16:51:21,507 - watchfiles.main - DEBUG - 1 change detected: {(<Change.modified: 2>, '/workspace/app/backend/logs/app_20260527_161940.log')}
2026-05-27 16:51:21,860 - watchfiles.main - DEBUG - 1 change detected: {(<Change.modified: 2>, '/workspace/app/backend/logs/app_20260527_161940.log')}
2026-05-27 16:51:22,211 - watchfiles.main - DEBUG - 1 change detected: {(<Change.modified: 2>, '/workspace/app/backend/logs/app_20260527_161940.log')}
2026-05-27 16:51:22,562 - watchfiles.main - DEBUG - 1 change detected: {(<Change.modified: 2>, '/workspace/app/backend/logs/app_20260527_161940.log')}
2026-05-27 16:51:22,913 - watchfiles.main - DEBUG - 1 change detected: {(<Change.modified: 2>, '/workspace/app/backend/logs/app_20260527_161940.log')}
2026-05-27 16:51:23,264 - watchfiles.main - DEBUG - 1 change detected: {(<Change.modified: 2>, '/workspace/app/backend/logs/app_20260527_161940.log')}
2026-05-27 16:51:23,615 - watchfiles.main - DEBUG - 1 change detected: {(<Change.modified: 2>, '/workspace/app/backend/logs/app_20260527_161940.log')}
2026-05-27 16:51:23,966 - watchfiles.main - DEBUG - 1 change detected: {(<Change.modified: 2>, '/workspace/app/backend/logs/app_20260527_161940.log')}
2026-05-27 16:51:24,317 - watchfiles.main - DEBUG - 1 change detected: {(<Change.modified: 2>, '/workspace/app/backend/logs/app_20260527_161940.log')}
2026-05-27 16:51:24,668 - watchfiles.main - DEBUG - 1 change detected: {(<Change.modified: 2>, '/workspace/app/backend/logs/app_20260527_161940.log')}
2026-05-27 16:51:25,019 - watchfiles.main - DEBUG - 1 change detected: {(<Change.modified: 2>, '/workspace/app/backend/logs/app_20260527_161940.log')}
2026-05-27 16:51:25,370 - watchfiles.main - DEBUG - 1 change detected: {(<Change.modified: 2>, '/workspace/app/backend/logs/app_20260527_161940.log')}
2026-05-27 16:51:25,721 - watchfiles.main - DEBUG - 1 change detected: {(<Change.modified: 2>, '/workspace/app/backend/logs/app_20260527_161940.log')}
2026-05-27 16:51:26,071 - watchfiles.main - DEBUG - 1 change detected: {(<Change.modified: 2>, '/workspace/app/backend/logs/app_20260527_161940.log')}
2026-05-27 16:51:26,434 - watchfiles.main - DEBUG - 1 change detected: {(<Change.modified: 2>, '/workspace/app/backend/logs/app_20260527_161940.log')}
2026-05-27 16:51:26,785 - watchfiles.main - DEBUG - 1 change detected: {(<Change.modified: 2>, '/workspace/app/backend/logs/app_20260527_161940.log')}
2026-05-27 16:51:27,136 - watchfiles.main - DEBUG - 1 change detected: {(<Change.modified: 2>, '/workspace/app/backend/logs/app_20260527_161940.log')}
2026-05-27 16:51:27,487 - watchfiles.main - DEBUG - 1 change detected: {(<Change.modified: 2>, '/workspace/app/backend/logs/app_20260527_161940.log')}
2026-05-27 16:51:27,838 - watchfiles.main - DEBUG - 1 change detected: {(<Change.modified: 2>, '/workspace/app/backend/logs/app_20260527_161940.log')}
2026-05-27 16:51:28,189 - watchfiles.main - DEBUG - 1 change detected: {(<Change.modified: 2>, '/workspace/app/backend/logs/app_20260527_161940.log')}
2026-05-27 16:51:28,540 - watchfiles.main - DEBUG - 1 change detected: {(<Change.modified: 2>, '/workspace/app/backend/logs/app_20260527_161940.log')}
2026-05-27 16:51:28,891 - watchfiles.main - DEBUG - 1 change detected: {(<Change.modified: 2>, '/workspace/app/backend/logs/app_20260527_161940.log')}
2026-05-27 16:51:29,242 - watchfiles.main - DEBUG - 1 change detected: {(<Change.modified: 2>, '/workspace/app/backend/logs/app_20260527_161940.log')}
2026-05-27 16:51:29,593 - watchfiles.main - DEBUG - 1 change detected: {(<Change.modified: 2>, '/workspace/app/backend/logs/app_20260527_161940.log')}
2026-05-27 16:51:29,945 - watchfiles.main - DEBUG - 1 change detected: {(<Change.modified: 2>, '/workspace/app/backend/logs/app_20260527_161940.log')}
2026-05-27 16:51:30,296 - watchfiles.main - DEBUG - 1 change detected: {(<Change.modified: 2>, '/workspace/app/backend/logs/app_20260527_161940.log')}
2026-05-27 16:51:30,648 - watchfiles.main - DEBUG - 1 change detected: {(<Change.modified: 2>, '/workspace/app/backend/logs/app_20260527_161940.log')}
2026-05-27 16:51:30,999 - watchfiles.main - DEBUG - 1 change detected: {(<Change.modified: 2>, '/workspace/app/backend/logs/app_20260527_161940.log')}
2026-05-27 16:51:31,350 - watchfiles.main - DEBUG - 1 change detected: {(<Change.modified: 2>, '/workspace/app/backend/logs/app_20260527_161940.log')}
2026-05-27 16:51:31,701 - watchfiles.main - DEBUG - 1 change detected: {(<Change.modified: 2>, '/workspace/app/backend/logs/app_20260527_161940.log')}
2026-05-27 16:51:32,052 - watchfiles.main - DEBUG - 1 change detected: {(<Change.modified: 2>, '/workspace/app/backend/logs/app_20260527_161940.log')}
2026-05-27 16:51:32,403 - watchfiles.main - DEBUG - 1 change detected: {(<Change.modified: 2>, '/workspace/app/backend/logs/app_20260527_161940.log')}
2026-05-27 16:51:32,754 - watchfiles.main - DEBUG - 1 change detected: {(<Change.modified: 2>, '/workspace/app/backend/logs/app_20260527_161940.log')}
2026-05-27 16:51:33,105 - watchfiles.main - DEBUG - 1 change detected: {(<Change.modified: 2>, '/workspace/app/backend/logs/app_20260527_161940.log')}
2026-05-27 16:51:33,456 - watchfiles.main - DEBUG - 1 change detected: {(<Change.modified: 2>, '/workspace/app/backend/logs/app_20260527_161940.log')}
2026-05-27 16:51:33,807 - watchfiles.main - DEBUG - 1 change detected: {(<Change.modified: 2>, '/workspace/app/backend/logs/app_20260527_161940.log')}
2026-05-27 16:51:34,158 - watchfiles.main - DEBUG - 1 change detected: {(<Change.modified: 2>, '/workspace/app/backend/logs/app_20260527_161940.log')}
2026-05-27 16:51:34,509 - watchfiles.main - DEBUG - 1 change detected: {(<Change.modified: 2>, '/workspace/app/backend/logs/app_20260527_161940.log')}
2026-05-27 16:51:34,860 - watchfiles.main - DEBUG - 1 change detected: {(<Change.modified: 2>, '/workspace/app/backend/logs/app_20260527_161940.log')}
2026-05-27 16:51:35,211 - watchfiles.main - DEBUG - 1 change detected: {(<Change.modified: 2>, '/workspace/app/backend/logs/app_20260527_161940.log')}
2026-05-27 16:51:35,562 - watchfiles.main - DEBUG - 1 change detected: {(<Change.modified: 2>, '/workspace/app/backend/logs/app_20260527_161940.log')}
2026-05-27 16:51:35,913 - watchfiles.main - DEBUG - 1 change detected: {(<Change.modified: 2>, '/workspace/app/backend/logs/app_20260527_161940.log')}
2026-05-27 16:51:36,264 - watchfiles.main - DEBUG - 1 change detected: {(<Change.modified: 2>, '/workspace/app/backend/logs/app_20260527_161940.log')}
2026-05-27 16:51:36,615 - watchfiles.main - DEBUG - 1 change detected: {(<Change.modified: 2>, '/workspace/app/backend/logs/app_20260527_161940.log')}
2026-05-27 16:51:36,966 - watchfiles.main - DEBUG - 1 change detected: {(<Change.modified: 2>, '/workspace/app/backend/logs/app_20260527_161940.log')}
2026-05-27 16:51:37,317 - watchfiles.main - DEBUG - 1 change detected: {(<Change.modified: 2>, '/workspace/app/backend/logs/app_20260527_161940.log')}
2026-05-27 16:51:37,668 - watchfiles.main - DEBUG - 1 change detected: {(<Change.modified: 2>, '/workspace/app/backend/logs/app_20260527_161940.log')}
2026-05-27 16:51:38,019 - watchfiles.main - DEBUG - 1 change detected: {(<Change.modified: 2>, '/workspace/app/backend/logs/app_20260527_161940.log')}
2026-05-27 16:51:38,370 - watchfiles.main - DEBUG - 1 change detected: {(<Change.modified: 2>, '/workspace/app/backend/logs/app_20260527_161940.log')}
2026-05-27 16:51:38,721 - watchfiles.main - DEBUG - 1 change detected: {(<Change.modified: 2>, '/workspace/app/backend/logs/app_20260527_161940.log')}
2026-05-27 16:51:39,072 - watchfiles.main - DEBUG - 1 change detected: {(<Change.modified: 2>, '/workspace/app/backend/logs/app_20260527_161940.log')}
2026-05-27 16:51:39,423 - watchfiles.main - DEBUG - 1 change detected: {(<Change.modified: 2>, '/workspace/app/backend/logs/app_20260527_161940.log')}
2026-05-27 16:51:39,774 - watchfiles.main - DEBUG - 1 change detected: {(<Change.modified: 2>, '/workspace/app/backend/logs/app_20260527_161940.log')}
2026-05-27 16:51:40,125 - watchfiles.main - DEBUG - 1 change detected: {(<Change.modified: 2>, '/workspace/app/backend/logs/app_20260527_161940.log')}
2026-05-27 16:51:40,476 - watchfiles.main - DEBUG - 1 change detected: {(<Change.modified: 2>, '/workspace/app/backend/logs/app_20260527_161940.log')}
2026-05-27 16:51:40,827 - watchfiles.main - DEBUG - 1 change detected: {(<Change.modified: 2>, '/workspace/app/backend/logs/app_20260527_161940.log')}
2026-05-27 16:51:41,178 - watchfiles.main - DEBUG - 1 change detected: {(<Change.modified: 2>, '/workspace/app/backend/logs/app_20260527_161940.log')}
2026-05-27 16:51:41,529 - watchfiles.main - DEBUG - 1 change detected: {(<Change.modified: 2>, '/workspace/app/backend/logs/app_20260527_161940.log')}
2026-05-27 16:51:41,881 - watchfiles.main - DEBUG - 1 change detected: {(<Change.modified: 2>, '/workspace/app/backend/logs/app_20260527_161940.log')}
2026-05-27 16:51:42,231 - watchfiles.main - DEBUG - 1 change detected: {(<Change.modified: 2>, '/workspace/app/backend/logs/app_20260527_161940.log')}
2026-05-27 16:51:42,582 - watchfiles.main - DEBUG - 1 change detected: {(<Change.modified: 2>, '/workspace/app/backend/logs/app_20260527_161940.log')}
2026-05-27 16:51:42,933 - watchfiles.main - DEBUG - 1 change detected: {(<Change.modified: 2>, '/workspace/app/backend/logs/app_20260527_161940.log')}
2026-05-27 16:51:43,284 - watchfiles.main - DEBUG - 1 change detected: {(<Change.modified: 2>, '/workspace/app/backend/logs/app_20260527_161940.log')}
2026-05-27 16:51:43,635 - watchfiles.main - DEBUG - 1 change detected: {(<Change.modified: 2>, '/workspace/app/backend/logs/app_20260527_161940.log')}
2026-05-27 16:51:43,986 - watchfiles.main - DEBUG - 1 change detected: {(<Change.modified: 2>, '/workspace/app/backend/logs/app_20260527_161940.log')}
2026-05-27 16:51:44,337 - watchfiles.main - DEBUG - 1 change detected: {(<Change.modified: 2>, '/workspace/app/backend/logs/app_20260527_161940.log')}
2026-05-27 16:51:44,688 - watchfiles.main - DEBUG - 1 change detected: {(<Change.modified: 2>, '/workspace/app/backend/logs/app_20260527_161940.log')}
2026-05-27 16:51:45,040 - watchfiles.main - DEBUG - 1 change detected: {(<Change.modified: 2>, '/workspace/app/backend/logs/app_20260527_161940.log')}
2026-05-27 16:51:45,391 - watchfiles.main - DEBUG - 1 change detected: {(<Change.modified: 2>, '/workspace/app/backend/logs/app_20260527_161940.log')}
2026-05-27 16:51:45,742 - watchfiles.main - DEBUG - 1 change detected: {(<Change.modified: 2>, '/workspace/app/backend/logs/app_20260527_161940.log')}
2026-05-27 16:51:46,093 - watchfiles.main - DEBUG - 1 change detected: {(<Change.modified: 2>, '/workspace/app/backend/logs/app_20260527_161940.log')}
2026-05-27 16:51:46,444 - watchfiles.main - DEBUG - 1 change detected: {(<Change.modified: 2>, '/workspace/app/backend/logs/app_20260527_161940.log')}
2026-05-27 16:51:46,795 - watchfiles.main - DEBUG - 1 change detected: {(<Change.modified: 2>, '/workspace/app/backend/logs/app_20260527_161940.log')}
2026-05-27 16:51:47,146 - watchfiles.main - DEBUG - 1 change detected: {(<Change.modified: 2>, '/workspace/app/backend/logs/app_20260527_161940.log')}
2026-05-27 16:51:47,497 - watchfiles.main - DEBUG - 1 change detected: {(<Change.modified: 2>, '/workspace/app/backend/logs/app_20260527_161940.log')}
2026-05-27 16:51:47,848 - watchfiles.main - DEBUG - 1 change detected: {(<Change.modified: 2>, '/workspace/app/backend/logs/app_20260527_161940.log')}
2026-05-27 16:51:48,199 - watchfiles.main - DEBUG - 1 change detected: {(<Change.modified: 2>, '/workspace/app/backend/logs/app_20260527_161940.log')}
2026-05-27 16:51:48,550 - watchfiles.main - DEBUG - 1 change detected: {(<Change.modified: 2>, '/workspace/app/backend/logs/app_20260527_161940.log')}
2026-05-27 16:51:48,901 - watchfiles.main - DEBUG - 1 change detected: {(<Change.modified: 2>, '/workspace/app/backend/logs/app_20260527_161940.log')}
2026-05-27 16:51:49,251 - watchfiles.main - DEBUG - 1 change detected: {(<Change.modified: 2>, '/workspace/app/backend/logs/app_20260527_161940.log')}
2026-05-27 16:51:49,602 - watchfiles.main - DEBUG - 1 change detected: {(<Change.modified: 2>, '/workspace/app/backend/logs/app_20260527_161940.log')}
2026-05-27 16:51:49,953 - watchfiles.main - DEBUG - 1 change detected: {(<Change.modified: 2>, '/workspace/app/backend/logs/app_20260527_161940.log')}
2026-05-27 16:51:50,304 - watchfiles.main - DEBUG - 1 change detected: {(<Change.modified: 2>, '/workspace/app/backend/logs/app_20260527_161940.log')}
2026-05-27 16:51:50,655 - watchfiles.main - DEBUG - 1 change detected: {(<Change.modified: 2>, '/workspace/app/backend/logs/app_20260527_161940.log')}
2026-05-27 16:51:51,006 - watchfiles.main - DEBUG - 1 change detected: {(<Change.modified: 2>, '/workspace/app/backend/logs/app_20260527_161940.log')}
2026-05-27 16:51:51,357 - watchfiles.main - DEBUG - 1 change detected: {(<Change.modified: 2>, '/workspace/app/backend/logs/app_20260527_161940.log')}
2026-05-27 16:51:51,708 - watchfiles.main - DEBUG - 1 change detected: {(<Change.modified: 2>, '/workspace/app/backend/logs/app_20260527_161940.log')}
2026-05-27 16:51:52,059 - watchfiles.main - DEBUG - 1 change detected: {(<Change.modified: 2>, '/workspace/app/backend/logs/app_20260527_161940.log')}
2026-05-27 16:51:52,410 - watchfiles.main - DEBUG - 1 change detected: {(<Change.modified: 2>, '/workspace/app/backend/logs/app_20260527_161940.log')}
2026-05-27 16:51:52,761 - watchfiles.main - DEBUG - 1 change detected: {(<Change.modified: 2>, '/workspace/app/backend/logs/app_20260527_161940.log')}
2026-05-27 16:51:53,111 - watchfiles.main - DEBUG - 1 change detected: {(<Change.modified: 2>, '/workspace/app/backend/logs/app_20260527_161940.log')}
2026-05-27 16:51:53,462 - watchfiles.main - DEBUG - 1 change detected: {(<Change.modified: 2>, '/workspace/app/backend/logs/app_20260527_161940.log')}
2026-05-27 16:51:53,814 - watchfiles.main - DEBUG - 1 change detected: {(<Change.modified: 2>, '/workspace/app/backend/logs/app_20260527_161940.log')}
2026-05-27 16:51:54,165 - watchfiles.main - DEBUG - 1 change detected: {(<Change.modified: 2>, '/workspace/app/backend/logs/app_20260527_161940.log')}
2026-05-27 16:51:54,516 - watchfiles.main - DEBUG - 1 change detected: {(<Change.modified: 2>, '/workspace/app/backend/logs/app_20260527_161940.log')}
2026-05-27 16:51:54,867 - watchfiles.main - DEBUG - 1 change detected: {(<Change.modified: 2>, '/workspace/app/backend/logs/app_20260527_161940.log')}
2026-05-27 16:51:55,218 - watchfiles.main - DEBUG - 1 change detected: {(<Change.modified: 2>, '/workspace/app/backend/logs/app_20260527_161940.log')}
2026-05-27 16:51:55,569 - watchfiles.main - DEBUG - 1 change detected: {(<Change.modified: 2>, '/workspace/app/backend/logs/app_20260527_161940.log')}
2026-05-27 16:51:55,920 - watchfiles.main - DEBUG - 1 change detected: {(<Change.modified: 2>, '/workspace/app/backend/logs/app_20260527_161940.log')}
2026-05-27 16:51:56,271 - watchfiles.main - DEBUG - 1 change detected: {(<Change.modified: 2>, '/workspace/app/backend/logs/app_20260527_161940.log')}
2026-05-27 16:51:56,622 - watchfiles.main - DEBUG - 1 change detected: {(<Change.modified: 2>, '/workspace/app/backend/logs/app_20260527_161940.log')}
2026-05-27 16:51:56,973 - watchfiles.main - DEBUG - 1 change detected: {(<Change.modified: 2>, '/workspace/app/backend/logs/app_20260527_161940.log')}
2026-05-27 16:51:57,324 - watchfiles.main - DEBUG - 1 change detected: {(<Change.modified: 2>, '/workspace/app/backend/logs/app_20260527_161940.log')}
2026-05-27 16:51:57,675 - watchfiles.main - DEBUG - 1 change detected: {(<Change.modified: 2>, '/workspace/app/backend/logs/app_20260527_161940.log')}
2026-05-27 16:51:58,026 - watchfiles.main - DEBUG - 1 change detected: {(<Change.modified: 2>, '/workspace/app/backend/logs/app_20260527_161940.log')}
2026-05-27 16:51:58,377 - watchfiles.main - DEBUG - 1 change detected: {(<Change.modified: 2>, '/workspace/app/backend/logs/app_20260527_161940.log')}
2026-05-27 16:51:58,728 - watchfiles.main - DEBUG - 1 change detected: {(<Change.modified: 2>, '/workspace/app/backend/logs/app_20260527_161940.log')}
2026-05-27 16:51:59,079 - watchfiles.main - DEBUG - 1 change detected: {(<Change.modified: 2>, '/workspace/app/backend/logs/app_20260527_161940.log')}
2026-05-27 16:51:59,430 - watchfiles.main - DEBUG - 1 change detected: {(<Change.modified: 2>, '/workspace/app/backend/logs/app_20260527_161940.log')}
2026-05-27 16:51:59,781 - watchfiles.main - DEBUG - 1 change detected: {(<Change.modified: 2>, '/workspace/app/backend/logs/app_20260527_161940.log')}
2026-05-27 16:52:00,132 - watchfiles.main - DEBUG - 1 change detected: {(<Change.modified: 2>, '/workspace/app/backend/logs/app_20260527_161940.log')}
2026-05-27 16:52:00,483 - watchfiles.main - DEBUG - 1 change detected: {(<Change.modified: 2>, '/workspace/app/backend/logs/app_20260527_161940.log')}
2026-05-27 16:52:00,834 - watchfiles.main - DEBUG - 1 change detected: {(<Change.modified: 2>, '/workspace/app/backend/logs/app_20260527_161940.log')}
2026-05-27 16:52:01,185 - watchfiles.main - DEBUG - 1 change detected: {(<Change.modified: 2>, '/workspace/app/backend/logs/app_20260527_161940.log')}
2026-05-27 16:52:01,535 - watchfiles.main - DEBUG - 1 change detected: {(<Change.modified: 2>, '/workspace/app/backend/logs/app_20260527_161940.log')}
2026-05-27 16:52:01,886 - watchfiles.main - DEBUG - 1 change detected: {(<Change.modified: 2>, '/workspace/app/backend/logs/app_20260527_161940.log')}
2026-05-27 16:52:02,237 - watchfiles.main - DEBUG - 1 change detected: {(<Change.modified: 2>, '/workspace/app/backend/logs/app_20260527_161940.log')}
2026-05-27 16:52:02,588 - watchfiles.main - DEBUG - 1 change detected: {(<Change.modified: 2>, '/workspace/app/backend/logs/app_20260527_161940.log')}
2026-05-27 16:52:02,939 - watchfiles.main - DEBUG - 1 change detected: {(<Change.modified: 2>, '/workspace/app/backend/logs/app_20260527_161940.log')}
2026-05-27 16:52:03,290 - watchfiles.main - DEBUG - 1 change detected: {(<Change.modified: 2>, '/workspace/app/backend/logs/app_20260527_161940.log')}
2026-05-27 16:52:03,641 - watchfiles.main - DEBUG - 1 change detected: {(<Change.modified: 2>, '/workspace/app/backend/logs/app_20260527_161940.log')}
2026-05-27 16:52:03,992 - watchfiles.main - DEBUG - 1 change detected: {(<Change.modified: 2>, '/workspace/app/backend/logs/app_20260527_161940.log')}
2026-05-27 16:52:04,343 - watchfiles.main - DEBUG - 1 change detected: {(<Change.modified: 2>, '/workspace/app/backend/logs/app_20260527_161940.log')}
2026-05-27 16:52:04,694 - watchfiles.main - DEBUG - 1 change detected: {(<Change.modified: 2>, '/workspace/app/backend/logs/app_20260527_161940.log')}
2026-05-27 16:52:05,045 - watchfiles.main - DEBUG - 1 change detected: {(<Change.modified: 2>, '/workspace/app/backend/logs/app_20260527_161940.log')}
2026-05-27 16:52:05,396 - watchfiles.main - DEBUG - 1 change detected: {(<Change.modified: 2>, '/workspace/app/backend/logs/app_20260527_161940.log')}
2026-05-27 16:52:05,747 - watchfiles.main - DEBUG - 1 change detected: {(<Change.modified: 2>, '/workspace/app/backend/logs/app_20260527_161940.log')}
2026-05-27 16:52:06,098 - watchfiles.main - DEBUG - 1 change detected: {(<Change.modified: 2>, '/workspace/app/backend/logs/app_20260527_161940.log')}
2026-05-27 16:52:06,449 - watchfiles.main - DEBUG - 1 change detected: {(<Change.modified: 2>, '/workspace/app/backend/logs/app_20260527_161940.log')}
2026-05-27 16:52:06,800 - watchfiles.main - DEBUG - 1 change detected: {(<Change.modified: 2>, '/workspace/app/backend/logs/app_20260527_161940.log')}
2026-05-27 16:52:07,151 - watchfiles.main - DEBUG - 1 change detected: {(<Change.modified: 2>, '/workspace/app/backend/logs/app_20260527_161940.log')}
2026-05-27 16:52:07,502 - watchfiles.main - DEBUG - 1 change detected: {(<Change.modified: 2>, '/workspace/app/backend/logs/app_20260527_161940.log')}
2026-05-27 16:52:07,853 - watchfiles.main - DEBUG - 1 change detected: {(<Change.modified: 2>, '/workspace/app/backend/logs/app_20260527_161940.log')}
2026-05-27 16:52:08,203 - watchfiles.main - DEBUG - 1 change detected: {(<Change.modified: 2>, '/workspace/app/backend/logs/app_20260527_161940.log')}
2026-05-27 16:52:08,555 - watchfiles.main - DEBUG - 1 change detected: {(<Change.modified: 2>, '/workspace/app/backend/logs/app_20260527_161940.log')}
2026-05-27 16:52:08,906 - watchfiles.main - DEBUG - 1 change detected: {(<Change.modified: 2>, '/workspace/app/backend/logs/app_20260527_161940.log')}
2026-05-27 16:52:09,257 - watchfiles.main - DEBUG - 1 change detected: {(<Change.modified: 2>, '/workspace/app/backend/logs/app_20260527_161940.log')}
2026-05-27 16:52:09,608 - watchfiles.main - DEBUG - 1 change detected: {(<Change.modified: 2>, '/workspace/app/backend/logs/app_20260527_161940.log')}
2026-05-27 16:52:09,959 - watchfiles.main - DEBUG - 1 change detected: {(<Change.modified: 2>, '/workspace/app/backend/logs/app_20260527_161940.log')}
2026-05-27 16:52:10,310 - watchfiles.main - DEBUG - 1 change detected: {(<Change.modified: 2>, '/workspace/app/backend/logs/app_20260527_161940.log')}
2026-05-27 16:52:10,661 - watchfiles.main - DEBUG - 1 change detected: {(<Change.modified: 2>, '/workspace/app/backend/logs/app_20260527_161940.log')}
2026-05-27 16:52:11,012 - watchfiles.main - DEBUG - 1 change detected: {(<Change.modified: 2>, '/workspace/app/backend/logs/app_20260527_161940.log')}
2026-05-27 16:52:11,363 - watchfiles.main - DEBUG - 1 change detected: {(<Change.modified: 2>, '/workspace/app/backend/logs/app_20260527_161940.log')}
2026-05-27 16:52:11,714 - watchfiles.main - DEBUG - 1 change detected: {(<Change.modified: 2>, '/workspace/app/backend/logs/app_20260527_161940.log')}
2026-05-27 16:52:12,065 - watchfiles.main - DEBUG - 1 change detected: {(<Change.modified: 2>, '/workspace/app/backend/logs/app_20260527_161940.log')}
2026-05-27 16:52:12,416 - watchfiles.main - DEBUG - 1 change detected: {(<Change.modified: 2>, '/workspace/app/backend/logs/app_20260527_161940.log')}
2026-05-27 16:52:12,767 - watchfiles.main - DEBUG - 1 change detected: {(<Change.modified: 2>, '/workspace/app/backend/logs/app_20260527_161940.log')}
2026-05-27 16:52:13,118 - watchfiles.main - DEBUG - 1 change detected: {(<Change.modified: 2>, '/workspace/app/backend/logs/app_20260527_161940.log')}
2026-05-27 16:52:13,469 - watchfiles.main - DEBUG - 1 change detected: {(<Change.modified: 2>, '/workspace/app/backend/logs/app_20260527_161940.log')}
2026-05-27 16:52:13,820 - watchfiles.main - DEBUG - 1 change detected: {(<Change.modified: 2>, '/workspace/app/backend/logs/app_20260527_161940.log')}
2026-05-27 16:52:14,171 - watchfiles.main - DEBUG - 1 change detected: {(<Change.modified: 2>, '/workspace/app/backend/logs/app_20260527_161940.log')}
2026-05-27 16:52:14,521 - watchfiles.main - DEBUG - 1 change detected: {(<Change.modified: 2>, '/workspace/app/backend/logs/app_20260527_161940.log')}
2026-05-27 16:52:14,872 - watchfiles.main - DEBUG - 1 change detected: {(<Change.modified: 2>, '/workspace/app/backend/logs/app_20260527_161940.log')}
2026-05-27 16:52:15,223 - watchfiles.main - DEBUG - 1 change detected: {(<Change.modified: 2>, '/workspace/app/backend/logs/app_20260527_161940.log')}
2026-05-27 16:52:15,574 - watchfiles.main - DEBUG - 1 change detected: {(<Change.modified: 2>, '/workspace/app/backend/logs/app_20260527_161940.log')}
2026-05-27 16:52:15,925 - watchfiles.main - DEBUG - 1 change detected: {(<Change.modified: 2>, '/workspace/app/backend/logs/app_20260527_161940.log')}
2026-05-27 16:52:16,276 - watchfiles.main - DEBUG - 1 change detected: {(<Change.modified: 2>, '/workspace/app/backend/logs/app_20260527_161940.log')}
2026-05-27 16:52:16,627 - watchfiles.main - DEBUG - 1 change detected: {(<Change.modified: 2>, '/workspace/app/backend/logs/app_20260527_161940.log')}
2026-05-27 16:52:16,978 - watchfiles.main - DEBUG - 1 change detected: {(<Change.modified: 2>, '/workspace/app/backend/logs/app_20260527_161940.log')}
2026-05-27 16:52:17,329 - watchfiles.main - DEBUG - 1 change detected: {(<Change.modified: 2>, '/workspace/app/backend/logs/app_20260527_161940.log')}
2026-05-27 16:52:17,680 - watchfiles.main - DEBUG - 1 change detected: {(<Change.modified: 2>, '/workspace/app/backend/logs/app_20260527_161940.log')}
2026-05-27 16:52:18,031 - watchfiles.main - DEBUG - 1 change detected: {(<Change.modified: 2>, '/workspace/app/backend/logs/app_20260527_161940.log')}
2026-05-27 16:52:18,382 - watchfiles.main - DEBUG - 1 change detected: {(<Change.modified: 2>, '/workspace/app/backend/logs/app_20260527_161940.log')}
2026-05-27 16:52:18,733 - watchfiles.main - DEBUG - 1 change detected: {(<Change.modified: 2>, '/workspace/app/backend/logs/app_20260527_161940.log')}
2026-05-27 16:52:19,084 - watchfiles.main - DEBUG - 1 change detected: {(<Change.modified: 2>, '/workspace/app/backend/logs/app_20260527_161940.log')}
2026-05-27 16:52:19,435 - watchfiles.main - DEBUG - 1 change detected: {(<Change.modified: 2>, '/workspace/app/backend/logs/app_20260527_161940.log')}
2026-05-27 16:52:19,786 - watchfiles.main - DEBUG - 1 change detected: {(<Change.modified: 2>, '/workspace/app/backend/logs/app_20260527_161940.log')}
2026-05-27 16:52:20,137 - watchfiles.main - DEBUG - 1 change detected: {(<Change.modified: 2>, '/workspace/app/backend/logs/app_20260527_161940.log')}
2026-05-27 16:52:20,488 - watchfiles.main - DEBUG - 1 change detected: {(<Change.modified: 2>, '/workspace/app/backend/logs/app_20260527_161940.log')}
2026-05-27 16:52:20,839 - watchfiles.main - DEBUG - 1 change detected: {(<Change.modified: 2>, '/workspace/app/backend/logs/app_20260527_161940.log')}
2026-05-27 16:52:21,190 - watchfiles.main - DEBUG - 1 change detected: {(<Change.modified: 2>, '/workspace/app/backend/logs/app_20260527_161940.log')}
2026-05-27 16:52:21,541 - watchfiles.main - DEBUG - 1 change detected: {(<Change.modified: 2>, '/workspace/app/backend/logs/app_20260527_161940.log')}
2026-05-27 16:52:21,892 - watchfiles.main - DEBUG - 1 change detected: {(<Change.modified: 2>, '/workspace/app/backend/logs/app_20260527_161940.log')}
2026-05-27 16:52:22,243 - watchfiles.main - DEBUG - 1 change detected: {(<Change.modified: 2>, '/workspace/app/backend/logs/app_20260527_161940.log')}
2026-05-27 16:52:22,594 - watchfiles.main - DEBUG - 1 change detected: {(<Change.modified: 2>, '/workspace/app/backend/logs/app_20260527_161940.log')}
2026-05-27 16:52:22,944 - watchfiles.main - DEBUG - 1 change detected: {(<Change.modified: 2>, '/workspace/app/backend/logs/app_20260527_161940.log')}
2026-05-27 16:52:23,295 - watchfiles.main - DEBUG - 1 change detected: {(<Change.modified: 2>, '/workspace/app/backend/logs/app_20260527_161940.log')}
2026-05-27 16:52:23,646 - watchfiles.main - DEBUG - 1 change detected: {(<Change.modified: 2>, '/workspace/app/backend/logs/app_20260527_161940.log')}
2026-05-27 16:52:23,997 - watchfiles.main - DEBUG - 1 change detected: {(<Change.modified: 2>, '/workspace/app/backend/logs/app_20260527_161940.log')}
2026-05-27 16:52:24,348 - watchfiles.main - DEBUG - 1 change detected: {(<Change.modified: 2>, '/workspace/app/backend/logs/app_20260527_161940.log')}
2026-05-27 16:52:24,699 - watchfiles.main - DEBUG - 1 change detected: {(<Change.modified: 2>, '/workspace/app/backend/logs/app_20260527_161940.log')}
2026-05-27 16:52:25,050 - watchfiles.main - DEBUG - 1 change detected: {(<Change.modified: 2>, '/workspace/app/backend/logs/app_20260527_161940.log')}
2026-05-27 16:52:25,401 - watchfiles.main - DEBUG - 1 change detected: {(<Change.modified: 2>, '/workspace/app/backend/logs/app_20260527_161940.log')}
2026-05-27 16:52:25,752 - watchfiles.main - DEBUG - 1 change detected: {(<Change.modified: 2>, '/workspace/app/backend/logs/app_20260527_161940.log')}
2026-05-27 16:52:26,103 - watchfiles.main - DEBUG - 1 change detected: {(<Change.modified: 2>, '/workspace/app/backend/logs/app_20260527_161940.log')}
2026-05-27 16:52:26,453 - watchfiles.main - DEBUG - 1 change detected: {(<Change.modified: 2>, '/workspace/app/backend/logs/app_20260527_161940.log')}
2026-05-27 16:52:26,804 - watchfiles.main - DEBUG - 1 change detected: {(<Change.modified: 2>, '/workspace/app/backend/logs/app_20260527_161940.log')}
2026-05-27 16:52:27,155 - watchfiles.main - DEBUG - 1 change detected: {(<Change.modified: 2>, '/workspace/app/backend/logs/app_20260527_161940.log')}
2026-05-27 16:52:27,506 - watchfiles.main - DEBUG - 1 change detected: {(<Change.modified: 2>, '/workspace/app/backend/logs/app_20260527_161940.log')}
2026-05-27 16:52:27,857 - watchfiles.main - DEBUG - 1 change detected: {(<Change.modified: 2>, '/workspace/app/backend/logs/app_20260527_161940.log')}
2026-05-27 16:52:28,208 - watchfiles.main - DEBUG - 1 change detected: {(<Change.modified: 2>, '/workspace/app/backend/logs/app_20260527_161940.log')}
2026-05-27 16:52:28,559 - watchfiles.main - DEBUG - 1 change detected: {(<Change.modified: 2>, '/workspace/app/backend/logs/app_20260527_161940.log')}
2026-05-27 16:52:28,910 - watchfiles.main - DEBUG - 1 change detected: {(<Change.modified: 2>, '/workspace/app/backend/logs/app_20260527_161940.log')}
2026-05-27 16:52:29,261 - watchfiles.main - DEBUG - 1 change detected: {(<Change.modified: 2>, '/workspace/app/backend/logs/app_20260527_161940.log')}
2026-05-27 16:52:29,612 - watchfiles.main - DEBUG - 1 change detected: {(<Change.modified: 2>, '/workspace/app/backend/logs/app_20260527_161940.log')}
2026-05-27 16:52:29,963 - watchfiles.main - DEBUG - 1 change detected: {(<Change.modified: 2>, '/workspace/app/backend/logs/app_20260527_161940.log')}
2026-05-27 16:52:30,314 - watchfiles.main - DEBUG - 1 change detected: {(<Change.modified: 2>, '/workspace/app/backend/logs/app_20260527_161940.log')}
2026-05-27 16:52:30,665 - watchfiles.main - DEBUG - 1 change detected: {(<Change.modified: 2>, '/workspace/app/backend/logs/app_20260527_161940.log')}
2026-05-27 16:52:31,016 - watchfiles.main - DEBUG - 1 change detected: {(<Change.modified: 2>, '/workspace/app/backend/logs/app_20260527_161940.log')}
2026-05-27 16:52:31,367 - watchfiles.main - DEBUG - 1 change detected: {(<Change.modified: 2>, '/workspace/app/backend/logs/app_20260527_161940.log')}
2026-05-27 16:52:31,718 - watchfiles.main - DEBUG - 1 change detected: {(<Change.modified: 2>, '/workspace/app/backend/logs/app_20260527_161940.log')}
2026-05-27 16:52:32,069 - watchfiles.main - DEBUG - 1 change detected: {(<Change.modified: 2>, '/workspace/app/backend/logs/app_20260527_161940.log')}
2026-05-27 16:52:32,420 - watchfiles.main - DEBUG - 1 change detected: {(<Change.modified: 2>, '/workspace/app/backend/logs/app_20260527_161940.log')}
2026-05-27 16:52:32,771 - watchfiles.main - DEBUG - 1 change detected: {(<Change.modified: 2>, '/workspace/app/backend/logs/app_20260527_161940.log')}
2026-05-27 16:52:33,122 - watchfiles.main - DEBUG - 1 change detected: {(<Change.modified: 2>, '/workspace/app/backend/logs/app_20260527_161940.log')}
2026-05-27 16:52:33,473 - watchfiles.main - DEBUG - 1 change detected: {(<Change.modified: 2>, '/workspace/app/backend/logs/app_20260527_161940.log')}
2026-05-27 16:52:33,824 - watchfiles.main - DEBUG - 1 change detected: {(<Change.modified: 2>, '/workspace/app/backend/logs/app_20260527_161940.log')}
2026-05-27 16:52:34,174 - watchfiles.main - DEBUG - 1 change detected: {(<Change.modified: 2>, '/workspace/app/backend/logs/app_20260527_161940.log')}
2026-05-27 16:52:34,525 - watchfiles.main - DEBUG - 1 change detected: {(<Change.modified: 2>, '/workspace/app/backend/logs/app_20260527_161940.log')}
2026-05-27 16:52:34,876 - watchfiles.main - DEBUG - 1 change detected: {(<Change.modified: 2>, '/workspace/app/backend/logs/app_20260527_161940.log')}
2026-05-27 16:52:35,227 - watchfiles.main - DEBUG - 1 change detected: {(<Change.modified: 2>, '/workspace/app/backend/logs/app_20260527_161940.log')}
2026-05-27 16:52:35,578 - watchfiles.main - DEBUG - 1 change detected: {(<Change.modified: 2>, '/workspace/app/backend/logs/app_20260527_161940.log')}
2026-05-27 16:52:35,929 - watchfiles.main - DEBUG - 1 change detected: {(<Change.modified: 2>, '/workspace/app/backend/logs/app_20260527_161940.log')}
2026-05-27 16:52:36,280 - watchfiles.main - DEBUG - 1 change detected: {(<Change.modified: 2>, '/workspace/app/backend/logs/app_20260527_161940.log')}
2026-05-27 16:52:36,631 - watchfiles.main - DEBUG - 1 change detected: {(<Change.modified: 2>, '/workspace/app/backend/logs/app_20260527_161940.log')}
2026-05-27 16:52:36,982 - watchfiles.main - DEBUG - 1 change detected: {(<Change.modified: 2>, '/workspace/app/backend/logs/app_20260527_161940.log')}
2026-05-27 16:52:37,333 - watchfiles.main - DEBUG - 1 change detected: {(<Change.modified: 2>, '/workspace/app/backend/logs/app_20260527_161940.log')}
2026-05-27 16:52:37,684 - watchfiles.main - DEBUG - 1 change detected: {(<Change.modified: 2>, '/workspace/app/backend/logs/app_20260527_161940.log')}
2026-05-27 16:52:38,035 - watchfiles.main - DEBUG - 1 change detected: {(<Change.modified: 2>, '/workspace/app/backend/logs/app_20260527_161940.log')}
2026-05-27 16:52:38,386 - watchfiles.main - DEBUG - 1 change detected: {(<Change.modified: 2>, '/workspace/app/backend/logs/app_20260527_161940.log')}
2026-05-27 16:52:38,737 - watchfiles.main - DEBUG - 1 change detected: {(<Change.modified: 2>, '/workspace/app/backend/logs/app_20260527_161940.log')}
2026-05-27 16:52:39,088 - watchfiles.main - DEBUG - 1 change detected: {(<Change.modified: 2>, '/workspace/app/backend/logs/app_20260527_161940.log')}
2026-05-27 16:52:39,439 - watchfiles.main - DEBUG - 1 change detected: {(<Change.modified: 2>, '/workspace/app/backend/logs/app_20260527_161940.log')}
2026-05-27 16:52:39,790 - watchfiles.main - DEBUG - 1 change detected: {(<Change.modified: 2>, '/workspace/app/backend/logs/app_20260527_161940.log')}
2026-05-27 16:52:40,141 - watchfiles.main - DEBUG - 1 change detected: {(<Change.modified: 2>, '/workspace/app/backend/logs/app_20260527_161940.log')}
2026-05-27 16:52:40,492 - watchfiles.main - DEBUG - 1 change detected: {(<Change.modified: 2>, '/workspace/app/backend/logs/app_20260527_161940.log')}
2026-05-27 16:52:40,843 - watchfiles.main - DEBUG - 1 change detected: {(<Change.modified: 2>, '/workspace/app/backend/logs/app_20260527_161940.log')}
2026-05-27 16:52:41,194 - watchfiles.main - DEBUG - 1 change detected: {(<Change.modified: 2>, '/workspace/app/backend/logs/app_20260527_161940.log')}
2026-05-27 16:52:41,545 - watchfiles.main - DEBUG - 1 change detected: {(<Change.modified: 2>, '/workspace/app/backend/logs/app_20260527_161940.log')}
2026-05-27 16:52:41,897 - watchfiles.main - DEBUG - 1 change detected: {(<Change.modified: 2>, '/workspace/app/backend/logs/app_20260527_161940.log')}
2026-05-27 16:52:42,248 - watchfiles.main - DEBUG - 1 change detected: {(<Change.modified: 2>, '/workspace/app/backend/logs/app_20260527_161940.log')}
2026-05-27 16:52:42,599 - watchfiles.main - DEBUG - 1 change detected: {(<Change.modified: 2>, '/workspace/app/backend/logs/app_20260527_161940.log')}
2026-05-27 16:52:42,950 - watchfiles.main - DEBUG - 1 change detected: {(<Change.modified: 2>, '/workspace/app/backend/logs/app_20260527_161940.log')}
2026-05-27 16:52:43,301 - watchfiles.main - DEBUG - 1 change detected: {(<Change.modified: 2>, '/workspace/app/backend/logs/app_20260527_161940.log')}
2026-05-27 16:52:43,653 - watchfiles.main - DEBUG - 1 change detected: {(<Change.modified: 2>, '/workspace/app/backend/logs/app_20260527_161940.log')}
2026-05-27 16:52:44,004 - watchfiles.main - DEBUG - 1 change detected: {(<Change.modified: 2>, '/workspace/app/backend/logs/app_20260527_161940.log')}
2026-05-27 16:52:44,355 - watchfiles.main - DEBUG - 1 change detected: {(<Change.modified: 2>, '/workspace/app/backend/logs/app_20260527_161940.log')}
2026-05-27 16:52:44,706 - watchfiles.main - DEBUG - 1 change detected: {(<Change.modified: 2>, '/workspace/app/backend/logs/app_20260527_161940.log')}
2026-05-27 16:52:45,057 - watchfiles.main - DEBUG - 1 change detected: {(<Change.modified: 2>, '/workspace/app/backend/logs/app_20260527_161940.log')}
2026-05-27 16:52:45,408 - watchfiles.main - DEBUG - 1 change detected: {(<Change.modified: 2>, '/workspace/app/backend/logs/app_20260527_161940.log')}
2026-05-27 16:52:45,759 - watchfiles.main - DEBUG - 1 change detected: {(<Change.modified: 2>, '/workspace/app/backend/logs/app_20260527_161940.log')}
2026-05-27 16:52:46,110 - watchfiles.main - DEBUG - 1 change detected: {(<Change.modified: 2>, '/workspace/app/backend/logs/app_20260527_161940.log')}
2026-05-27 16:52:46,461 - watchfiles.main - DEBUG - 1 change detected: {(<Change.modified: 2>, '/workspace/app/backend/logs/app_20260527_161940.log')}
2026-05-27 16:52:46,812 - watchfiles.main - DEBUG - 1 change detected: {(<Change.modified: 2>, '/workspace/app/backend/logs/app_20260527_161940.log')}
2026-05-27 16:52:47,163 - watchfiles.main - DEBUG - 1 change detected: {(<Change.modified: 2>, '/workspace/app/backend/logs/app_20260527_161940.log')}
2026-05-27 16:52:47,514 - watchfiles.main - DEBUG - 1 change detected: {(<Change.modified: 2>, '/workspace/app/backend/logs/app_20260527_161940.log')}
2026-05-27 16:52:47,864 - watchfiles.main - DEBUG - 1 change detected: {(<Change.modified: 2>, '/workspace/app/backend/logs/app_20260527_161940.log')}
2026-05-27 16:52:48,215 - watchfiles.main - DEBUG - 1 change detected: {(<Change.modified: 2>, '/workspace/app/backend/logs/app_20260527_161940.log')}
2026-05-27 16:52:48,566 - watchfiles.main - DEBUG - 1 change detected: {(<Change.modified: 2>, '/workspace/app/backend/logs/app_20260527_161940.log')}
2026-05-27 16:52:48,917 - watchfiles.main - DEBUG - 1 change detected: {(<Change.modified: 2>, '/workspace/app/backend/logs/app_20260527_161940.log')}
2026-05-27 16:52:49,268 - watchfiles.main - DEBUG - 1 change detected: {(<Change.modified: 2>, '/workspace/app/backend/logs/app_20260527_161940.log')}
2026-05-27 16:52:49,619 - watchfiles.main - DEBUG - 1 change detected: {(<Change.modified: 2>, '/workspace/app/backend/logs/app_20260527_161940.log')}
2026-05-27 16:52:49,971 - watchfiles.main - DEBUG - 1 change detected: {(<Change.modified: 2>, '/workspace/app/backend/logs/app_20260527_161940.log')}
2026-05-27 16:52:50,322 - watchfiles.main - DEBUG - 1 change detected: {(<Change.modified: 2>, '/workspace/app/backend/logs/app_20260527_161940.log')}
2026-05-27 16:52:50,673 - watchfiles.main - DEBUG - 1 change detected: {(<Change.modified: 2>, '/workspace/app/backend/logs/app_20260527_161940.log')}
2026-05-27 16:52:51,024 - watchfiles.main - DEBUG - 1 change detected: {(<Change.modified: 2>, '/workspace/app/backend/logs/app_20260527_161940.log')}
2026-05-27 16:52:51,375 - watchfiles.main - DEBUG - 1 change detected: {(<Change.modified: 2>, '/workspace/app/backend/logs/app_20260527_161940.log')}
2026-05-27 16:52:51,725 - watchfiles.main - DEBUG - 1 change detected: {(<Change.modified: 2>, '/workspace/app/backend/logs/app_20260527_161940.log')}
2026-05-27 16:52:52,076 - watchfiles.main - DEBUG - 1 change detected: {(<Change.modified: 2>, '/workspace/app/backend/logs/app_20260527_161940.log')}
2026-05-27 16:52:52,427 - watchfiles.main - DEBUG - 1 change detected: {(<Change.modified: 2>, '/workspace/app/backend/logs/app_20260527_161940.log')}
2026-05-27 16:52:52,778 - watchfiles.main - DEBUG - 1 change detected: {(<Change.modified: 2>, '/workspace/app/backend/logs/app_20260527_161940.log')}
2026-05-27 16:52:53,129 - watchfiles.main - DEBUG - 1 change detected: {(<Change.modified: 2>, '/workspace/app/backend/logs/app_20260527_161940.log')}
2026-05-27 16:52:53,480 - watchfiles.main - DEBUG - 1 change detected: {(<Change.modified: 2>, '/workspace/app/backend/logs/app_20260527_161940.log')}
2026-05-27 16:52:53,831 - watchfiles.main - DEBUG - 1 change detected: {(<Change.modified: 2>, '/workspace/app/backend/logs/app_20260527_161940.log')}
2026-05-27 16:52:54,182 - watchfiles.main - DEBUG - 1 change detected: {(<Change.modified: 2>, '/workspace/app/backend/logs/app_20260527_161940.log')}
2026-05-27 16:52:54,533 - watchfiles.main - DEBUG - 1 change detected: {(<Change.modified: 2>, '/workspace/app/backend/logs/app_20260527_161940.log')}
2026-05-27 16:52:54,884 - watchfiles.main - DEBUG - 1 change detected: {(<Change.modified: 2>, '/workspace/app/backend/logs/app_20260527_161940.log')}
2026-05-27 16:52:55,235 - watchfiles.main - DEBUG - 1 change detected: {(<Change.modified: 2>, '/workspace/app/backend/logs/app_20260527_161940.log')}
2026-05-27 16:52:55,586 - watchfiles.main - DEBUG - 1 change detected: {(<Change.modified: 2>, '/workspace/app/backend/logs/app_20260527_161940.log')}
2026-05-27 16:52:55,937 - watchfiles.main - DEBUG - 1 change detected: {(<Change.modified: 2>, '/workspace/app/backend/logs/app_20260527_161940.log')}
2026-05-27 16:52:56,287 - watchfiles.main - DEBUG - 1 change detected: {(<Change.modified: 2>, '/workspace/app/backend/logs/app_20260527_161940.log')}
2026-05-27 16:52:56,638 - watchfiles.main - DEBUG - 1 change detected: {(<Change.modified: 2>, '/workspace/app/backend/logs/app_20260527_161940.log')}
2026-05-27 16:52:56,989 - watchfiles.main - DEBUG - 1 change detected: {(<Change.modified: 2>, '/workspace/app/backend/logs/app_20260527_161940.log')}
2026-05-27 16:52:57,340 - watchfiles.main - DEBUG - 1 change detected: {(<Change.modified: 2>, '/workspace/app/backend/logs/app_20260527_161940.log')}
2026-05-27 16:52:57,691 - watchfiles.main - DEBUG - 1 change detected: {(<Change.modified: 2>, '/workspace/app/backend/logs/app_20260527_161940.log')}
2026-05-27 16:52:58,042 - watchfiles.main - DEBUG - 1 change detected: {(<Change.modified: 2>, '/workspace/app/backend/logs/app_20260527_161940.log')}
2026-05-27 16:52:58,393 - watchfiles.main - DEBUG - 1 change detected: {(<Change.modified: 2>, '/workspace/app/backend/logs/app_20260527_161940.log')}
2026-05-27 16:52:58,744 - watchfiles.main - DEBUG - 1 change detected: {(<Change.modified: 2>, '/workspace/app/backend/logs/app_20260527_161940.log')}
2026-05-27 16:52:59,095 - watchfiles.main - DEBUG - 1 change detected: {(<Change.modified: 2>, '/workspace/app/backend/logs/app_20260527_161940.log')}
2026-05-27 16:52:59,446 - watchfiles.main - DEBUG - 1 change detected: {(<Change.modified: 2>, '/workspace/app/backend/logs/app_20260527_161940.log')}
2026-05-27 16:52:59,797 - watchfiles.main - DEBUG - 1 change detected: {(<Change.modified: 2>, '/workspace/app/backend/logs/app_20260527_161940.log')}
2026-05-27 16:53:00,148 - watchfiles.main - DEBUG - 1 change detected: {(<Change.modified: 2>, '/workspace/app/backend/logs/app_20260527_161940.log')}
2026-05-27 16:53:00,499 - watchfiles.main - DEBUG - 1 change detected: {(<Change.modified: 2>, '/workspace/app/backend/logs/app_20260527_161940.log')}
2026-05-27 16:53:00,850 - watchfiles.main - DEBUG - 1 change detected: {(<Change.modified: 2>, '/workspace/app/backend/logs/app_20260527_161940.log')}
2026-05-27 16:53:01,201 - watchfiles.main - DEBUG - 1 change detected: {(<Change.modified: 2>, '/workspace/app/backend/logs/app_20260527_161940.log')}
2026-05-27 16:53:01,552 - watchfiles.main - DEBUG - 1 change detected: {(<Change.modified: 2>, '/workspace/app/backend/logs/app_20260527_161940.log')}
2026-05-27 16:53:01,903 - watchfiles.main - DEBUG - 1 change detected: {(<Change.modified: 2>, '/workspace/app/backend/logs/app_20260527_161940.log')}
2026-05-27 16:53:02,254 - watchfiles.main - DEBUG - 1 change detected: {(<Change.modified: 2>, '/workspace/app/backend/logs/app_20260527_161940.log')}
2026-05-27 16:53:02,605 - watchfiles.main - DEBUG - 1 change detected: {(<Change.modified: 2>, '/workspace/app/backend/logs/app_20260527_161940.log')}
2026-05-27 16:53:02,956 - watchfiles.main - DEBUG - 1 change detected: {(<Change.modified: 2>, '/workspace/app/backend/logs/app_20260527_161940.log')}
2026-05-27 16:53:03,307 - watchfiles.main - DEBUG - 1 change detected: {(<Change.modified: 2>, '/workspace/app/backend/logs/app_20260527_161940.log')}
2026-05-27 16:53:03,658 - watchfiles.main - DEBUG - 1 change detected: {(<Change.modified: 2>, '/workspace/app/backend/logs/app_20260527_161940.log')}
2026-05-27 16:53:04,008 - watchfiles.main - DEBUG - 1 change detected: {(<Change.modified: 2>, '/workspace/app/backend/logs/app_20260527_161940.log')}
2026-05-27 16:53:04,359 - watchfiles.main - DEBUG - 1 change detected: {(<Change.modified: 2>, '/workspace/app/backend/logs/app_20260527_161940.log')}
2026-05-27 16:53:04,710 - watchfiles.main - DEBUG - 1 change detected: {(<Change.modified: 2>, '/workspace/app/backend/logs/app_20260527_161940.log')}
2026-05-27 16:53:05,061 - watchfiles.main - DEBUG - 1 change detected: {(<Change.modified: 2>, '/workspace/app/backend/logs/app_20260527_161940.log')}
2026-05-27 16:53:05,412 - watchfiles.main - DEBUG - 1 change detected: {(<Change.modified: 2>, '/workspace/app/backend/logs/app_20260527_161940.log')}
2026-05-27 16:53:05,763 - watchfiles.main - DEBUG - 1 change detected: {(<Change.modified: 2>, '/workspace/app/backend/logs/app_20260527_161940.log')}
2026-05-27 16:53:06,115 - watchfiles.main - DEBUG - 1 change detected: {(<Change.modified: 2>, '/workspace/app/backend/logs/app_20260527_161940.log')}
2026-05-27 16:53:06,466 - watchfiles.main - DEBUG - 1 change detected: {(<Change.modified: 2>, '/workspace/app/backend/logs/app_20260527_161940.log')}
2026-05-27 16:53:06,817 - watchfiles.main - DEBUG - 1 change detected: {(<Change.modified: 2>, '/workspace/app/backend/logs/app_20260527_161940.log')}
2026-05-27 16:53:07,168 - watchfiles.main - DEBUG - 1 change detected: {(<Change.modified: 2>, '/workspace/app/backend/logs/app_20260527_161940.log')}
2026-05-27 16:53:07,519 - watchfiles.main - DEBUG - 1 change detected: {(<Change.modified: 2>, '/workspace/app/backend/logs/app_20260527_161940.log')}
2026-05-27 16:53:07,870 - watchfiles.main - DEBUG - 1 change detected: {(<Change.modified: 2>, '/workspace/app/backend/logs/app_20260527_161940.log')}
2026-05-27 16:53:08,221 - watchfiles.main - DEBUG - 1 change detected: {(<Change.modified: 2>, '/workspace/app/backend/logs/app_20260527_161940.log')}
2026-05-27 16:53:08,571 - watchfiles.main - DEBUG - 1 change detected: {(<Change.modified: 2>, '/workspace/app/backend/logs/app_20260527_161940.log')}
2026-05-27 16:53:08,922 - watchfiles.main - DEBUG - 1 change detected: {(<Change.modified: 2>, '/workspace/app/backend/logs/app_20260527_161940.log')}
2026-05-27 16:53:09,273 - watchfiles.main - DEBUG - 1 change detected: {(<Change.modified: 2>, '/workspace/app/backend/logs/app_20260527_161940.log')}
2026-05-27 16:53:09,624 - watchfiles.main - DEBUG - 1 change detected: {(<Change.modified: 2>, '/workspace/app/backend/logs/app_20260527_161940.log')}
2026-05-27 16:53:09,975 - watchfiles.main - DEBUG - 1 change detected: {(<Change.modified: 2>, '/workspace/app/backend/logs/app_20260527_161940.log')}
2026-05-27 16:53:10,326 - watchfiles.main - DEBUG - 1 change detected: {(<Change.modified: 2>, '/workspace/app/backend/logs/app_20260527_161940.log')}
2026-05-27 16:53:10,677 - watchfiles.main - DEBUG - 1 change detected: {(<Change.modified: 2>, '/workspace/app/backend/logs/app_20260527_161940.log')}
2026-05-27 16:53:11,028 - watchfiles.main - DEBUG - 1 change detected: {(<Change.modified: 2>, '/workspace/app/backend/logs/app_20260527_161940.log')}
2026-05-27 16:53:11,379 - watchfiles.main - DEBUG - 1 change detected: {(<Change.modified: 2>, '/workspace/app/backend/logs/app_20260527_161940.log')}
2026-05-27 16:53:11,730 - watchfiles.main - DEBUG - 1 change detected: {(<Change.modified: 2>, '/workspace/app/backend/logs/app_20260527_161940.log')}
2026-05-27 16:53:12,081 - watchfiles.main - DEBUG - 1 change detected: {(<Change.modified: 2>, '/workspace/app/backend/logs/app_20260527_161940.log')}
2026-05-27 16:53:12,432 - watchfiles.main - DEBUG - 1 change detected: {(<Change.modified: 2>, '/workspace/app/backend/logs/app_20260527_161940.log')}
2026-05-27 16:53:12,783 - watchfiles.main - DEBUG - 1 change detected: {(<Change.modified: 2>, '/workspace/app/backend/logs/app_20260527_161940.log')}
2026-05-27 16:53:13,134 - watchfiles.main - DEBUG - 1 change detected: {(<Change.modified: 2>, '/workspace/app/backend/logs/app_20260527_161940.log')}
2026-05-27 16:53:13,485 - watchfiles.main - DEBUG - 1 change detected: {(<Change.modified: 2>, '/workspace/app/backend/logs/app_20260527_161940.log')}
2026-05-27 16:53:13,836 - watchfiles.main - DEBUG - 1 change detected: {(<Change.modified: 2>, '/workspace/app/backend/logs/app_20260527_161940.log')}
2026-05-27 16:53:14,187 - watchfiles.main - DEBUG - 1 change detected: {(<Change.modified: 2>, '/workspace/app/backend/logs/app_20260527_161940.log')}
2026-05-27 16:53:14,539 - watchfiles.main - DEBUG - 1 change detected: {(<Change.modified: 2>, '/workspace/app/backend/logs/app_20260527_161940.log')}
2026-05-27 16:53:14,890 - watchfiles.main - DEBUG - 1 change detected: {(<Change.modified: 2>, '/workspace/app/backend/logs/app_20260527_161940.log')}
2026-05-27 16:53:15,242 - watchfiles.main - DEBUG - 1 change detected: {(<Change.modified: 2>, '/workspace/app/backend/logs/app_20260527_161940.log')}
2026-05-27 16:53:15,593 - watchfiles.main - DEBUG - 1 change detected: {(<Change.modified: 2>, '/workspace/app/backend/logs/app_20260527_161940.log')}
2026-05-27 16:53:15,944 - watchfiles.main - DEBUG - 1 change detected: {(<Change.modified: 2>, '/workspace/app/backend/logs/app_20260527_161940.log')}
2026-05-27 16:53:16,295 - watchfiles.main - DEBUG - 1 change detected: {(<Change.modified: 2>, '/workspace/app/backend/logs/app_20260527_161940.log')}
2026-05-27 16:53:16,646 - watchfiles.main - DEBUG - 1 change detected: {(<Change.modified: 2>, '/workspace/app/backend/logs/app_20260527_161940.log')}
2026-05-27 16:53:16,997 - watchfiles.main - DEBUG - 1 change detected: {(<Change.modified: 2>, '/workspace/app/backend/logs/app_20260527_161940.log')}
2026-05-27 16:53:17,348 - watchfiles.main - DEBUG - 1 change detected: {(<Change.modified: 2>, '/workspace/app/backend/logs/app_20260527_161940.log')}
2026-05-27 16:53:17,699 - watchfiles.main - DEBUG - 1 change detected: {(<Change.modified: 2>, '/workspace/app/backend/logs/app_20260527_161940.log')}
2026-05-27 16:53:18,049 - watchfiles.main - DEBUG - 1 change detected: {(<Change.modified: 2>, '/workspace/app/backend/logs/app_20260527_161940.log')}
2026-05-27 16:53:18,400 - watchfiles.main - DEBUG - 1 change detected: {(<Change.modified: 2>, '/workspace/app/backend/logs/app_20260527_161940.log')}
2026-05-27 16:53:18,751 - watchfiles.main - DEBUG - 1 change detected: {(<Change.modified: 2>, '/workspace/app/backend/logs/app_20260527_161940.log')}
2026-05-27 16:53:19,103 - watchfiles.main - DEBUG - 1 change detected: {(<Change.modified: 2>, '/workspace/app/backend/logs/app_20260527_161940.log')}
2026-05-27 16:53:19,454 - watchfiles.main - DEBUG - 1 change detected: {(<Change.modified: 2>, '/workspace/app/backend/logs/app_20260527_161940.log')}
2026-05-27 16:53:19,805 - watchfiles.main - DEBUG - 1 change detected: {(<Change.modified: 2>, '/workspace/app/backend/logs/app_20260527_161940.log')}
2026-05-27 16:53:20,156 - watchfiles.main - DEBUG - 1 change detected: {(<Change.modified: 2>, '/workspace/app/backend/logs/app_20260527_161940.log')}
2026-05-27 16:53:20,507 - watchfiles.main - DEBUG - 1 change detected: {(<Change.modified: 2>, '/workspace/app/backend/logs/app_20260527_161940.log')}
2026-05-27 16:53:20,857 - watchfiles.main - DEBUG - 1 change detected: {(<Change.modified: 2>, '/workspace/app/backend/logs/app_20260527_161940.log')}
2026-05-27 16:53:21,209 - watchfiles.main - DEBUG - 1 change detected: {(<Change.modified: 2>, '/workspace/app/backend/logs/app_20260527_161940.log')}
2026-05-27 16:53:21,560 - watchfiles.main - DEBUG - 1 change detected: {(<Change.modified: 2>, '/workspace/app/backend/logs/app_20260527_161940.log')}
2026-05-27 16:53:21,911 - watchfiles.main - DEBUG - 1 change detected: {(<Change.modified: 2>, '/workspace/app/backend/logs/app_20260527_161940.log')}
2026-05-27 16:53:22,262 - watchfiles.main - DEBUG - 1 change detected: {(<Change.modified: 2>, '/workspace/app/backend/logs/app_20260527_161940.log')}
2026-05-27 16:53:22,612 - watchfiles.main - DEBUG - 1 change detected: {(<Change.modified: 2>, '/workspace/app/backend/logs/app_20260527_161940.log')}
2026-05-27 16:53:22,963 - watchfiles.main - DEBUG - 1 change detected: {(<Change.modified: 2>, '/workspace/app/backend/logs/app_20260527_161940.log')}
2026-05-27 16:53:23,314 - watchfiles.main - DEBUG - 1 change detected: {(<Change.modified: 2>, '/workspace/app/backend/logs/app_20260527_161940.log')}
2026-05-27 16:53:23,665 - watchfiles.main - DEBUG - 1 change detected: {(<Change.modified: 2>, '/workspace/app/backend/logs/app_20260527_161940.log')}
2026-05-27 16:53:24,016 - watchfiles.main - DEBUG - 1 change detected: {(<Change.modified: 2>, '/workspace/app/backend/logs/app_20260527_161940.log')}
2026-05-27 16:53:24,367 - watchfiles.main - DEBUG - 1 change detected: {(<Change.modified: 2>, '/workspace/app/backend/logs/app_20260527_161940.log')}
2026-05-27 16:53:24,718 - watchfiles.main - DEBUG - 1 change detected: {(<Change.modified: 2>, '/workspace/app/backend/logs/app_20260527_161940.log')}
2026-05-27 16:53:25,069 - watchfiles.main - DEBUG - 1 change detected: {(<Change.modified: 2>, '/workspace/app/backend/logs/app_20260527_161940.log')}
2026-05-27 16:53:25,420 - watchfiles.main - DEBUG - 1 change detected: {(<Change.modified: 2>, '/workspace/app/backend/logs/app_20260527_161940.log')}
2026-05-27 16:53:25,771 - watchfiles.main - DEBUG - 1 change detected: {(<Change.modified: 2>, '/workspace/app/backend/logs/app_20260527_161940.log')}
2026-05-27 16:53:26,122 - watchfiles.main - DEBUG - 1 change detected: {(<Change.modified: 2>, '/workspace/app/backend/logs/app_20260527_161940.log')}
2026-05-27 16:53:26,473 - watchfiles.main - DEBUG - 1 change detected: {(<Change.modified: 2>, '/workspace/app/backend/logs/app_20260527_161940.log')}
2026-05-27 16:53:26,825 - watchfiles.main - DEBUG - 1 change detected: {(<Change.modified: 2>, '/workspace/app/backend/logs/app_20260527_161940.log')}
2026-05-27 16:53:27,175 - watchfiles.main - DEBUG - 1 change detected: {(<Change.modified: 2>, '/workspace/app/backend/logs/app_20260527_161940.log')}
2026-05-27 16:53:27,527 - watchfiles.main - DEBUG - 1 change detected: {(<Change.modified: 2>, '/workspace/app/backend/logs/app_20260527_161940.log')}
2026-05-27 16:53:27,878 - watchfiles.main - DEBUG - 1 change detected: {(<Change.modified: 2>, '/workspace/app/backend/logs/app_20260527_161940.log')}
2026-05-27 16:53:28,229 - watchfiles.main - DEBUG - 1 change detected: {(<Change.modified: 2>, '/workspace/app/backend/logs/app_20260527_161940.log')}
2026-05-27 16:53:28,580 - watchfiles.main - DEBUG - 1 change detected: {(<Change.modified: 2>, '/workspace/app/backend/logs/app_20260527_161940.log')}
2026-05-27 16:53:28,931 - watchfiles.main - DEBUG - 1 change detected: {(<Change.modified: 2>, '/workspace/app/backend/logs/app_20260527_161940.log')}
2026-05-27 16:53:29,281 - watchfiles.main - DEBUG - 1 change detected: {(<Change.modified: 2>, '/workspace/app/backend/logs/app_20260527_161940.log')}
2026-05-27 16:53:29,632 - watchfiles.main - DEBUG - 1 change detected: {(<Change.modified: 2>, '/workspace/app/backend/logs/app_20260527_161940.log')}
2026-05-27 16:53:29,983 - watchfiles.main - DEBUG - 1 change detected: {(<Change.modified: 2>, '/workspace/app/backend/logs/app_20260527_161940.log')}
2026-05-27 16:53:30,335 - watchfiles.main - DEBUG - 1 change detected: {(<Change.modified: 2>, '/workspace/app/backend/logs/app_20260527_161940.log')}
2026-05-27 16:53:30,686 - watchfiles.main - DEBUG - 1 change detected: {(<Change.modified: 2>, '/workspace/app/backend/logs/app_20260527_161940.log')}
2026-05-27 16:53:31,037 - watchfiles.main - DEBUG - 1 change detected: {(<Change.modified: 2>, '/workspace/app/backend/logs/app_20260527_161940.log')}
2026-05-27 16:53:31,388 - watchfiles.main - DEBUG - 1 change detected: {(<Change.modified: 2>, '/workspace/app/backend/logs/app_20260527_161940.log')}
2026-05-27 16:53:31,739 - watchfiles.main - DEBUG - 1 change detected: {(<Change.modified: 2>, '/workspace/app/backend/logs/app_20260527_161940.log')}
2026-05-27 16:53:32,090 - watchfiles.main - DEBUG - 1 change detected: {(<Change.modified: 2>, '/workspace/app/backend/logs/app_20260527_161940.log')}
2026-05-27 16:53:32,441 - watchfiles.main - DEBUG - 1 change detected: {(<Change.modified: 2>, '/workspace/app/backend/logs/app_20260527_161940.log')}
2026-05-27 16:53:32,792 - watchfiles.main - DEBUG - 1 change detected: {(<Change.modified: 2>, '/workspace/app/backend/logs/app_20260527_161940.log')}
2026-05-27 16:53:33,143 - watchfiles.main - DEBUG - 1 change detected: {(<Change.modified: 2>, '/workspace/app/backend/logs/app_20260527_161940.log')}
2026-05-27 16:53:33,494 - watchfiles.main - DEBUG - 1 change detected: {(<Change.modified: 2>, '/workspace/app/backend/logs/app_20260527_161940.log')}
2026-05-27 16:53:33,845 - watchfiles.main - DEBUG - 1 change detected: {(<Change.modified: 2>, '/workspace/app/backend/logs/app_20260527_161940.log')}
2026-05-27 16:53:34,196 - watchfiles.main - DEBUG - 1 change detected: {(<Change.modified: 2>, '/workspace/app/backend/logs/app_20260527_161940.log')}
2026-05-27 16:53:34,546 - watchfiles.main - DEBUG - 1 change detected: {(<Change.modified: 2>, '/workspace/app/backend/logs/app_20260527_161940.log')}
2026-05-27 16:53:34,897 - watchfiles.main - DEBUG - 1 change detected: {(<Change.modified: 2>, '/workspace/app/backend/logs/app_20260527_161940.log')}
2026-05-27 16:53:35,248 - watchfiles.main - DEBUG - 1 change detected: {(<Change.modified: 2>, '/workspace/app/backend/logs/app_20260527_161940.log')}
2026-05-27 16:53:35,599 - watchfiles.main - DEBUG - 1 change detected: {(<Change.modified: 2>, '/workspace/app/backend/logs/app_20260527_161940.log')}
2026-05-27 16:53:35,950 - watchfiles.main - DEBUG - 1 change detected: {(<Change.modified: 2>, '/workspace/app/backend/logs/app_20260527_161940.log')}
2026-05-27 16:53:36,301 - watchfiles.main - DEBUG - 1 change detected: {(<Change.modified: 2>, '/workspace/app/backend/logs/app_20260527_161940.log')}
2026-05-27 16:53:36,652 - watchfiles.main - DEBUG - 1 change detected: {(<Change.modified: 2>, '/workspace/app/backend/logs/app_20260527_161940.log')}
2026-05-27 16:53:37,002 - watchfiles.main - DEBUG - 1 change detected: {(<Change.modified: 2>, '/workspace/app/backend/logs/app_20260527_161940.log')}
2026-05-27 16:53:37,353 - watchfiles.main - DEBUG - 1 change detected: {(<Change.modified: 2>, '/workspace/app/backend/logs/app_20260527_161940.log')}
2026-05-27 16:53:37,704 - watchfiles.main - DEBUG - 1 change detected: {(<Change.modified: 2>, '/workspace/app/backend/logs/app_20260527_161940.log')}
2026-05-27 16:53:38,056 - watchfiles.main - DEBUG - 1 change detected: {(<Change.modified: 2>, '/workspace/app/backend/logs/app_20260527_161940.log')}
2026-05-27 16:53:38,407 - watchfiles.main - DEBUG - 1 change detected: {(<Change.modified: 2>, '/workspace/app/backend/logs/app_20260527_161940.log')}
2026-05-27 16:53:38,759 - watchfiles.main - DEBUG - 1 change detected: {(<Change.modified: 2>, '/workspace/app/backend/logs/app_20260527_161940.log')}
2026-05-27 16:53:39,110 - watchfiles.main - DEBUG - 1 change detected: {(<Change.modified: 2>, '/workspace/app/backend/logs/app_20260527_161940.log')}
2026-05-27 16:53:39,460 - watchfiles.main - DEBUG - 1 change detected: {(<Change.modified: 2>, '/workspace/app/backend/logs/app_20260527_161940.log')}
2026-05-27 16:53:39,811 - watchfiles.main - DEBUG - 1 change detected: {(<Change.modified: 2>, '/workspace/app/backend/logs/app_20260527_161940.log')}
2026-05-27 16:53:40,162 - watchfiles.main - DEBUG - 1 change detected: {(<Change.modified: 2>, '/workspace/app/backend/logs/app_20260527_161940.log')}
2026-05-27 16:53:40,513 - watchfiles.main - DEBUG - 1 change detected: {(<Change.modified: 2>, '/workspace/app/backend/logs/app_20260527_161940.log')}
2026-05-27 16:53:40,864 - watchfiles.main - DEBUG - 1 change detected: {(<Change.modified: 2>, '/workspace/app/backend/logs/app_20260527_161940.log')}
2026-05-27 16:53:41,216 - watchfiles.main - DEBUG - 1 change detected: {(<Change.modified: 2>, '/workspace/app/backend/logs/app_20260527_161940.log')}
2026-05-27 16:53:41,566 - watchfiles.main - DEBUG - 1 change detected: {(<Change.modified: 2>, '/workspace/app/backend/logs/app_20260527_161940.log')}
2026-05-27 16:53:41,918 - watchfiles.main - DEBUG - 1 change detected: {(<Change.modified: 2>, '/workspace/app/backend/logs/app_20260527_161940.log')}
2026-05-27 16:53:42,269 - watchfiles.main - DEBUG - 1 change detected: {(<Change.modified: 2>, '/workspace/app/backend/logs/app_20260527_161940.log')}
2026-05-27 16:53:42,620 - watchfiles.main - DEBUG - 1 change detected: {(<Change.modified: 2>, '/workspace/app/backend/logs/app_20260527_161940.log')}
2026-05-27 16:53:42,971 - watchfiles.main - DEBUG - 1 change detected: {(<Change.modified: 2>, '/workspace/app/backend/logs/app_20260527_161940.log')}
2026-05-27 16:53:43,322 - watchfiles.main - DEBUG - 1 change detected: {(<Change.modified: 2>, '/workspace/app/backend/logs/app_20260527_161940.log')}
2026-05-27 16:53:43,673 - watchfiles.main - DEBUG - 1 change detected: {(<Change.modified: 2>, '/workspace/app/backend/logs/app_20260527_161940.log')}
2026-05-27 16:53:44,025 - watchfiles.main - DEBUG - 1 change detected: {(<Change.modified: 2>, '/workspace/app/backend/logs/app_20260527_161940.log')}
2026-05-27 16:53:44,376 - watchfiles.main - DEBUG - 1 change detected: {(<Change.modified: 2>, '/workspace/app/backend/logs/app_20260527_161940.log')}
2026-05-27 16:53:44,727 - watchfiles.main - DEBUG - 1 change detected: {(<Change.modified: 2>, '/workspace/app/backend/logs/app_20260527_161940.log')}
2026-05-27 16:53:45,078 - watchfiles.main - DEBUG - 1 change detected: {(<Change.modified: 2>, '/workspace/app/backend/logs/app_20260527_161940.log')}
2026-05-27 16:53:45,429 - watchfiles.main - DEBUG - 1 change detected: {(<Change.modified: 2>, '/workspace/app/backend/logs/app_20260527_161940.log')}
2026-05-27 16:53:45,780 - watchfiles.main - DEBUG - 1 change detected: {(<Change.modified: 2>, '/workspace/app/backend/logs/app_20260527_161940.log')}
2026-05-27 16:53:46,131 - watchfiles.main - DEBUG - 1 change detected: {(<Change.modified: 2>, '/workspace/app/backend/logs/app_20260527_161940.log')}
2026-05-27 16:53:46,482 - watchfiles.main - DEBUG - 1 change detected: {(<Change.modified: 2>, '/workspace/app/backend/logs/app_20260527_161940.log')}
2026-05-27 16:53:46,833 - watchfiles.main - DEBUG - 1 change detected: {(<Change.modified: 2>, '/workspace/app/backend/logs/app_20260527_161940.log')}
2026-05-27 16:53:47,184 - watchfiles.main - DEBUG - 1 change detected: {(<Change.modified: 2>, '/workspace/app/backend/logs/app_20260527_161940.log')}
2026-05-27 16:53:47,535 - watchfiles.main - DEBUG - 1 change detected: {(<Change.modified: 2>, '/workspace/app/backend/logs/app_20260527_161940.log')}
2026-05-27 16:53:47,886 - watchfiles.main - DEBUG - 1 change detected: {(<Change.modified: 2>, '/workspace/app/backend/logs/app_20260527_161940.log')}
2026-05-27 16:53:48,237 - watchfiles.main - DEBUG - 1 change detected: {(<Change.modified: 2>, '/workspace/app/backend/logs/app_20260527_161940.log')}
2026-05-27 16:53:48,588 - watchfiles.main - DEBUG - 1 change detected: {(<Change.modified: 2>, '/workspace/app/backend/logs/app_20260527_161940.log')}
2026-05-27 16:53:48,938 - watchfiles.main - DEBUG - 1 change detected: {(<Change.modified: 2>, '/workspace/app/backend/logs/app_20260527_161940.log')}
2026-05-27 16:53:49,289 - watchfiles.main - DEBUG - 1 change detected: {(<Change.modified: 2>, '/workspace/app/backend/logs/app_20260527_161940.log')}
2026-05-27 16:53:49,641 - watchfiles.main - DEBUG - 1 change detected: {(<Change.modified: 2>, '/workspace/app/backend/logs/app_20260527_161940.log')}
2026-05-27 16:53:49,992 - watchfiles.main - DEBUG - 1 change detected: {(<Change.modified: 2>, '/workspace/app/backend/logs/app_20260527_161940.log')}
2026-05-27 16:53:50,342 - watchfiles.main - DEBUG - 1 change detected: {(<Change.modified: 2>, '/workspace/app/backend/logs/app_20260527_161940.log')}
2026-05-27 16:53:50,694 - watchfiles.main - DEBUG - 1 change detected: {(<Change.modified: 2>, '/workspace/app/backend/logs/app_20260527_161940.log')}
2026-05-27 16:53:51,045 - watchfiles.main - DEBUG - 1 change detected: {(<Change.modified: 2>, '/workspace/app/backend/logs/app_20260527_161940.log')}
2026-05-27 16:53:51,395 - watchfiles.main - DEBUG - 1 change detected: {(<Change.modified: 2>, '/workspace/app/backend/logs/app_20260527_161940.log')}
2026-05-27 16:53:51,747 - watchfiles.main - DEBUG - 1 change detected: {(<Change.modified: 2>, '/workspace/app/backend/logs/app_20260527_161940.log')}
2026-05-27 16:53:52,098 - watchfiles.main - DEBUG - 1 change detected: {(<Change.modified: 2>, '/workspace/app/backend/logs/app_20260527_161940.log')}
2026-05-27 16:53:52,449 - watchfiles.main - DEBUG - 1 change detected: {(<Change.modified: 2>, '/workspace/app/backend/logs/app_20260527_161940.log')}
2026-05-27 16:53:52,800 - watchfiles.main - DEBUG - 1 change detected: {(<Change.modified: 2>, '/workspace/app/backend/logs/app_20260527_161940.log')}
2026-05-27 16:53:53,151 - watchfiles.main - DEBUG - 1 change detected: {(<Change.modified: 2>, '/workspace/app/backend/logs/app_20260527_161940.log')}
2026-05-27 16:53:53,502 - watchfiles.main - DEBUG - 1 change detected: {(<Change.modified: 2>, '/workspace/app/backend/logs/app_20260527_161940.log')}
2026-05-27 16:53:53,852 - watchfiles.main - DEBUG - 1 change detected: {(<Change.modified: 2>, '/workspace/app/backend/logs/app_20260527_161940.log')}
2026-05-27 16:53:54,203 - watchfiles.main - DEBUG - 1 change detected: {(<Change.modified: 2>, '/workspace/app/backend/logs/app_20260527_161940.log')}
2026-05-27 16:53:54,554 - watchfiles.main - DEBUG - 1 change detected: {(<Change.modified: 2>, '/workspace/app/backend/logs/app_20260527_161940.log')}
2026-05-27 16:53:54,905 - watchfiles.main - DEBUG - 1 change detected: {(<Change.modified: 2>, '/workspace/app/backend/logs/app_20260527_161940.log')}
2026-05-27 16:53:55,256 - watchfiles.main - DEBUG - 1 change detected: {(<Change.modified: 2>, '/workspace/app/backend/logs/app_20260527_161940.log')}
2026-05-27 16:53:55,607 - watchfiles.main - DEBUG - 1 change detected: {(<Change.modified: 2>, '/workspace/app/backend/logs/app_20260527_161940.log')}
2026-05-27 16:53:55,958 - watchfiles.main - DEBUG - 1 change detected: {(<Change.modified: 2>, '/workspace/app/backend/logs/app_20260527_161940.log')}
2026-05-27 16:53:56,309 - watchfiles.main - DEBUG - 1 change detected: {(<Change.modified: 2>, '/workspace/app/backend/logs/app_20260527_161940.log')}
2026-05-27 16:53:56,660 - watchfiles.main - DEBUG - 1 change detected: {(<Change.modified: 2>, '/workspace/app/backend/logs/app_20260527_161940.log')}
2026-05-27 16:53:57,011 - watchfiles.main - DEBUG - 1 change detected: {(<Change.modified: 2>, '/workspace/app/backend/logs/app_20260527_161940.log')}
2026-05-27 16:53:57,362 - watchfiles.main - DEBUG - 1 change detected: {(<Change.modified: 2>, '/workspace/app/backend/logs/app_20260527_161940.log')}
2026-05-27 16:53:57,712 - watchfiles.main - DEBUG - 1 change detected: {(<Change.modified: 2>, '/workspace/app/backend/logs/app_20260527_161940.log')}
2026-05-27 16:53:58,063 - watchfiles.main - DEBUG - 1 change detected: {(<Change.modified: 2>, '/workspace/app/backend/logs/app_20260527_161940.log')}
2026-05-27 16:53:58,414 - watchfiles.main - DEBUG - 1 change detected: {(<Change.modified: 2>, '/workspace/app/backend/logs/app_20260527_161940.log')}
2026-05-27 16:53:58,766 - watchfiles.main - DEBUG - 1 change detected: {(<Change.modified: 2>, '/workspace/app/backend/logs/app_20260527_161940.log')}
2026-05-27 16:53:59,117 - watchfiles.main - DEBUG - 1 change detected: {(<Change.modified: 2>, '/workspace/app/backend/logs/app_20260527_161940.log')}
2026-05-27 16:53:59,468 - watchfiles.main - DEBUG - 1 change detected: {(<Change.modified: 2>, '/workspace/app/backend/logs/app_20260527_161940.log')}
2026-05-27 16:53:59,818 - watchfiles.main - DEBUG - 1 change detected: {(<Change.modified: 2>, '/workspace/app/backend/logs/app_20260527_161940.log')}
2026-05-27 16:54:00,169 - watchfiles.main - DEBUG - 1 change detected: {(<Change.modified: 2>, '/workspace/app/backend/logs/app_20260527_161940.log')}
2026-05-27 16:54:00,520 - watchfiles.main - DEBUG - 1 change detected: {(<Change.modified: 2>, '/workspace/app/backend/logs/app_20260527_161940.log')}
2026-05-27 16:54:00,871 - watchfiles.main - DEBUG - 1 change detected: {(<Change.modified: 2>, '/workspace/app/backend/logs/app_20260527_161940.log')}
2026-05-27 16:54:01,222 - watchfiles.main - DEBUG - 1 change detected: {(<Change.modified: 2>, '/workspace/app/backend/logs/app_20260527_161940.log')}
2026-05-27 16:54:01,573 - watchfiles.main - DEBUG - 1 change detected: {(<Change.modified: 2>, '/workspace/app/backend/logs/app_20260527_161940.log')}
2026-05-27 16:54:01,924 - watchfiles.main - DEBUG - 1 change detected: {(<Change.modified: 2>, '/workspace/app/backend/logs/app_20260527_161940.log')}
2026-05-27 16:54:02,275 - watchfiles.main - DEBUG - 1 change detected: {(<Change.modified: 2>, '/workspace/app/backend/logs/app_20260527_161940.log')}
2026-05-27 16:54:02,626 - watchfiles.main - DEBUG - 1 change detected: {(<Change.modified: 2>, '/workspace/app/backend/logs/app_20260527_161940.log')}
2026-05-27 16:54:02,977 - watchfiles.main - DEBUG - 1 change detected: {(<Change.modified: 2>, '/workspace/app/backend/logs/app_20260527_161940.log')}
2026-05-27 16:54:03,328 - watchfiles.main - DEBUG - 1 change detected: {(<Change.modified: 2>, '/workspace/app/backend/logs/app_20260527_161940.log')}
2026-05-27 16:54:03,679 - watchfiles.main - DEBUG - 1 change detected: {(<Change.modified: 2>, '/workspace/app/backend/logs/app_20260527_161940.log')}
2026-05-27 16:54:04,030 - watchfiles.main - DEBUG - 1 change detected: {(<Change.modified: 2>, '/workspace/app/backend/logs/app_20260527_161940.log')}
2026-05-27 16:54:04,381 - watchfiles.main - DEBUG - 1 change detected: {(<Change.modified: 2>, '/workspace/app/backend/logs/app_20260527_161940.log')}
2026-05-27 16:54:04,732 - watchfiles.main - DEBUG - 1 change detected: {(<Change.modified: 2>, '/workspace/app/backend/logs/app_20260527_161940.log')}
2026-05-27 16:54:05,083 - watchfiles.main - DEBUG - 1 change detected: {(<Change.modified: 2>, '/workspace/app/backend/logs/app_20260527_161940.log')}
2026-05-27 16:54:05,434 - watchfiles.main - DEBUG - 1 change detected: {(<Change.modified: 2>, '/workspace/app/backend/logs/app_20260527_161940.log')}
2026-05-27 16:54:05,785 - watchfiles.main - DEBUG - 1 change detected: {(<Change.modified: 2>, '/workspace/app/backend/logs/app_20260527_161940.log')}
2026-05-27 16:54:06,136 - watchfiles.main - DEBUG - 1 change detected: {(<Change.modified: 2>, '/workspace/app/backend/logs/app_20260527_161940.log')}
2026-05-27 16:54:06,486 - watchfiles.main - DEBUG - 1 change detected: {(<Change.modified: 2>, '/workspace/app/backend/logs/app_20260527_161940.log')}
2026-05-27 16:54:06,837 - watchfiles.main - DEBUG - 1 change detected: {(<Change.modified: 2>, '/workspace/app/backend/logs/app_20260527_161940.log')}
2026-05-27 16:54:07,188 - watchfiles.main - DEBUG - 1 change detected: {(<Change.modified: 2>, '/workspace/app/backend/logs/app_20260527_161940.log')}
2026-05-27 16:54:07,540 - watchfiles.main - DEBUG - 1 change detected: {(<Change.modified: 2>, '/workspace/app/backend/logs/app_20260527_161940.log')}
2026-05-27 16:54:07,891 - watchfiles.main - DEBUG - 1 change detected: {(<Change.modified: 2>, '/workspace/app/backend/logs/app_20260527_161940.log')}
2026-05-27 16:54:08,241 - watchfiles.main - DEBUG - 1 change detected: {(<Change.modified: 2>, '/workspace/app/backend/logs/app_20260527_161940.log')}
2026-05-27 16:54:08,592 - watchfiles.main - DEBUG - 1 change detected: {(<Change.modified: 2>, '/workspace/app/backend/logs/app_20260527_161940.log')}
2026-05-27 16:54:08,944 - watchfiles.main - DEBUG - 1 change detected: {(<Change.modified: 2>, '/workspace/app/backend/logs/app_20260527_161940.log')}
2026-05-27 16:54:09,295 - watchfiles.main - DEBUG - 1 change detected: {(<Change.modified: 2>, '/workspace/app/backend/logs/app_20260527_161940.log')}
2026-05-27 16:54:09,646 - watchfiles.main - DEBUG - 1 change detected: {(<Change.modified: 2>, '/workspace/app/backend/logs/app_20260527_161940.log')}
2026-05-27 16:54:09,997 - watchfiles.main - DEBUG - 1 change detected: {(<Change.modified: 2>, '/workspace/app/backend/logs/app_20260527_161940.log')}
2026-05-27 16:54:10,348 - watchfiles.main - DEBUG - 1 change detected: {(<Change.modified: 2>, '/workspace/app/backend/logs/app_20260527_161940.log')}
2026-05-27 16:54:10,699 - watchfiles.main - DEBUG - 1 change detected: {(<Change.modified: 2>, '/workspace/app/backend/logs/app_20260527_161940.log')}
2026-05-27 16:54:11,050 - watchfiles.main - DEBUG - 1 change detected: {(<Change.modified: 2>, '/workspace/app/backend/logs/app_20260527_161940.log')}
2026-05-27 16:54:11,401 - watchfiles.main - DEBUG - 1 change detected: {(<Change.modified: 2>, '/workspace/app/backend/logs/app_20260527_161940.log')}
2026-05-27 16:54:11,751 - watchfiles.main - DEBUG - 1 change detected: {(<Change.modified: 2>, '/workspace/app/backend/logs/app_20260527_161940.log')}
2026-05-27 16:54:12,102 - watchfiles.main - DEBUG - 1 change detected: {(<Change.modified: 2>, '/workspace/app/backend/logs/app_20260527_161940.log')}
2026-05-27 16:54:12,453 - watchfiles.main - DEBUG - 1 change detected: {(<Change.modified: 2>, '/workspace/app/backend/logs/app_20260527_161940.log')}
2026-05-27 16:54:12,804 - watchfiles.main - DEBUG - 1 change detected: {(<Change.modified: 2>, '/workspace/app/backend/logs/app_20260527_161940.log')}
2026-05-27 16:54:13,155 - watchfiles.main - DEBUG - 1 change detected: {(<Change.modified: 2>, '/workspace/app/backend/logs/app_20260527_161940.log')}
2026-05-27 16:54:13,506 - watchfiles.main - DEBUG - 1 change detected: {(<Change.modified: 2>, '/workspace/app/backend/logs/app_20260527_161940.log')}
2026-05-27 16:54:13,857 - watchfiles.main - DEBUG - 1 change detected: {(<Change.modified: 2>, '/workspace/app/backend/logs/app_20260527_161940.log')}
2026-05-27 16:54:14,207 - watchfiles.main - DEBUG - 1 change detected: {(<Change.modified: 2>, '/workspace/app/backend/logs/app_20260527_161940.log')}
2026-05-27 16:54:14,558 - watchfiles.main - DEBUG - 1 change detected: {(<Change.modified: 2>, '/workspace/app/backend/logs/app_20260527_161940.log')}
2026-05-27 16:54:14,909 - watchfiles.main - DEBUG - 1 change detected: {(<Change.modified: 2>, '/workspace/app/backend/logs/app_20260527_161940.log')}
2026-05-27 16:54:15,260 - watchfiles.main - DEBUG - 1 change detected: {(<Change.modified: 2>, '/workspace/app/backend/logs/app_20260527_161940.log')}
2026-05-27 16:54:15,611 - watchfiles.main - DEBUG - 1 change detected: {(<Change.modified: 2>, '/workspace/app/backend/logs/app_20260527_161940.log')}
2026-05-27 16:54:15,962 - watchfiles.main - DEBUG - 1 change detected: {(<Change.modified: 2>, '/workspace/app/backend/logs/app_20260527_161940.log')}
2026-05-27 16:54:16,313 - watchfiles.main - DEBUG - 1 change detected: {(<Change.modified: 2>, '/workspace/app/backend/logs/app_20260527_161940.log')}
2026-05-27 16:54:16,664 - watchfiles.main - DEBUG - 1 change detected: {(<Change.modified: 2>, '/workspace/app/backend/logs/app_20260527_161940.log')}
2026-05-27 16:54:17,016 - watchfiles.main - DEBUG - 1 change detected: {(<Change.modified: 2>, '/workspace/app/backend/logs/app_20260527_161940.log')}
2026-05-27 16:54:17,366 - watchfiles.main - DEBUG - 1 change detected: {(<Change.modified: 2>, '/workspace/app/backend/logs/app_20260527_161940.log')}
2026-05-27 16:54:17,717 - watchfiles.main - DEBUG - 1 change detected: {(<Change.modified: 2>, '/workspace/app/backend/logs/app_20260527_161940.log')}
2026-05-27 16:54:18,068 - watchfiles.main - DEBUG - 1 change detected: {(<Change.modified: 2>, '/workspace/app/backend/logs/app_20260527_161940.log')}
2026-05-27 16:54:18,419 - watchfiles.main - DEBUG - 1 change detected: {(<Change.modified: 2>, '/workspace/app/backend/logs/app_20260527_161940.log')}
2026-05-27 16:54:18,770 - watchfiles.main - DEBUG - 1 change detected: {(<Change.modified: 2>, '/workspace/app/backend/logs/app_20260527_161940.log')}
2026-05-27 16:54:19,121 - watchfiles.main - DEBUG - 1 change detected: {(<Change.modified: 2>, '/workspace/app/backend/logs/app_20260527_161940.log')}
2026-05-27 16:54:19,472 - watchfiles.main - DEBUG - 1 change detected: {(<Change.modified: 2>, '/workspace/app/backend/logs/app_20260527_161940.log')}
2026-05-27 16:54:19,823 - watchfiles.main - DEBUG - 1 change detected: {(<Change.modified: 2>, '/workspace/app/backend/logs/app_20260527_161940.log')}
2026-05-27 16:54:20,174 - watchfiles.main - DEBUG - 1 change detected: {(<Change.modified: 2>, '/workspace/app/backend/logs/app_20260527_161940.log')}
2026-05-27 16:54:20,525 - watchfiles.main - DEBUG - 1 change detected: {(<Change.modified: 2>, '/workspace/app/backend/logs/app_20260527_161940.log')}
2026-05-27 16:54:20,876 - watchfiles.main - DEBUG - 1 change detected: {(<Change.modified: 2>, '/workspace/app/backend/logs/app_20260527_161940.log')}
2026-05-27 16:54:21,226 - watchfiles.main - DEBUG - 1 change detected: {(<Change.modified: 2>, '/workspace/app/backend/logs/app_20260527_161940.log')}
2026-05-27 16:54:21,577 - watchfiles.main - DEBUG - 1 change detected: {(<Change.modified: 2>, '/workspace/app/backend/logs/app_20260527_161940.log')}
2026-05-27 16:54:21,928 - watchfiles.main - DEBUG - 1 change detected: {(<Change.modified: 2>, '/workspace/app/backend/logs/app_20260527_161940.log')}
2026-05-27 16:54:22,279 - watchfiles.main - DEBUG - 1 change detected: {(<Change.modified: 2>, '/workspace/app/backend/logs/app_20260527_161940.log')}
2026-05-27 16:54:22,630 - watchfiles.main - DEBUG - 1 change detected: {(<Change.modified: 2>, '/workspace/app/backend/logs/app_20260527_161940.log')}
2026-05-27 16:54:22,981 - watchfiles.main - DEBUG - 1 change detected: {(<Change.modified: 2>, '/workspace/app/backend/logs/app_20260527_161940.log')}
2026-05-27 16:54:23,332 - watchfiles.main - DEBUG - 1 change detected: {(<Change.modified: 2>, '/workspace/app/backend/logs/app_20260527_161940.log')}
2026-05-27 16:54:23,683 - watchfiles.main - DEBUG - 1 change detected: {(<Change.modified: 2>, '/workspace/app/backend/logs/app_20260527_161940.log')}
2026-05-27 16:54:24,034 - watchfiles.main - DEBUG - 1 change detected: {(<Change.modified: 2>, '/workspace/app/backend/logs/app_20260527_161940.log')}
2026-05-27 16:54:24,385 - watchfiles.main - DEBUG - 1 change detected: {(<Change.modified: 2>, '/workspace/app/backend/logs/app_20260527_161940.log')}
2026-05-27 16:54:24,736 - watchfiles.main - DEBUG - 1 change detected: {(<Change.modified: 2>, '/workspace/app/backend/logs/app_20260527_161940.log')}
2026-05-27 16:54:25,087 - watchfiles.main - DEBUG - 1 change detected: {(<Change.modified: 2>, '/workspace/app/backend/logs/app_20260527_161940.log')}
2026-05-27 16:54:25,438 - watchfiles.main - DEBUG - 1 change detected: {(<Change.modified: 2>, '/workspace/app/backend/logs/app_20260527_161940.log')}
2026-05-27 16:54:25,789 - watchfiles.main - DEBUG - 1 change detected: {(<Change.modified: 2>, '/workspace/app/backend/logs/app_20260527_161940.log')}
2026-05-27 16:54:26,139 - watchfiles.main - DEBUG - 1 change detected: {(<Change.modified: 2>, '/workspace/app/backend/logs/app_20260527_161940.log')}
2026-05-27 16:54:26,490 - watchfiles.main - DEBUG - 1 change detected: {(<Change.modified: 2>, '/workspace/app/backend/logs/app_20260527_161940.log')}
2026-05-27 16:54:26,841 - watchfiles.main - DEBUG - 1 change detected: {(<Change.modified: 2>, '/workspace/app/backend/logs/app_20260527_161940.log')}
2026-05-27 16:54:27,192 - watchfiles.main - DEBUG - 1 change detected: {(<Change.modified: 2>, '/workspace/app/backend/logs/app_20260527_161940.log')}
2026-05-27 16:54:27,543 - watchfiles.main - DEBUG - 1 change detected: {(<Change.modified: 2>, '/workspace/app/backend/logs/app_20260527_161940.log')}
2026-05-27 16:54:27,894 - watchfiles.main - DEBUG - 1 change detected: {(<Change.modified: 2>, '/workspace/app/backend/logs/app_20260527_161940.log')}
2026-05-27 16:54:28,245 - watchfiles.main - DEBUG - 1 change detected: {(<Change.modified: 2>, '/workspace/app/backend/logs/app_20260527_161940.log')}
2026-05-27 16:54:28,596 - watchfiles.main - DEBUG - 1 change detected: {(<Change.modified: 2>, '/workspace/app/backend/logs/app_20260527_161940.log')}
2026-05-27 16:54:28,947 - watchfiles.main - DEBUG - 1 change detected: {(<Change.modified: 2>, '/workspace/app/backend/logs/app_20260527_161940.log')}
2026-05-27 16:54:29,298 - watchfiles.main - DEBUG - 1 change detected: {(<Change.modified: 2>, '/workspace/app/backend/logs/app_20260527_161940.log')}
2026-05-27 16:54:29,649 - watchfiles.main - DEBUG - 1 change detected: {(<Change.modified: 2>, '/workspace/app/backend/logs/app_20260527_161940.log')}
2026-05-27 16:54:30,000 - watchfiles.main - DEBUG - 1 change detected: {(<Change.modified: 2>, '/workspace/app/backend/logs/app_20260527_161940.log')}
2026-05-27 16:54:30,351 - watchfiles.main - DEBUG - 1 change detected: {(<Change.modified: 2>, '/workspace/app/backend/logs/app_20260527_161940.log')}
2026-05-27 16:54:30,701 - watchfiles.main - DEBUG - 1 change detected: {(<Change.modified: 2>, '/workspace/app/backend/logs/app_20260527_161940.log')}
2026-05-27 16:54:31,052 - watchfiles.main - DEBUG - 1 change detected: {(<Change.modified: 2>, '/workspace/app/backend/logs/app_20260527_161940.log')}
2026-05-27 16:54:31,403 - watchfiles.main - DEBUG - 1 change detected: {(<Change.modified: 2>, '/workspace/app/backend/logs/app_20260527_161940.log')}
2026-05-27 16:54:31,754 - watchfiles.main - DEBUG - 1 change detected: {(<Change.modified: 2>, '/workspace/app/backend/logs/app_20260527_161940.log')}
2026-05-27 16:54:32,105 - watchfiles.main - DEBUG - 1 change detected: {(<Change.modified: 2>, '/workspace/app/backend/logs/app_20260527_161940.log')}
2026-05-27 16:54:32,456 - watchfiles.main - DEBUG - 1 change detected: {(<Change.modified: 2>, '/workspace/app/backend/logs/app_20260527_161940.log')}
2026-05-27 16:54:32,807 - watchfiles.main - DEBUG - 1 change detected: {(<Change.modified: 2>, '/workspace/app/backend/logs/app_20260527_161940.log')}
2026-05-27 16:54:33,158 - watchfiles.main - DEBUG - 1 change detected: {(<Change.modified: 2>, '/workspace/app/backend/logs/app_20260527_161940.log')}
2026-05-27 16:54:33,509 - watchfiles.main - DEBUG - 1 change detected: {(<Change.modified: 2>, '/workspace/app/backend/logs/app_20260527_161940.log')}
2026-05-27 16:54:33,860 - watchfiles.main - DEBUG - 1 change detected: {(<Change.modified: 2>, '/workspace/app/backend/logs/app_20260527_161940.log')}
2026-05-27 16:54:34,211 - watchfiles.main - DEBUG - 1 change detected: {(<Change.modified: 2>, '/workspace/app/backend/logs/app_20260527_161940.log')}
2026-05-27 16:54:34,562 - watchfiles.main - DEBUG - 1 change detected: {(<Change.modified: 2>, '/workspace/app/backend/logs/app_20260527_161940.log')}
2026-05-27 16:54:34,913 - watchfiles.main - DEBUG - 1 change detected: {(<Change.modified: 2>, '/workspace/app/backend/logs/app_20260527_161940.log')}
2026-05-27 16:54:35,264 - watchfiles.main - DEBUG - 1 change detected: {(<Change.modified: 2>, '/workspace/app/backend/logs/app_20260527_161940.log')}
2026-05-27 16:54:35,615 - watchfiles.main - DEBUG - 1 change detected: {(<Change.modified: 2>, '/workspace/app/backend/logs/app_20260527_161940.log')}
2026-05-27 16:54:35,966 - watchfiles.main - DEBUG - 1 change detected: {(<Change.modified: 2>, '/workspace/app/backend/logs/app_20260527_161940.log')}
2026-05-27 16:54:36,317 - watchfiles.main - DEBUG - 1 change detected: {(<Change.modified: 2>, '/workspace/app/backend/logs/app_20260527_161940.log')}
2026-05-27 16:54:36,668 - watchfiles.main - DEBUG - 1 change detected: {(<Change.modified: 2>, '/workspace/app/backend/logs/app_20260527_161940.log')}
2026-05-27 16:54:37,019 - watchfiles.main - DEBUG - 1 change detected: {(<Change.modified: 2>, '/workspace/app/backend/logs/app_20260527_161940.log')}
2026-05-27 16:54:37,370 - watchfiles.main - DEBUG - 1 change detected: {(<Change.modified: 2>, '/workspace/app/backend/logs/app_20260527_161940.log')}
2026-05-27 16:54:37,721 - watchfiles.main - DEBUG - 1 change detected: {(<Change.modified: 2>, '/workspace/app/backend/logs/app_20260527_161940.log')}
2026-05-27 16:54:38,071 - watchfiles.main - DEBUG - 1 change detected: {(<Change.modified: 2>, '/workspace/app/backend/logs/app_20260527_161940.log')}
2026-05-27 16:54:38,422 - watchfiles.main - DEBUG - 1 change detected: {(<Change.modified: 2>, '/workspace/app/backend/logs/app_20260527_161940.log')}
2026-05-27 16:54:38,773 - watchfiles.main - DEBUG - 1 change detected: {(<Change.modified: 2>, '/workspace/app/backend/logs/app_20260527_161940.log')}
2026-05-27 16:54:39,124 - watchfiles.main - DEBUG - 1 change detected: {(<Change.modified: 2>, '/workspace/app/backend/logs/app_20260527_161940.log')}
2026-05-27 16:54:39,475 - watchfiles.main - DEBUG - 1 change detected: {(<Change.modified: 2>, '/workspace/app/backend/logs/app_20260527_161940.log')}
2026-05-27 16:54:39,826 - watchfiles.main - DEBUG - 1 change detected: {(<Change.modified: 2>, '/workspace/app/backend/logs/app_20260527_161940.log')}
2026-05-27 16:54:40,177 - watchfiles.main - DEBUG - 1 change detected: {(<Change.modified: 2>, '/workspace/app/backend/logs/app_20260527_161940.log')}
2026-05-27 16:54:40,528 - watchfiles.main - DEBUG - 1 change detected: {(<Change.modified: 2>, '/workspace/app/backend/logs/app_20260527_161940.log')}
2026-05-27 16:54:40,879 - watchfiles.main - DEBUG - 1 change detected: {(<Change.modified: 2>, '/workspace/app/backend/logs/app_20260527_161940.log')}
2026-05-27 16:54:41,230 - watchfiles.main - DEBUG - 1 change detected: {(<Change.modified: 2>, '/workspace/app/backend/logs/app_20260527_161940.log')}
2026-05-27 16:54:41,582 - watchfiles.main - DEBUG - 1 change detected: {(<Change.modified: 2>, '/workspace/app/backend/logs/app_20260527_161940.log')}
2026-05-27 16:54:41,933 - watchfiles.main - DEBUG - 1 change detected: {(<Change.modified: 2>, '/workspace/app/backend/logs/app_20260527_161940.log')}
2026-05-27 16:54:42,285 - watchfiles.main - DEBUG - 1 change detected: {(<Change.modified: 2>, '/workspace/app/backend/logs/app_20260527_161940.log')}
2026-05-27 16:54:42,636 - watchfiles.main - DEBUG - 1 change detected: {(<Change.modified: 2>, '/workspace/app/backend/logs/app_20260527_161940.log')}
2026-05-27 16:54:42,989 - watchfiles.main - DEBUG - 1 change detected: {(<Change.modified: 2>, '/workspace/app/backend/logs/app_20260527_161940.log')}
2026-05-27 16:54:43,340 - watchfiles.main - DEBUG - 1 change detected: {(<Change.modified: 2>, '/workspace/app/backend/logs/app_20260527_161940.log')}
2026-05-27 16:54:43,691 - watchfiles.main - DEBUG - 1 change detected: {(<Change.modified: 2>, '/workspace/app/backend/logs/app_20260527_161940.log')}
2026-05-27 16:54:44,042 - watchfiles.main - DEBUG - 1 change detected: {(<Change.modified: 2>, '/workspace/app/backend/logs/app_20260527_161940.log')}
2026-05-27 16:54:44,394 - watchfiles.main - DEBUG - 1 change detected: {(<Change.modified: 2>, '/workspace/app/backend/logs/app_20260527_161940.log')}
2026-05-27 16:54:44,745 - watchfiles.main - DEBUG - 1 change detected: {(<Change.modified: 2>, '/workspace/app/backend/logs/app_20260527_161940.log')}
2026-05-27 16:54:45,096 - watchfiles.main - DEBUG - 1 change detected: {(<Change.modified: 2>, '/workspace/app/backend/logs/app_20260527_161940.log')}
2026-05-27 16:54:45,447 - watchfiles.main - DEBUG - 1 change detected: {(<Change.modified: 2>, '/workspace/app/backend/logs/app_20260527_161940.log')}
2026-05-27 16:54:45,798 - watchfiles.main - DEBUG - 1 change detected: {(<Change.modified: 2>, '/workspace/app/backend/logs/app_20260527_161940.log')}
2026-05-27 16:54:46,149 - watchfiles.main - DEBUG - 1 change detected: {(<Change.modified: 2>, '/workspace/app/backend/logs/app_20260527_161940.log')}
2026-05-27 16:54:46,499 - watchfiles.main - DEBUG - 1 change detected: {(<Change.modified: 2>, '/workspace/app/backend/logs/app_20260527_161940.log')}
2026-05-27 16:54:46,851 - watchfiles.main - DEBUG - 1 change detected: {(<Change.modified: 2>, '/workspace/app/backend/logs/app_20260527_161940.log')}
2026-05-27 16:54:47,202 - watchfiles.main - DEBUG - 1 change detected: {(<Change.modified: 2>, '/workspace/app/backend/logs/app_20260527_161940.log')}
2026-05-27 16:54:47,552 - watchfiles.main - DEBUG - 1 change detected: {(<Change.modified: 2>, '/workspace/app/backend/logs/app_20260527_161940.log')}
2026-05-27 16:54:47,904 - watchfiles.main - DEBUG - 1 change detected: {(<Change.modified: 2>, '/workspace/app/backend/logs/app_20260527_161940.log')}
2026-05-27 16:54:48,255 - watchfiles.main - DEBUG - 1 change detected: {(<Change.modified: 2>, '/workspace/app/backend/logs/app_20260527_161940.log')}
2026-05-27 16:54:48,606 - watchfiles.main - DEBUG - 1 change detected: {(<Change.modified: 2>, '/workspace/app/backend/logs/app_20260527_161940.log')}
2026-05-27 16:54:48,957 - watchfiles.main - DEBUG - 1 change detected: {(<Change.modified: 2>, '/workspace/app/backend/logs/app_20260527_161940.log')}
2026-05-27 16:54:49,308 - watchfiles.main - DEBUG - 1 change detected: {(<Change.modified: 2>, '/workspace/app/backend/logs/app_20260527_161940.log')}
2026-05-27 16:54:49,659 - watchfiles.main - DEBUG - 1 change detected: {(<Change.modified: 2>, '/workspace/app/backend/logs/app_20260527_161940.log')}
2026-05-27 16:54:50,010 - watchfiles.main - DEBUG - 1 change detected: {(<Change.modified: 2>, '/workspace/app/backend/logs/app_20260527_161940.log')}
2026-05-27 16:54:50,360 - watchfiles.main - DEBUG - 1 change detected: {(<Change.modified: 2>, '/workspace/app/backend/logs/app_20260527_161940.log')}
2026-05-27 16:54:50,711 - watchfiles.main - DEBUG - 1 change detected: {(<Change.modified: 2>, '/workspace/app/backend/logs/app_20260527_161940.log')}
2026-05-27 16:54:51,062 - watchfiles.main - DEBUG - 1 change detected: {(<Change.modified: 2>, '/workspace/app/backend/logs/app_20260527_161940.log')}
2026-05-27 16:54:51,413 - watchfiles.main - DEBUG - 1 change detected: {(<Change.modified: 2>, '/workspace/app/backend/logs/app_20260527_161940.log')}
2026-05-27 16:54:51,764 - watchfiles.main - DEBUG - 1 change detected: {(<Change.modified: 2>, '/workspace/app/backend/logs/app_20260527_161940.log')}
2026-05-27 16:54:52,115 - watchfiles.main - DEBUG - 1 change detected: {(<Change.modified: 2>, '/workspace/app/backend/logs/app_20260527_161940.log')}
2026-05-27 16:54:52,466 - watchfiles.main - DEBUG - 1 change detected: {(<Change.modified: 2>, '/workspace/app/backend/logs/app_20260527_161940.log')}
2026-05-27 16:54:52,817 - watchfiles.main - DEBUG - 1 change detected: {(<Change.modified: 2>, '/workspace/app/backend/logs/app_20260527_161940.log')}
2026-05-27 16:54:53,168 - watchfiles.main - DEBUG - 1 change detected: {(<Change.modified: 2>, '/workspace/app/backend/logs/app_20260527_161940.log')}
2026-05-27 16:54:53,519 - watchfiles.main - DEBUG - 1 change detected: {(<Change.modified: 2>, '/workspace/app/backend/logs/app_20260527_161940.log')}
2026-05-27 16:54:53,870 - watchfiles.main - DEBUG - 1 change detected: {(<Change.modified: 2>, '/workspace/app/backend/logs/app_20260527_161940.log')}
2026-05-27 16:54:54,221 - watchfiles.main - DEBUG - 1 change detected: {(<Change.modified: 2>, '/workspace/app/backend/logs/app_20260527_161940.log')}
2026-05-27 16:54:54,572 - watchfiles.main - DEBUG - 1 change detected: {(<Change.modified: 2>, '/workspace/app/backend/logs/app_20260527_161940.log')}
2026-05-27 16:54:54,923 - watchfiles.main - DEBUG - 1 change detected: {(<Change.modified: 2>, '/workspace/app/backend/logs/app_20260527_161940.log')}
2026-05-27 16:54:55,274 - watchfiles.main - DEBUG - 1 change detected: {(<Change.modified: 2>, '/workspace/app/backend/logs/app_20260527_161940.log')}
2026-05-27 16:54:55,625 - watchfiles.main - DEBUG - 1 change detected: {(<Change.modified: 2>, '/workspace/app/backend/logs/app_20260527_161940.log')}
2026-05-27 16:54:55,976 - watchfiles.main - DEBUG - 1 change detected: {(<Change.modified: 2>, '/workspace/app/backend/logs/app_20260527_161940.log')}
2026-05-27 16:54:56,327 - watchfiles.main - DEBUG - 1 change detected: {(<Change.modified: 2>, '/workspace/app/backend/logs/app_20260527_161940.log')}
2026-05-27 16:54:56,678 - watchfiles.main - DEBUG - 1 change detected: {(<Change.modified: 2>, '/workspace/app/backend/logs/app_20260527_161940.log')}
2026-05-27 16:54:57,029 - watchfiles.main - DEBUG - 1 change detected: {(<Change.modified: 2>, '/workspace/app/backend/logs/app_20260527_161940.log')}
2026-05-27 16:54:57,380 - watchfiles.main - DEBUG - 1 change detected: {(<Change.modified: 2>, '/workspace/app/backend/logs/app_20260527_161940.log')}
2026-05-27 16:54:57,731 - watchfiles.main - DEBUG - 1 change detected: {(<Change.modified: 2>, '/workspace/app/backend/logs/app_20260527_161940.log')}
2026-05-27 16:54:58,082 - watchfiles.main - DEBUG - 1 change detected: {(<Change.modified: 2>, '/workspace/app/backend/logs/app_20260527_161940.log')}
2026-05-27 16:54:58,433 - watchfiles.main - DEBUG - 1 change detected: {(<Change.modified: 2>, '/workspace/app/backend/logs/app_20260527_161940.log')}
2026-05-27 16:54:58,784 - watchfiles.main - DEBUG - 1 change detected: {(<Change.modified: 2>, '/workspace/app/backend/logs/app_20260527_161940.log')}
2026-05-27 16:54:59,136 - watchfiles.main - DEBUG - 1 change detected: {(<Change.modified: 2>, '/workspace/app/backend/logs/app_20260527_161940.log')}
2026-05-27 16:54:59,487 - watchfiles.main - DEBUG - 1 change detected: {(<Change.modified: 2>, '/workspace/app/backend/logs/app_20260527_161940.log')}
2026-05-27 16:54:59,838 - watchfiles.main - DEBUG - 1 change detected: {(<Change.modified: 2>, '/workspace/app/backend/logs/app_20260527_161940.log')}
2026-05-27 16:55:00,189 - watchfiles.main - DEBUG - 1 change detected: {(<Change.modified: 2>, '/workspace/app/backend/logs/app_20260527_161940.log')}
2026-05-27 16:55:00,540 - watchfiles.main - DEBUG - 1 change detected: {(<Change.modified: 2>, '/workspace/app/backend/logs/app_20260527_161940.log')}
2026-05-27 16:55:00,891 - watchfiles.main - DEBUG - 1 change detected: {(<Change.modified: 2>, '/workspace/app/backend/logs/app_20260527_161940.log')}
2026-05-27 16:55:01,242 - watchfiles.main - DEBUG - 1 change detected: {(<Change.modified: 2>, '/workspace/app/backend/logs/app_20260527_161940.log')}
2026-05-27 16:55:01,592 - watchfiles.main - DEBUG - 1 change detected: {(<Change.modified: 2>, '/workspace/app/backend/logs/app_20260527_161940.log')}
2026-05-27 16:55:01,944 - watchfiles.main - DEBUG - 1 change detected: {(<Change.modified: 2>, '/workspace/app/backend/logs/app_20260527_161940.log')}
2026-05-27 16:55:02,296 - watchfiles.main - DEBUG - 1 change detected: {(<Change.modified: 2>, '/workspace/app/backend/logs/app_20260527_161940.log')}
2026-05-27 16:55:02,647 - watchfiles.main - DEBUG - 1 change detected: {(<Change.modified: 2>, '/workspace/app/backend/logs/app_20260527_161940.log')}
2026-05-27 16:55:02,998 - watchfiles.main - DEBUG - 1 change detected: {(<Change.modified: 2>, '/workspace/app/backend/logs/app_20260527_161940.log')}
2026-05-27 16:55:03,349 - watchfiles.main - DEBUG - 1 change detected: {(<Change.modified: 2>, '/workspace/app/backend/logs/app_20260527_161940.log')}
2026-05-27 16:55:03,700 - watchfiles.main - DEBUG - 1 change detected: {(<Change.modified: 2>, '/workspace/app/backend/logs/app_20260527_161940.log')}
2026-05-27 16:55:04,051 - watchfiles.main - DEBUG - 1 change detected: {(<Change.modified: 2>, '/workspace/app/backend/logs/app_20260527_161940.log')}
2026-05-27 16:55:04,402 - watchfiles.main - DEBUG - 1 change detected: {(<Change.modified: 2>, '/workspace/app/backend/logs/app_20260527_161940.log')}
2026-05-27 16:55:04,753 - watchfiles.main - DEBUG - 1 change detected: {(<Change.modified: 2>, '/workspace/app/backend/logs/app_20260527_161940.log')}
2026-05-27 16:55:05,104 - watchfiles.main - DEBUG - 1 change detected: {(<Change.modified: 2>, '/workspace/app/backend/logs/app_20260527_161940.log')}
2026-05-27 16:55:05,454 - watchfiles.main - DEBUG - 1 change detected: {(<Change.modified: 2>, '/workspace/app/backend/logs/app_20260527_161940.log')}
2026-05-27 16:55:05,805 - watchfiles.main - DEBUG - 1 change detected: {(<Change.modified: 2>, '/workspace/app/backend/logs/app_20260527_161940.log')}
2026-05-27 16:55:06,156 - watchfiles.main - DEBUG - 1 change detected: {(<Change.modified: 2>, '/workspace/app/backend/logs/app_20260527_161940.log')}
2026-05-27 16:55:06,507 - watchfiles.main - DEBUG - 1 change detected: {(<Change.modified: 2>, '/workspace/app/backend/logs/app_20260527_161940.log')}
2026-05-27 16:55:06,858 - watchfiles.main - DEBUG - 1 change detected: {(<Change.modified: 2>, '/workspace/app/backend/logs/app_20260527_161940.log')}
2026-05-27 16:55:07,209 - watchfiles.main - DEBUG - 1 change detected: {(<Change.modified: 2>, '/workspace/app/backend/logs/app_20260527_161940.log')}
2026-05-27 16:55:07,560 - watchfiles.main - DEBUG - 1 change detected: {(<Change.modified: 2>, '/workspace/app/backend/logs/app_20260527_161940.log')}
2026-05-27 16:55:07,911 - watchfiles.main - DEBUG - 1 change detected: {(<Change.modified: 2>, '/workspace/app/backend/logs/app_20260527_161940.log')}
2026-05-27 16:55:08,262 - watchfiles.main - DEBUG - 1 change detected: {(<Change.modified: 2>, '/workspace/app/backend/logs/app_20260527_161940.log')}
2026-05-27 16:55:08,612 - watchfiles.main - DEBUG - 1 change detected: {(<Change.modified: 2>, '/workspace/app/backend/logs/app_20260527_161940.log')}
2026-05-27 16:55:08,964 - watchfiles.main - DEBUG - 1 change detected: {(<Change.modified: 2>, '/workspace/app/backend/logs/app_20260527_161940.log')}
2026-05-27 16:55:09,315 - watchfiles.main - DEBUG - 1 change detected: {(<Change.modified: 2>, '/workspace/app/backend/logs/app_20260527_161940.log')}
2026-05-27 16:55:09,666 - watchfiles.main - DEBUG - 1 change detected: {(<Change.modified: 2>, '/workspace/app/backend/logs/app_20260527_161940.log')}
2026-05-27 16:55:10,017 - watchfiles.main - DEBUG - 1 change detected: {(<Change.modified: 2>, '/workspace/app/backend/logs/app_20260527_161940.log')}
2026-05-27 16:55:10,368 - watchfiles.main - DEBUG - 1 change detected: {(<Change.modified: 2>, '/workspace/app/backend/logs/app_20260527_161940.log')}
2026-05-27 16:55:10,719 - watchfiles.main - DEBUG - 1 change detected: {(<Change.modified: 2>, '/workspace/app/backend/logs/app_20260527_161940.log')}
2026-05-27 16:55:11,070 - watchfiles.main - DEBUG - 1 change detected: {(<Change.modified: 2>, '/workspace/app/backend/logs/app_20260527_161940.log')}
2026-05-27 16:55:11,421 - watchfiles.main - DEBUG - 1 change detected: {(<Change.modified: 2>, '/workspace/app/backend/logs/app_20260527_161940.log')}
2026-05-27 16:55:11,772 - watchfiles.main - DEBUG - 1 change detected: {(<Change.modified: 2>, '/workspace/app/backend/logs/app_20260527_161940.log')}
2026-05-27 16:55:12,122 - watchfiles.main - DEBUG - 1 change detected: {(<Change.modified: 2>, '/workspace/app/backend/logs/app_20260527_161940.log')}
2026-05-27 16:55:12,473 - watchfiles.main - DEBUG - 1 change detected: {(<Change.modified: 2>, '/workspace/app/backend/logs/app_20260527_161940.log')}
2026-05-27 16:55:12,824 - watchfiles.main - DEBUG - 1 change detected: {(<Change.modified: 2>, '/workspace/app/backend/logs/app_20260527_161940.log')}
2026-05-27 16:55:13,175 - watchfiles.main - DEBUG - 1 change detected: {(<Change.modified: 2>, '/workspace/app/backend/logs/app_20260527_161940.log')}
2026-05-27 16:55:13,526 - watchfiles.main - DEBUG - 1 change detected: {(<Change.modified: 2>, '/workspace/app/backend/logs/app_20260527_161940.log')}
2026-05-27 16:55:13,877 - watchfiles.main - DEBUG - 1 change detected: {(<Change.modified: 2>, '/workspace/app/backend/logs/app_20260527_161940.log')}
2026-05-27 16:55:14,227 - watchfiles.main - DEBUG - 1 change detected: {(<Change.modified: 2>, '/workspace/app/backend/logs/app_20260527_161940.log')}
2026-05-27 16:55:14,578 - watchfiles.main - DEBUG - 1 change detected: {(<Change.modified: 2>, '/workspace/app/backend/logs/app_20260527_161940.log')}
2026-05-27 16:55:14,929 - watchfiles.main - DEBUG - 1 change detected: {(<Change.modified: 2>, '/workspace/app/backend/logs/app_20260527_161940.log')}
2026-05-27 16:55:15,280 - watchfiles.main - DEBUG - 1 change detected: {(<Change.modified: 2>, '/workspace/app/backend/logs/app_20260527_161940.log')}
2026-05-27 16:55:15,631 - watchfiles.main - DEBUG - 1 change detected: {(<Change.modified: 2>, '/workspace/app/backend/logs/app_20260527_161940.log')}
2026-05-27 16:55:15,982 - watchfiles.main - DEBUG - 1 change detected: {(<Change.modified: 2>, '/workspace/app/backend/logs/app_20260527_161940.log')}
2026-05-27 16:55:16,333 - watchfiles.main - DEBUG - 1 change detected: {(<Change.modified: 2>, '/workspace/app/backend/logs/app_20260527_161940.log')}
2026-05-27 16:55:16,684 - watchfiles.main - DEBUG - 1 change detected: {(<Change.modified: 2>, '/workspace/app/backend/logs/app_20260527_161940.log')}
2026-05-27 16:55:17,035 - watchfiles.main - DEBUG - 1 change detected: {(<Change.modified: 2>, '/workspace/app/backend/logs/app_20260527_161940.log')}
2026-05-27 16:55:17,386 - watchfiles.main - DEBUG - 1 change detected: {(<Change.modified: 2>, '/workspace/app/backend/logs/app_20260527_161940.log')}
2026-05-27 16:55:17,737 - watchfiles.main - DEBUG - 1 change detected: {(<Change.modified: 2>, '/workspace/app/backend/logs/app_20260527_161940.log')}
2026-05-27 16:55:18,088 - watchfiles.main - DEBUG - 1 change detected: {(<Change.modified: 2>, '/workspace/app/backend/logs/app_20260527_161940.log')}
2026-05-27 16:55:18,439 - watchfiles.main - DEBUG - 1 change detected: {(<Change.modified: 2>, '/workspace/app/backend/logs/app_20260527_161940.log')}
2026-05-27 16:55:18,790 - watchfiles.main - DEBUG - 1 change detected: {(<Change.modified: 2>, '/workspace/app/backend/logs/app_20260527_161940.log')}
2026-05-27 16:55:19,141 - watchfiles.main - DEBUG - 1 change detected: {(<Change.modified: 2>, '/workspace/app/backend/logs/app_20260527_161940.log')}
2026-05-27 16:55:19,492 - watchfiles.main - DEBUG - 1 change detected: {(<Change.modified: 2>, '/workspace/app/backend/logs/app_20260527_161940.log')}
2026-05-27 16:55:19,844 - watchfiles.main - DEBUG - 1 change detected: {(<Change.modified: 2>, '/workspace/app/backend/logs/app_20260527_161940.log')}
2026-05-27 16:55:20,195 - watchfiles.main - DEBUG - 1 change detected: {(<Change.modified: 2>, '/workspace/app/backend/logs/app_20260527_161940.log')}
2026-05-27 16:55:20,546 - watchfiles.main - DEBUG - 1 change detected: {(<Change.modified: 2>, '/workspace/app/backend/logs/app_20260527_161940.log')}
2026-05-27 16:55:20,897 - watchfiles.main - DEBUG - 1 change detected: {(<Change.modified: 2>, '/workspace/app/backend/logs/app_20260527_161940.log')}
2026-05-27 16:55:21,248 - watchfiles.main - DEBUG - 1 change detected: {(<Change.modified: 2>, '/workspace/app/backend/logs/app_20260527_161940.log')}
2026-05-27 16:55:21,599 - watchfiles.main - DEBUG - 1 change detected: {(<Change.modified: 2>, '/workspace/app/backend/logs/app_20260527_161940.log')}
2026-05-27 16:55:21,950 - watchfiles.main - DEBUG - 1 change detected: {(<Change.modified: 2>, '/workspace/app/backend/logs/app_20260527_161940.log')}
2026-05-27 16:55:22,301 - watchfiles.main - DEBUG - 1 change detected: {(<Change.modified: 2>, '/workspace/app/backend/logs/app_20260527_161940.log')}
2026-05-27 16:55:22,651 - watchfiles.main - DEBUG - 1 change detected: {(<Change.modified: 2>, '/workspace/app/backend/logs/app_20260527_161940.log')}
2026-05-27 16:55:23,002 - watchfiles.main - DEBUG - 1 change detected: {(<Change.modified: 2>, '/workspace/app/backend/logs/app_20260527_161940.log')}
2026-05-27 16:55:23,353 - watchfiles.main - DEBUG - 1 change detected: {(<Change.modified: 2>, '/workspace/app/backend/logs/app_20260527_161940.log')}
2026-05-27 16:55:23,704 - watchfiles.main - DEBUG - 1 change detected: {(<Change.modified: 2>, '/workspace/app/backend/logs/app_20260527_161940.log')}
2026-05-27 16:55:24,055 - watchfiles.main - DEBUG - 1 change detected: {(<Change.modified: 2>, '/workspace/app/backend/logs/app_20260527_161940.log')}
2026-05-27 16:55:24,406 - watchfiles.main - DEBUG - 1 change detected: {(<Change.modified: 2>, '/workspace/app/backend/logs/app_20260527_161940.log')}
2026-05-27 16:55:24,757 - watchfiles.main - DEBUG - 1 change detected: {(<Change.modified: 2>, '/workspace/app/backend/logs/app_20260527_161940.log')}
2026-05-27 16:55:25,110 - watchfiles.main - DEBUG - 1 change detected: {(<Change.modified: 2>, '/workspace/app/backend/logs/app_20260527_161940.log')}
2026-05-27 16:55:25,461 - watchfiles.main - DEBUG - 1 change detected: {(<Change.modified: 2>, '/workspace/app/backend/logs/app_20260527_161940.log')}
2026-05-27 16:55:25,811 - watchfiles.main - DEBUG - 1 change detected: {(<Change.modified: 2>, '/workspace/app/backend/logs/app_20260527_161940.log')}
2026-05-27 16:55:26,163 - watchfiles.main - DEBUG - 1 change detected: {(<Change.modified: 2>, '/workspace/app/backend/logs/app_20260527_161940.log')}
2026-05-27 16:55:26,516 - watchfiles.main - DEBUG - 1 change detected: {(<Change.modified: 2>, '/workspace/app/backend/logs/app_20260527_161940.log')}
2026-05-27 16:55:26,867 - watchfiles.main - DEBUG - 1 change detected: {(<Change.modified: 2>, '/workspace/app/backend/logs/app_20260527_161940.log')}
2026-05-27 16:55:27,218 - watchfiles.main - DEBUG - 1 change detected: {(<Change.modified: 2>, '/workspace/app/backend/logs/app_20260527_161940.log')}
2026-05-27 16:55:27,569 - watchfiles.main - DEBUG - 1 change detected: {(<Change.modified: 2>, '/workspace/app/backend/logs/app_20260527_161940.log')}
2026-05-27 16:55:27,920 - watchfiles.main - DEBUG - 1 change detected: {(<Change.modified: 2>, '/workspace/app/backend/logs/app_20260527_161940.log')}
2026-05-27 16:55:28,270 - watchfiles.main - DEBUG - 1 change detected: {(<Change.modified: 2>, '/workspace/app/backend/logs/app_20260527_161940.log')}
2026-05-27 16:55:28,621 - watchfiles.main - DEBUG - 1 change detected: {(<Change.modified: 2>, '/workspace/app/backend/logs/app_20260527_161940.log')}
2026-05-27 16:55:28,972 - watchfiles.main - DEBUG - 1 change detected: {(<Change.modified: 2>, '/workspace/app/backend/logs/app_20260527_161940.log')}
2026-05-27 16:55:29,323 - watchfiles.main - DEBUG - 1 change detected: {(<Change.modified: 2>, '/workspace/app/backend/logs/app_20260527_161940.log')}
2026-05-27 16:55:29,674 - watchfiles.main - DEBUG - 1 change detected: {(<Change.modified: 2>, '/workspace/app/backend/logs/app_20260527_161940.log')}
2026-05-27 16:55:30,025 - watchfiles.main - DEBUG - 1 change detected: {(<Change.modified: 2>, '/workspace/app/backend/logs/app_20260527_161940.log')}
2026-05-27 16:55:30,376 - watchfiles.main - DEBUG - 1 change detected: {(<Change.modified: 2>, '/workspace/app/backend/logs/app_20260527_161940.log')}
2026-05-27 16:55:30,727 - watchfiles.main - DEBUG - 1 change detected: {(<Change.modified: 2>, '/workspace/app/backend/logs/app_20260527_161940.log')}
2026-05-27 16:55:31,078 - watchfiles.main - DEBUG - 1 change detected: {(<Change.modified: 2>, '/workspace/app/backend/logs/app_20260527_161940.log')}
2026-05-27 16:55:31,429 - watchfiles.main - DEBUG - 1 change detected: {(<Change.modified: 2>, '/workspace/app/backend/logs/app_20260527_161940.log')}
2026-05-27 16:55:31,779 - watchfiles.main - DEBUG - 1 change detected: {(<Change.modified: 2>, '/workspace/app/backend/logs/app_20260527_161940.log')}
2026-05-27 16:55:32,130 - watchfiles.main - DEBUG - 1 change detected: {(<Change.modified: 2>, '/workspace/app/backend/logs/app_20260527_161940.log')}
2026-05-27 16:55:32,481 - watchfiles.main - DEBUG - 1 change detected: {(<Change.modified: 2>, '/workspace/app/backend/logs/app_20260527_161940.log')}
2026-05-27 16:55:32,832 - watchfiles.main - DEBUG - 1 change detected: {(<Change.modified: 2>, '/workspace/app/backend/logs/app_20260527_161940.log')}
2026-05-27 16:55:33,183 - watchfiles.main - DEBUG - 1 change detected: {(<Change.modified: 2>, '/workspace/app/backend/logs/app_20260527_161940.log')}
2026-05-27 16:55:33,534 - watchfiles.main - DEBUG - 1 change detected: {(<Change.modified: 2>, '/workspace/app/backend/logs/app_20260527_161940.log')}
2026-05-27 16:55:33,885 - watchfiles.main - DEBUG - 1 change detected: {(<Change.modified: 2>, '/workspace/app/backend/logs/app_20260527_161940.log')}
2026-05-27 16:55:34,236 - watchfiles.main - DEBUG - 1 change detected: {(<Change.modified: 2>, '/workspace/app/backend/logs/app_20260527_161940.log')}
2026-05-27 16:55:34,587 - watchfiles.main - DEBUG - 1 change detected: {(<Change.modified: 2>, '/workspace/app/backend/logs/app_20260527_161940.log')}
2026-05-27 16:55:34,938 - watchfiles.main - DEBUG - 1 change detected: {(<Change.modified: 2>, '/workspace/app/backend/logs/app_20260527_161940.log')}
2026-05-27 16:55:35,289 - watchfiles.main - DEBUG - 1 change detected: {(<Change.modified: 2>, '/workspace/app/backend/logs/app_20260527_161940.log')}
2026-05-27 16:55:35,639 - watchfiles.main - DEBUG - 1 change detected: {(<Change.modified: 2>, '/workspace/app/backend/logs/app_20260527_161940.log')}
2026-05-27 16:55:35,990 - watchfiles.main - DEBUG - 1 change detected: {(<Change.modified: 2>, '/workspace/app/backend/logs/app_20260527_161940.log')}
2026-05-27 16:55:36,341 - watchfiles.main - DEBUG - 1 change detected: {(<Change.modified: 2>, '/workspace/app/backend/logs/app_20260527_161940.log')}
2026-05-27 16:55:36,692 - watchfiles.main - DEBUG - 1 change detected: {(<Change.modified: 2>, '/workspace/app/backend/logs/app_20260527_161940.log')}
2026-05-27 16:55:37,043 - watchfiles.main - DEBUG - 1 change detected: {(<Change.modified: 2>, '/workspace/app/backend/logs/app_20260527_161940.log')}
2026-05-27 16:55:37,394 - watchfiles.main - DEBUG - 1 change detected: {(<Change.modified: 2>, '/workspace/app/backend/logs/app_20260527_161940.log')}
2026-05-27 16:55:37,745 - watchfiles.main - DEBUG - 1 change detected: {(<Change.modified: 2>, '/workspace/app/backend/logs/app_20260527_161940.log')}
2026-05-27 16:55:38,096 - watchfiles.main - DEBUG - 1 change detected: {(<Change.modified: 2>, '/workspace/app/backend/logs/app_20260527_161940.log')}
2026-05-27 16:55:38,447 - watchfiles.main - DEBUG - 1 change detected: {(<Change.modified: 2>, '/workspace/app/backend/logs/app_20260527_161940.log')}
2026-05-27 16:55:38,797 - watchfiles.main - DEBUG - 1 change detected: {(<Change.modified: 2>, '/workspace/app/backend/logs/app_20260527_161940.log')}
2026-05-27 16:55:39,148 - watchfiles.main - DEBUG - 1 change detected: {(<Change.modified: 2>, '/workspace/app/backend/logs/app_20260527_161940.log')}
2026-05-27 16:55:39,499 - watchfiles.main - DEBUG - 1 change detected: {(<Change.modified: 2>, '/workspace/app/backend/logs/app_20260527_161940.log')}
2026-05-27 16:55:39,850 - watchfiles.main - DEBUG - 1 change detected: {(<Change.modified: 2>, '/workspace/app/backend/logs/app_20260527_161940.log')}
2026-05-27 16:55:40,201 - watchfiles.main - DEBUG - 1 change detected: {(<Change.modified: 2>, '/workspace/app/backend/logs/app_20260527_161940.log')}
2026-05-27 16:55:40,552 - watchfiles.main - DEBUG - 1 change detected: {(<Change.modified: 2>, '/workspace/app/backend/logs/app_20260527_161940.log')}
2026-05-27 16:55:40,903 - watchfiles.main - DEBUG - 1 change detected: {(<Change.modified: 2>, '/workspace/app/backend/logs/app_20260527_161940.log')}
2026-05-27 16:55:41,254 - watchfiles.main - DEBUG - 1 change detected: {(<Change.modified: 2>, '/workspace/app/backend/logs/app_20260527_161940.log')}
2026-05-27 16:55:41,605 - watchfiles.main - DEBUG - 1 change detected: {(<Change.modified: 2>, '/workspace/app/backend/logs/app_20260527_161940.log')}
2026-05-27 16:55:41,956 - watchfiles.main - DEBUG - 1 change detected: {(<Change.modified: 2>, '/workspace/app/backend/logs/app_20260527_161940.log')}
