2026-05-24 15:06:36,891 - main - INFO - === Logging system initialized ===
2026-05-24 15:06:36,892 - main - INFO - Log file: logs/app_20260524_150636.log
2026-05-24 15:06:36,892 - main - INFO - Log level: INFO
2026-05-24 15:06:36,892 - main - INFO - Timestamp: 20260524_150636
2026-05-24 15:06:37,838 - main - INFO - Included router: routers.aihub.router
2026-05-24 15:06:37,861 - main - INFO - Included router: routers.auth.router
2026-05-24 15:06:37,864 - main - INFO - Included router: routers.health.router
2026-05-24 15:06:37,912 - main - INFO - Included router: routers.printer_settings.router
2026-05-24 15:06:37,969 - main - INFO - Included router: routers.reservations.router
2026-05-24 15:06:38,019 - main - INFO - Included router: routers.salons.router
2026-05-24 15:06:38,073 - main - INFO - Included router: routers.settings.router
2026-05-24 15:06:38,122 - main - INFO - Included router: routers.storage.router
2026-05-24 15:06:38,131 - main - INFO - Included router: routers.user.router
2026-05-24 15:06:39,447 - watchfiles.main - DEBUG - 1 change detected: {(<Change.added: 1>, '/workspace/app/backend/logs/app_20260524_150639.log')}
2026-05-24 15:06:39,798 - watchfiles.main - DEBUG - 1 change detected: {(<Change.modified: 2>, '/workspace/app/backend/logs/app_20260524_150636.log')}
2026-05-24 15:06:40,149 - watchfiles.main - DEBUG - 1 change detected: {(<Change.modified: 2>, '/workspace/app/backend/logs/app_20260524_150636.log')}
2026-05-24 15:06:40,499 - watchfiles.main - DEBUG - 2 changes detected: {(<Change.modified: 2>, '/workspace/app/backend/logs/app_20260524_150639.log'), (<Change.modified: 2>, '/workspace/app/backend/logs/app_20260524_150636.log')}
2026-05-24 15:06:40,850 - watchfiles.main - DEBUG - 1 change detected: {(<Change.modified: 2>, '/workspace/app/backend/logs/app_20260524_150636.log')}
2026-05-24 15:06:41,201 - watchfiles.main - DEBUG - 1 change detected: {(<Change.modified: 2>, '/workspace/app/backend/logs/app_20260524_150636.log')}
2026-05-24 15:06:41,552 - watchfiles.main - DEBUG - 1 change detected: {(<Change.modified: 2>, '/workspace/app/backend/logs/app_20260524_150636.log')}
2026-05-24 15:06:41,902 - watchfiles.main - DEBUG - 1 change detected: {(<Change.modified: 2>, '/workspace/app/backend/logs/app_20260524_150636.log')}
2026-05-24 15:06:42,253 - watchfiles.main - DEBUG - 1 change detected: {(<Change.modified: 2>, '/workspace/app/backend/logs/app_20260524_150636.log')}
2026-05-24 15:06:42,604 - watchfiles.main - DEBUG - 1 change detected: {(<Change.modified: 2>, '/workspace/app/backend/logs/app_20260524_150636.log')}
2026-05-24 15:06:42,955 - watchfiles.main - DEBUG - 1 change detected: {(<Change.modified: 2>, '/workspace/app/backend/logs/app_20260524_150636.log')}
2026-05-24 15:06:43,306 - watchfiles.main - DEBUG - 1 change detected: {(<Change.modified: 2>, '/workspace/app/backend/logs/app_20260524_150636.log')}
2026-05-24 15:06:43,656 - watchfiles.main - DEBUG - 1 change detected: {(<Change.modified: 2>, '/workspace/app/backend/logs/app_20260524_150636.log')}
2026-05-24 15:06:44,007 - watchfiles.main - DEBUG - 1 change detected: {(<Change.modified: 2>, '/workspace/app/backend/logs/app_20260524_150636.log')}
2026-05-24 15:06:44,358 - watchfiles.main - DEBUG - 1 change detected: {(<Change.modified: 2>, '/workspace/app/backend/logs/app_20260524_150636.log')}
2026-05-24 15:06:44,709 - watchfiles.main - DEBUG - 1 change detected: {(<Change.modified: 2>, '/workspace/app/backend/logs/app_20260524_150636.log')}
2026-05-24 15:06:45,060 - watchfiles.main - DEBUG - 1 change detected: {(<Change.modified: 2>, '/workspace/app/backend/logs/app_20260524_150636.log')}
2026-05-24 15:06:45,411 - watchfiles.main - DEBUG - 1 change detected: {(<Change.modified: 2>, '/workspace/app/backend/logs/app_20260524_150636.log')}
2026-05-24 15:06:45,761 - watchfiles.main - DEBUG - 1 change detected: {(<Change.modified: 2>, '/workspace/app/backend/logs/app_20260524_150636.log')}
2026-05-24 15:06:46,112 - watchfiles.main - DEBUG - 1 change detected: {(<Change.modified: 2>, '/workspace/app/backend/logs/app_20260524_150636.log')}
2026-05-24 15:06:46,463 - watchfiles.main - DEBUG - 1 change detected: {(<Change.modified: 2>, '/workspace/app/backend/logs/app_20260524_150636.log')}
2026-05-24 15:06:46,864 - watchfiles.main - DEBUG - 2 changes detected: {(<Change.modified: 2>, '/workspace/app/backend/logs/app_20260524_150639.log'), (<Change.modified: 2>, '/workspace/app/backend/logs/app_20260524_150636.log')}
2026-05-24 15:06:47,215 - watchfiles.main - DEBUG - 2 changes detected: {(<Change.modified: 2>, '/workspace/app/backend/logs/app_20260524_150639.log'), (<Change.modified: 2>, '/workspace/app/backend/logs/app_20260524_150636.log')}
2026-05-24 15:06:47,566 - watchfiles.main - DEBUG - 1 change detected: {(<Change.modified: 2>, '/workspace/app/backend/logs/app_20260524_150636.log')}
2026-05-24 15:06:47,917 - watchfiles.main - DEBUG - 1 change detected: {(<Change.modified: 2>, '/workspace/app/backend/logs/app_20260524_150636.log')}
2026-05-24 15:06:48,267 - watchfiles.main - DEBUG - 1 change detected: {(<Change.modified: 2>, '/workspace/app/backend/logs/app_20260524_150636.log')}
2026-05-24 15:06:48,618 - watchfiles.main - DEBUG - 2 changes detected: {(<Change.modified: 2>, '/workspace/app/backend/logs/app_20260524_150639.log'), (<Change.modified: 2>, '/workspace/app/backend/logs/app_20260524_150636.log')}
2026-05-24 15:06:48,969 - watchfiles.main - DEBUG - 2 changes detected: {(<Change.modified: 2>, '/workspace/app/backend/logs/app_20260524_150639.log'), (<Change.modified: 2>, '/workspace/app/backend/logs/app_20260524_150636.log')}
2026-05-24 15:06:49,320 - watchfiles.main - DEBUG - 2 changes detected: {(<Change.modified: 2>, '/workspace/app/backend/logs/app_20260524_150639.log'), (<Change.modified: 2>, '/workspace/app/backend/logs/app_20260524_150636.log')}
2026-05-24 15:06:49,670 - watchfiles.main - DEBUG - 1 change detected: {(<Change.modified: 2>, '/workspace/app/backend/logs/app_20260524_150636.log')}
2026-05-24 15:06:50,021 - watchfiles.main - DEBUG - 1 change detected: {(<Change.modified: 2>, '/workspace/app/backend/logs/app_20260524_150636.log')}
2026-05-24 15:06:50,372 - watchfiles.main - DEBUG - 1 change detected: {(<Change.modified: 2>, '/workspace/app/backend/logs/app_20260524_150636.log')}
2026-05-24 15:06:50,723 - watchfiles.main - DEBUG - 1 change detected: {(<Change.modified: 2>, '/workspace/app/backend/logs/app_20260524_150636.log')}
2026-05-24 15:06:51,074 - watchfiles.main - DEBUG - 1 change detected: {(<Change.modified: 2>, '/workspace/app/backend/logs/app_20260524_150636.log')}
2026-05-24 15:06:51,424 - watchfiles.main - DEBUG - 1 change detected: {(<Change.modified: 2>, '/workspace/app/backend/logs/app_20260524_150636.log')}
2026-05-24 15:06:51,775 - watchfiles.main - DEBUG - 1 change detected: {(<Change.modified: 2>, '/workspace/app/backend/logs/app_20260524_150636.log')}
2026-05-24 15:06:52,126 - watchfiles.main - DEBUG - 1 change detected: {(<Change.modified: 2>, '/workspace/app/backend/logs/app_20260524_150636.log')}
2026-05-24 15:06:52,477 - watchfiles.main - DEBUG - 1 change detected: {(<Change.modified: 2>, '/workspace/app/backend/logs/app_20260524_150636.log')}
2026-05-24 15:06:52,827 - watchfiles.main - DEBUG - 1 change detected: {(<Change.modified: 2>, '/workspace/app/backend/logs/app_20260524_150636.log')}
2026-05-24 15:06:53,178 - watchfiles.main - DEBUG - 1 change detected: {(<Change.modified: 2>, '/workspace/app/backend/logs/app_20260524_150636.log')}
2026-05-24 15:06:53,529 - watchfiles.main - DEBUG - 1 change detected: {(<Change.modified: 2>, '/workspace/app/backend/logs/app_20260524_150636.log')}
2026-05-24 15:06:53,880 - watchfiles.main - DEBUG - 1 change detected: {(<Change.modified: 2>, '/workspace/app/backend/logs/app_20260524_150636.log')}
2026-05-24 15:06:54,231 - watchfiles.main - DEBUG - 1 change detected: {(<Change.modified: 2>, '/workspace/app/backend/logs/app_20260524_150636.log')}
2026-05-24 15:06:54,582 - watchfiles.main - DEBUG - 1 change detected: {(<Change.modified: 2>, '/workspace/app/backend/logs/app_20260524_150636.log')}
2026-05-24 15:06:54,932 - watchfiles.main - DEBUG - 1 change detected: {(<Change.modified: 2>, '/workspace/app/backend/logs/app_20260524_150636.log')}
2026-05-24 15:06:55,283 - watchfiles.main - DEBUG - 1 change detected: {(<Change.modified: 2>, '/workspace/app/backend/logs/app_20260524_150636.log')}
2026-05-24 15:06:55,634 - watchfiles.main - DEBUG - 1 change detected: {(<Change.modified: 2>, '/workspace/app/backend/logs/app_20260524_150636.log')}
2026-05-24 15:06:55,985 - watchfiles.main - DEBUG - 1 change detected: {(<Change.modified: 2>, '/workspace/app/backend/logs/app_20260524_150636.log')}
2026-05-24 15:06:56,336 - watchfiles.main - DEBUG - 1 change detected: {(<Change.modified: 2>, '/workspace/app/backend/logs/app_20260524_150636.log')}
2026-05-24 15:06:56,687 - watchfiles.main - DEBUG - 1 change detected: {(<Change.modified: 2>, '/workspace/app/backend/logs/app_20260524_150636.log')}
2026-05-24 15:06:57,038 - watchfiles.main - DEBUG - 1 change detected: {(<Change.modified: 2>, '/workspace/app/backend/logs/app_20260524_150636.log')}
2026-05-24 15:06:57,388 - watchfiles.main - DEBUG - 1 change detected: {(<Change.modified: 2>, '/workspace/app/backend/logs/app_20260524_150636.log')}
2026-05-24 15:06:57,739 - watchfiles.main - DEBUG - 1 change detected: {(<Change.modified: 2>, '/workspace/app/backend/logs/app_20260524_150636.log')}
2026-05-24 15:06:58,090 - watchfiles.main - DEBUG - 1 change detected: {(<Change.modified: 2>, '/workspace/app/backend/logs/app_20260524_150636.log')}
2026-05-24 15:06:58,440 - watchfiles.main - DEBUG - 1 change detected: {(<Change.modified: 2>, '/workspace/app/backend/logs/app_20260524_150636.log')}
2026-05-24 15:06:58,791 - watchfiles.main - DEBUG - 1 change detected: {(<Change.modified: 2>, '/workspace/app/backend/logs/app_20260524_150636.log')}
2026-05-24 15:06:59,142 - watchfiles.main - DEBUG - 1 change detected: {(<Change.modified: 2>, '/workspace/app/backend/logs/app_20260524_150636.log')}
2026-05-24 15:06:59,493 - watchfiles.main - DEBUG - 1 change detected: {(<Change.modified: 2>, '/workspace/app/backend/logs/app_20260524_150636.log')}
2026-05-24 15:06:59,844 - watchfiles.main - DEBUG - 1 change detected: {(<Change.modified: 2>, '/workspace/app/backend/logs/app_20260524_150636.log')}
2026-05-24 15:07:00,195 - watchfiles.main - DEBUG - 1 change detected: {(<Change.modified: 2>, '/workspace/app/backend/logs/app_20260524_150636.log')}
2026-05-24 15:07:00,546 - watchfiles.main - DEBUG - 1 change detected: {(<Change.modified: 2>, '/workspace/app/backend/logs/app_20260524_150636.log')}
2026-05-24 15:07:00,897 - watchfiles.main - DEBUG - 1 change detected: {(<Change.modified: 2>, '/workspace/app/backend/logs/app_20260524_150636.log')}
2026-05-24 15:07:01,248 - watchfiles.main - DEBUG - 1 change detected: {(<Change.modified: 2>, '/workspace/app/backend/logs/app_20260524_150636.log')}
2026-05-24 15:07:01,599 - watchfiles.main - DEBUG - 1 change detected: {(<Change.modified: 2>, '/workspace/app/backend/logs/app_20260524_150636.log')}
2026-05-24 15:07:01,950 - watchfiles.main - DEBUG - 1 change detected: {(<Change.modified: 2>, '/workspace/app/backend/logs/app_20260524_150636.log')}
2026-05-24 15:07:02,300 - watchfiles.main - DEBUG - 1 change detected: {(<Change.modified: 2>, '/workspace/app/backend/logs/app_20260524_150636.log')}
2026-05-24 15:07:02,651 - watchfiles.main - DEBUG - 1 change detected: {(<Change.modified: 2>, '/workspace/app/backend/logs/app_20260524_150636.log')}
2026-05-24 15:07:03,002 - watchfiles.main - DEBUG - 1 change detected: {(<Change.modified: 2>, '/workspace/app/backend/logs/app_20260524_150636.log')}
2026-05-24 15:07:03,353 - watchfiles.main - DEBUG - 1 change detected: {(<Change.modified: 2>, '/workspace/app/backend/logs/app_20260524_150636.log')}
2026-05-24 15:07:03,704 - watchfiles.main - DEBUG - 1 change detected: {(<Change.modified: 2>, '/workspace/app/backend/logs/app_20260524_150636.log')}
2026-05-24 15:07:04,055 - watchfiles.main - DEBUG - 1 change detected: {(<Change.modified: 2>, '/workspace/app/backend/logs/app_20260524_150636.log')}
2026-05-24 15:07:04,405 - watchfiles.main - DEBUG - 1 change detected: {(<Change.modified: 2>, '/workspace/app/backend/logs/app_20260524_150636.log')}
2026-05-24 15:07:04,756 - watchfiles.main - DEBUG - 1 change detected: {(<Change.modified: 2>, '/workspace/app/backend/logs/app_20260524_150636.log')}
2026-05-24 15:07:05,107 - watchfiles.main - DEBUG - 1 change detected: {(<Change.modified: 2>, '/workspace/app/backend/logs/app_20260524_150636.log')}
2026-05-24 15:07:05,458 - watchfiles.main - DEBUG - 1 change detected: {(<Change.modified: 2>, '/workspace/app/backend/logs/app_20260524_150636.log')}
2026-05-24 15:07:05,809 - watchfiles.main - DEBUG - 1 change detected: {(<Change.modified: 2>, '/workspace/app/backend/logs/app_20260524_150636.log')}
2026-05-24 15:07:06,160 - watchfiles.main - DEBUG - 1 change detected: {(<Change.modified: 2>, '/workspace/app/backend/logs/app_20260524_150636.log')}
2026-05-24 15:07:06,510 - watchfiles.main - DEBUG - 1 change detected: {(<Change.modified: 2>, '/workspace/app/backend/logs/app_20260524_150636.log')}
2026-05-24 15:07:06,861 - watchfiles.main - DEBUG - 1 change detected: {(<Change.modified: 2>, '/workspace/app/backend/logs/app_20260524_150636.log')}
2026-05-24 15:07:07,212 - watchfiles.main - DEBUG - 1 change detected: {(<Change.modified: 2>, '/workspace/app/backend/logs/app_20260524_150636.log')}
2026-05-24 15:07:07,563 - watchfiles.main - DEBUG - 1 change detected: {(<Change.modified: 2>, '/workspace/app/backend/logs/app_20260524_150636.log')}
2026-05-24 15:07:07,914 - watchfiles.main - DEBUG - 1 change detected: {(<Change.modified: 2>, '/workspace/app/backend/logs/app_20260524_150636.log')}
2026-05-24 15:07:08,265 - watchfiles.main - DEBUG - 1 change detected: {(<Change.modified: 2>, '/workspace/app/backend/logs/app_20260524_150636.log')}
2026-05-24 15:07:08,616 - watchfiles.main - DEBUG - 1 change detected: {(<Change.modified: 2>, '/workspace/app/backend/logs/app_20260524_150636.log')}
2026-05-24 15:07:08,967 - watchfiles.main - DEBUG - 1 change detected: {(<Change.modified: 2>, '/workspace/app/backend/logs/app_20260524_150636.log')}
2026-05-24 15:07:09,318 - watchfiles.main - DEBUG - 1 change detected: {(<Change.modified: 2>, '/workspace/app/backend/logs/app_20260524_150636.log')}
2026-05-24 15:07:09,669 - watchfiles.main - DEBUG - 1 change detected: {(<Change.modified: 2>, '/workspace/app/backend/logs/app_20260524_150636.log')}
2026-05-24 15:07:10,020 - watchfiles.main - DEBUG - 1 change detected: {(<Change.modified: 2>, '/workspace/app/backend/logs/app_20260524_150636.log')}
2026-05-24 15:07:10,371 - watchfiles.main - DEBUG - 1 change detected: {(<Change.modified: 2>, '/workspace/app/backend/logs/app_20260524_150636.log')}
2026-05-24 15:07:10,722 - watchfiles.main - DEBUG - 1 change detected: {(<Change.modified: 2>, '/workspace/app/backend/logs/app_20260524_150636.log')}
2026-05-24 15:07:11,073 - watchfiles.main - DEBUG - 1 change detected: {(<Change.modified: 2>, '/workspace/app/backend/logs/app_20260524_150636.log')}
2026-05-24 15:07:11,424 - watchfiles.main - DEBUG - 1 change detected: {(<Change.modified: 2>, '/workspace/app/backend/logs/app_20260524_150636.log')}
2026-05-24 15:07:11,775 - watchfiles.main - DEBUG - 1 change detected: {(<Change.modified: 2>, '/workspace/app/backend/logs/app_20260524_150636.log')}
2026-05-24 15:07:12,126 - watchfiles.main - DEBUG - 1 change detected: {(<Change.modified: 2>, '/workspace/app/backend/logs/app_20260524_150636.log')}
2026-05-24 15:07:12,477 - watchfiles.main - DEBUG - 1 change detected: {(<Change.modified: 2>, '/workspace/app/backend/logs/app_20260524_150636.log')}
2026-05-24 15:07:12,827 - watchfiles.main - DEBUG - 1 change detected: {(<Change.modified: 2>, '/workspace/app/backend/logs/app_20260524_150636.log')}
2026-05-24 15:07:13,179 - watchfiles.main - DEBUG - 1 change detected: {(<Change.modified: 2>, '/workspace/app/backend/logs/app_20260524_150636.log')}
2026-05-24 15:07:13,530 - watchfiles.main - DEBUG - 1 change detected: {(<Change.modified: 2>, '/workspace/app/backend/logs/app_20260524_150636.log')}
2026-05-24 15:07:13,881 - watchfiles.main - DEBUG - 1 change detected: {(<Change.modified: 2>, '/workspace/app/backend/logs/app_20260524_150636.log')}
2026-05-24 15:07:14,232 - watchfiles.main - DEBUG - 1 change detected: {(<Change.modified: 2>, '/workspace/app/backend/logs/app_20260524_150636.log')}
2026-05-24 15:07:14,583 - watchfiles.main - DEBUG - 1 change detected: {(<Change.modified: 2>, '/workspace/app/backend/logs/app_20260524_150636.log')}
2026-05-24 15:07:14,934 - watchfiles.main - DEBUG - 1 change detected: {(<Change.modified: 2>, '/workspace/app/backend/logs/app_20260524_150636.log')}
2026-05-24 15:07:15,285 - watchfiles.main - DEBUG - 1 change detected: {(<Change.modified: 2>, '/workspace/app/backend/logs/app_20260524_150636.log')}
2026-05-24 15:07:15,636 - watchfiles.main - DEBUG - 1 change detected: {(<Change.modified: 2>, '/workspace/app/backend/logs/app_20260524_150636.log')}
2026-05-24 15:07:15,987 - watchfiles.main - DEBUG - 1 change detected: {(<Change.modified: 2>, '/workspace/app/backend/logs/app_20260524_150636.log')}
2026-05-24 15:07:16,338 - watchfiles.main - DEBUG - 1 change detected: {(<Change.modified: 2>, '/workspace/app/backend/logs/app_20260524_150636.log')}
2026-05-24 15:07:16,689 - watchfiles.main - DEBUG - 1 change detected: {(<Change.modified: 2>, '/workspace/app/backend/logs/app_20260524_150636.log')}
2026-05-24 15:07:17,039 - watchfiles.main - DEBUG - 1 change detected: {(<Change.modified: 2>, '/workspace/app/backend/logs/app_20260524_150636.log')}
2026-05-24 15:07:17,390 - watchfiles.main - DEBUG - 1 change detected: {(<Change.modified: 2>, '/workspace/app/backend/logs/app_20260524_150636.log')}
2026-05-24 15:07:17,741 - watchfiles.main - DEBUG - 2 changes detected: {(<Change.modified: 2>, '/workspace/app/backend/logs/app_20260524_150639.log'), (<Change.modified: 2>, '/workspace/app/backend/logs/app_20260524_150636.log')}
2026-05-24 15:07:18,092 - watchfiles.main - DEBUG - 1 change detected: {(<Change.modified: 2>, '/workspace/app/backend/logs/app_20260524_150636.log')}
2026-05-24 15:07:18,443 - watchfiles.main - DEBUG - 2 changes detected: {(<Change.modified: 2>, '/workspace/app/backend/logs/app_20260524_150639.log'), (<Change.modified: 2>, '/workspace/app/backend/logs/app_20260524_150636.log')}
2026-05-24 15:07:18,794 - watchfiles.main - DEBUG - 1 change detected: {(<Change.modified: 2>, '/workspace/app/backend/logs/app_20260524_150636.log')}
2026-05-24 15:07:19,144 - watchfiles.main - DEBUG - 1 change detected: {(<Change.modified: 2>, '/workspace/app/backend/logs/app_20260524_150636.log')}
2026-05-24 15:07:19,495 - watchfiles.main - DEBUG - 1 change detected: {(<Change.modified: 2>, '/workspace/app/backend/logs/app_20260524_150636.log')}
2026-05-24 15:07:19,846 - watchfiles.main - DEBUG - 1 change detected: {(<Change.modified: 2>, '/workspace/app/backend/logs/app_20260524_150636.log')}
2026-05-24 15:07:20,197 - watchfiles.main - DEBUG - 1 change detected: {(<Change.modified: 2>, '/workspace/app/backend/logs/app_20260524_150636.log')}
2026-05-24 15:07:20,548 - watchfiles.main - DEBUG - 1 change detected: {(<Change.modified: 2>, '/workspace/app/backend/logs/app_20260524_150636.log')}
2026-05-24 15:07:20,898 - watchfiles.main - DEBUG - 1 change detected: {(<Change.modified: 2>, '/workspace/app/backend/logs/app_20260524_150636.log')}
2026-05-24 15:07:21,249 - watchfiles.main - DEBUG - 1 change detected: {(<Change.modified: 2>, '/workspace/app/backend/logs/app_20260524_150636.log')}
2026-05-24 15:07:21,600 - watchfiles.main - DEBUG - 1 change detected: {(<Change.modified: 2>, '/workspace/app/backend/logs/app_20260524_150636.log')}
2026-05-24 15:07:21,951 - watchfiles.main - DEBUG - 1 change detected: {(<Change.modified: 2>, '/workspace/app/backend/logs/app_20260524_150636.log')}
2026-05-24 15:07:22,302 - watchfiles.main - DEBUG - 1 change detected: {(<Change.modified: 2>, '/workspace/app/backend/logs/app_20260524_150636.log')}
2026-05-24 15:07:22,653 - watchfiles.main - DEBUG - 1 change detected: {(<Change.modified: 2>, '/workspace/app/backend/logs/app_20260524_150636.log')}
2026-05-24 15:07:23,004 - watchfiles.main - DEBUG - 1 change detected: {(<Change.modified: 2>, '/workspace/app/backend/logs/app_20260524_150636.log')}
2026-05-24 15:07:23,355 - watchfiles.main - DEBUG - 1 change detected: {(<Change.modified: 2>, '/workspace/app/backend/logs/app_20260524_150636.log')}
2026-05-24 15:07:23,706 - watchfiles.main - DEBUG - 1 change detected: {(<Change.modified: 2>, '/workspace/app/backend/logs/app_20260524_150636.log')}
2026-05-24 15:07:24,057 - watchfiles.main - DEBUG - 1 change detected: {(<Change.modified: 2>, '/workspace/app/backend/logs/app_20260524_150636.log')}
2026-05-24 15:07:24,408 - watchfiles.main - DEBUG - 1 change detected: {(<Change.modified: 2>, '/workspace/app/backend/logs/app_20260524_150636.log')}
2026-05-24 15:07:24,760 - watchfiles.main - DEBUG - 1 change detected: {(<Change.modified: 2>, '/workspace/app/backend/logs/app_20260524_150636.log')}
2026-05-24 15:07:25,110 - watchfiles.main - DEBUG - 1 change detected: {(<Change.modified: 2>, '/workspace/app/backend/logs/app_20260524_150636.log')}
2026-05-24 15:07:25,461 - watchfiles.main - DEBUG - 1 change detected: {(<Change.modified: 2>, '/workspace/app/backend/logs/app_20260524_150636.log')}
2026-05-24 15:07:25,812 - watchfiles.main - DEBUG - 1 change detected: {(<Change.modified: 2>, '/workspace/app/backend/logs/app_20260524_150636.log')}
2026-05-24 15:07:26,163 - watchfiles.main - DEBUG - 1 change detected: {(<Change.modified: 2>, '/workspace/app/backend/logs/app_20260524_150636.log')}
2026-05-24 15:07:26,513 - watchfiles.main - DEBUG - 1 change detected: {(<Change.modified: 2>, '/workspace/app/backend/logs/app_20260524_150636.log')}
2026-05-24 15:07:26,864 - watchfiles.main - DEBUG - 1 change detected: {(<Change.modified: 2>, '/workspace/app/backend/logs/app_20260524_150636.log')}
2026-05-24 15:07:27,215 - watchfiles.main - DEBUG - 1 change detected: {(<Change.modified: 2>, '/workspace/app/backend/logs/app_20260524_150636.log')}
2026-05-24 15:07:27,566 - watchfiles.main - DEBUG - 1 change detected: {(<Change.modified: 2>, '/workspace/app/backend/logs/app_20260524_150636.log')}
2026-05-24 15:07:27,917 - watchfiles.main - DEBUG - 1 change detected: {(<Change.modified: 2>, '/workspace/app/backend/logs/app_20260524_150636.log')}
2026-05-24 15:07:28,268 - watchfiles.main - DEBUG - 1 change detected: {(<Change.modified: 2>, '/workspace/app/backend/logs/app_20260524_150636.log')}
2026-05-24 15:07:28,618 - watchfiles.main - DEBUG - 1 change detected: {(<Change.modified: 2>, '/workspace/app/backend/logs/app_20260524_150636.log')}
2026-05-24 15:07:28,969 - watchfiles.main - DEBUG - 1 change detected: {(<Change.modified: 2>, '/workspace/app/backend/logs/app_20260524_150636.log')}
2026-05-24 15:07:29,320 - watchfiles.main - DEBUG - 1 change detected: {(<Change.modified: 2>, '/workspace/app/backend/logs/app_20260524_150636.log')}
2026-05-24 15:07:29,671 - watchfiles.main - DEBUG - 1 change detected: {(<Change.modified: 2>, '/workspace/app/backend/logs/app_20260524_150636.log')}
2026-05-24 15:07:30,022 - watchfiles.main - DEBUG - 1 change detected: {(<Change.modified: 2>, '/workspace/app/backend/logs/app_20260524_150636.log')}
2026-05-24 15:07:30,373 - watchfiles.main - DEBUG - 1 change detected: {(<Change.modified: 2>, '/workspace/app/backend/logs/app_20260524_150636.log')}
2026-05-24 15:07:30,723 - watchfiles.main - DEBUG - 1 change detected: {(<Change.modified: 2>, '/workspace/app/backend/logs/app_20260524_150636.log')}
2026-05-24 15:07:31,074 - watchfiles.main - DEBUG - 1 change detected: {(<Change.modified: 2>, '/workspace/app/backend/logs/app_20260524_150636.log')}
2026-05-24 15:07:31,425 - watchfiles.main - DEBUG - 1 change detected: {(<Change.modified: 2>, '/workspace/app/backend/logs/app_20260524_150636.log')}
2026-05-24 15:07:31,776 - watchfiles.main - DEBUG - 1 change detected: {(<Change.modified: 2>, '/workspace/app/backend/logs/app_20260524_150636.log')}
2026-05-24 15:07:32,127 - watchfiles.main - DEBUG - 1 change detected: {(<Change.modified: 2>, '/workspace/app/backend/logs/app_20260524_150636.log')}
2026-05-24 15:07:32,477 - watchfiles.main - DEBUG - 1 change detected: {(<Change.modified: 2>, '/workspace/app/backend/logs/app_20260524_150636.log')}
2026-05-24 15:07:32,828 - watchfiles.main - DEBUG - 1 change detected: {(<Change.modified: 2>, '/workspace/app/backend/logs/app_20260524_150636.log')}
2026-05-24 15:07:33,179 - watchfiles.main - DEBUG - 1 change detected: {(<Change.modified: 2>, '/workspace/app/backend/logs/app_20260524_150636.log')}
2026-05-24 15:07:33,530 - watchfiles.main - DEBUG - 1 change detected: {(<Change.modified: 2>, '/workspace/app/backend/logs/app_20260524_150636.log')}
2026-05-24 15:07:33,881 - watchfiles.main - DEBUG - 1 change detected: {(<Change.modified: 2>, '/workspace/app/backend/logs/app_20260524_150636.log')}
2026-05-24 15:07:34,232 - watchfiles.main - DEBUG - 1 change detected: {(<Change.modified: 2>, '/workspace/app/backend/logs/app_20260524_150636.log')}
2026-05-24 15:07:34,582 - watchfiles.main - DEBUG - 1 change detected: {(<Change.modified: 2>, '/workspace/app/backend/logs/app_20260524_150636.log')}
2026-05-24 15:07:34,933 - watchfiles.main - DEBUG - 1 change detected: {(<Change.modified: 2>, '/workspace/app/backend/logs/app_20260524_150636.log')}
2026-05-24 15:07:35,284 - watchfiles.main - DEBUG - 1 change detected: {(<Change.modified: 2>, '/workspace/app/backend/logs/app_20260524_150636.log')}
2026-05-24 15:07:35,635 - watchfiles.main - DEBUG - 1 change detected: {(<Change.modified: 2>, '/workspace/app/backend/logs/app_20260524_150636.log')}
2026-05-24 15:07:35,985 - watchfiles.main - DEBUG - 1 change detected: {(<Change.modified: 2>, '/workspace/app/backend/logs/app_20260524_150636.log')}
2026-05-24 15:07:36,336 - watchfiles.main - DEBUG - 1 change detected: {(<Change.modified: 2>, '/workspace/app/backend/logs/app_20260524_150636.log')}
2026-05-24 15:07:36,687 - watchfiles.main - DEBUG - 1 change detected: {(<Change.modified: 2>, '/workspace/app/backend/logs/app_20260524_150636.log')}
2026-05-24 15:07:37,038 - watchfiles.main - DEBUG - 1 change detected: {(<Change.modified: 2>, '/workspace/app/backend/logs/app_20260524_150636.log')}
2026-05-24 15:07:37,389 - watchfiles.main - DEBUG - 1 change detected: {(<Change.modified: 2>, '/workspace/app/backend/logs/app_20260524_150636.log')}
2026-05-24 15:07:37,740 - watchfiles.main - DEBUG - 1 change detected: {(<Change.modified: 2>, '/workspace/app/backend/logs/app_20260524_150636.log')}
2026-05-24 15:07:38,090 - watchfiles.main - DEBUG - 1 change detected: {(<Change.modified: 2>, '/workspace/app/backend/logs/app_20260524_150636.log')}
2026-05-24 15:07:38,441 - watchfiles.main - DEBUG - 1 change detected: {(<Change.modified: 2>, '/workspace/app/backend/logs/app_20260524_150636.log')}
2026-05-24 15:07:38,792 - watchfiles.main - DEBUG - 1 change detected: {(<Change.modified: 2>, '/workspace/app/backend/logs/app_20260524_150636.log')}
2026-05-24 15:07:39,144 - watchfiles.main - DEBUG - 1 change detected: {(<Change.modified: 2>, '/workspace/app/backend/logs/app_20260524_150636.log')}
2026-05-24 15:07:39,494 - watchfiles.main - DEBUG - 1 change detected: {(<Change.modified: 2>, '/workspace/app/backend/logs/app_20260524_150636.log')}
2026-05-24 15:07:39,845 - watchfiles.main - DEBUG - 1 change detected: {(<Change.modified: 2>, '/workspace/app/backend/logs/app_20260524_150636.log')}
2026-05-24 15:07:40,196 - watchfiles.main - DEBUG - 1 change detected: {(<Change.modified: 2>, '/workspace/app/backend/logs/app_20260524_150636.log')}
2026-05-24 15:07:40,547 - watchfiles.main - DEBUG - 1 change detected: {(<Change.modified: 2>, '/workspace/app/backend/logs/app_20260524_150636.log')}
2026-05-24 15:07:40,898 - watchfiles.main - DEBUG - 1 change detected: {(<Change.modified: 2>, '/workspace/app/backend/logs/app_20260524_150636.log')}
2026-05-24 15:07:41,249 - watchfiles.main - DEBUG - 1 change detected: {(<Change.modified: 2>, '/workspace/app/backend/logs/app_20260524_150636.log')}
2026-05-24 15:07:41,599 - watchfiles.main - DEBUG - 1 change detected: {(<Change.modified: 2>, '/workspace/app/backend/logs/app_20260524_150636.log')}
2026-05-24 15:07:41,950 - watchfiles.main - DEBUG - 1 change detected: {(<Change.modified: 2>, '/workspace/app/backend/logs/app_20260524_150636.log')}
2026-05-24 15:07:42,301 - watchfiles.main - DEBUG - 1 change detected: {(<Change.modified: 2>, '/workspace/app/backend/logs/app_20260524_150636.log')}
2026-05-24 15:07:42,652 - watchfiles.main - DEBUG - 1 change detected: {(<Change.modified: 2>, '/workspace/app/backend/logs/app_20260524_150636.log')}
2026-05-24 15:07:43,003 - watchfiles.main - DEBUG - 1 change detected: {(<Change.modified: 2>, '/workspace/app/backend/logs/app_20260524_150636.log')}
2026-05-24 15:07:43,353 - watchfiles.main - DEBUG - 1 change detected: {(<Change.modified: 2>, '/workspace/app/backend/logs/app_20260524_150636.log')}
2026-05-24 15:07:43,704 - watchfiles.main - DEBUG - 1 change detected: {(<Change.modified: 2>, '/workspace/app/backend/logs/app_20260524_150636.log')}
2026-05-24 15:07:44,055 - watchfiles.main - DEBUG - 1 change detected: {(<Change.modified: 2>, '/workspace/app/backend/logs/app_20260524_150636.log')}
2026-05-24 15:07:44,406 - watchfiles.main - DEBUG - 1 change detected: {(<Change.modified: 2>, '/workspace/app/backend/logs/app_20260524_150636.log')}
2026-05-24 15:07:44,756 - watchfiles.main - DEBUG - 1 change detected: {(<Change.modified: 2>, '/workspace/app/backend/logs/app_20260524_150636.log')}
2026-05-24 15:07:45,107 - watchfiles.main - DEBUG - 1 change detected: {(<Change.modified: 2>, '/workspace/app/backend/logs/app_20260524_150636.log')}
2026-05-24 15:07:45,458 - watchfiles.main - DEBUG - 1 change detected: {(<Change.modified: 2>, '/workspace/app/backend/logs/app_20260524_150636.log')}
2026-05-24 15:07:45,809 - watchfiles.main - DEBUG - 1 change detected: {(<Change.modified: 2>, '/workspace/app/backend/logs/app_20260524_150636.log')}
2026-05-24 15:07:46,160 - watchfiles.main - DEBUG - 1 change detected: {(<Change.modified: 2>, '/workspace/app/backend/logs/app_20260524_150636.log')}
2026-05-24 15:07:46,511 - watchfiles.main - DEBUG - 1 change detected: {(<Change.modified: 2>, '/workspace/app/backend/logs/app_20260524_150636.log')}
2026-05-24 15:07:46,862 - watchfiles.main - DEBUG - 1 change detected: {(<Change.modified: 2>, '/workspace/app/backend/logs/app_20260524_150636.log')}
2026-05-24 15:07:47,213 - watchfiles.main - DEBUG - 1 change detected: {(<Change.modified: 2>, '/workspace/app/backend/logs/app_20260524_150636.log')}
2026-05-24 15:07:47,613 - watchfiles.main - DEBUG - 2 changes detected: {(<Change.modified: 2>, '/workspace/app/backend/logs/app_20260524_150639.log'), (<Change.modified: 2>, '/workspace/app/backend/logs/app_20260524_150636.log')}
2026-05-24 15:07:47,964 - watchfiles.main - DEBUG - 2 changes detected: {(<Change.modified: 2>, '/workspace/app/backend/logs/app_20260524_150639.log'), (<Change.modified: 2>, '/workspace/app/backend/logs/app_20260524_150636.log')}
2026-05-24 15:07:48,315 - watchfiles.main - DEBUG - 1 change detected: {(<Change.modified: 2>, '/workspace/app/backend/logs/app_20260524_150636.log')}
2026-05-24 15:07:48,666 - watchfiles.main - DEBUG - 1 change detected: {(<Change.modified: 2>, '/workspace/app/backend/logs/app_20260524_150636.log')}
2026-05-24 15:07:49,017 - watchfiles.main - DEBUG - 1 change detected: {(<Change.modified: 2>, '/workspace/app/backend/logs/app_20260524_150636.log')}
2026-05-24 15:07:49,368 - watchfiles.main - DEBUG - 1 change detected: {(<Change.modified: 2>, '/workspace/app/backend/logs/app_20260524_150636.log')}
2026-05-24 15:07:49,718 - watchfiles.main - DEBUG - 1 change detected: {(<Change.modified: 2>, '/workspace/app/backend/logs/app_20260524_150636.log')}
2026-05-24 15:07:50,069 - watchfiles.main - DEBUG - 1 change detected: {(<Change.modified: 2>, '/workspace/app/backend/logs/app_20260524_150636.log')}
2026-05-24 15:07:50,420 - watchfiles.main - DEBUG - 1 change detected: {(<Change.modified: 2>, '/workspace/app/backend/logs/app_20260524_150636.log')}
2026-05-24 15:07:50,771 - watchfiles.main - DEBUG - 1 change detected: {(<Change.modified: 2>, '/workspace/app/backend/logs/app_20260524_150636.log')}
2026-05-24 15:07:51,122 - watchfiles.main - DEBUG - 1 change detected: {(<Change.modified: 2>, '/workspace/app/backend/logs/app_20260524_150636.log')}
2026-05-24 15:07:51,472 - watchfiles.main - DEBUG - 1 change detected: {(<Change.modified: 2>, '/workspace/app/backend/logs/app_20260524_150636.log')}
2026-05-24 15:07:51,823 - watchfiles.main - DEBUG - 1 change detected: {(<Change.modified: 2>, '/workspace/app/backend/logs/app_20260524_150636.log')}
2026-05-24 15:07:52,174 - watchfiles.main - DEBUG - 1 change detected: {(<Change.modified: 2>, '/workspace/app/backend/logs/app_20260524_150636.log')}
2026-05-24 15:07:52,525 - watchfiles.main - DEBUG - 1 change detected: {(<Change.modified: 2>, '/workspace/app/backend/logs/app_20260524_150636.log')}
2026-05-24 15:07:52,876 - watchfiles.main - DEBUG - 1 change detected: {(<Change.modified: 2>, '/workspace/app/backend/logs/app_20260524_150636.log')}
2026-05-24 15:07:53,226 - watchfiles.main - DEBUG - 1 change detected: {(<Change.modified: 2>, '/workspace/app/backend/logs/app_20260524_150636.log')}
2026-05-24 15:07:53,577 - watchfiles.main - DEBUG - 1 change detected: {(<Change.modified: 2>, '/workspace/app/backend/logs/app_20260524_150636.log')}
2026-05-24 15:07:53,928 - watchfiles.main - DEBUG - 1 change detected: {(<Change.modified: 2>, '/workspace/app/backend/logs/app_20260524_150636.log')}
2026-05-24 15:07:54,279 - watchfiles.main - DEBUG - 1 change detected: {(<Change.modified: 2>, '/workspace/app/backend/logs/app_20260524_150636.log')}
2026-05-24 15:07:54,630 - watchfiles.main - DEBUG - 1 change detected: {(<Change.modified: 2>, '/workspace/app/backend/logs/app_20260524_150636.log')}
2026-05-24 15:07:54,980 - watchfiles.main - DEBUG - 1 change detected: {(<Change.modified: 2>, '/workspace/app/backend/logs/app_20260524_150636.log')}
2026-05-24 15:07:55,331 - watchfiles.main - DEBUG - 1 change detected: {(<Change.modified: 2>, '/workspace/app/backend/logs/app_20260524_150636.log')}
2026-05-24 15:07:55,682 - watchfiles.main - DEBUG - 1 change detected: {(<Change.modified: 2>, '/workspace/app/backend/logs/app_20260524_150636.log')}
2026-05-24 15:07:56,033 - watchfiles.main - DEBUG - 1 change detected: {(<Change.modified: 2>, '/workspace/app/backend/logs/app_20260524_150636.log')}
2026-05-24 15:07:56,383 - watchfiles.main - DEBUG - 1 change detected: {(<Change.modified: 2>, '/workspace/app/backend/logs/app_20260524_150636.log')}
2026-05-24 15:07:56,734 - watchfiles.main - DEBUG - 1 change detected: {(<Change.modified: 2>, '/workspace/app/backend/logs/app_20260524_150636.log')}
2026-05-24 15:07:57,085 - watchfiles.main - DEBUG - 1 change detected: {(<Change.modified: 2>, '/workspace/app/backend/logs/app_20260524_150636.log')}
2026-05-24 15:07:57,436 - watchfiles.main - DEBUG - 1 change detected: {(<Change.modified: 2>, '/workspace/app/backend/logs/app_20260524_150636.log')}
2026-05-24 15:07:57,787 - watchfiles.main - DEBUG - 1 change detected: {(<Change.modified: 2>, '/workspace/app/backend/logs/app_20260524_150636.log')}
2026-05-24 15:07:58,137 - watchfiles.main - DEBUG - 1 change detected: {(<Change.modified: 2>, '/workspace/app/backend/logs/app_20260524_150636.log')}
2026-05-24 15:07:58,488 - watchfiles.main - DEBUG - 1 change detected: {(<Change.modified: 2>, '/workspace/app/backend/logs/app_20260524_150636.log')}
2026-05-24 15:07:58,839 - watchfiles.main - DEBUG - 1 change detected: {(<Change.modified: 2>, '/workspace/app/backend/logs/app_20260524_150636.log')}
2026-05-24 15:07:59,189 - watchfiles.main - DEBUG - 1 change detected: {(<Change.modified: 2>, '/workspace/app/backend/logs/app_20260524_150636.log')}
2026-05-24 15:07:59,540 - watchfiles.main - DEBUG - 1 change detected: {(<Change.modified: 2>, '/workspace/app/backend/logs/app_20260524_150636.log')}
2026-05-24 15:07:59,891 - watchfiles.main - DEBUG - 1 change detected: {(<Change.modified: 2>, '/workspace/app/backend/logs/app_20260524_150636.log')}
2026-05-24 15:08:00,242 - watchfiles.main - DEBUG - 1 change detected: {(<Change.modified: 2>, '/workspace/app/backend/logs/app_20260524_150636.log')}
2026-05-24 15:08:00,593 - watchfiles.main - DEBUG - 1 change detected: {(<Change.modified: 2>, '/workspace/app/backend/logs/app_20260524_150636.log')}
2026-05-24 15:08:00,944 - watchfiles.main - DEBUG - 1 change detected: {(<Change.modified: 2>, '/workspace/app/backend/logs/app_20260524_150636.log')}
2026-05-24 15:08:01,295 - watchfiles.main - DEBUG - 1 change detected: {(<Change.modified: 2>, '/workspace/app/backend/logs/app_20260524_150636.log')}
2026-05-24 15:08:01,646 - watchfiles.main - DEBUG - 1 change detected: {(<Change.modified: 2>, '/workspace/app/backend/logs/app_20260524_150636.log')}
2026-05-24 15:08:01,997 - watchfiles.main - DEBUG - 1 change detected: {(<Change.modified: 2>, '/workspace/app/backend/logs/app_20260524_150636.log')}
2026-05-24 15:08:02,348 - watchfiles.main - DEBUG - 1 change detected: {(<Change.modified: 2>, '/workspace/app/backend/logs/app_20260524_150636.log')}
2026-05-24 15:08:02,699 - watchfiles.main - DEBUG - 1 change detected: {(<Change.modified: 2>, '/workspace/app/backend/logs/app_20260524_150636.log')}
2026-05-24 15:08:03,049 - watchfiles.main - DEBUG - 1 change detected: {(<Change.modified: 2>, '/workspace/app/backend/logs/app_20260524_150636.log')}
2026-05-24 15:08:03,400 - watchfiles.main - DEBUG - 1 change detected: {(<Change.modified: 2>, '/workspace/app/backend/logs/app_20260524_150636.log')}
2026-05-24 15:08:03,751 - watchfiles.main - DEBUG - 1 change detected: {(<Change.modified: 2>, '/workspace/app/backend/logs/app_20260524_150636.log')}
2026-05-24 15:08:04,102 - watchfiles.main - DEBUG - 1 change detected: {(<Change.modified: 2>, '/workspace/app/backend/logs/app_20260524_150636.log')}
2026-05-24 15:08:04,453 - watchfiles.main - DEBUG - 1 change detected: {(<Change.modified: 2>, '/workspace/app/backend/logs/app_20260524_150636.log')}
2026-05-24 15:08:04,803 - watchfiles.main - DEBUG - 1 change detected: {(<Change.modified: 2>, '/workspace/app/backend/logs/app_20260524_150636.log')}
2026-05-24 15:08:05,154 - watchfiles.main - DEBUG - 1 change detected: {(<Change.modified: 2>, '/workspace/app/backend/logs/app_20260524_150636.log')}
2026-05-24 15:08:05,505 - watchfiles.main - DEBUG - 1 change detected: {(<Change.modified: 2>, '/workspace/app/backend/logs/app_20260524_150636.log')}
2026-05-24 15:08:05,856 - watchfiles.main - DEBUG - 1 change detected: {(<Change.modified: 2>, '/workspace/app/backend/logs/app_20260524_150636.log')}
2026-05-24 15:08:06,207 - watchfiles.main - DEBUG - 1 change detected: {(<Change.modified: 2>, '/workspace/app/backend/logs/app_20260524_150636.log')}
2026-05-24 15:08:06,558 - watchfiles.main - DEBUG - 1 change detected: {(<Change.modified: 2>, '/workspace/app/backend/logs/app_20260524_150636.log')}
2026-05-24 15:08:06,909 - watchfiles.main - DEBUG - 1 change detected: {(<Change.modified: 2>, '/workspace/app/backend/logs/app_20260524_150636.log')}
2026-05-24 15:08:07,259 - watchfiles.main - DEBUG - 1 change detected: {(<Change.modified: 2>, '/workspace/app/backend/logs/app_20260524_150636.log')}
2026-05-24 15:08:07,610 - watchfiles.main - DEBUG - 1 change detected: {(<Change.modified: 2>, '/workspace/app/backend/logs/app_20260524_150636.log')}
2026-05-24 15:08:07,961 - watchfiles.main - DEBUG - 1 change detected: {(<Change.modified: 2>, '/workspace/app/backend/logs/app_20260524_150636.log')}
2026-05-24 15:08:08,312 - watchfiles.main - DEBUG - 1 change detected: {(<Change.modified: 2>, '/workspace/app/backend/logs/app_20260524_150636.log')}
2026-05-24 15:08:08,663 - watchfiles.main - DEBUG - 1 change detected: {(<Change.modified: 2>, '/workspace/app/backend/logs/app_20260524_150636.log')}
2026-05-24 15:08:09,014 - watchfiles.main - DEBUG - 1 change detected: {(<Change.modified: 2>, '/workspace/app/backend/logs/app_20260524_150636.log')}
2026-05-24 15:08:09,366 - watchfiles.main - DEBUG - 1 change detected: {(<Change.modified: 2>, '/workspace/app/backend/logs/app_20260524_150636.log')}
2026-05-24 15:08:09,716 - watchfiles.main - DEBUG - 1 change detected: {(<Change.modified: 2>, '/workspace/app/backend/logs/app_20260524_150636.log')}
2026-05-24 15:08:10,067 - watchfiles.main - DEBUG - 1 change detected: {(<Change.modified: 2>, '/workspace/app/backend/logs/app_20260524_150636.log')}
2026-05-24 15:08:10,418 - watchfiles.main - DEBUG - 1 change detected: {(<Change.modified: 2>, '/workspace/app/backend/logs/app_20260524_150636.log')}
2026-05-24 15:08:10,769 - watchfiles.main - DEBUG - 1 change detected: {(<Change.modified: 2>, '/workspace/app/backend/logs/app_20260524_150636.log')}
2026-05-24 15:08:11,120 - watchfiles.main - DEBUG - 1 change detected: {(<Change.modified: 2>, '/workspace/app/backend/logs/app_20260524_150636.log')}
2026-05-24 15:08:11,471 - watchfiles.main - DEBUG - 1 change detected: {(<Change.modified: 2>, '/workspace/app/backend/logs/app_20260524_150636.log')}
2026-05-24 15:08:11,822 - watchfiles.main - DEBUG - 1 change detected: {(<Change.modified: 2>, '/workspace/app/backend/logs/app_20260524_150636.log')}
2026-05-24 15:08:12,173 - watchfiles.main - DEBUG - 1 change detected: {(<Change.modified: 2>, '/workspace/app/backend/logs/app_20260524_150636.log')}
2026-05-24 15:08:12,523 - watchfiles.main - DEBUG - 1 change detected: {(<Change.modified: 2>, '/workspace/app/backend/logs/app_20260524_150636.log')}
2026-05-24 15:08:12,874 - watchfiles.main - DEBUG - 1 change detected: {(<Change.modified: 2>, '/workspace/app/backend/logs/app_20260524_150636.log')}
2026-05-24 15:08:13,225 - watchfiles.main - DEBUG - 1 change detected: {(<Change.modified: 2>, '/workspace/app/backend/logs/app_20260524_150636.log')}
2026-05-24 15:08:13,576 - watchfiles.main - DEBUG - 1 change detected: {(<Change.modified: 2>, '/workspace/app/backend/logs/app_20260524_150636.log')}
2026-05-24 15:08:13,927 - watchfiles.main - DEBUG - 1 change detected: {(<Change.modified: 2>, '/workspace/app/backend/logs/app_20260524_150636.log')}
2026-05-24 15:08:14,278 - watchfiles.main - DEBUG - 1 change detected: {(<Change.modified: 2>, '/workspace/app/backend/logs/app_20260524_150636.log')}
2026-05-24 15:08:14,629 - watchfiles.main - DEBUG - 1 change detected: {(<Change.modified: 2>, '/workspace/app/backend/logs/app_20260524_150636.log')}
2026-05-24 15:08:14,979 - watchfiles.main - DEBUG - 1 change detected: {(<Change.modified: 2>, '/workspace/app/backend/logs/app_20260524_150636.log')}
2026-05-24 15:08:15,330 - watchfiles.main - DEBUG - 1 change detected: {(<Change.modified: 2>, '/workspace/app/backend/logs/app_20260524_150636.log')}
2026-05-24 15:08:15,681 - watchfiles.main - DEBUG - 1 change detected: {(<Change.modified: 2>, '/workspace/app/backend/logs/app_20260524_150636.log')}
2026-05-24 15:08:16,032 - watchfiles.main - DEBUG - 1 change detected: {(<Change.modified: 2>, '/workspace/app/backend/logs/app_20260524_150636.log')}
2026-05-24 15:08:16,383 - watchfiles.main - DEBUG - 1 change detected: {(<Change.modified: 2>, '/workspace/app/backend/logs/app_20260524_150636.log')}
2026-05-24 15:08:16,733 - watchfiles.main - DEBUG - 1 change detected: {(<Change.modified: 2>, '/workspace/app/backend/logs/app_20260524_150636.log')}
2026-05-24 15:08:17,084 - watchfiles.main - DEBUG - 1 change detected: {(<Change.modified: 2>, '/workspace/app/backend/logs/app_20260524_150636.log')}
2026-05-24 15:08:17,435 - watchfiles.main - DEBUG - 1 change detected: {(<Change.modified: 2>, '/workspace/app/backend/logs/app_20260524_150636.log')}
2026-05-24 15:08:17,786 - watchfiles.main - DEBUG - 2 changes detected: {(<Change.modified: 2>, '/workspace/app/backend/logs/app_20260524_150639.log'), (<Change.modified: 2>, '/workspace/app/backend/logs/app_20260524_150636.log')}
2026-05-24 15:08:18,187 - watchfiles.main - DEBUG - 2 changes detected: {(<Change.modified: 2>, '/workspace/app/backend/logs/app_20260524_150639.log'), (<Change.modified: 2>, '/workspace/app/backend/logs/app_20260524_150636.log')}
2026-05-24 15:08:18,538 - watchfiles.main - DEBUG - 1 change detected: {(<Change.modified: 2>, '/workspace/app/backend/logs/app_20260524_150636.log')}
2026-05-24 15:08:18,889 - watchfiles.main - DEBUG - 1 change detected: {(<Change.modified: 2>, '/workspace/app/backend/logs/app_20260524_150636.log')}
2026-05-24 15:08:19,240 - watchfiles.main - DEBUG - 1 change detected: {(<Change.modified: 2>, '/workspace/app/backend/logs/app_20260524_150636.log')}
2026-05-24 15:08:19,590 - watchfiles.main - DEBUG - 1 change detected: {(<Change.modified: 2>, '/workspace/app/backend/logs/app_20260524_150636.log')}
2026-05-24 15:08:19,941 - watchfiles.main - DEBUG - 1 change detected: {(<Change.modified: 2>, '/workspace/app/backend/logs/app_20260524_150636.log')}
2026-05-24 15:08:20,292 - watchfiles.main - DEBUG - 1 change detected: {(<Change.modified: 2>, '/workspace/app/backend/logs/app_20260524_150636.log')}
2026-05-24 15:08:20,643 - watchfiles.main - DEBUG - 1 change detected: {(<Change.modified: 2>, '/workspace/app/backend/logs/app_20260524_150636.log')}
2026-05-24 15:08:20,994 - watchfiles.main - DEBUG - 1 change detected: {(<Change.modified: 2>, '/workspace/app/backend/logs/app_20260524_150636.log')}
2026-05-24 15:08:21,345 - watchfiles.main - DEBUG - 1 change detected: {(<Change.modified: 2>, '/workspace/app/backend/logs/app_20260524_150636.log')}
2026-05-24 15:08:21,696 - watchfiles.main - DEBUG - 1 change detected: {(<Change.modified: 2>, '/workspace/app/backend/logs/app_20260524_150636.log')}
2026-05-24 15:08:22,047 - watchfiles.main - DEBUG - 1 change detected: {(<Change.modified: 2>, '/workspace/app/backend/logs/app_20260524_150636.log')}
2026-05-24 15:08:22,398 - watchfiles.main - DEBUG - 1 change detected: {(<Change.modified: 2>, '/workspace/app/backend/logs/app_20260524_150636.log')}
2026-05-24 15:08:22,749 - watchfiles.main - DEBUG - 1 change detected: {(<Change.modified: 2>, '/workspace/app/backend/logs/app_20260524_150636.log')}
2026-05-24 15:08:23,100 - watchfiles.main - DEBUG - 1 change detected: {(<Change.modified: 2>, '/workspace/app/backend/logs/app_20260524_150636.log')}
2026-05-24 15:08:23,451 - watchfiles.main - DEBUG - 1 change detected: {(<Change.modified: 2>, '/workspace/app/backend/logs/app_20260524_150636.log')}
2026-05-24 15:08:23,802 - watchfiles.main - DEBUG - 1 change detected: {(<Change.modified: 2>, '/workspace/app/backend/logs/app_20260524_150636.log')}
2026-05-24 15:08:24,153 - watchfiles.main - DEBUG - 1 change detected: {(<Change.modified: 2>, '/workspace/app/backend/logs/app_20260524_150636.log')}
2026-05-24 15:08:24,503 - watchfiles.main - DEBUG - 1 change detected: {(<Change.modified: 2>, '/workspace/app/backend/logs/app_20260524_150636.log')}
2026-05-24 15:08:24,854 - watchfiles.main - DEBUG - 1 change detected: {(<Change.modified: 2>, '/workspace/app/backend/logs/app_20260524_150636.log')}
2026-05-24 15:08:25,205 - watchfiles.main - DEBUG - 1 change detected: {(<Change.modified: 2>, '/workspace/app/backend/logs/app_20260524_150636.log')}
2026-05-24 15:08:25,556 - watchfiles.main - DEBUG - 1 change detected: {(<Change.modified: 2>, '/workspace/app/backend/logs/app_20260524_150636.log')}
2026-05-24 15:08:25,907 - watchfiles.main - DEBUG - 1 change detected: {(<Change.modified: 2>, '/workspace/app/backend/logs/app_20260524_150636.log')}
2026-05-24 15:08:26,258 - watchfiles.main - DEBUG - 1 change detected: {(<Change.modified: 2>, '/workspace/app/backend/logs/app_20260524_150636.log')}
2026-05-24 15:08:26,609 - watchfiles.main - DEBUG - 1 change detected: {(<Change.modified: 2>, '/workspace/app/backend/logs/app_20260524_150636.log')}
2026-05-24 15:08:26,959 - watchfiles.main - DEBUG - 1 change detected: {(<Change.modified: 2>, '/workspace/app/backend/logs/app_20260524_150636.log')}
2026-05-24 15:08:27,310 - watchfiles.main - DEBUG - 1 change detected: {(<Change.modified: 2>, '/workspace/app/backend/logs/app_20260524_150636.log')}
2026-05-24 15:08:27,661 - watchfiles.main - DEBUG - 1 change detected: {(<Change.modified: 2>, '/workspace/app/backend/logs/app_20260524_150636.log')}
2026-05-24 15:08:28,012 - watchfiles.main - DEBUG - 1 change detected: {(<Change.modified: 2>, '/workspace/app/backend/logs/app_20260524_150636.log')}
2026-05-24 15:08:28,363 - watchfiles.main - DEBUG - 1 change detected: {(<Change.modified: 2>, '/workspace/app/backend/logs/app_20260524_150636.log')}
2026-05-24 15:08:28,714 - watchfiles.main - DEBUG - 1 change detected: {(<Change.modified: 2>, '/workspace/app/backend/logs/app_20260524_150636.log')}
2026-05-24 15:08:29,065 - watchfiles.main - DEBUG - 1 change detected: {(<Change.modified: 2>, '/workspace/app/backend/logs/app_20260524_150636.log')}
2026-05-24 15:08:29,416 - watchfiles.main - DEBUG - 1 change detected: {(<Change.modified: 2>, '/workspace/app/backend/logs/app_20260524_150636.log')}
2026-05-24 15:08:29,767 - watchfiles.main - DEBUG - 1 change detected: {(<Change.modified: 2>, '/workspace/app/backend/logs/app_20260524_150636.log')}
2026-05-24 15:08:30,118 - watchfiles.main - DEBUG - 1 change detected: {(<Change.modified: 2>, '/workspace/app/backend/logs/app_20260524_150636.log')}
2026-05-24 15:08:30,469 - watchfiles.main - DEBUG - 1 change detected: {(<Change.modified: 2>, '/workspace/app/backend/logs/app_20260524_150636.log')}
2026-05-24 15:08:30,820 - watchfiles.main - DEBUG - 1 change detected: {(<Change.modified: 2>, '/workspace/app/backend/logs/app_20260524_150636.log')}
2026-05-24 15:08:31,170 - watchfiles.main - DEBUG - 1 change detected: {(<Change.modified: 2>, '/workspace/app/backend/logs/app_20260524_150636.log')}
2026-05-24 15:08:31,521 - watchfiles.main - DEBUG - 1 change detected: {(<Change.modified: 2>, '/workspace/app/backend/logs/app_20260524_150636.log')}
2026-05-24 15:08:31,872 - watchfiles.main - DEBUG - 1 change detected: {(<Change.modified: 2>, '/workspace/app/backend/logs/app_20260524_150636.log')}
2026-05-24 15:08:32,223 - watchfiles.main - DEBUG - 1 change detected: {(<Change.modified: 2>, '/workspace/app/backend/logs/app_20260524_150636.log')}
2026-05-24 15:08:32,574 - watchfiles.main - DEBUG - 1 change detected: {(<Change.modified: 2>, '/workspace/app/backend/logs/app_20260524_150636.log')}
2026-05-24 15:08:32,924 - watchfiles.main - DEBUG - 1 change detected: {(<Change.modified: 2>, '/workspace/app/backend/logs/app_20260524_150636.log')}
2026-05-24 15:08:33,275 - watchfiles.main - DEBUG - 1 change detected: {(<Change.modified: 2>, '/workspace/app/backend/logs/app_20260524_150636.log')}
2026-05-24 15:08:33,626 - watchfiles.main - DEBUG - 1 change detected: {(<Change.modified: 2>, '/workspace/app/backend/logs/app_20260524_150636.log')}
2026-05-24 15:08:33,977 - watchfiles.main - DEBUG - 1 change detected: {(<Change.modified: 2>, '/workspace/app/backend/logs/app_20260524_150636.log')}
2026-05-24 15:08:34,328 - watchfiles.main - DEBUG - 1 change detected: {(<Change.modified: 2>, '/workspace/app/backend/logs/app_20260524_150636.log')}
2026-05-24 15:08:34,679 - watchfiles.main - DEBUG - 1 change detected: {(<Change.modified: 2>, '/workspace/app/backend/logs/app_20260524_150636.log')}
2026-05-24 15:08:35,030 - watchfiles.main - DEBUG - 1 change detected: {(<Change.modified: 2>, '/workspace/app/backend/logs/app_20260524_150636.log')}
2026-05-24 15:08:35,380 - watchfiles.main - DEBUG - 1 change detected: {(<Change.modified: 2>, '/workspace/app/backend/logs/app_20260524_150636.log')}
2026-05-24 15:08:35,731 - watchfiles.main - DEBUG - 1 change detected: {(<Change.modified: 2>, '/workspace/app/backend/logs/app_20260524_150636.log')}
2026-05-24 15:08:36,082 - watchfiles.main - DEBUG - 1 change detected: {(<Change.modified: 2>, '/workspace/app/backend/logs/app_20260524_150636.log')}
2026-05-24 15:08:36,433 - watchfiles.main - DEBUG - 1 change detected: {(<Change.modified: 2>, '/workspace/app/backend/logs/app_20260524_150636.log')}
2026-05-24 15:08:36,784 - watchfiles.main - DEBUG - 1 change detected: {(<Change.modified: 2>, '/workspace/app/backend/logs/app_20260524_150636.log')}
2026-05-24 15:08:37,134 - watchfiles.main - DEBUG - 1 change detected: {(<Change.modified: 2>, '/workspace/app/backend/logs/app_20260524_150636.log')}
2026-05-24 15:08:37,485 - watchfiles.main - DEBUG - 1 change detected: {(<Change.modified: 2>, '/workspace/app/backend/logs/app_20260524_150636.log')}
2026-05-24 15:08:37,836 - watchfiles.main - DEBUG - 1 change detected: {(<Change.modified: 2>, '/workspace/app/backend/logs/app_20260524_150636.log')}
2026-05-24 15:08:38,187 - watchfiles.main - DEBUG - 1 change detected: {(<Change.modified: 2>, '/workspace/app/backend/logs/app_20260524_150636.log')}
2026-05-24 15:08:38,538 - watchfiles.main - DEBUG - 1 change detected: {(<Change.modified: 2>, '/workspace/app/backend/logs/app_20260524_150636.log')}
2026-05-24 15:08:38,889 - watchfiles.main - DEBUG - 1 change detected: {(<Change.modified: 2>, '/workspace/app/backend/logs/app_20260524_150636.log')}
2026-05-24 15:08:39,240 - watchfiles.main - DEBUG - 1 change detected: {(<Change.modified: 2>, '/workspace/app/backend/logs/app_20260524_150636.log')}
2026-05-24 15:08:39,591 - watchfiles.main - DEBUG - 1 change detected: {(<Change.modified: 2>, '/workspace/app/backend/logs/app_20260524_150636.log')}
2026-05-24 15:08:39,942 - watchfiles.main - DEBUG - 1 change detected: {(<Change.modified: 2>, '/workspace/app/backend/logs/app_20260524_150636.log')}
2026-05-24 15:08:40,293 - watchfiles.main - DEBUG - 1 change detected: {(<Change.modified: 2>, '/workspace/app/backend/logs/app_20260524_150636.log')}
2026-05-24 15:08:40,644 - watchfiles.main - DEBUG - 1 change detected: {(<Change.modified: 2>, '/workspace/app/backend/logs/app_20260524_150636.log')}
2026-05-24 15:08:40,995 - watchfiles.main - DEBUG - 1 change detected: {(<Change.modified: 2>, '/workspace/app/backend/logs/app_20260524_150636.log')}
2026-05-24 15:08:41,345 - watchfiles.main - DEBUG - 1 change detected: {(<Change.modified: 2>, '/workspace/app/backend/logs/app_20260524_150636.log')}
2026-05-24 15:08:41,696 - watchfiles.main - DEBUG - 1 change detected: {(<Change.modified: 2>, '/workspace/app/backend/logs/app_20260524_150636.log')}
2026-05-24 15:08:42,047 - watchfiles.main - DEBUG - 1 change detected: {(<Change.modified: 2>, '/workspace/app/backend/logs/app_20260524_150636.log')}
2026-05-24 15:08:42,398 - watchfiles.main - DEBUG - 1 change detected: {(<Change.modified: 2>, '/workspace/app/backend/logs/app_20260524_150636.log')}
2026-05-24 15:08:42,749 - watchfiles.main - DEBUG - 1 change detected: {(<Change.modified: 2>, '/workspace/app/backend/logs/app_20260524_150636.log')}
2026-05-24 15:08:43,100 - watchfiles.main - DEBUG - 1 change detected: {(<Change.modified: 2>, '/workspace/app/backend/logs/app_20260524_150636.log')}
2026-05-24 15:08:43,450 - watchfiles.main - DEBUG - 1 change detected: {(<Change.modified: 2>, '/workspace/app/backend/logs/app_20260524_150636.log')}
2026-05-24 15:08:43,801 - watchfiles.main - DEBUG - 1 change detected: {(<Change.modified: 2>, '/workspace/app/backend/logs/app_20260524_150636.log')}
2026-05-24 15:08:44,152 - watchfiles.main - DEBUG - 1 change detected: {(<Change.modified: 2>, '/workspace/app/backend/logs/app_20260524_150636.log')}
2026-05-24 15:08:44,503 - watchfiles.main - DEBUG - 1 change detected: {(<Change.modified: 2>, '/workspace/app/backend/logs/app_20260524_150636.log')}
2026-05-24 15:08:44,854 - watchfiles.main - DEBUG - 1 change detected: {(<Change.modified: 2>, '/workspace/app/backend/logs/app_20260524_150636.log')}
2026-05-24 15:08:45,205 - watchfiles.main - DEBUG - 1 change detected: {(<Change.modified: 2>, '/workspace/app/backend/logs/app_20260524_150636.log')}
2026-05-24 15:08:45,556 - watchfiles.main - DEBUG - 1 change detected: {(<Change.modified: 2>, '/workspace/app/backend/logs/app_20260524_150636.log')}
2026-05-24 15:08:45,907 - watchfiles.main - DEBUG - 1 change detected: {(<Change.modified: 2>, '/workspace/app/backend/logs/app_20260524_150636.log')}
2026-05-24 15:08:46,258 - watchfiles.main - DEBUG - 1 change detected: {(<Change.modified: 2>, '/workspace/app/backend/logs/app_20260524_150636.log')}
2026-05-24 15:08:46,609 - watchfiles.main - DEBUG - 1 change detected: {(<Change.modified: 2>, '/workspace/app/backend/logs/app_20260524_150636.log')}
2026-05-24 15:08:46,959 - watchfiles.main - DEBUG - 1 change detected: {(<Change.modified: 2>, '/workspace/app/backend/logs/app_20260524_150636.log')}
2026-05-24 15:08:47,310 - watchfiles.main - DEBUG - 1 change detected: {(<Change.modified: 2>, '/workspace/app/backend/logs/app_20260524_150636.log')}
2026-05-24 15:08:47,661 - watchfiles.main - DEBUG - 2 changes detected: {(<Change.modified: 2>, '/workspace/app/backend/logs/app_20260524_150639.log'), (<Change.modified: 2>, '/workspace/app/backend/logs/app_20260524_150636.log')}
2026-05-24 15:08:48,012 - watchfiles.main - DEBUG - 2 changes detected: {(<Change.modified: 2>, '/workspace/app/backend/logs/app_20260524_150639.log'), (<Change.modified: 2>, '/workspace/app/backend/logs/app_20260524_150636.log')}
2026-05-24 15:08:48,363 - watchfiles.main - DEBUG - 1 change detected: {(<Change.modified: 2>, '/workspace/app/backend/logs/app_20260524_150636.log')}
2026-05-24 15:08:48,714 - watchfiles.main - DEBUG - 1 change detected: {(<Change.modified: 2>, '/workspace/app/backend/logs/app_20260524_150636.log')}
2026-05-24 15:08:49,065 - watchfiles.main - DEBUG - 1 change detected: {(<Change.modified: 2>, '/workspace/app/backend/logs/app_20260524_150636.log')}
2026-05-24 15:08:49,416 - watchfiles.main - DEBUG - 1 change detected: {(<Change.modified: 2>, '/workspace/app/backend/logs/app_20260524_150636.log')}
2026-05-24 15:08:49,766 - watchfiles.main - DEBUG - 1 change detected: {(<Change.modified: 2>, '/workspace/app/backend/logs/app_20260524_150636.log')}
2026-05-24 15:08:50,117 - watchfiles.main - DEBUG - 1 change detected: {(<Change.modified: 2>, '/workspace/app/backend/logs/app_20260524_150636.log')}
2026-05-24 15:08:50,468 - watchfiles.main - DEBUG - 1 change detected: {(<Change.modified: 2>, '/workspace/app/backend/logs/app_20260524_150636.log')}
2026-05-24 15:08:50,819 - watchfiles.main - DEBUG - 1 change detected: {(<Change.modified: 2>, '/workspace/app/backend/logs/app_20260524_150636.log')}
2026-05-24 15:08:51,170 - watchfiles.main - DEBUG - 1 change detected: {(<Change.modified: 2>, '/workspace/app/backend/logs/app_20260524_150636.log')}
2026-05-24 15:08:51,521 - watchfiles.main - DEBUG - 1 change detected: {(<Change.modified: 2>, '/workspace/app/backend/logs/app_20260524_150636.log')}
2026-05-24 15:08:51,872 - watchfiles.main - DEBUG - 1 change detected: {(<Change.modified: 2>, '/workspace/app/backend/logs/app_20260524_150636.log')}
2026-05-24 15:08:52,223 - watchfiles.main - DEBUG - 1 change detected: {(<Change.modified: 2>, '/workspace/app/backend/logs/app_20260524_150636.log')}
2026-05-24 15:08:52,574 - watchfiles.main - DEBUG - 1 change detected: {(<Change.modified: 2>, '/workspace/app/backend/logs/app_20260524_150636.log')}
2026-05-24 15:08:52,924 - watchfiles.main - DEBUG - 1 change detected: {(<Change.modified: 2>, '/workspace/app/backend/logs/app_20260524_150636.log')}
2026-05-24 15:08:53,275 - watchfiles.main - DEBUG - 1 change detected: {(<Change.modified: 2>, '/workspace/app/backend/logs/app_20260524_150636.log')}
2026-05-24 15:08:53,626 - watchfiles.main - DEBUG - 1 change detected: {(<Change.modified: 2>, '/workspace/app/backend/logs/app_20260524_150636.log')}
2026-05-24 15:08:53,977 - watchfiles.main - DEBUG - 1 change detected: {(<Change.modified: 2>, '/workspace/app/backend/logs/app_20260524_150636.log')}
2026-05-24 15:08:54,328 - watchfiles.main - DEBUG - 1 change detected: {(<Change.modified: 2>, '/workspace/app/backend/logs/app_20260524_150636.log')}
2026-05-24 15:08:54,678 - watchfiles.main - DEBUG - 1 change detected: {(<Change.modified: 2>, '/workspace/app/backend/logs/app_20260524_150636.log')}
2026-05-24 15:08:55,029 - watchfiles.main - DEBUG - 1 change detected: {(<Change.modified: 2>, '/workspace/app/backend/logs/app_20260524_150636.log')}
2026-05-24 15:08:55,380 - watchfiles.main - DEBUG - 1 change detected: {(<Change.modified: 2>, '/workspace/app/backend/logs/app_20260524_150636.log')}
2026-05-24 15:08:55,731 - watchfiles.main - DEBUG - 1 change detected: {(<Change.modified: 2>, '/workspace/app/backend/logs/app_20260524_150636.log')}
2026-05-24 15:08:56,081 - watchfiles.main - DEBUG - 1 change detected: {(<Change.modified: 2>, '/workspace/app/backend/logs/app_20260524_150636.log')}
2026-05-24 15:08:56,432 - watchfiles.main - DEBUG - 1 change detected: {(<Change.modified: 2>, '/workspace/app/backend/logs/app_20260524_150636.log')}
2026-05-24 15:08:56,783 - watchfiles.main - DEBUG - 1 change detected: {(<Change.modified: 2>, '/workspace/app/backend/logs/app_20260524_150636.log')}
2026-05-24 15:08:57,134 - watchfiles.main - DEBUG - 1 change detected: {(<Change.modified: 2>, '/workspace/app/backend/logs/app_20260524_150636.log')}
2026-05-24 15:08:57,485 - watchfiles.main - DEBUG - 1 change detected: {(<Change.modified: 2>, '/workspace/app/backend/logs/app_20260524_150636.log')}
2026-05-24 15:08:57,836 - watchfiles.main - DEBUG - 1 change detected: {(<Change.modified: 2>, '/workspace/app/backend/logs/app_20260524_150636.log')}
2026-05-24 15:08:58,187 - watchfiles.main - DEBUG - 1 change detected: {(<Change.modified: 2>, '/workspace/app/backend/logs/app_20260524_150636.log')}
2026-05-24 15:08:58,537 - watchfiles.main - DEBUG - 1 change detected: {(<Change.modified: 2>, '/workspace/app/backend/logs/app_20260524_150636.log')}
2026-05-24 15:08:58,888 - watchfiles.main - DEBUG - 1 change detected: {(<Change.modified: 2>, '/workspace/app/backend/logs/app_20260524_150636.log')}
2026-05-24 15:08:59,239 - watchfiles.main - DEBUG - 1 change detected: {(<Change.modified: 2>, '/workspace/app/backend/logs/app_20260524_150636.log')}
2026-05-24 15:08:59,591 - watchfiles.main - DEBUG - 1 change detected: {(<Change.modified: 2>, '/workspace/app/backend/logs/app_20260524_150636.log')}
2026-05-24 15:08:59,941 - watchfiles.main - DEBUG - 1 change detected: {(<Change.modified: 2>, '/workspace/app/backend/logs/app_20260524_150636.log')}
2026-05-24 15:09:00,292 - watchfiles.main - DEBUG - 1 change detected: {(<Change.modified: 2>, '/workspace/app/backend/logs/app_20260524_150636.log')}
2026-05-24 15:09:00,643 - watchfiles.main - DEBUG - 1 change detected: {(<Change.modified: 2>, '/workspace/app/backend/logs/app_20260524_150636.log')}
2026-05-24 15:09:00,994 - watchfiles.main - DEBUG - 1 change detected: {(<Change.modified: 2>, '/workspace/app/backend/logs/app_20260524_150636.log')}
2026-05-24 15:09:01,345 - watchfiles.main - DEBUG - 1 change detected: {(<Change.modified: 2>, '/workspace/app/backend/logs/app_20260524_150636.log')}
2026-05-24 15:09:01,696 - watchfiles.main - DEBUG - 1 change detected: {(<Change.modified: 2>, '/workspace/app/backend/logs/app_20260524_150636.log')}
2026-05-24 15:09:02,047 - watchfiles.main - DEBUG - 1 change detected: {(<Change.modified: 2>, '/workspace/app/backend/logs/app_20260524_150636.log')}
2026-05-24 15:09:02,398 - watchfiles.main - DEBUG - 1 change detected: {(<Change.modified: 2>, '/workspace/app/backend/logs/app_20260524_150636.log')}
2026-05-24 15:09:02,748 - watchfiles.main - DEBUG - 1 change detected: {(<Change.modified: 2>, '/workspace/app/backend/logs/app_20260524_150636.log')}
2026-05-24 15:09:03,099 - watchfiles.main - DEBUG - 1 change detected: {(<Change.modified: 2>, '/workspace/app/backend/logs/app_20260524_150636.log')}
2026-05-24 15:09:03,450 - watchfiles.main - DEBUG - 1 change detected: {(<Change.modified: 2>, '/workspace/app/backend/logs/app_20260524_150636.log')}
2026-05-24 15:09:03,801 - watchfiles.main - DEBUG - 1 change detected: {(<Change.modified: 2>, '/workspace/app/backend/logs/app_20260524_150636.log')}
2026-05-24 15:09:04,152 - watchfiles.main - DEBUG - 1 change detected: {(<Change.modified: 2>, '/workspace/app/backend/logs/app_20260524_150636.log')}
2026-05-24 15:09:04,503 - watchfiles.main - DEBUG - 1 change detected: {(<Change.modified: 2>, '/workspace/app/backend/logs/app_20260524_150636.log')}
2026-05-24 15:09:04,854 - watchfiles.main - DEBUG - 1 change detected: {(<Change.modified: 2>, '/workspace/app/backend/logs/app_20260524_150636.log')}
2026-05-24 15:09:05,205 - watchfiles.main - DEBUG - 1 change detected: {(<Change.modified: 2>, '/workspace/app/backend/logs/app_20260524_150636.log')}
2026-05-24 15:09:05,555 - watchfiles.main - DEBUG - 1 change detected: {(<Change.modified: 2>, '/workspace/app/backend/logs/app_20260524_150636.log')}
2026-05-24 15:09:05,907 - watchfiles.main - DEBUG - 1 change detected: {(<Change.modified: 2>, '/workspace/app/backend/logs/app_20260524_150636.log')}
2026-05-24 15:09:06,257 - watchfiles.main - DEBUG - 1 change detected: {(<Change.modified: 2>, '/workspace/app/backend/logs/app_20260524_150636.log')}
2026-05-24 15:09:06,608 - watchfiles.main - DEBUG - 1 change detected: {(<Change.modified: 2>, '/workspace/app/backend/logs/app_20260524_150636.log')}
2026-05-24 15:09:06,959 - watchfiles.main - DEBUG - 1 change detected: {(<Change.modified: 2>, '/workspace/app/backend/logs/app_20260524_150636.log')}
2026-05-24 15:09:07,310 - watchfiles.main - DEBUG - 1 change detected: {(<Change.modified: 2>, '/workspace/app/backend/logs/app_20260524_150636.log')}
2026-05-24 15:09:07,661 - watchfiles.main - DEBUG - 1 change detected: {(<Change.modified: 2>, '/workspace/app/backend/logs/app_20260524_150636.log')}
2026-05-24 15:09:08,012 - watchfiles.main - DEBUG - 1 change detected: {(<Change.modified: 2>, '/workspace/app/backend/logs/app_20260524_150636.log')}
2026-05-24 15:09:08,363 - watchfiles.main - DEBUG - 1 change detected: {(<Change.modified: 2>, '/workspace/app/backend/logs/app_20260524_150636.log')}
2026-05-24 15:09:08,713 - watchfiles.main - DEBUG - 1 change detected: {(<Change.modified: 2>, '/workspace/app/backend/logs/app_20260524_150636.log')}
2026-05-24 15:09:09,065 - watchfiles.main - DEBUG - 1 change detected: {(<Change.modified: 2>, '/workspace/app/backend/logs/app_20260524_150636.log')}
2026-05-24 15:09:09,416 - watchfiles.main - DEBUG - 1 change detected: {(<Change.modified: 2>, '/workspace/app/backend/logs/app_20260524_150636.log')}
2026-05-24 15:09:09,767 - watchfiles.main - DEBUG - 1 change detected: {(<Change.modified: 2>, '/workspace/app/backend/logs/app_20260524_150636.log')}
2026-05-24 15:09:10,118 - watchfiles.main - DEBUG - 1 change detected: {(<Change.modified: 2>, '/workspace/app/backend/logs/app_20260524_150636.log')}
2026-05-24 15:09:10,470 - watchfiles.main - DEBUG - 1 change detected: {(<Change.modified: 2>, '/workspace/app/backend/logs/app_20260524_150636.log')}
2026-05-24 15:09:10,821 - watchfiles.main - DEBUG - 1 change detected: {(<Change.modified: 2>, '/workspace/app/backend/logs/app_20260524_150636.log')}
2026-05-24 15:09:11,172 - watchfiles.main - DEBUG - 1 change detected: {(<Change.modified: 2>, '/workspace/app/backend/logs/app_20260524_150636.log')}
2026-05-24 15:09:11,522 - watchfiles.main - DEBUG - 1 change detected: {(<Change.modified: 2>, '/workspace/app/backend/logs/app_20260524_150636.log')}
2026-05-24 15:09:11,873 - watchfiles.main - DEBUG - 1 change detected: {(<Change.modified: 2>, '/workspace/app/backend/logs/app_20260524_150636.log')}
2026-05-24 15:09:12,224 - watchfiles.main - DEBUG - 1 change detected: {(<Change.modified: 2>, '/workspace/app/backend/logs/app_20260524_150636.log')}
2026-05-24 15:09:12,575 - watchfiles.main - DEBUG - 1 change detected: {(<Change.modified: 2>, '/workspace/app/backend/logs/app_20260524_150636.log')}
2026-05-24 15:09:12,926 - watchfiles.main - DEBUG - 1 change detected: {(<Change.modified: 2>, '/workspace/app/backend/logs/app_20260524_150636.log')}
2026-05-24 15:09:13,277 - watchfiles.main - DEBUG - 1 change detected: {(<Change.modified: 2>, '/workspace/app/backend/logs/app_20260524_150636.log')}
2026-05-24 15:09:13,628 - watchfiles.main - DEBUG - 1 change detected: {(<Change.modified: 2>, '/workspace/app/backend/logs/app_20260524_150636.log')}
2026-05-24 15:09:13,979 - watchfiles.main - DEBUG - 1 change detected: {(<Change.modified: 2>, '/workspace/app/backend/logs/app_20260524_150636.log')}
2026-05-24 15:09:14,331 - watchfiles.main - DEBUG - 1 change detected: {(<Change.modified: 2>, '/workspace/app/backend/logs/app_20260524_150636.log')}
2026-05-24 15:09:14,682 - watchfiles.main - DEBUG - 1 change detected: {(<Change.modified: 2>, '/workspace/app/backend/logs/app_20260524_150636.log')}
2026-05-24 15:09:15,033 - watchfiles.main - DEBUG - 1 change detected: {(<Change.modified: 2>, '/workspace/app/backend/logs/app_20260524_150636.log')}
2026-05-24 15:09:15,384 - watchfiles.main - DEBUG - 1 change detected: {(<Change.modified: 2>, '/workspace/app/backend/logs/app_20260524_150636.log')}
2026-05-24 15:09:15,734 - watchfiles.main - DEBUG - 1 change detected: {(<Change.modified: 2>, '/workspace/app/backend/logs/app_20260524_150636.log')}
2026-05-24 15:09:16,085 - watchfiles.main - DEBUG - 1 change detected: {(<Change.modified: 2>, '/workspace/app/backend/logs/app_20260524_150636.log')}
2026-05-24 15:09:16,436 - watchfiles.main - DEBUG - 1 change detected: {(<Change.modified: 2>, '/workspace/app/backend/logs/app_20260524_150636.log')}
2026-05-24 15:09:16,787 - watchfiles.main - DEBUG - 1 change detected: {(<Change.modified: 2>, '/workspace/app/backend/logs/app_20260524_150636.log')}
2026-05-24 15:09:17,138 - watchfiles.main - DEBUG - 1 change detected: {(<Change.modified: 2>, '/workspace/app/backend/logs/app_20260524_150636.log')}
2026-05-24 15:09:17,489 - watchfiles.main - DEBUG - 1 change detected: {(<Change.modified: 2>, '/workspace/app/backend/logs/app_20260524_150636.log')}
2026-05-24 15:09:17,840 - watchfiles.main - DEBUG - 2 changes detected: {(<Change.modified: 2>, '/workspace/app/backend/logs/app_20260524_150639.log'), (<Change.modified: 2>, '/workspace/app/backend/logs/app_20260524_150636.log')}
2026-05-24 15:09:18,191 - watchfiles.main - DEBUG - 2 changes detected: {(<Change.modified: 2>, '/workspace/app/backend/logs/app_20260524_150639.log'), (<Change.modified: 2>, '/workspace/app/backend/logs/app_20260524_150636.log')}
2026-05-24 15:09:18,541 - watchfiles.main - DEBUG - 1 change detected: {(<Change.modified: 2>, '/workspace/app/backend/logs/app_20260524_150636.log')}
2026-05-24 15:09:18,892 - watchfiles.main - DEBUG - 1 change detected: {(<Change.modified: 2>, '/workspace/app/backend/logs/app_20260524_150636.log')}
2026-05-24 15:09:19,243 - watchfiles.main - DEBUG - 1 change detected: {(<Change.modified: 2>, '/workspace/app/backend/logs/app_20260524_150636.log')}
2026-05-24 15:09:19,594 - watchfiles.main - DEBUG - 1 change detected: {(<Change.modified: 2>, '/workspace/app/backend/logs/app_20260524_150636.log')}
2026-05-24 15:09:19,944 - watchfiles.main - DEBUG - 1 change detected: {(<Change.modified: 2>, '/workspace/app/backend/logs/app_20260524_150636.log')}
2026-05-24 15:09:20,295 - watchfiles.main - DEBUG - 1 change detected: {(<Change.modified: 2>, '/workspace/app/backend/logs/app_20260524_150636.log')}
2026-05-24 15:09:20,646 - watchfiles.main - DEBUG - 1 change detected: {(<Change.modified: 2>, '/workspace/app/backend/logs/app_20260524_150636.log')}
2026-05-24 15:09:20,997 - watchfiles.main - DEBUG - 1 change detected: {(<Change.modified: 2>, '/workspace/app/backend/logs/app_20260524_150636.log')}
2026-05-24 15:09:21,348 - watchfiles.main - DEBUG - 1 change detected: {(<Change.modified: 2>, '/workspace/app/backend/logs/app_20260524_150636.log')}
2026-05-24 15:09:21,699 - watchfiles.main - DEBUG - 1 change detected: {(<Change.modified: 2>, '/workspace/app/backend/logs/app_20260524_150636.log')}
2026-05-24 15:09:22,049 - watchfiles.main - DEBUG - 1 change detected: {(<Change.modified: 2>, '/workspace/app/backend/logs/app_20260524_150636.log')}
2026-05-24 15:09:22,400 - watchfiles.main - DEBUG - 1 change detected: {(<Change.modified: 2>, '/workspace/app/backend/logs/app_20260524_150636.log')}
2026-05-24 15:09:22,751 - watchfiles.main - DEBUG - 1 change detected: {(<Change.modified: 2>, '/workspace/app/backend/logs/app_20260524_150636.log')}
2026-05-24 15:09:23,102 - watchfiles.main - DEBUG - 1 change detected: {(<Change.modified: 2>, '/workspace/app/backend/logs/app_20260524_150636.log')}
2026-05-24 15:09:23,453 - watchfiles.main - DEBUG - 1 change detected: {(<Change.modified: 2>, '/workspace/app/backend/logs/app_20260524_150636.log')}
2026-05-24 15:09:23,804 - watchfiles.main - DEBUG - 1 change detected: {(<Change.modified: 2>, '/workspace/app/backend/logs/app_20260524_150636.log')}
2026-05-24 15:09:24,154 - watchfiles.main - DEBUG - 1 change detected: {(<Change.modified: 2>, '/workspace/app/backend/logs/app_20260524_150636.log')}
2026-05-24 15:09:24,505 - watchfiles.main - DEBUG - 1 change detected: {(<Change.modified: 2>, '/workspace/app/backend/logs/app_20260524_150636.log')}
2026-05-24 15:09:24,856 - watchfiles.main - DEBUG - 1 change detected: {(<Change.modified: 2>, '/workspace/app/backend/logs/app_20260524_150636.log')}
2026-05-24 15:09:25,207 - watchfiles.main - DEBUG - 1 change detected: {(<Change.modified: 2>, '/workspace/app/backend/logs/app_20260524_150636.log')}
2026-05-24 15:09:25,558 - watchfiles.main - DEBUG - 1 change detected: {(<Change.modified: 2>, '/workspace/app/backend/logs/app_20260524_150636.log')}
2026-05-24 15:09:25,909 - watchfiles.main - DEBUG - 1 change detected: {(<Change.modified: 2>, '/workspace/app/backend/logs/app_20260524_150636.log')}
2026-05-24 15:09:26,259 - watchfiles.main - DEBUG - 1 change detected: {(<Change.modified: 2>, '/workspace/app/backend/logs/app_20260524_150636.log')}
2026-05-24 15:09:26,610 - watchfiles.main - DEBUG - 1 change detected: {(<Change.modified: 2>, '/workspace/app/backend/logs/app_20260524_150636.log')}
2026-05-24 15:09:26,961 - watchfiles.main - DEBUG - 1 change detected: {(<Change.modified: 2>, '/workspace/app/backend/logs/app_20260524_150636.log')}
2026-05-24 15:09:27,312 - watchfiles.main - DEBUG - 1 change detected: {(<Change.modified: 2>, '/workspace/app/backend/logs/app_20260524_150636.log')}
2026-05-24 15:09:27,663 - watchfiles.main - DEBUG - 1 change detected: {(<Change.modified: 2>, '/workspace/app/backend/logs/app_20260524_150636.log')}
2026-05-24 15:09:28,014 - watchfiles.main - DEBUG - 1 change detected: {(<Change.modified: 2>, '/workspace/app/backend/logs/app_20260524_150636.log')}
2026-05-24 15:09:28,364 - watchfiles.main - DEBUG - 1 change detected: {(<Change.modified: 2>, '/workspace/app/backend/logs/app_20260524_150636.log')}
2026-05-24 15:09:28,716 - watchfiles.main - DEBUG - 1 change detected: {(<Change.modified: 2>, '/workspace/app/backend/logs/app_20260524_150636.log')}
2026-05-24 15:09:29,066 - watchfiles.main - DEBUG - 1 change detected: {(<Change.modified: 2>, '/workspace/app/backend/logs/app_20260524_150636.log')}
2026-05-24 15:09:29,417 - watchfiles.main - DEBUG - 1 change detected: {(<Change.modified: 2>, '/workspace/app/backend/logs/app_20260524_150636.log')}
2026-05-24 15:09:29,768 - watchfiles.main - DEBUG - 1 change detected: {(<Change.modified: 2>, '/workspace/app/backend/logs/app_20260524_150636.log')}
2026-05-24 15:09:30,119 - watchfiles.main - DEBUG - 1 change detected: {(<Change.modified: 2>, '/workspace/app/backend/logs/app_20260524_150636.log')}
2026-05-24 15:09:30,470 - watchfiles.main - DEBUG - 1 change detected: {(<Change.modified: 2>, '/workspace/app/backend/logs/app_20260524_150636.log')}
2026-05-24 15:09:30,821 - watchfiles.main - DEBUG - 1 change detected: {(<Change.modified: 2>, '/workspace/app/backend/logs/app_20260524_150636.log')}
2026-05-24 15:09:31,172 - watchfiles.main - DEBUG - 1 change detected: {(<Change.modified: 2>, '/workspace/app/backend/logs/app_20260524_150636.log')}
2026-05-24 15:09:31,522 - watchfiles.main - DEBUG - 1 change detected: {(<Change.modified: 2>, '/workspace/app/backend/logs/app_20260524_150636.log')}
2026-05-24 15:09:31,873 - watchfiles.main - DEBUG - 1 change detected: {(<Change.modified: 2>, '/workspace/app/backend/logs/app_20260524_150636.log')}
2026-05-24 15:09:32,224 - watchfiles.main - DEBUG - 1 change detected: {(<Change.modified: 2>, '/workspace/app/backend/logs/app_20260524_150636.log')}
2026-05-24 15:09:32,575 - watchfiles.main - DEBUG - 1 change detected: {(<Change.modified: 2>, '/workspace/app/backend/logs/app_20260524_150636.log')}
2026-05-24 15:09:32,925 - watchfiles.main - DEBUG - 1 change detected: {(<Change.modified: 2>, '/workspace/app/backend/logs/app_20260524_150636.log')}
2026-05-24 15:09:33,276 - watchfiles.main - DEBUG - 1 change detected: {(<Change.modified: 2>, '/workspace/app/backend/logs/app_20260524_150636.log')}
2026-05-24 15:09:33,627 - watchfiles.main - DEBUG - 1 change detected: {(<Change.modified: 2>, '/workspace/app/backend/logs/app_20260524_150636.log')}
2026-05-24 15:09:33,978 - watchfiles.main - DEBUG - 1 change detected: {(<Change.modified: 2>, '/workspace/app/backend/logs/app_20260524_150636.log')}
2026-05-24 15:09:34,329 - watchfiles.main - DEBUG - 1 change detected: {(<Change.modified: 2>, '/workspace/app/backend/logs/app_20260524_150636.log')}
2026-05-24 15:09:34,680 - watchfiles.main - DEBUG - 1 change detected: {(<Change.modified: 2>, '/workspace/app/backend/logs/app_20260524_150636.log')}
2026-05-24 15:09:35,031 - watchfiles.main - DEBUG - 1 change detected: {(<Change.modified: 2>, '/workspace/app/backend/logs/app_20260524_150636.log')}
2026-05-24 15:09:35,381 - watchfiles.main - DEBUG - 1 change detected: {(<Change.modified: 2>, '/workspace/app/backend/logs/app_20260524_150636.log')}
2026-05-24 15:09:35,732 - watchfiles.main - DEBUG - 1 change detected: {(<Change.modified: 2>, '/workspace/app/backend/logs/app_20260524_150636.log')}
2026-05-24 15:09:36,083 - watchfiles.main - DEBUG - 1 change detected: {(<Change.modified: 2>, '/workspace/app/backend/logs/app_20260524_150636.log')}
2026-05-24 15:09:36,434 - watchfiles.main - DEBUG - 1 change detected: {(<Change.modified: 2>, '/workspace/app/backend/logs/app_20260524_150636.log')}
2026-05-24 15:09:36,785 - watchfiles.main - DEBUG - 1 change detected: {(<Change.modified: 2>, '/workspace/app/backend/logs/app_20260524_150636.log')}
2026-05-24 15:09:37,136 - watchfiles.main - DEBUG - 1 change detected: {(<Change.modified: 2>, '/workspace/app/backend/logs/app_20260524_150636.log')}
2026-05-24 15:09:37,486 - watchfiles.main - DEBUG - 1 change detected: {(<Change.modified: 2>, '/workspace/app/backend/logs/app_20260524_150636.log')}
2026-05-24 15:09:37,837 - watchfiles.main - DEBUG - 1 change detected: {(<Change.modified: 2>, '/workspace/app/backend/logs/app_20260524_150636.log')}
2026-05-24 15:09:38,188 - watchfiles.main - DEBUG - 1 change detected: {(<Change.modified: 2>, '/workspace/app/backend/logs/app_20260524_150636.log')}
2026-05-24 15:09:38,539 - watchfiles.main - DEBUG - 1 change detected: {(<Change.modified: 2>, '/workspace/app/backend/logs/app_20260524_150636.log')}
2026-05-24 15:09:38,890 - watchfiles.main - DEBUG - 1 change detected: {(<Change.modified: 2>, '/workspace/app/backend/logs/app_20260524_150636.log')}
2026-05-24 15:09:39,240 - watchfiles.main - DEBUG - 1 change detected: {(<Change.modified: 2>, '/workspace/app/backend/logs/app_20260524_150636.log')}
2026-05-24 15:09:39,591 - watchfiles.main - DEBUG - 1 change detected: {(<Change.modified: 2>, '/workspace/app/backend/logs/app_20260524_150636.log')}
2026-05-24 15:09:39,942 - watchfiles.main - DEBUG - 1 change detected: {(<Change.modified: 2>, '/workspace/app/backend/logs/app_20260524_150636.log')}
2026-05-24 15:09:40,293 - watchfiles.main - DEBUG - 1 change detected: {(<Change.modified: 2>, '/workspace/app/backend/logs/app_20260524_150636.log')}
2026-05-24 15:09:40,644 - watchfiles.main - DEBUG - 1 change detected: {(<Change.modified: 2>, '/workspace/app/backend/logs/app_20260524_150636.log')}
2026-05-24 15:09:40,995 - watchfiles.main - DEBUG - 1 change detected: {(<Change.modified: 2>, '/workspace/app/backend/logs/app_20260524_150636.log')}
2026-05-24 15:09:41,346 - watchfiles.main - DEBUG - 1 change detected: {(<Change.modified: 2>, '/workspace/app/backend/logs/app_20260524_150636.log')}
2026-05-24 15:09:41,697 - watchfiles.main - DEBUG - 1 change detected: {(<Change.modified: 2>, '/workspace/app/backend/logs/app_20260524_150636.log')}
2026-05-24 15:09:42,048 - watchfiles.main - DEBUG - 1 change detected: {(<Change.modified: 2>, '/workspace/app/backend/logs/app_20260524_150636.log')}
2026-05-24 15:09:42,398 - watchfiles.main - DEBUG - 1 change detected: {(<Change.modified: 2>, '/workspace/app/backend/logs/app_20260524_150636.log')}
2026-05-24 15:09:42,749 - watchfiles.main - DEBUG - 1 change detected: {(<Change.modified: 2>, '/workspace/app/backend/logs/app_20260524_150636.log')}
2026-05-24 15:09:43,100 - watchfiles.main - DEBUG - 1 change detected: {(<Change.modified: 2>, '/workspace/app/backend/logs/app_20260524_150636.log')}
2026-05-24 15:09:43,451 - watchfiles.main - DEBUG - 1 change detected: {(<Change.modified: 2>, '/workspace/app/backend/logs/app_20260524_150636.log')}
2026-05-24 15:09:43,802 - watchfiles.main - DEBUG - 1 change detected: {(<Change.modified: 2>, '/workspace/app/backend/logs/app_20260524_150636.log')}
2026-05-24 15:09:44,153 - watchfiles.main - DEBUG - 1 change detected: {(<Change.modified: 2>, '/workspace/app/backend/logs/app_20260524_150636.log')}
2026-05-24 15:09:44,504 - watchfiles.main - DEBUG - 1 change detected: {(<Change.modified: 2>, '/workspace/app/backend/logs/app_20260524_150636.log')}
2026-05-24 15:09:44,854 - watchfiles.main - DEBUG - 1 change detected: {(<Change.modified: 2>, '/workspace/app/backend/logs/app_20260524_150636.log')}
2026-05-24 15:09:45,205 - watchfiles.main - DEBUG - 1 change detected: {(<Change.modified: 2>, '/workspace/app/backend/logs/app_20260524_150636.log')}
2026-05-24 15:09:45,556 - watchfiles.main - DEBUG - 1 change detected: {(<Change.modified: 2>, '/workspace/app/backend/logs/app_20260524_150636.log')}
2026-05-24 15:09:45,908 - watchfiles.main - DEBUG - 1 change detected: {(<Change.modified: 2>, '/workspace/app/backend/logs/app_20260524_150636.log')}
2026-05-24 15:09:46,259 - watchfiles.main - DEBUG - 1 change detected: {(<Change.modified: 2>, '/workspace/app/backend/logs/app_20260524_150636.log')}
2026-05-24 15:09:46,609 - watchfiles.main - DEBUG - 1 change detected: {(<Change.modified: 2>, '/workspace/app/backend/logs/app_20260524_150636.log')}
2026-05-24 15:09:46,960 - watchfiles.main - DEBUG - 1 change detected: {(<Change.modified: 2>, '/workspace/app/backend/logs/app_20260524_150636.log')}
2026-05-24 15:09:47,311 - watchfiles.main - DEBUG - 1 change detected: {(<Change.modified: 2>, '/workspace/app/backend/logs/app_20260524_150636.log')}
2026-05-24 15:09:47,662 - watchfiles.main - DEBUG - 2 changes detected: {(<Change.modified: 2>, '/workspace/app/backend/logs/app_20260524_150639.log'), (<Change.modified: 2>, '/workspace/app/backend/logs/app_20260524_150636.log')}
2026-05-24 15:09:48,013 - watchfiles.main - DEBUG - 2 changes detected: {(<Change.modified: 2>, '/workspace/app/backend/logs/app_20260524_150639.log'), (<Change.modified: 2>, '/workspace/app/backend/logs/app_20260524_150636.log')}
2026-05-24 15:09:48,364 - watchfiles.main - DEBUG - 1 change detected: {(<Change.modified: 2>, '/workspace/app/backend/logs/app_20260524_150636.log')}
2026-05-24 15:09:48,715 - watchfiles.main - DEBUG - 1 change detected: {(<Change.modified: 2>, '/workspace/app/backend/logs/app_20260524_150636.log')}
2026-05-24 15:09:49,065 - watchfiles.main - DEBUG - 1 change detected: {(<Change.modified: 2>, '/workspace/app/backend/logs/app_20260524_150636.log')}
2026-05-24 15:09:49,416 - watchfiles.main - DEBUG - 1 change detected: {(<Change.modified: 2>, '/workspace/app/backend/logs/app_20260524_150636.log')}
2026-05-24 15:09:49,767 - watchfiles.main - DEBUG - 1 change detected: {(<Change.modified: 2>, '/workspace/app/backend/logs/app_20260524_150636.log')}
2026-05-24 15:09:50,118 - watchfiles.main - DEBUG - 1 change detected: {(<Change.modified: 2>, '/workspace/app/backend/logs/app_20260524_150636.log')}
2026-05-24 15:09:50,469 - watchfiles.main - DEBUG - 1 change detected: {(<Change.modified: 2>, '/workspace/app/backend/logs/app_20260524_150636.log')}
2026-05-24 15:09:50,820 - watchfiles.main - DEBUG - 1 change detected: {(<Change.modified: 2>, '/workspace/app/backend/logs/app_20260524_150636.log')}
2026-05-24 15:09:51,171 - watchfiles.main - DEBUG - 1 change detected: {(<Change.modified: 2>, '/workspace/app/backend/logs/app_20260524_150636.log')}
2026-05-24 15:09:51,521 - watchfiles.main - DEBUG - 1 change detected: {(<Change.modified: 2>, '/workspace/app/backend/logs/app_20260524_150636.log')}
2026-05-24 15:09:51,872 - watchfiles.main - DEBUG - 1 change detected: {(<Change.modified: 2>, '/workspace/app/backend/logs/app_20260524_150636.log')}
2026-05-24 15:09:52,223 - watchfiles.main - DEBUG - 1 change detected: {(<Change.modified: 2>, '/workspace/app/backend/logs/app_20260524_150636.log')}
2026-05-24 15:09:52,574 - watchfiles.main - DEBUG - 1 change detected: {(<Change.modified: 2>, '/workspace/app/backend/logs/app_20260524_150636.log')}
2026-05-24 15:09:52,925 - watchfiles.main - DEBUG - 1 change detected: {(<Change.modified: 2>, '/workspace/app/backend/logs/app_20260524_150636.log')}
2026-05-24 15:09:53,276 - watchfiles.main - DEBUG - 1 change detected: {(<Change.modified: 2>, '/workspace/app/backend/logs/app_20260524_150636.log')}
2026-05-24 15:09:53,627 - watchfiles.main - DEBUG - 1 change detected: {(<Change.modified: 2>, '/workspace/app/backend/logs/app_20260524_150636.log')}
2026-05-24 15:09:53,977 - watchfiles.main - DEBUG - 1 change detected: {(<Change.modified: 2>, '/workspace/app/backend/logs/app_20260524_150636.log')}
2026-05-24 15:09:54,328 - watchfiles.main - DEBUG - 1 change detected: {(<Change.modified: 2>, '/workspace/app/backend/logs/app_20260524_150636.log')}
2026-05-24 15:09:54,679 - watchfiles.main - DEBUG - 1 change detected: {(<Change.modified: 2>, '/workspace/app/backend/logs/app_20260524_150636.log')}
2026-05-24 15:09:55,030 - watchfiles.main - DEBUG - 1 change detected: {(<Change.modified: 2>, '/workspace/app/backend/logs/app_20260524_150636.log')}
2026-05-24 15:09:55,381 - watchfiles.main - DEBUG - 1 change detected: {(<Change.modified: 2>, '/workspace/app/backend/logs/app_20260524_150636.log')}
2026-05-24 15:09:55,732 - watchfiles.main - DEBUG - 1 change detected: {(<Change.modified: 2>, '/workspace/app/backend/logs/app_20260524_150636.log')}
2026-05-24 15:09:56,082 - watchfiles.main - DEBUG - 1 change detected: {(<Change.modified: 2>, '/workspace/app/backend/logs/app_20260524_150636.log')}
2026-05-24 15:09:56,433 - watchfiles.main - DEBUG - 1 change detected: {(<Change.modified: 2>, '/workspace/app/backend/logs/app_20260524_150636.log')}
2026-05-24 15:09:56,784 - watchfiles.main - DEBUG - 1 change detected: {(<Change.modified: 2>, '/workspace/app/backend/logs/app_20260524_150636.log')}
2026-05-24 15:09:57,135 - watchfiles.main - DEBUG - 1 change detected: {(<Change.modified: 2>, '/workspace/app/backend/logs/app_20260524_150636.log')}
2026-05-24 15:09:57,486 - watchfiles.main - DEBUG - 1 change detected: {(<Change.modified: 2>, '/workspace/app/backend/logs/app_20260524_150636.log')}
2026-05-24 15:09:57,837 - watchfiles.main - DEBUG - 1 change detected: {(<Change.modified: 2>, '/workspace/app/backend/logs/app_20260524_150636.log')}
2026-05-24 15:09:58,188 - watchfiles.main - DEBUG - 1 change detected: {(<Change.modified: 2>, '/workspace/app/backend/logs/app_20260524_150636.log')}
2026-05-24 15:09:58,538 - watchfiles.main - DEBUG - 1 change detected: {(<Change.modified: 2>, '/workspace/app/backend/logs/app_20260524_150636.log')}
2026-05-24 15:09:58,889 - watchfiles.main - DEBUG - 1 change detected: {(<Change.modified: 2>, '/workspace/app/backend/logs/app_20260524_150636.log')}
2026-05-24 15:09:59,240 - watchfiles.main - DEBUG - 1 change detected: {(<Change.modified: 2>, '/workspace/app/backend/logs/app_20260524_150636.log')}
2026-05-24 15:09:59,591 - watchfiles.main - DEBUG - 1 change detected: {(<Change.modified: 2>, '/workspace/app/backend/logs/app_20260524_150636.log')}
2026-05-24 15:09:59,942 - watchfiles.main - DEBUG - 1 change detected: {(<Change.modified: 2>, '/workspace/app/backend/logs/app_20260524_150636.log')}
2026-05-24 15:10:00,292 - watchfiles.main - DEBUG - 1 change detected: {(<Change.modified: 2>, '/workspace/app/backend/logs/app_20260524_150636.log')}
2026-05-24 15:10:00,643 - watchfiles.main - DEBUG - 1 change detected: {(<Change.modified: 2>, '/workspace/app/backend/logs/app_20260524_150636.log')}
2026-05-24 15:10:00,994 - watchfiles.main - DEBUG - 1 change detected: {(<Change.modified: 2>, '/workspace/app/backend/logs/app_20260524_150636.log')}
2026-05-24 15:10:01,345 - watchfiles.main - DEBUG - 1 change detected: {(<Change.modified: 2>, '/workspace/app/backend/logs/app_20260524_150636.log')}
2026-05-24 15:10:01,696 - watchfiles.main - DEBUG - 1 change detected: {(<Change.modified: 2>, '/workspace/app/backend/logs/app_20260524_150636.log')}
2026-05-24 15:10:02,047 - watchfiles.main - DEBUG - 1 change detected: {(<Change.modified: 2>, '/workspace/app/backend/logs/app_20260524_150636.log')}
2026-05-24 15:10:02,398 - watchfiles.main - DEBUG - 1 change detected: {(<Change.modified: 2>, '/workspace/app/backend/logs/app_20260524_150636.log')}
2026-05-24 15:10:02,749 - watchfiles.main - DEBUG - 1 change detected: {(<Change.modified: 2>, '/workspace/app/backend/logs/app_20260524_150636.log')}
2026-05-24 15:10:03,100 - watchfiles.main - DEBUG - 1 change detected: {(<Change.modified: 2>, '/workspace/app/backend/logs/app_20260524_150636.log')}
2026-05-24 15:10:03,451 - watchfiles.main - DEBUG - 1 change detected: {(<Change.modified: 2>, '/workspace/app/backend/logs/app_20260524_150636.log')}
2026-05-24 15:10:03,802 - watchfiles.main - DEBUG - 1 change detected: {(<Change.modified: 2>, '/workspace/app/backend/logs/app_20260524_150636.log')}
2026-05-24 15:10:04,152 - watchfiles.main - DEBUG - 1 change detected: {(<Change.modified: 2>, '/workspace/app/backend/logs/app_20260524_150636.log')}
2026-05-24 15:10:04,507 - watchfiles.main - DEBUG - 1 change detected: {(<Change.modified: 2>, '/workspace/app/backend/logs/app_20260524_150636.log')}
2026-05-24 15:10:04,858 - watchfiles.main - DEBUG - 1 change detected: {(<Change.modified: 2>, '/workspace/app/backend/logs/app_20260524_150636.log')}
2026-05-24 15:10:05,208 - watchfiles.main - DEBUG - 1 change detected: {(<Change.modified: 2>, '/workspace/app/backend/logs/app_20260524_150636.log')}
2026-05-24 15:10:05,559 - watchfiles.main - DEBUG - 1 change detected: {(<Change.modified: 2>, '/workspace/app/backend/logs/app_20260524_150636.log')}
2026-05-24 15:10:05,910 - watchfiles.main - DEBUG - 1 change detected: {(<Change.modified: 2>, '/workspace/app/backend/logs/app_20260524_150636.log')}
2026-05-24 15:10:06,261 - watchfiles.main - DEBUG - 1 change detected: {(<Change.modified: 2>, '/workspace/app/backend/logs/app_20260524_150636.log')}
2026-05-24 15:10:06,612 - watchfiles.main - DEBUG - 1 change detected: {(<Change.modified: 2>, '/workspace/app/backend/logs/app_20260524_150636.log')}
2026-05-24 15:10:06,962 - watchfiles.main - DEBUG - 1 change detected: {(<Change.modified: 2>, '/workspace/app/backend/logs/app_20260524_150636.log')}
2026-05-24 15:10:07,313 - watchfiles.main - DEBUG - 1 change detected: {(<Change.modified: 2>, '/workspace/app/backend/logs/app_20260524_150636.log')}
2026-05-24 15:10:07,664 - watchfiles.main - DEBUG - 1 change detected: {(<Change.modified: 2>, '/workspace/app/backend/logs/app_20260524_150636.log')}
2026-05-24 15:10:08,015 - watchfiles.main - DEBUG - 1 change detected: {(<Change.modified: 2>, '/workspace/app/backend/logs/app_20260524_150636.log')}
2026-05-24 15:10:08,366 - watchfiles.main - DEBUG - 1 change detected: {(<Change.modified: 2>, '/workspace/app/backend/logs/app_20260524_150636.log')}
2026-05-24 15:10:08,716 - watchfiles.main - DEBUG - 1 change detected: {(<Change.modified: 2>, '/workspace/app/backend/logs/app_20260524_150636.log')}
2026-05-24 15:10:09,067 - watchfiles.main - DEBUG - 1 change detected: {(<Change.modified: 2>, '/workspace/app/backend/logs/app_20260524_150636.log')}
2026-05-24 15:10:09,418 - watchfiles.main - DEBUG - 1 change detected: {(<Change.modified: 2>, '/workspace/app/backend/logs/app_20260524_150636.log')}
2026-05-24 15:10:09,769 - watchfiles.main - DEBUG - 1 change detected: {(<Change.modified: 2>, '/workspace/app/backend/logs/app_20260524_150636.log')}
2026-05-24 15:10:10,121 - watchfiles.main - DEBUG - 1 change detected: {(<Change.modified: 2>, '/workspace/app/backend/logs/app_20260524_150636.log')}
2026-05-24 15:10:10,472 - watchfiles.main - DEBUG - 1 change detected: {(<Change.modified: 2>, '/workspace/app/backend/logs/app_20260524_150636.log')}
2026-05-24 15:10:10,823 - watchfiles.main - DEBUG - 1 change detected: {(<Change.modified: 2>, '/workspace/app/backend/logs/app_20260524_150636.log')}
2026-05-24 15:10:11,174 - watchfiles.main - DEBUG - 1 change detected: {(<Change.modified: 2>, '/workspace/app/backend/logs/app_20260524_150636.log')}
2026-05-24 15:10:11,525 - watchfiles.main - DEBUG - 1 change detected: {(<Change.modified: 2>, '/workspace/app/backend/logs/app_20260524_150636.log')}
2026-05-24 15:10:11,876 - watchfiles.main - DEBUG - 1 change detected: {(<Change.modified: 2>, '/workspace/app/backend/logs/app_20260524_150636.log')}
2026-05-24 15:10:12,227 - watchfiles.main - DEBUG - 1 change detected: {(<Change.modified: 2>, '/workspace/app/backend/logs/app_20260524_150636.log')}
2026-05-24 15:10:12,578 - watchfiles.main - DEBUG - 1 change detected: {(<Change.modified: 2>, '/workspace/app/backend/logs/app_20260524_150636.log')}
2026-05-24 15:10:12,929 - watchfiles.main - DEBUG - 1 change detected: {(<Change.modified: 2>, '/workspace/app/backend/logs/app_20260524_150636.log')}
2026-05-24 15:10:13,280 - watchfiles.main - DEBUG - 1 change detected: {(<Change.modified: 2>, '/workspace/app/backend/logs/app_20260524_150636.log')}
2026-05-24 15:10:13,631 - watchfiles.main - DEBUG - 1 change detected: {(<Change.modified: 2>, '/workspace/app/backend/logs/app_20260524_150636.log')}
2026-05-24 15:10:13,982 - watchfiles.main - DEBUG - 1 change detected: {(<Change.modified: 2>, '/workspace/app/backend/logs/app_20260524_150636.log')}
2026-05-24 15:10:14,333 - watchfiles.main - DEBUG - 1 change detected: {(<Change.modified: 2>, '/workspace/app/backend/logs/app_20260524_150636.log')}
2026-05-24 15:10:14,683 - watchfiles.main - DEBUG - 1 change detected: {(<Change.modified: 2>, '/workspace/app/backend/logs/app_20260524_150636.log')}
2026-05-24 15:10:15,034 - watchfiles.main - DEBUG - 1 change detected: {(<Change.modified: 2>, '/workspace/app/backend/logs/app_20260524_150636.log')}
2026-05-24 15:10:15,385 - watchfiles.main - DEBUG - 1 change detected: {(<Change.modified: 2>, '/workspace/app/backend/logs/app_20260524_150636.log')}
2026-05-24 15:10:15,736 - watchfiles.main - DEBUG - 1 change detected: {(<Change.modified: 2>, '/workspace/app/backend/logs/app_20260524_150636.log')}
2026-05-24 15:10:16,087 - watchfiles.main - DEBUG - 1 change detected: {(<Change.modified: 2>, '/workspace/app/backend/logs/app_20260524_150636.log')}
2026-05-24 15:10:16,438 - watchfiles.main - DEBUG - 1 change detected: {(<Change.modified: 2>, '/workspace/app/backend/logs/app_20260524_150636.log')}
2026-05-24 15:10:16,788 - watchfiles.main - DEBUG - 1 change detected: {(<Change.modified: 2>, '/workspace/app/backend/logs/app_20260524_150636.log')}
2026-05-24 15:10:17,139 - watchfiles.main - DEBUG - 1 change detected: {(<Change.modified: 2>, '/workspace/app/backend/logs/app_20260524_150636.log')}
2026-05-24 15:10:17,490 - watchfiles.main - DEBUG - 1 change detected: {(<Change.modified: 2>, '/workspace/app/backend/logs/app_20260524_150636.log')}
2026-05-24 15:10:17,841 - watchfiles.main - DEBUG - 2 changes detected: {(<Change.modified: 2>, '/workspace/app/backend/logs/app_20260524_150639.log'), (<Change.modified: 2>, '/workspace/app/backend/logs/app_20260524_150636.log')}
2026-05-24 15:10:18,192 - watchfiles.main - DEBUG - 2 changes detected: {(<Change.modified: 2>, '/workspace/app/backend/logs/app_20260524_150639.log'), (<Change.modified: 2>, '/workspace/app/backend/logs/app_20260524_150636.log')}
2026-05-24 15:10:18,542 - watchfiles.main - DEBUG - 1 change detected: {(<Change.modified: 2>, '/workspace/app/backend/logs/app_20260524_150636.log')}
2026-05-24 15:10:18,893 - watchfiles.main - DEBUG - 1 change detected: {(<Change.modified: 2>, '/workspace/app/backend/logs/app_20260524_150636.log')}
2026-05-24 15:10:19,244 - watchfiles.main - DEBUG - 1 change detected: {(<Change.modified: 2>, '/workspace/app/backend/logs/app_20260524_150636.log')}
2026-05-24 15:10:19,595 - watchfiles.main - DEBUG - 1 change detected: {(<Change.modified: 2>, '/workspace/app/backend/logs/app_20260524_150636.log')}
2026-05-24 15:10:19,946 - watchfiles.main - DEBUG - 1 change detected: {(<Change.modified: 2>, '/workspace/app/backend/logs/app_20260524_150636.log')}
2026-05-24 15:10:20,296 - watchfiles.main - DEBUG - 1 change detected: {(<Change.modified: 2>, '/workspace/app/backend/logs/app_20260524_150636.log')}
2026-05-24 15:10:20,648 - watchfiles.main - DEBUG - 1 change detected: {(<Change.modified: 2>, '/workspace/app/backend/logs/app_20260524_150636.log')}
2026-05-24 15:10:20,999 - watchfiles.main - DEBUG - 1 change detected: {(<Change.modified: 2>, '/workspace/app/backend/logs/app_20260524_150636.log')}
2026-05-24 15:10:21,350 - watchfiles.main - DEBUG - 1 change detected: {(<Change.modified: 2>, '/workspace/app/backend/logs/app_20260524_150636.log')}
2026-05-24 15:10:21,701 - watchfiles.main - DEBUG - 1 change detected: {(<Change.modified: 2>, '/workspace/app/backend/logs/app_20260524_150636.log')}
2026-05-24 15:10:22,052 - watchfiles.main - DEBUG - 1 change detected: {(<Change.modified: 2>, '/workspace/app/backend/logs/app_20260524_150636.log')}
2026-05-24 15:10:22,403 - watchfiles.main - DEBUG - 1 change detected: {(<Change.modified: 2>, '/workspace/app/backend/logs/app_20260524_150636.log')}
2026-05-24 15:10:22,754 - watchfiles.main - DEBUG - 1 change detected: {(<Change.modified: 2>, '/workspace/app/backend/logs/app_20260524_150636.log')}
2026-05-24 15:10:23,105 - watchfiles.main - DEBUG - 1 change detected: {(<Change.modified: 2>, '/workspace/app/backend/logs/app_20260524_150636.log')}
2026-05-24 15:10:23,456 - watchfiles.main - DEBUG - 1 change detected: {(<Change.modified: 2>, '/workspace/app/backend/logs/app_20260524_150636.log')}
2026-05-24 15:10:23,807 - watchfiles.main - DEBUG - 1 change detected: {(<Change.modified: 2>, '/workspace/app/backend/logs/app_20260524_150636.log')}
2026-05-24 15:10:24,157 - watchfiles.main - DEBUG - 1 change detected: {(<Change.modified: 2>, '/workspace/app/backend/logs/app_20260524_150636.log')}
2026-05-24 15:10:24,508 - watchfiles.main - DEBUG - 1 change detected: {(<Change.modified: 2>, '/workspace/app/backend/logs/app_20260524_150636.log')}
2026-05-24 15:10:24,859 - watchfiles.main - DEBUG - 1 change detected: {(<Change.modified: 2>, '/workspace/app/backend/logs/app_20260524_150636.log')}
2026-05-24 15:10:25,209 - watchfiles.main - DEBUG - 1 change detected: {(<Change.modified: 2>, '/workspace/app/backend/logs/app_20260524_150636.log')}
2026-05-24 15:10:25,560 - watchfiles.main - DEBUG - 1 change detected: {(<Change.modified: 2>, '/workspace/app/backend/logs/app_20260524_150636.log')}
2026-05-24 15:10:25,911 - watchfiles.main - DEBUG - 1 change detected: {(<Change.modified: 2>, '/workspace/app/backend/logs/app_20260524_150636.log')}
2026-05-24 15:10:26,262 - watchfiles.main - DEBUG - 1 change detected: {(<Change.modified: 2>, '/workspace/app/backend/logs/app_20260524_150636.log')}
2026-05-24 15:10:26,613 - watchfiles.main - DEBUG - 1 change detected: {(<Change.modified: 2>, '/workspace/app/backend/logs/app_20260524_150636.log')}
2026-05-24 15:10:26,964 - watchfiles.main - DEBUG - 1 change detected: {(<Change.modified: 2>, '/workspace/app/backend/logs/app_20260524_150636.log')}
2026-05-24 15:10:27,315 - watchfiles.main - DEBUG - 1 change detected: {(<Change.modified: 2>, '/workspace/app/backend/logs/app_20260524_150636.log')}
2026-05-24 15:10:27,665 - watchfiles.main - DEBUG - 1 change detected: {(<Change.modified: 2>, '/workspace/app/backend/logs/app_20260524_150636.log')}
2026-05-24 15:10:28,016 - watchfiles.main - DEBUG - 1 change detected: {(<Change.modified: 2>, '/workspace/app/backend/logs/app_20260524_150636.log')}
2026-05-24 15:10:28,367 - watchfiles.main - DEBUG - 1 change detected: {(<Change.modified: 2>, '/workspace/app/backend/logs/app_20260524_150636.log')}
2026-05-24 15:10:28,719 - watchfiles.main - DEBUG - 1 change detected: {(<Change.modified: 2>, '/workspace/app/backend/logs/app_20260524_150636.log')}
2026-05-24 15:10:29,069 - watchfiles.main - DEBUG - 1 change detected: {(<Change.modified: 2>, '/workspace/app/backend/logs/app_20260524_150636.log')}
2026-05-24 15:10:29,420 - watchfiles.main - DEBUG - 1 change detected: {(<Change.modified: 2>, '/workspace/app/backend/logs/app_20260524_150636.log')}
2026-05-24 15:10:29,771 - watchfiles.main - DEBUG - 1 change detected: {(<Change.modified: 2>, '/workspace/app/backend/logs/app_20260524_150636.log')}
2026-05-24 15:10:30,122 - watchfiles.main - DEBUG - 1 change detected: {(<Change.modified: 2>, '/workspace/app/backend/logs/app_20260524_150636.log')}
2026-05-24 15:10:30,473 - watchfiles.main - DEBUG - 1 change detected: {(<Change.modified: 2>, '/workspace/app/backend/logs/app_20260524_150636.log')}
2026-05-24 15:10:30,824 - watchfiles.main - DEBUG - 1 change detected: {(<Change.modified: 2>, '/workspace/app/backend/logs/app_20260524_150636.log')}
2026-05-24 15:10:31,174 - watchfiles.main - DEBUG - 1 change detected: {(<Change.modified: 2>, '/workspace/app/backend/logs/app_20260524_150636.log')}
2026-05-24 15:10:31,525 - watchfiles.main - DEBUG - 1 change detected: {(<Change.modified: 2>, '/workspace/app/backend/logs/app_20260524_150636.log')}
2026-05-24 15:10:31,876 - watchfiles.main - DEBUG - 1 change detected: {(<Change.modified: 2>, '/workspace/app/backend/logs/app_20260524_150636.log')}
2026-05-24 15:10:32,227 - watchfiles.main - DEBUG - 1 change detected: {(<Change.modified: 2>, '/workspace/app/backend/logs/app_20260524_150636.log')}
2026-05-24 15:10:32,578 - watchfiles.main - DEBUG - 1 change detected: {(<Change.modified: 2>, '/workspace/app/backend/logs/app_20260524_150636.log')}
2026-05-24 15:10:32,928 - watchfiles.main - DEBUG - 1 change detected: {(<Change.modified: 2>, '/workspace/app/backend/logs/app_20260524_150636.log')}
2026-05-24 15:10:33,279 - watchfiles.main - DEBUG - 1 change detected: {(<Change.modified: 2>, '/workspace/app/backend/logs/app_20260524_150636.log')}
2026-05-24 15:10:33,630 - watchfiles.main - DEBUG - 1 change detected: {(<Change.modified: 2>, '/workspace/app/backend/logs/app_20260524_150636.log')}
2026-05-24 15:10:33,981 - watchfiles.main - DEBUG - 1 change detected: {(<Change.modified: 2>, '/workspace/app/backend/logs/app_20260524_150636.log')}
2026-05-24 15:10:34,332 - watchfiles.main - DEBUG - 1 change detected: {(<Change.modified: 2>, '/workspace/app/backend/logs/app_20260524_150636.log')}
2026-05-24 15:10:34,682 - watchfiles.main - DEBUG - 1 change detected: {(<Change.modified: 2>, '/workspace/app/backend/logs/app_20260524_150636.log')}
2026-05-24 15:10:35,033 - watchfiles.main - DEBUG - 1 change detected: {(<Change.modified: 2>, '/workspace/app/backend/logs/app_20260524_150636.log')}
2026-05-24 15:10:35,384 - watchfiles.main - DEBUG - 1 change detected: {(<Change.modified: 2>, '/workspace/app/backend/logs/app_20260524_150636.log')}
2026-05-24 15:10:35,735 - watchfiles.main - DEBUG - 1 change detected: {(<Change.modified: 2>, '/workspace/app/backend/logs/app_20260524_150636.log')}
2026-05-24 15:10:36,085 - watchfiles.main - DEBUG - 1 change detected: {(<Change.modified: 2>, '/workspace/app/backend/logs/app_20260524_150636.log')}
2026-05-24 15:10:36,436 - watchfiles.main - DEBUG - 1 change detected: {(<Change.modified: 2>, '/workspace/app/backend/logs/app_20260524_150636.log')}
2026-05-24 15:10:36,787 - watchfiles.main - DEBUG - 1 change detected: {(<Change.modified: 2>, '/workspace/app/backend/logs/app_20260524_150636.log')}
2026-05-24 15:10:37,138 - watchfiles.main - DEBUG - 1 change detected: {(<Change.modified: 2>, '/workspace/app/backend/logs/app_20260524_150636.log')}
2026-05-24 15:10:37,489 - watchfiles.main - DEBUG - 1 change detected: {(<Change.modified: 2>, '/workspace/app/backend/logs/app_20260524_150636.log')}
2026-05-24 15:10:37,840 - watchfiles.main - DEBUG - 1 change detected: {(<Change.modified: 2>, '/workspace/app/backend/logs/app_20260524_150636.log')}
2026-05-24 15:10:38,190 - watchfiles.main - DEBUG - 1 change detected: {(<Change.modified: 2>, '/workspace/app/backend/logs/app_20260524_150636.log')}
2026-05-24 15:10:38,541 - watchfiles.main - DEBUG - 1 change detected: {(<Change.modified: 2>, '/workspace/app/backend/logs/app_20260524_150636.log')}
2026-05-24 15:10:38,892 - watchfiles.main - DEBUG - 1 change detected: {(<Change.modified: 2>, '/workspace/app/backend/logs/app_20260524_150636.log')}
2026-05-24 15:10:39,243 - watchfiles.main - DEBUG - 1 change detected: {(<Change.modified: 2>, '/workspace/app/backend/logs/app_20260524_150636.log')}
2026-05-24 15:10:39,594 - watchfiles.main - DEBUG - 1 change detected: {(<Change.modified: 2>, '/workspace/app/backend/logs/app_20260524_150636.log')}
2026-05-24 15:10:39,945 - watchfiles.main - DEBUG - 1 change detected: {(<Change.modified: 2>, '/workspace/app/backend/logs/app_20260524_150636.log')}
2026-05-24 15:10:40,296 - watchfiles.main - DEBUG - 1 change detected: {(<Change.modified: 2>, '/workspace/app/backend/logs/app_20260524_150636.log')}
2026-05-24 15:10:40,646 - watchfiles.main - DEBUG - 1 change detected: {(<Change.modified: 2>, '/workspace/app/backend/logs/app_20260524_150636.log')}
2026-05-24 15:10:40,997 - watchfiles.main - DEBUG - 1 change detected: {(<Change.modified: 2>, '/workspace/app/backend/logs/app_20260524_150636.log')}
2026-05-24 15:10:41,348 - watchfiles.main - DEBUG - 1 change detected: {(<Change.modified: 2>, '/workspace/app/backend/logs/app_20260524_150636.log')}
2026-05-24 15:10:41,699 - watchfiles.main - DEBUG - 1 change detected: {(<Change.modified: 2>, '/workspace/app/backend/logs/app_20260524_150636.log')}
2026-05-24 15:10:42,050 - watchfiles.main - DEBUG - 1 change detected: {(<Change.modified: 2>, '/workspace/app/backend/logs/app_20260524_150636.log')}
2026-05-24 15:10:42,400 - watchfiles.main - DEBUG - 1 change detected: {(<Change.modified: 2>, '/workspace/app/backend/logs/app_20260524_150636.log')}
2026-05-24 15:10:42,751 - watchfiles.main - DEBUG - 1 change detected: {(<Change.modified: 2>, '/workspace/app/backend/logs/app_20260524_150636.log')}
2026-05-24 15:10:43,102 - watchfiles.main - DEBUG - 1 change detected: {(<Change.modified: 2>, '/workspace/app/backend/logs/app_20260524_150636.log')}
2026-05-24 15:10:43,453 - watchfiles.main - DEBUG - 1 change detected: {(<Change.modified: 2>, '/workspace/app/backend/logs/app_20260524_150636.log')}
2026-05-24 15:10:43,804 - watchfiles.main - DEBUG - 1 change detected: {(<Change.modified: 2>, '/workspace/app/backend/logs/app_20260524_150636.log')}
2026-05-24 15:10:44,154 - watchfiles.main - DEBUG - 1 change detected: {(<Change.modified: 2>, '/workspace/app/backend/logs/app_20260524_150636.log')}
2026-05-24 15:10:44,505 - watchfiles.main - DEBUG - 1 change detected: {(<Change.modified: 2>, '/workspace/app/backend/logs/app_20260524_150636.log')}
2026-05-24 15:10:44,856 - watchfiles.main - DEBUG - 1 change detected: {(<Change.modified: 2>, '/workspace/app/backend/logs/app_20260524_150636.log')}
2026-05-24 15:10:45,207 - watchfiles.main - DEBUG - 1 change detected: {(<Change.modified: 2>, '/workspace/app/backend/logs/app_20260524_150636.log')}
2026-05-24 15:10:45,558 - watchfiles.main - DEBUG - 1 change detected: {(<Change.modified: 2>, '/workspace/app/backend/logs/app_20260524_150636.log')}
2026-05-24 15:10:45,909 - watchfiles.main - DEBUG - 1 change detected: {(<Change.modified: 2>, '/workspace/app/backend/logs/app_20260524_150636.log')}
2026-05-24 15:10:46,260 - watchfiles.main - DEBUG - 1 change detected: {(<Change.modified: 2>, '/workspace/app/backend/logs/app_20260524_150636.log')}
2026-05-24 15:10:46,611 - watchfiles.main - DEBUG - 1 change detected: {(<Change.modified: 2>, '/workspace/app/backend/logs/app_20260524_150636.log')}
2026-05-24 15:10:46,961 - watchfiles.main - DEBUG - 1 change detected: {(<Change.modified: 2>, '/workspace/app/backend/logs/app_20260524_150636.log')}
2026-05-24 15:10:47,312 - watchfiles.main - DEBUG - 1 change detected: {(<Change.modified: 2>, '/workspace/app/backend/logs/app_20260524_150636.log')}
2026-05-24 15:10:47,663 - watchfiles.main - DEBUG - 2 changes detected: {(<Change.modified: 2>, '/workspace/app/backend/logs/app_20260524_150639.log'), (<Change.modified: 2>, '/workspace/app/backend/logs/app_20260524_150636.log')}
2026-05-24 15:10:48,014 - watchfiles.main - DEBUG - 2 changes detected: {(<Change.modified: 2>, '/workspace/app/backend/logs/app_20260524_150639.log'), (<Change.modified: 2>, '/workspace/app/backend/logs/app_20260524_150636.log')}
2026-05-24 15:10:48,364 - watchfiles.main - DEBUG - 1 change detected: {(<Change.modified: 2>, '/workspace/app/backend/logs/app_20260524_150636.log')}
2026-05-24 15:10:48,715 - watchfiles.main - DEBUG - 1 change detected: {(<Change.modified: 2>, '/workspace/app/backend/logs/app_20260524_150636.log')}
2026-05-24 15:10:49,066 - watchfiles.main - DEBUG - 1 change detected: {(<Change.modified: 2>, '/workspace/app/backend/logs/app_20260524_150636.log')}
2026-05-24 15:10:49,417 - watchfiles.main - DEBUG - 1 change detected: {(<Change.modified: 2>, '/workspace/app/backend/logs/app_20260524_150636.log')}
2026-05-24 15:10:49,768 - watchfiles.main - DEBUG - 1 change detected: {(<Change.modified: 2>, '/workspace/app/backend/logs/app_20260524_150636.log')}
2026-05-24 15:10:50,119 - watchfiles.main - DEBUG - 1 change detected: {(<Change.modified: 2>, '/workspace/app/backend/logs/app_20260524_150636.log')}
2026-05-24 15:10:50,470 - watchfiles.main - DEBUG - 1 change detected: {(<Change.modified: 2>, '/workspace/app/backend/logs/app_20260524_150636.log')}
2026-05-24 15:10:50,820 - watchfiles.main - DEBUG - 1 change detected: {(<Change.modified: 2>, '/workspace/app/backend/logs/app_20260524_150636.log')}
2026-05-24 15:10:51,171 - watchfiles.main - DEBUG - 1 change detected: {(<Change.modified: 2>, '/workspace/app/backend/logs/app_20260524_150636.log')}
2026-05-24 15:10:51,522 - watchfiles.main - DEBUG - 1 change detected: {(<Change.modified: 2>, '/workspace/app/backend/logs/app_20260524_150636.log')}
2026-05-24 15:10:51,873 - watchfiles.main - DEBUG - 1 change detected: {(<Change.modified: 2>, '/workspace/app/backend/logs/app_20260524_150636.log')}
2026-05-24 15:10:52,224 - watchfiles.main - DEBUG - 1 change detected: {(<Change.modified: 2>, '/workspace/app/backend/logs/app_20260524_150636.log')}
2026-05-24 15:10:52,575 - watchfiles.main - DEBUG - 1 change detected: {(<Change.modified: 2>, '/workspace/app/backend/logs/app_20260524_150636.log')}
2026-05-24 15:10:52,925 - watchfiles.main - DEBUG - 1 change detected: {(<Change.modified: 2>, '/workspace/app/backend/logs/app_20260524_150636.log')}
2026-05-24 15:10:53,276 - watchfiles.main - DEBUG - 1 change detected: {(<Change.modified: 2>, '/workspace/app/backend/logs/app_20260524_150636.log')}
2026-05-24 15:10:53,627 - watchfiles.main - DEBUG - 1 change detected: {(<Change.modified: 2>, '/workspace/app/backend/logs/app_20260524_150636.log')}
2026-05-24 15:10:53,978 - watchfiles.main - DEBUG - 1 change detected: {(<Change.modified: 2>, '/workspace/app/backend/logs/app_20260524_150636.log')}
2026-05-24 15:10:54,329 - watchfiles.main - DEBUG - 1 change detected: {(<Change.modified: 2>, '/workspace/app/backend/logs/app_20260524_150636.log')}
2026-05-24 15:10:54,679 - watchfiles.main - DEBUG - 1 change detected: {(<Change.modified: 2>, '/workspace/app/backend/logs/app_20260524_150636.log')}
2026-05-24 15:10:55,030 - watchfiles.main - DEBUG - 1 change detected: {(<Change.modified: 2>, '/workspace/app/backend/logs/app_20260524_150636.log')}
2026-05-24 15:10:55,381 - watchfiles.main - DEBUG - 1 change detected: {(<Change.modified: 2>, '/workspace/app/backend/logs/app_20260524_150636.log')}
2026-05-24 15:10:55,732 - watchfiles.main - DEBUG - 1 change detected: {(<Change.modified: 2>, '/workspace/app/backend/logs/app_20260524_150636.log')}
2026-05-24 15:10:56,083 - watchfiles.main - DEBUG - 1 change detected: {(<Change.modified: 2>, '/workspace/app/backend/logs/app_20260524_150636.log')}
2026-05-24 15:10:56,434 - watchfiles.main - DEBUG - 1 change detected: {(<Change.modified: 2>, '/workspace/app/backend/logs/app_20260524_150636.log')}
2026-05-24 15:10:56,785 - watchfiles.main - DEBUG - 1 change detected: {(<Change.modified: 2>, '/workspace/app/backend/logs/app_20260524_150636.log')}
2026-05-24 15:10:57,136 - watchfiles.main - DEBUG - 1 change detected: {(<Change.modified: 2>, '/workspace/app/backend/logs/app_20260524_150636.log')}
2026-05-24 15:10:57,487 - watchfiles.main - DEBUG - 1 change detected: {(<Change.modified: 2>, '/workspace/app/backend/logs/app_20260524_150636.log')}
2026-05-24 15:10:57,838 - watchfiles.main - DEBUG - 1 change detected: {(<Change.modified: 2>, '/workspace/app/backend/logs/app_20260524_150636.log')}
2026-05-24 15:10:58,188 - watchfiles.main - DEBUG - 1 change detected: {(<Change.modified: 2>, '/workspace/app/backend/logs/app_20260524_150636.log')}
2026-05-24 15:10:58,539 - watchfiles.main - DEBUG - 1 change detected: {(<Change.modified: 2>, '/workspace/app/backend/logs/app_20260524_150636.log')}
2026-05-24 15:10:58,890 - watchfiles.main - DEBUG - 1 change detected: {(<Change.modified: 2>, '/workspace/app/backend/logs/app_20260524_150636.log')}
2026-05-24 15:10:59,241 - watchfiles.main - DEBUG - 1 change detected: {(<Change.modified: 2>, '/workspace/app/backend/logs/app_20260524_150636.log')}
2026-05-24 15:10:59,592 - watchfiles.main - DEBUG - 1 change detected: {(<Change.modified: 2>, '/workspace/app/backend/logs/app_20260524_150636.log')}
2026-05-24 15:10:59,942 - watchfiles.main - DEBUG - 1 change detected: {(<Change.modified: 2>, '/workspace/app/backend/logs/app_20260524_150636.log')}
2026-05-24 15:11:00,293 - watchfiles.main - DEBUG - 1 change detected: {(<Change.modified: 2>, '/workspace/app/backend/logs/app_20260524_150636.log')}
2026-05-24 15:11:00,644 - watchfiles.main - DEBUG - 1 change detected: {(<Change.modified: 2>, '/workspace/app/backend/logs/app_20260524_150636.log')}
2026-05-24 15:11:00,995 - watchfiles.main - DEBUG - 1 change detected: {(<Change.modified: 2>, '/workspace/app/backend/logs/app_20260524_150636.log')}
2026-05-24 15:11:01,346 - watchfiles.main - DEBUG - 1 change detected: {(<Change.modified: 2>, '/workspace/app/backend/logs/app_20260524_150636.log')}
2026-05-24 15:11:01,697 - watchfiles.main - DEBUG - 1 change detected: {(<Change.modified: 2>, '/workspace/app/backend/logs/app_20260524_150636.log')}
2026-05-24 15:11:02,048 - watchfiles.main - DEBUG - 1 change detected: {(<Change.modified: 2>, '/workspace/app/backend/logs/app_20260524_150636.log')}
2026-05-24 15:11:02,398 - watchfiles.main - DEBUG - 1 change detected: {(<Change.modified: 2>, '/workspace/app/backend/logs/app_20260524_150636.log')}
2026-05-24 15:11:02,749 - watchfiles.main - DEBUG - 1 change detected: {(<Change.modified: 2>, '/workspace/app/backend/logs/app_20260524_150636.log')}
2026-05-24 15:11:03,100 - watchfiles.main - DEBUG - 1 change detected: {(<Change.modified: 2>, '/workspace/app/backend/logs/app_20260524_150636.log')}
2026-05-24 15:11:03,451 - watchfiles.main - DEBUG - 1 change detected: {(<Change.modified: 2>, '/workspace/app/backend/logs/app_20260524_150636.log')}
2026-05-24 15:11:03,801 - watchfiles.main - DEBUG - 1 change detected: {(<Change.modified: 2>, '/workspace/app/backend/logs/app_20260524_150636.log')}
2026-05-24 15:11:04,152 - watchfiles.main - DEBUG - 1 change detected: {(<Change.modified: 2>, '/workspace/app/backend/logs/app_20260524_150636.log')}
2026-05-24 15:11:04,503 - watchfiles.main - DEBUG - 1 change detected: {(<Change.modified: 2>, '/workspace/app/backend/logs/app_20260524_150636.log')}
2026-05-24 15:11:04,854 - watchfiles.main - DEBUG - 1 change detected: {(<Change.modified: 2>, '/workspace/app/backend/logs/app_20260524_150636.log')}
2026-05-24 15:11:05,205 - watchfiles.main - DEBUG - 1 change detected: {(<Change.modified: 2>, '/workspace/app/backend/logs/app_20260524_150636.log')}
2026-05-24 15:11:05,556 - watchfiles.main - DEBUG - 1 change detected: {(<Change.modified: 2>, '/workspace/app/backend/logs/app_20260524_150636.log')}
2026-05-24 15:11:05,906 - watchfiles.main - DEBUG - 1 change detected: {(<Change.modified: 2>, '/workspace/app/backend/logs/app_20260524_150636.log')}
2026-05-24 15:11:06,257 - watchfiles.main - DEBUG - 1 change detected: {(<Change.modified: 2>, '/workspace/app/backend/logs/app_20260524_150636.log')}
2026-05-24 15:11:06,608 - watchfiles.main - DEBUG - 1 change detected: {(<Change.modified: 2>, '/workspace/app/backend/logs/app_20260524_150636.log')}
2026-05-24 15:11:06,959 - watchfiles.main - DEBUG - 1 change detected: {(<Change.modified: 2>, '/workspace/app/backend/logs/app_20260524_150636.log')}
2026-05-24 15:11:07,310 - watchfiles.main - DEBUG - 1 change detected: {(<Change.modified: 2>, '/workspace/app/backend/logs/app_20260524_150636.log')}
2026-05-24 15:11:07,661 - watchfiles.main - DEBUG - 1 change detected: {(<Change.modified: 2>, '/workspace/app/backend/logs/app_20260524_150636.log')}
2026-05-24 15:11:08,012 - watchfiles.main - DEBUG - 1 change detected: {(<Change.modified: 2>, '/workspace/app/backend/logs/app_20260524_150636.log')}
2026-05-24 15:11:08,363 - watchfiles.main - DEBUG - 1 change detected: {(<Change.modified: 2>, '/workspace/app/backend/logs/app_20260524_150636.log')}
2026-05-24 15:11:08,714 - watchfiles.main - DEBUG - 1 change detected: {(<Change.modified: 2>, '/workspace/app/backend/logs/app_20260524_150636.log')}
2026-05-24 15:11:09,065 - watchfiles.main - DEBUG - 1 change detected: {(<Change.modified: 2>, '/workspace/app/backend/logs/app_20260524_150636.log')}
2026-05-24 15:11:09,416 - watchfiles.main - DEBUG - 1 change detected: {(<Change.modified: 2>, '/workspace/app/backend/logs/app_20260524_150636.log')}
2026-05-24 15:11:09,767 - watchfiles.main - DEBUG - 1 change detected: {(<Change.modified: 2>, '/workspace/app/backend/logs/app_20260524_150636.log')}
2026-05-24 15:11:10,118 - watchfiles.main - DEBUG - 1 change detected: {(<Change.modified: 2>, '/workspace/app/backend/logs/app_20260524_150636.log')}
2026-05-24 15:11:10,469 - watchfiles.main - DEBUG - 1 change detected: {(<Change.modified: 2>, '/workspace/app/backend/logs/app_20260524_150636.log')}
2026-05-24 15:11:10,820 - watchfiles.main - DEBUG - 1 change detected: {(<Change.modified: 2>, '/workspace/app/backend/logs/app_20260524_150636.log')}
2026-05-24 15:11:11,171 - watchfiles.main - DEBUG - 1 change detected: {(<Change.modified: 2>, '/workspace/app/backend/logs/app_20260524_150636.log')}
2026-05-24 15:11:11,522 - watchfiles.main - DEBUG - 1 change detected: {(<Change.modified: 2>, '/workspace/app/backend/logs/app_20260524_150636.log')}
2026-05-24 15:11:11,873 - watchfiles.main - DEBUG - 1 change detected: {(<Change.modified: 2>, '/workspace/app/backend/logs/app_20260524_150636.log')}
2026-05-24 15:11:12,224 - watchfiles.main - DEBUG - 1 change detected: {(<Change.modified: 2>, '/workspace/app/backend/logs/app_20260524_150636.log')}
2026-05-24 15:11:12,574 - watchfiles.main - DEBUG - 1 change detected: {(<Change.modified: 2>, '/workspace/app/backend/logs/app_20260524_150636.log')}
2026-05-24 15:11:12,925 - watchfiles.main - DEBUG - 1 change detected: {(<Change.modified: 2>, '/workspace/app/backend/logs/app_20260524_150636.log')}
2026-05-24 15:11:13,276 - watchfiles.main - DEBUG - 1 change detected: {(<Change.modified: 2>, '/workspace/app/backend/logs/app_20260524_150636.log')}
2026-05-24 15:11:13,627 - watchfiles.main - DEBUG - 1 change detected: {(<Change.modified: 2>, '/workspace/app/backend/logs/app_20260524_150636.log')}
2026-05-24 15:11:13,978 - watchfiles.main - DEBUG - 1 change detected: {(<Change.modified: 2>, '/workspace/app/backend/logs/app_20260524_150636.log')}
2026-05-24 15:11:14,329 - watchfiles.main - DEBUG - 1 change detected: {(<Change.modified: 2>, '/workspace/app/backend/logs/app_20260524_150636.log')}
2026-05-24 15:11:14,680 - watchfiles.main - DEBUG - 1 change detected: {(<Change.modified: 2>, '/workspace/app/backend/logs/app_20260524_150636.log')}
2026-05-24 15:11:15,031 - watchfiles.main - DEBUG - 1 change detected: {(<Change.modified: 2>, '/workspace/app/backend/logs/app_20260524_150636.log')}
2026-05-24 15:11:15,382 - watchfiles.main - DEBUG - 1 change detected: {(<Change.modified: 2>, '/workspace/app/backend/logs/app_20260524_150636.log')}
2026-05-24 15:11:15,732 - watchfiles.main - DEBUG - 1 change detected: {(<Change.modified: 2>, '/workspace/app/backend/logs/app_20260524_150636.log')}
2026-05-24 15:11:16,083 - watchfiles.main - DEBUG - 1 change detected: {(<Change.modified: 2>, '/workspace/app/backend/logs/app_20260524_150636.log')}
2026-05-24 15:11:16,434 - watchfiles.main - DEBUG - 1 change detected: {(<Change.modified: 2>, '/workspace/app/backend/logs/app_20260524_150636.log')}
2026-05-24 15:11:16,785 - watchfiles.main - DEBUG - 1 change detected: {(<Change.modified: 2>, '/workspace/app/backend/logs/app_20260524_150636.log')}
2026-05-24 15:11:17,136 - watchfiles.main - DEBUG - 1 change detected: {(<Change.modified: 2>, '/workspace/app/backend/logs/app_20260524_150636.log')}
2026-05-24 15:11:17,487 - watchfiles.main - DEBUG - 1 change detected: {(<Change.modified: 2>, '/workspace/app/backend/logs/app_20260524_150636.log')}
2026-05-24 15:11:17,837 - watchfiles.main - DEBUG - 2 changes detected: {(<Change.modified: 2>, '/workspace/app/backend/logs/app_20260524_150639.log'), (<Change.modified: 2>, '/workspace/app/backend/logs/app_20260524_150636.log')}
2026-05-24 15:11:18,188 - watchfiles.main - DEBUG - 2 changes detected: {(<Change.modified: 2>, '/workspace/app/backend/logs/app_20260524_150639.log'), (<Change.modified: 2>, '/workspace/app/backend/logs/app_20260524_150636.log')}
2026-05-24 15:11:18,539 - watchfiles.main - DEBUG - 1 change detected: {(<Change.modified: 2>, '/workspace/app/backend/logs/app_20260524_150636.log')}
2026-05-24 15:11:18,890 - watchfiles.main - DEBUG - 1 change detected: {(<Change.modified: 2>, '/workspace/app/backend/logs/app_20260524_150636.log')}
2026-05-24 15:11:19,241 - watchfiles.main - DEBUG - 1 change detected: {(<Change.modified: 2>, '/workspace/app/backend/logs/app_20260524_150636.log')}
2026-05-24 15:11:19,592 - watchfiles.main - DEBUG - 1 change detected: {(<Change.modified: 2>, '/workspace/app/backend/logs/app_20260524_150636.log')}
2026-05-24 15:11:19,943 - watchfiles.main - DEBUG - 1 change detected: {(<Change.modified: 2>, '/workspace/app/backend/logs/app_20260524_150636.log')}
2026-05-24 15:11:20,294 - watchfiles.main - DEBUG - 1 change detected: {(<Change.modified: 2>, '/workspace/app/backend/logs/app_20260524_150636.log')}
2026-05-24 15:11:20,645 - watchfiles.main - DEBUG - 1 change detected: {(<Change.modified: 2>, '/workspace/app/backend/logs/app_20260524_150636.log')}
2026-05-24 15:11:20,996 - watchfiles.main - DEBUG - 1 change detected: {(<Change.modified: 2>, '/workspace/app/backend/logs/app_20260524_150636.log')}
2026-05-24 15:11:21,346 - watchfiles.main - DEBUG - 1 change detected: {(<Change.modified: 2>, '/workspace/app/backend/logs/app_20260524_150636.log')}
2026-05-24 15:11:21,697 - watchfiles.main - DEBUG - 1 change detected: {(<Change.modified: 2>, '/workspace/app/backend/logs/app_20260524_150636.log')}
2026-05-24 15:11:22,049 - watchfiles.main - DEBUG - 1 change detected: {(<Change.modified: 2>, '/workspace/app/backend/logs/app_20260524_150636.log')}
2026-05-24 15:11:22,400 - watchfiles.main - DEBUG - 1 change detected: {(<Change.modified: 2>, '/workspace/app/backend/logs/app_20260524_150636.log')}
2026-05-24 15:11:22,751 - watchfiles.main - DEBUG - 1 change detected: {(<Change.modified: 2>, '/workspace/app/backend/logs/app_20260524_150636.log')}
2026-05-24 15:11:23,101 - watchfiles.main - DEBUG - 1 change detected: {(<Change.modified: 2>, '/workspace/app/backend/logs/app_20260524_150636.log')}
2026-05-24 15:11:23,452 - watchfiles.main - DEBUG - 1 change detected: {(<Change.modified: 2>, '/workspace/app/backend/logs/app_20260524_150636.log')}
2026-05-24 15:11:23,803 - watchfiles.main - DEBUG - 1 change detected: {(<Change.modified: 2>, '/workspace/app/backend/logs/app_20260524_150636.log')}
2026-05-24 15:11:24,154 - watchfiles.main - DEBUG - 1 change detected: {(<Change.modified: 2>, '/workspace/app/backend/logs/app_20260524_150636.log')}
2026-05-24 15:11:24,505 - watchfiles.main - DEBUG - 1 change detected: {(<Change.modified: 2>, '/workspace/app/backend/logs/app_20260524_150636.log')}
2026-05-24 15:11:24,856 - watchfiles.main - DEBUG - 1 change detected: {(<Change.modified: 2>, '/workspace/app/backend/logs/app_20260524_150636.log')}
2026-05-24 15:11:25,207 - watchfiles.main - DEBUG - 1 change detected: {(<Change.modified: 2>, '/workspace/app/backend/logs/app_20260524_150636.log')}
2026-05-24 15:11:25,558 - watchfiles.main - DEBUG - 1 change detected: {(<Change.modified: 2>, '/workspace/app/backend/logs/app_20260524_150636.log')}
2026-05-24 15:11:25,908 - watchfiles.main - DEBUG - 1 change detected: {(<Change.modified: 2>, '/workspace/app/backend/logs/app_20260524_150636.log')}
2026-05-24 15:11:26,259 - watchfiles.main - DEBUG - 1 change detected: {(<Change.modified: 2>, '/workspace/app/backend/logs/app_20260524_150636.log')}
2026-05-24 15:11:26,610 - watchfiles.main - DEBUG - 1 change detected: {(<Change.modified: 2>, '/workspace/app/backend/logs/app_20260524_150636.log')}
2026-05-24 15:11:26,961 - watchfiles.main - DEBUG - 1 change detected: {(<Change.modified: 2>, '/workspace/app/backend/logs/app_20260524_150636.log')}
2026-05-24 15:11:27,312 - watchfiles.main - DEBUG - 1 change detected: {(<Change.modified: 2>, '/workspace/app/backend/logs/app_20260524_150636.log')}
2026-05-24 15:11:27,663 - watchfiles.main - DEBUG - 1 change detected: {(<Change.modified: 2>, '/workspace/app/backend/logs/app_20260524_150636.log')}
2026-05-24 15:11:28,014 - watchfiles.main - DEBUG - 1 change detected: {(<Change.modified: 2>, '/workspace/app/backend/logs/app_20260524_150636.log')}
2026-05-24 15:11:28,365 - watchfiles.main - DEBUG - 1 change detected: {(<Change.modified: 2>, '/workspace/app/backend/logs/app_20260524_150636.log')}
2026-05-24 15:11:28,716 - watchfiles.main - DEBUG - 1 change detected: {(<Change.modified: 2>, '/workspace/app/backend/logs/app_20260524_150636.log')}
2026-05-24 15:11:29,068 - watchfiles.main - DEBUG - 1 change detected: {(<Change.modified: 2>, '/workspace/app/backend/logs/app_20260524_150636.log')}
2026-05-24 15:11:29,418 - watchfiles.main - DEBUG - 1 change detected: {(<Change.modified: 2>, '/workspace/app/backend/logs/app_20260524_150636.log')}
2026-05-24 15:11:29,770 - watchfiles.main - DEBUG - 1 change detected: {(<Change.modified: 2>, '/workspace/app/backend/logs/app_20260524_150636.log')}
2026-05-24 15:11:30,120 - watchfiles.main - DEBUG - 1 change detected: {(<Change.modified: 2>, '/workspace/app/backend/logs/app_20260524_150636.log')}
2026-05-24 15:11:30,472 - watchfiles.main - DEBUG - 1 change detected: {(<Change.modified: 2>, '/workspace/app/backend/logs/app_20260524_150636.log')}
2026-05-24 15:11:30,822 - watchfiles.main - DEBUG - 1 change detected: {(<Change.modified: 2>, '/workspace/app/backend/logs/app_20260524_150636.log')}
2026-05-24 15:11:31,173 - watchfiles.main - DEBUG - 1 change detected: {(<Change.modified: 2>, '/workspace/app/backend/logs/app_20260524_150636.log')}
2026-05-24 15:11:31,524 - watchfiles.main - DEBUG - 1 change detected: {(<Change.modified: 2>, '/workspace/app/backend/logs/app_20260524_150636.log')}
2026-05-24 15:11:31,875 - watchfiles.main - DEBUG - 1 change detected: {(<Change.modified: 2>, '/workspace/app/backend/logs/app_20260524_150636.log')}
2026-05-24 15:11:32,225 - watchfiles.main - DEBUG - 1 change detected: {(<Change.modified: 2>, '/workspace/app/backend/logs/app_20260524_150636.log')}
2026-05-24 15:11:32,576 - watchfiles.main - DEBUG - 1 change detected: {(<Change.modified: 2>, '/workspace/app/backend/logs/app_20260524_150636.log')}
2026-05-24 15:11:32,927 - watchfiles.main - DEBUG - 1 change detected: {(<Change.modified: 2>, '/workspace/app/backend/logs/app_20260524_150636.log')}
2026-05-24 15:11:33,278 - watchfiles.main - DEBUG - 1 change detected: {(<Change.modified: 2>, '/workspace/app/backend/logs/app_20260524_150636.log')}
2026-05-24 15:11:33,628 - watchfiles.main - DEBUG - 1 change detected: {(<Change.modified: 2>, '/workspace/app/backend/logs/app_20260524_150636.log')}
2026-05-24 15:11:33,979 - watchfiles.main - DEBUG - 1 change detected: {(<Change.modified: 2>, '/workspace/app/backend/logs/app_20260524_150636.log')}
2026-05-24 15:11:34,330 - watchfiles.main - DEBUG - 1 change detected: {(<Change.modified: 2>, '/workspace/app/backend/logs/app_20260524_150636.log')}
2026-05-24 15:11:34,681 - watchfiles.main - DEBUG - 1 change detected: {(<Change.modified: 2>, '/workspace/app/backend/logs/app_20260524_150636.log')}
2026-05-24 15:11:35,031 - watchfiles.main - DEBUG - 1 change detected: {(<Change.modified: 2>, '/workspace/app/backend/logs/app_20260524_150636.log')}
2026-05-24 15:11:35,382 - watchfiles.main - DEBUG - 1 change detected: {(<Change.modified: 2>, '/workspace/app/backend/logs/app_20260524_150636.log')}
2026-05-24 15:11:35,733 - watchfiles.main - DEBUG - 1 change detected: {(<Change.modified: 2>, '/workspace/app/backend/logs/app_20260524_150636.log')}
2026-05-24 15:11:36,084 - watchfiles.main - DEBUG - 1 change detected: {(<Change.modified: 2>, '/workspace/app/backend/logs/app_20260524_150636.log')}
2026-05-24 15:11:36,435 - watchfiles.main - DEBUG - 1 change detected: {(<Change.modified: 2>, '/workspace/app/backend/logs/app_20260524_150636.log')}
2026-05-24 15:11:36,786 - watchfiles.main - DEBUG - 1 change detected: {(<Change.modified: 2>, '/workspace/app/backend/logs/app_20260524_150636.log')}
2026-05-24 15:11:37,136 - watchfiles.main - DEBUG - 1 change detected: {(<Change.modified: 2>, '/workspace/app/backend/logs/app_20260524_150636.log')}
2026-05-24 15:11:37,488 - watchfiles.main - DEBUG - 1 change detected: {(<Change.modified: 2>, '/workspace/app/backend/logs/app_20260524_150636.log')}
2026-05-24 15:11:37,838 - watchfiles.main - DEBUG - 1 change detected: {(<Change.modified: 2>, '/workspace/app/backend/logs/app_20260524_150636.log')}
2026-05-24 15:11:38,189 - watchfiles.main - DEBUG - 1 change detected: {(<Change.modified: 2>, '/workspace/app/backend/logs/app_20260524_150636.log')}
2026-05-24 15:11:38,540 - watchfiles.main - DEBUG - 1 change detected: {(<Change.modified: 2>, '/workspace/app/backend/logs/app_20260524_150636.log')}
2026-05-24 15:11:38,891 - watchfiles.main - DEBUG - 1 change detected: {(<Change.modified: 2>, '/workspace/app/backend/logs/app_20260524_150636.log')}
2026-05-24 15:11:39,242 - watchfiles.main - DEBUG - 1 change detected: {(<Change.modified: 2>, '/workspace/app/backend/logs/app_20260524_150636.log')}
2026-05-24 15:11:39,593 - watchfiles.main - DEBUG - 1 change detected: {(<Change.modified: 2>, '/workspace/app/backend/logs/app_20260524_150636.log')}
2026-05-24 15:11:39,944 - watchfiles.main - DEBUG - 1 change detected: {(<Change.modified: 2>, '/workspace/app/backend/logs/app_20260524_150636.log')}
2026-05-24 15:11:40,294 - watchfiles.main - DEBUG - 1 change detected: {(<Change.modified: 2>, '/workspace/app/backend/logs/app_20260524_150636.log')}
2026-05-24 15:11:40,646 - watchfiles.main - DEBUG - 1 change detected: {(<Change.modified: 2>, '/workspace/app/backend/logs/app_20260524_150636.log')}
2026-05-24 15:11:40,996 - watchfiles.main - DEBUG - 1 change detected: {(<Change.modified: 2>, '/workspace/app/backend/logs/app_20260524_150636.log')}
2026-05-24 15:11:41,347 - watchfiles.main - DEBUG - 1 change detected: {(<Change.modified: 2>, '/workspace/app/backend/logs/app_20260524_150636.log')}
2026-05-24 15:11:41,698 - watchfiles.main - DEBUG - 1 change detected: {(<Change.modified: 2>, '/workspace/app/backend/logs/app_20260524_150636.log')}
2026-05-24 15:11:42,049 - watchfiles.main - DEBUG - 1 change detected: {(<Change.modified: 2>, '/workspace/app/backend/logs/app_20260524_150636.log')}
2026-05-24 15:11:42,400 - watchfiles.main - DEBUG - 1 change detected: {(<Change.modified: 2>, '/workspace/app/backend/logs/app_20260524_150636.log')}
2026-05-24 15:11:42,751 - watchfiles.main - DEBUG - 1 change detected: {(<Change.modified: 2>, '/workspace/app/backend/logs/app_20260524_150636.log')}
2026-05-24 15:11:43,102 - watchfiles.main - DEBUG - 1 change detected: {(<Change.modified: 2>, '/workspace/app/backend/logs/app_20260524_150636.log')}
2026-05-24 15:11:43,453 - watchfiles.main - DEBUG - 1 change detected: {(<Change.modified: 2>, '/workspace/app/backend/logs/app_20260524_150636.log')}
2026-05-24 15:11:43,803 - watchfiles.main - DEBUG - 1 change detected: {(<Change.modified: 2>, '/workspace/app/backend/logs/app_20260524_150636.log')}
2026-05-24 15:11:44,154 - watchfiles.main - DEBUG - 1 change detected: {(<Change.modified: 2>, '/workspace/app/backend/logs/app_20260524_150636.log')}
2026-05-24 15:11:44,505 - watchfiles.main - DEBUG - 1 change detected: {(<Change.modified: 2>, '/workspace/app/backend/logs/app_20260524_150636.log')}
2026-05-24 15:11:44,856 - watchfiles.main - DEBUG - 1 change detected: {(<Change.modified: 2>, '/workspace/app/backend/logs/app_20260524_150636.log')}
2026-05-24 15:11:45,206 - watchfiles.main - DEBUG - 1 change detected: {(<Change.modified: 2>, '/workspace/app/backend/logs/app_20260524_150636.log')}
2026-05-24 15:11:45,557 - watchfiles.main - DEBUG - 1 change detected: {(<Change.modified: 2>, '/workspace/app/backend/logs/app_20260524_150636.log')}
2026-05-24 15:11:45,908 - watchfiles.main - DEBUG - 1 change detected: {(<Change.modified: 2>, '/workspace/app/backend/logs/app_20260524_150636.log')}
2026-05-24 15:11:46,259 - watchfiles.main - DEBUG - 1 change detected: {(<Change.modified: 2>, '/workspace/app/backend/logs/app_20260524_150636.log')}
2026-05-24 15:11:46,610 - watchfiles.main - DEBUG - 1 change detected: {(<Change.modified: 2>, '/workspace/app/backend/logs/app_20260524_150636.log')}
2026-05-24 15:11:46,960 - watchfiles.main - DEBUG - 1 change detected: {(<Change.modified: 2>, '/workspace/app/backend/logs/app_20260524_150636.log')}
2026-05-24 15:11:47,311 - watchfiles.main - DEBUG - 1 change detected: {(<Change.modified: 2>, '/workspace/app/backend/logs/app_20260524_150636.log')}
2026-05-24 15:11:47,662 - watchfiles.main - DEBUG - 1 change detected: {(<Change.modified: 2>, '/workspace/app/backend/logs/app_20260524_150636.log')}
2026-05-24 15:11:48,013 - watchfiles.main - DEBUG - 2 changes detected: {(<Change.modified: 2>, '/workspace/app/backend/logs/app_20260524_150639.log'), (<Change.modified: 2>, '/workspace/app/backend/logs/app_20260524_150636.log')}
2026-05-24 15:11:48,363 - watchfiles.main - DEBUG - 2 changes detected: {(<Change.modified: 2>, '/workspace/app/backend/logs/app_20260524_150639.log'), (<Change.modified: 2>, '/workspace/app/backend/logs/app_20260524_150636.log')}
2026-05-24 15:11:48,714 - watchfiles.main - DEBUG - 1 change detected: {(<Change.modified: 2>, '/workspace/app/backend/logs/app_20260524_150636.log')}
2026-05-24 15:11:49,066 - watchfiles.main - DEBUG - 1 change detected: {(<Change.modified: 2>, '/workspace/app/backend/logs/app_20260524_150636.log')}
2026-05-24 15:11:49,417 - watchfiles.main - DEBUG - 1 change detected: {(<Change.modified: 2>, '/workspace/app/backend/logs/app_20260524_150636.log')}
2026-05-24 15:11:49,768 - watchfiles.main - DEBUG - 1 change detected: {(<Change.modified: 2>, '/workspace/app/backend/logs/app_20260524_150636.log')}
2026-05-24 15:11:50,118 - watchfiles.main - DEBUG - 1 change detected: {(<Change.modified: 2>, '/workspace/app/backend/logs/app_20260524_150636.log')}
2026-05-24 15:11:50,469 - watchfiles.main - DEBUG - 1 change detected: {(<Change.modified: 2>, '/workspace/app/backend/logs/app_20260524_150636.log')}
2026-05-24 15:11:50,820 - watchfiles.main - DEBUG - 1 change detected: {(<Change.modified: 2>, '/workspace/app/backend/logs/app_20260524_150636.log')}
2026-05-24 15:11:51,171 - watchfiles.main - DEBUG - 1 change detected: {(<Change.modified: 2>, '/workspace/app/backend/logs/app_20260524_150636.log')}
2026-05-24 15:11:51,522 - watchfiles.main - DEBUG - 1 change detected: {(<Change.modified: 2>, '/workspace/app/backend/logs/app_20260524_150636.log')}
2026-05-24 15:11:51,873 - watchfiles.main - DEBUG - 1 change detected: {(<Change.modified: 2>, '/workspace/app/backend/logs/app_20260524_150636.log')}
2026-05-24 15:11:52,223 - watchfiles.main - DEBUG - 1 change detected: {(<Change.modified: 2>, '/workspace/app/backend/logs/app_20260524_150636.log')}
2026-05-24 15:11:52,574 - watchfiles.main - DEBUG - 1 change detected: {(<Change.modified: 2>, '/workspace/app/backend/logs/app_20260524_150636.log')}
2026-05-24 15:11:52,925 - watchfiles.main - DEBUG - 1 change detected: {(<Change.modified: 2>, '/workspace/app/backend/logs/app_20260524_150636.log')}
2026-05-24 15:11:53,276 - watchfiles.main - DEBUG - 1 change detected: {(<Change.modified: 2>, '/workspace/app/backend/logs/app_20260524_150636.log')}
2026-05-24 15:11:53,627 - watchfiles.main - DEBUG - 1 change detected: {(<Change.modified: 2>, '/workspace/app/backend/logs/app_20260524_150636.log')}
2026-05-24 15:11:53,978 - watchfiles.main - DEBUG - 1 change detected: {(<Change.modified: 2>, '/workspace/app/backend/logs/app_20260524_150636.log')}
2026-05-24 15:11:54,328 - watchfiles.main - DEBUG - 1 change detected: {(<Change.modified: 2>, '/workspace/app/backend/logs/app_20260524_150636.log')}
2026-05-24 15:11:54,679 - watchfiles.main - DEBUG - 1 change detected: {(<Change.modified: 2>, '/workspace/app/backend/logs/app_20260524_150636.log')}
2026-05-24 15:11:55,030 - watchfiles.main - DEBUG - 1 change detected: {(<Change.modified: 2>, '/workspace/app/backend/logs/app_20260524_150636.log')}
2026-05-24 15:11:55,381 - watchfiles.main - DEBUG - 1 change detected: {(<Change.modified: 2>, '/workspace/app/backend/logs/app_20260524_150636.log')}
2026-05-24 15:11:55,732 - watchfiles.main - DEBUG - 1 change detected: {(<Change.modified: 2>, '/workspace/app/backend/logs/app_20260524_150636.log')}
2026-05-24 15:11:56,082 - watchfiles.main - DEBUG - 1 change detected: {(<Change.modified: 2>, '/workspace/app/backend/logs/app_20260524_150636.log')}
2026-05-24 15:11:56,433 - watchfiles.main - DEBUG - 1 change detected: {(<Change.modified: 2>, '/workspace/app/backend/logs/app_20260524_150636.log')}
2026-05-24 15:11:56,785 - watchfiles.main - DEBUG - 1 change detected: {(<Change.modified: 2>, '/workspace/app/backend/logs/app_20260524_150636.log')}
2026-05-24 15:11:57,135 - watchfiles.main - DEBUG - 1 change detected: {(<Change.modified: 2>, '/workspace/app/backend/logs/app_20260524_150636.log')}
2026-05-24 15:11:57,486 - watchfiles.main - DEBUG - 1 change detected: {(<Change.modified: 2>, '/workspace/app/backend/logs/app_20260524_150636.log')}
2026-05-24 15:11:57,837 - watchfiles.main - DEBUG - 1 change detected: {(<Change.modified: 2>, '/workspace/app/backend/logs/app_20260524_150636.log')}
2026-05-24 15:11:58,188 - watchfiles.main - DEBUG - 1 change detected: {(<Change.modified: 2>, '/workspace/app/backend/logs/app_20260524_150636.log')}
2026-05-24 15:11:58,538 - watchfiles.main - DEBUG - 1 change detected: {(<Change.modified: 2>, '/workspace/app/backend/logs/app_20260524_150636.log')}
2026-05-24 15:11:58,889 - watchfiles.main - DEBUG - 1 change detected: {(<Change.modified: 2>, '/workspace/app/backend/logs/app_20260524_150636.log')}
2026-05-24 15:11:59,240 - watchfiles.main - DEBUG - 1 change detected: {(<Change.modified: 2>, '/workspace/app/backend/logs/app_20260524_150636.log')}
2026-05-24 15:11:59,591 - watchfiles.main - DEBUG - 1 change detected: {(<Change.modified: 2>, '/workspace/app/backend/logs/app_20260524_150636.log')}
2026-05-24 15:11:59,941 - watchfiles.main - DEBUG - 1 change detected: {(<Change.modified: 2>, '/workspace/app/backend/logs/app_20260524_150636.log')}
2026-05-24 15:12:00,292 - watchfiles.main - DEBUG - 1 change detected: {(<Change.modified: 2>, '/workspace/app/backend/logs/app_20260524_150636.log')}
2026-05-24 15:12:00,643 - watchfiles.main - DEBUG - 1 change detected: {(<Change.modified: 2>, '/workspace/app/backend/logs/app_20260524_150636.log')}
2026-05-24 15:12:00,994 - watchfiles.main - DEBUG - 1 change detected: {(<Change.modified: 2>, '/workspace/app/backend/logs/app_20260524_150636.log')}
2026-05-24 15:12:01,345 - watchfiles.main - DEBUG - 1 change detected: {(<Change.modified: 2>, '/workspace/app/backend/logs/app_20260524_150636.log')}
2026-05-24 15:12:01,696 - watchfiles.main - DEBUG - 1 change detected: {(<Change.modified: 2>, '/workspace/app/backend/logs/app_20260524_150636.log')}
2026-05-24 15:12:02,047 - watchfiles.main - DEBUG - 1 change detected: {(<Change.modified: 2>, '/workspace/app/backend/logs/app_20260524_150636.log')}
2026-05-24 15:12:02,398 - watchfiles.main - DEBUG - 1 change detected: {(<Change.modified: 2>, '/workspace/app/backend/logs/app_20260524_150636.log')}
2026-05-24 15:12:02,749 - watchfiles.main - DEBUG - 1 change detected: {(<Change.modified: 2>, '/workspace/app/backend/logs/app_20260524_150636.log')}
2026-05-24 15:12:03,099 - watchfiles.main - DEBUG - 1 change detected: {(<Change.modified: 2>, '/workspace/app/backend/logs/app_20260524_150636.log')}
2026-05-24 15:12:03,450 - watchfiles.main - DEBUG - 1 change detected: {(<Change.modified: 2>, '/workspace/app/backend/logs/app_20260524_150636.log')}
2026-05-24 15:12:03,801 - watchfiles.main - DEBUG - 1 change detected: {(<Change.modified: 2>, '/workspace/app/backend/logs/app_20260524_150636.log')}
2026-05-24 15:12:04,152 - watchfiles.main - DEBUG - 1 change detected: {(<Change.modified: 2>, '/workspace/app/backend/logs/app_20260524_150636.log')}
2026-05-24 15:12:04,502 - watchfiles.main - DEBUG - 1 change detected: {(<Change.modified: 2>, '/workspace/app/backend/logs/app_20260524_150636.log')}
2026-05-24 15:12:04,853 - watchfiles.main - DEBUG - 1 change detected: {(<Change.modified: 2>, '/workspace/app/backend/logs/app_20260524_150636.log')}
2026-05-24 15:12:05,204 - watchfiles.main - DEBUG - 1 change detected: {(<Change.modified: 2>, '/workspace/app/backend/logs/app_20260524_150636.log')}
2026-05-24 15:12:05,555 - watchfiles.main - DEBUG - 1 change detected: {(<Change.modified: 2>, '/workspace/app/backend/logs/app_20260524_150636.log')}
2026-05-24 15:12:05,906 - watchfiles.main - DEBUG - 1 change detected: {(<Change.modified: 2>, '/workspace/app/backend/logs/app_20260524_150636.log')}
2026-05-24 15:12:06,257 - watchfiles.main - DEBUG - 1 change detected: {(<Change.modified: 2>, '/workspace/app/backend/logs/app_20260524_150636.log')}
2026-05-24 15:12:06,607 - watchfiles.main - DEBUG - 1 change detected: {(<Change.modified: 2>, '/workspace/app/backend/logs/app_20260524_150636.log')}
2026-05-24 15:12:06,958 - watchfiles.main - DEBUG - 1 change detected: {(<Change.modified: 2>, '/workspace/app/backend/logs/app_20260524_150636.log')}
2026-05-24 15:12:07,309 - watchfiles.main - DEBUG - 1 change detected: {(<Change.modified: 2>, '/workspace/app/backend/logs/app_20260524_150636.log')}
2026-05-24 15:12:07,660 - watchfiles.main - DEBUG - 1 change detected: {(<Change.modified: 2>, '/workspace/app/backend/logs/app_20260524_150636.log')}
2026-05-24 15:12:08,011 - watchfiles.main - DEBUG - 1 change detected: {(<Change.modified: 2>, '/workspace/app/backend/logs/app_20260524_150636.log')}
2026-05-24 15:12:08,362 - watchfiles.main - DEBUG - 1 change detected: {(<Change.modified: 2>, '/workspace/app/backend/logs/app_20260524_150636.log')}
2026-05-24 15:12:08,712 - watchfiles.main - DEBUG - 1 change detected: {(<Change.modified: 2>, '/workspace/app/backend/logs/app_20260524_150636.log')}
2026-05-24 15:12:09,063 - watchfiles.main - DEBUG - 1 change detected: {(<Change.modified: 2>, '/workspace/app/backend/logs/app_20260524_150636.log')}
2026-05-24 15:12:09,415 - watchfiles.main - DEBUG - 1 change detected: {(<Change.modified: 2>, '/workspace/app/backend/logs/app_20260524_150636.log')}
2026-05-24 15:12:09,765 - watchfiles.main - DEBUG - 1 change detected: {(<Change.modified: 2>, '/workspace/app/backend/logs/app_20260524_150636.log')}
2026-05-24 15:12:10,116 - watchfiles.main - DEBUG - 1 change detected: {(<Change.modified: 2>, '/workspace/app/backend/logs/app_20260524_150636.log')}
2026-05-24 15:12:10,467 - watchfiles.main - DEBUG - 1 change detected: {(<Change.modified: 2>, '/workspace/app/backend/logs/app_20260524_150636.log')}
2026-05-24 15:12:10,818 - watchfiles.main - DEBUG - 1 change detected: {(<Change.modified: 2>, '/workspace/app/backend/logs/app_20260524_150636.log')}
2026-05-24 15:12:11,169 - watchfiles.main - DEBUG - 1 change detected: {(<Change.modified: 2>, '/workspace/app/backend/logs/app_20260524_150636.log')}
2026-05-24 15:12:11,520 - watchfiles.main - DEBUG - 1 change detected: {(<Change.modified: 2>, '/workspace/app/backend/logs/app_20260524_150636.log')}
2026-05-24 15:12:11,871 - watchfiles.main - DEBUG - 1 change detected: {(<Change.modified: 2>, '/workspace/app/backend/logs/app_20260524_150636.log')}
2026-05-24 15:12:12,222 - watchfiles.main - DEBUG - 1 change detected: {(<Change.modified: 2>, '/workspace/app/backend/logs/app_20260524_150636.log')}
2026-05-24 15:12:12,572 - watchfiles.main - DEBUG - 1 change detected: {(<Change.modified: 2>, '/workspace/app/backend/logs/app_20260524_150636.log')}
2026-05-24 15:12:12,923 - watchfiles.main - DEBUG - 1 change detected: {(<Change.modified: 2>, '/workspace/app/backend/logs/app_20260524_150636.log')}
2026-05-24 15:12:13,274 - watchfiles.main - DEBUG - 1 change detected: {(<Change.modified: 2>, '/workspace/app/backend/logs/app_20260524_150636.log')}
2026-05-24 15:12:13,625 - watchfiles.main - DEBUG - 1 change detected: {(<Change.modified: 2>, '/workspace/app/backend/logs/app_20260524_150636.log')}
2026-05-24 15:12:13,976 - watchfiles.main - DEBUG - 1 change detected: {(<Change.modified: 2>, '/workspace/app/backend/logs/app_20260524_150636.log')}
2026-05-24 15:12:14,327 - watchfiles.main - DEBUG - 1 change detected: {(<Change.modified: 2>, '/workspace/app/backend/logs/app_20260524_150636.log')}
2026-05-24 15:12:14,677 - watchfiles.main - DEBUG - 1 change detected: {(<Change.modified: 2>, '/workspace/app/backend/logs/app_20260524_150636.log')}
2026-05-24 15:12:15,028 - watchfiles.main - DEBUG - 1 change detected: {(<Change.modified: 2>, '/workspace/app/backend/logs/app_20260524_150636.log')}
2026-05-24 15:12:15,379 - watchfiles.main - DEBUG - 1 change detected: {(<Change.modified: 2>, '/workspace/app/backend/logs/app_20260524_150636.log')}
2026-05-24 15:12:15,730 - watchfiles.main - DEBUG - 1 change detected: {(<Change.modified: 2>, '/workspace/app/backend/logs/app_20260524_150636.log')}
2026-05-24 15:12:16,081 - watchfiles.main - DEBUG - 1 change detected: {(<Change.modified: 2>, '/workspace/app/backend/logs/app_20260524_150636.log')}
2026-05-24 15:12:16,432 - watchfiles.main - DEBUG - 1 change detected: {(<Change.modified: 2>, '/workspace/app/backend/logs/app_20260524_150636.log')}
2026-05-24 15:12:16,783 - watchfiles.main - DEBUG - 1 change detected: {(<Change.modified: 2>, '/workspace/app/backend/logs/app_20260524_150636.log')}
2026-05-24 15:12:17,133 - watchfiles.main - DEBUG - 1 change detected: {(<Change.modified: 2>, '/workspace/app/backend/logs/app_20260524_150636.log')}
2026-05-24 15:12:17,484 - watchfiles.main - DEBUG - 1 change detected: {(<Change.modified: 2>, '/workspace/app/backend/logs/app_20260524_150636.log')}
2026-05-24 15:12:17,835 - watchfiles.main - DEBUG - 1 change detected: {(<Change.modified: 2>, '/workspace/app/backend/logs/app_20260524_150636.log')}
2026-05-24 15:12:18,186 - watchfiles.main - DEBUG - 1 change detected: {(<Change.modified: 2>, '/workspace/app/backend/logs/app_20260524_150636.log')}
2026-05-24 15:12:18,537 - watchfiles.main - DEBUG - 1 change detected: {(<Change.modified: 2>, '/workspace/app/backend/logs/app_20260524_150636.log')}
2026-05-24 15:12:18,888 - watchfiles.main - DEBUG - 1 change detected: {(<Change.modified: 2>, '/workspace/app/backend/logs/app_20260524_150636.log')}
2026-05-24 15:12:19,239 - watchfiles.main - DEBUG - 1 change detected: {(<Change.modified: 2>, '/workspace/app/backend/logs/app_20260524_150636.log')}
2026-05-24 15:12:19,590 - watchfiles.main - DEBUG - 1 change detected: {(<Change.modified: 2>, '/workspace/app/backend/logs/app_20260524_150636.log')}
2026-05-24 15:12:19,941 - watchfiles.main - DEBUG - 1 change detected: {(<Change.modified: 2>, '/workspace/app/backend/logs/app_20260524_150636.log')}
2026-05-24 15:12:20,291 - watchfiles.main - DEBUG - 1 change detected: {(<Change.modified: 2>, '/workspace/app/backend/logs/app_20260524_150636.log')}
2026-05-24 15:12:20,642 - watchfiles.main - DEBUG - 1 change detected: {(<Change.modified: 2>, '/workspace/app/backend/logs/app_20260524_150636.log')}
2026-05-24 15:12:20,993 - watchfiles.main - DEBUG - 1 change detected: {(<Change.modified: 2>, '/workspace/app/backend/logs/app_20260524_150636.log')}
2026-05-24 15:12:21,344 - watchfiles.main - DEBUG - 1 change detected: {(<Change.modified: 2>, '/workspace/app/backend/logs/app_20260524_150636.log')}
2026-05-24 15:12:21,695 - watchfiles.main - DEBUG - 1 change detected: {(<Change.modified: 2>, '/workspace/app/backend/logs/app_20260524_150636.log')}
2026-05-24 15:12:22,046 - watchfiles.main - DEBUG - 1 change detected: {(<Change.modified: 2>, '/workspace/app/backend/logs/app_20260524_150636.log')}
2026-05-24 15:12:22,397 - watchfiles.main - DEBUG - 1 change detected: {(<Change.modified: 2>, '/workspace/app/backend/logs/app_20260524_150636.log')}
2026-05-24 15:12:22,747 - watchfiles.main - DEBUG - 1 change detected: {(<Change.modified: 2>, '/workspace/app/backend/logs/app_20260524_150636.log')}
2026-05-24 15:12:23,098 - watchfiles.main - DEBUG - 1 change detected: {(<Change.modified: 2>, '/workspace/app/backend/logs/app_20260524_150636.log')}
2026-05-24 15:12:23,449 - watchfiles.main - DEBUG - 1 change detected: {(<Change.modified: 2>, '/workspace/app/backend/logs/app_20260524_150636.log')}
2026-05-24 15:12:23,800 - watchfiles.main - DEBUG - 1 change detected: {(<Change.modified: 2>, '/workspace/app/backend/logs/app_20260524_150636.log')}
2026-05-24 15:12:24,151 - watchfiles.main - DEBUG - 1 change detected: {(<Change.modified: 2>, '/workspace/app/backend/logs/app_20260524_150636.log')}
2026-05-24 15:12:24,502 - watchfiles.main - DEBUG - 1 change detected: {(<Change.modified: 2>, '/workspace/app/backend/logs/app_20260524_150636.log')}
2026-05-24 15:12:24,853 - watchfiles.main - DEBUG - 1 change detected: {(<Change.modified: 2>, '/workspace/app/backend/logs/app_20260524_150636.log')}
2026-05-24 15:12:25,203 - watchfiles.main - DEBUG - 1 change detected: {(<Change.modified: 2>, '/workspace/app/backend/logs/app_20260524_150636.log')}
2026-05-24 15:12:25,554 - watchfiles.main - DEBUG - 1 change detected: {(<Change.modified: 2>, '/workspace/app/backend/logs/app_20260524_150636.log')}
2026-05-24 15:12:25,907 - watchfiles.main - DEBUG - 1 change detected: {(<Change.modified: 2>, '/workspace/app/backend/logs/app_20260524_150636.log')}
2026-05-24 15:12:26,258 - watchfiles.main - DEBUG - 1 change detected: {(<Change.modified: 2>, '/workspace/app/backend/logs/app_20260524_150636.log')}
2026-05-24 15:12:26,608 - watchfiles.main - DEBUG - 1 change detected: {(<Change.modified: 2>, '/workspace/app/backend/logs/app_20260524_150636.log')}
2026-05-24 15:12:26,959 - watchfiles.main - DEBUG - 1 change detected: {(<Change.modified: 2>, '/workspace/app/backend/logs/app_20260524_150636.log')}
2026-05-24 15:12:27,310 - watchfiles.main - DEBUG - 1 change detected: {(<Change.modified: 2>, '/workspace/app/backend/logs/app_20260524_150636.log')}
2026-05-24 15:12:27,661 - watchfiles.main - DEBUG - 1 change detected: {(<Change.modified: 2>, '/workspace/app/backend/logs/app_20260524_150636.log')}
2026-05-24 15:12:28,012 - watchfiles.main - DEBUG - 1 change detected: {(<Change.modified: 2>, '/workspace/app/backend/logs/app_20260524_150636.log')}
2026-05-24 15:12:28,363 - watchfiles.main - DEBUG - 1 change detected: {(<Change.modified: 2>, '/workspace/app/backend/logs/app_20260524_150636.log')}
2026-05-24 15:12:28,714 - watchfiles.main - DEBUG - 1 change detected: {(<Change.modified: 2>, '/workspace/app/backend/logs/app_20260524_150636.log')}
2026-05-24 15:12:29,065 - watchfiles.main - DEBUG - 1 change detected: {(<Change.modified: 2>, '/workspace/app/backend/logs/app_20260524_150636.log')}
2026-05-24 15:12:29,416 - watchfiles.main - DEBUG - 2 changes detected: {(<Change.modified: 2>, '/workspace/app/backend/logs/app_20260524_150639.log'), (<Change.modified: 2>, '/workspace/app/backend/logs/app_20260524_150636.log')}
2026-05-24 15:12:29,767 - watchfiles.main - DEBUG - 1 change detected: {(<Change.modified: 2>, '/workspace/app/backend/logs/app_20260524_150636.log')}
2026-05-24 15:12:30,118 - watchfiles.main - DEBUG - 2 changes detected: {(<Change.modified: 2>, '/workspace/app/backend/logs/app_20260524_150639.log'), (<Change.modified: 2>, '/workspace/app/backend/logs/app_20260524_150636.log')}
2026-05-24 15:12:30,469 - watchfiles.main - DEBUG - 1 change detected: {(<Change.modified: 2>, '/workspace/app/backend/logs/app_20260524_150636.log')}
2026-05-24 15:12:30,820 - watchfiles.main - DEBUG - 1 change detected: {(<Change.modified: 2>, '/workspace/app/backend/logs/app_20260524_150636.log')}
2026-05-24 15:12:31,170 - watchfiles.main - DEBUG - 1 change detected: {(<Change.modified: 2>, '/workspace/app/backend/logs/app_20260524_150636.log')}
2026-05-24 15:12:31,521 - watchfiles.main - DEBUG - 1 change detected: {(<Change.modified: 2>, '/workspace/app/backend/logs/app_20260524_150636.log')}
2026-05-24 15:12:31,872 - watchfiles.main - DEBUG - 1 change detected: {(<Change.modified: 2>, '/workspace/app/backend/logs/app_20260524_150636.log')}
2026-05-24 15:12:32,223 - watchfiles.main - DEBUG - 1 change detected: {(<Change.modified: 2>, '/workspace/app/backend/logs/app_20260524_150636.log')}
2026-05-24 15:12:32,574 - watchfiles.main - DEBUG - 1 change detected: {(<Change.modified: 2>, '/workspace/app/backend/logs/app_20260524_150636.log')}
2026-05-24 15:12:32,925 - watchfiles.main - DEBUG - 1 change detected: {(<Change.modified: 2>, '/workspace/app/backend/logs/app_20260524_150636.log')}
2026-05-24 15:12:33,276 - watchfiles.main - DEBUG - 1 change detected: {(<Change.modified: 2>, '/workspace/app/backend/logs/app_20260524_150636.log')}
2026-05-24 15:12:33,627 - watchfiles.main - DEBUG - 1 change detected: {(<Change.modified: 2>, '/workspace/app/backend/logs/app_20260524_150636.log')}
2026-05-24 15:12:33,978 - watchfiles.main - DEBUG - 1 change detected: {(<Change.modified: 2>, '/workspace/app/backend/logs/app_20260524_150636.log')}
2026-05-24 15:12:34,328 - watchfiles.main - DEBUG - 1 change detected: {(<Change.modified: 2>, '/workspace/app/backend/logs/app_20260524_150636.log')}
2026-05-24 15:12:34,679 - watchfiles.main - DEBUG - 1 change detected: {(<Change.modified: 2>, '/workspace/app/backend/logs/app_20260524_150636.log')}
2026-05-24 15:12:35,031 - watchfiles.main - DEBUG - 1 change detected: {(<Change.modified: 2>, '/workspace/app/backend/logs/app_20260524_150636.log')}
2026-05-24 15:12:35,382 - watchfiles.main - DEBUG - 1 change detected: {(<Change.modified: 2>, '/workspace/app/backend/logs/app_20260524_150636.log')}
2026-05-24 15:12:35,732 - watchfiles.main - DEBUG - 1 change detected: {(<Change.modified: 2>, '/workspace/app/backend/logs/app_20260524_150636.log')}
2026-05-24 15:12:36,083 - watchfiles.main - DEBUG - 1 change detected: {(<Change.modified: 2>, '/workspace/app/backend/logs/app_20260524_150636.log')}
2026-05-24 15:12:36,434 - watchfiles.main - DEBUG - 1 change detected: {(<Change.modified: 2>, '/workspace/app/backend/logs/app_20260524_150636.log')}
2026-05-24 15:12:36,785 - watchfiles.main - DEBUG - 1 change detected: {(<Change.modified: 2>, '/workspace/app/backend/logs/app_20260524_150636.log')}
2026-05-24 15:12:37,135 - watchfiles.main - DEBUG - 1 change detected: {(<Change.modified: 2>, '/workspace/app/backend/logs/app_20260524_150636.log')}
2026-05-24 15:12:37,486 - watchfiles.main - DEBUG - 1 change detected: {(<Change.modified: 2>, '/workspace/app/backend/logs/app_20260524_150636.log')}
2026-05-24 15:12:37,837 - watchfiles.main - DEBUG - 1 change detected: {(<Change.modified: 2>, '/workspace/app/backend/logs/app_20260524_150636.log')}
2026-05-24 15:12:38,188 - watchfiles.main - DEBUG - 1 change detected: {(<Change.modified: 2>, '/workspace/app/backend/logs/app_20260524_150636.log')}
2026-05-24 15:12:38,539 - watchfiles.main - DEBUG - 1 change detected: {(<Change.modified: 2>, '/workspace/app/backend/logs/app_20260524_150636.log')}
2026-05-24 15:12:38,890 - watchfiles.main - DEBUG - 1 change detected: {(<Change.modified: 2>, '/workspace/app/backend/logs/app_20260524_150636.log')}
2026-05-24 15:12:39,241 - watchfiles.main - DEBUG - 1 change detected: {(<Change.modified: 2>, '/workspace/app/backend/logs/app_20260524_150636.log')}
2026-05-24 15:12:39,591 - watchfiles.main - DEBUG - 1 change detected: {(<Change.modified: 2>, '/workspace/app/backend/logs/app_20260524_150636.log')}
2026-05-24 15:12:39,942 - watchfiles.main - DEBUG - 1 change detected: {(<Change.modified: 2>, '/workspace/app/backend/logs/app_20260524_150636.log')}
2026-05-24 15:12:40,293 - watchfiles.main - DEBUG - 1 change detected: {(<Change.modified: 2>, '/workspace/app/backend/logs/app_20260524_150636.log')}
2026-05-24 15:12:40,644 - watchfiles.main - DEBUG - 1 change detected: {(<Change.modified: 2>, '/workspace/app/backend/logs/app_20260524_150636.log')}
2026-05-24 15:12:40,995 - watchfiles.main - DEBUG - 1 change detected: {(<Change.modified: 2>, '/workspace/app/backend/logs/app_20260524_150636.log')}
2026-05-24 15:12:41,345 - watchfiles.main - DEBUG - 1 change detected: {(<Change.modified: 2>, '/workspace/app/backend/logs/app_20260524_150636.log')}
2026-05-24 15:12:41,696 - watchfiles.main - DEBUG - 1 change detected: {(<Change.modified: 2>, '/workspace/app/backend/logs/app_20260524_150636.log')}
2026-05-24 15:12:42,047 - watchfiles.main - DEBUG - 1 change detected: {(<Change.modified: 2>, '/workspace/app/backend/logs/app_20260524_150636.log')}
2026-05-24 15:12:42,398 - watchfiles.main - DEBUG - 1 change detected: {(<Change.modified: 2>, '/workspace/app/backend/logs/app_20260524_150636.log')}
2026-05-24 15:12:42,748 - watchfiles.main - DEBUG - 1 change detected: {(<Change.modified: 2>, '/workspace/app/backend/logs/app_20260524_150636.log')}
2026-05-24 15:12:43,099 - watchfiles.main - DEBUG - 1 change detected: {(<Change.modified: 2>, '/workspace/app/backend/logs/app_20260524_150636.log')}
2026-05-24 15:12:43,450 - watchfiles.main - DEBUG - 1 change detected: {(<Change.modified: 2>, '/workspace/app/backend/logs/app_20260524_150636.log')}
2026-05-24 15:12:43,801 - watchfiles.main - DEBUG - 1 change detected: {(<Change.modified: 2>, '/workspace/app/backend/logs/app_20260524_150636.log')}
2026-05-24 15:12:44,152 - watchfiles.main - DEBUG - 1 change detected: {(<Change.modified: 2>, '/workspace/app/backend/logs/app_20260524_150636.log')}
2026-05-24 15:12:44,503 - watchfiles.main - DEBUG - 1 change detected: {(<Change.modified: 2>, '/workspace/app/backend/logs/app_20260524_150636.log')}
2026-05-24 15:12:44,854 - watchfiles.main - DEBUG - 1 change detected: {(<Change.modified: 2>, '/workspace/app/backend/logs/app_20260524_150636.log')}
2026-05-24 15:12:45,204 - watchfiles.main - DEBUG - 1 change detected: {(<Change.modified: 2>, '/workspace/app/backend/logs/app_20260524_150636.log')}
2026-05-24 15:12:45,555 - watchfiles.main - DEBUG - 1 change detected: {(<Change.modified: 2>, '/workspace/app/backend/logs/app_20260524_150636.log')}
2026-05-24 15:12:45,906 - watchfiles.main - DEBUG - 1 change detected: {(<Change.modified: 2>, '/workspace/app/backend/logs/app_20260524_150636.log')}
2026-05-24 15:12:46,257 - watchfiles.main - DEBUG - 1 change detected: {(<Change.modified: 2>, '/workspace/app/backend/logs/app_20260524_150636.log')}
2026-05-24 15:12:46,607 - watchfiles.main - DEBUG - 1 change detected: {(<Change.modified: 2>, '/workspace/app/backend/logs/app_20260524_150636.log')}
2026-05-24 15:12:46,958 - watchfiles.main - DEBUG - 1 change detected: {(<Change.modified: 2>, '/workspace/app/backend/logs/app_20260524_150636.log')}
2026-05-24 15:12:47,309 - watchfiles.main - DEBUG - 1 change detected: {(<Change.modified: 2>, '/workspace/app/backend/logs/app_20260524_150636.log')}
2026-05-24 15:12:47,660 - watchfiles.main - DEBUG - 2 changes detected: {(<Change.modified: 2>, '/workspace/app/backend/logs/app_20260524_150639.log'), (<Change.modified: 2>, '/workspace/app/backend/logs/app_20260524_150636.log')}
2026-05-24 15:12:48,011 - watchfiles.main - DEBUG - 1 change detected: {(<Change.modified: 2>, '/workspace/app/backend/logs/app_20260524_150636.log')}
2026-05-24 15:12:48,362 - watchfiles.main - DEBUG - 2 changes detected: {(<Change.modified: 2>, '/workspace/app/backend/logs/app_20260524_150639.log'), (<Change.modified: 2>, '/workspace/app/backend/logs/app_20260524_150636.log')}
2026-05-24 15:12:48,713 - watchfiles.main - DEBUG - 1 change detected: {(<Change.modified: 2>, '/workspace/app/backend/logs/app_20260524_150636.log')}
2026-05-24 15:12:49,063 - watchfiles.main - DEBUG - 1 change detected: {(<Change.modified: 2>, '/workspace/app/backend/logs/app_20260524_150636.log')}
2026-05-24 15:12:49,414 - watchfiles.main - DEBUG - 1 change detected: {(<Change.modified: 2>, '/workspace/app/backend/logs/app_20260524_150636.log')}
2026-05-24 15:12:49,765 - watchfiles.main - DEBUG - 1 change detected: {(<Change.modified: 2>, '/workspace/app/backend/logs/app_20260524_150636.log')}
2026-05-24 15:12:50,116 - watchfiles.main - DEBUG - 1 change detected: {(<Change.modified: 2>, '/workspace/app/backend/logs/app_20260524_150636.log')}
2026-05-24 15:12:50,467 - watchfiles.main - DEBUG - 1 change detected: {(<Change.modified: 2>, '/workspace/app/backend/logs/app_20260524_150636.log')}
2026-05-24 15:12:50,818 - watchfiles.main - DEBUG - 1 change detected: {(<Change.modified: 2>, '/workspace/app/backend/logs/app_20260524_150636.log')}
2026-05-24 15:12:51,169 - watchfiles.main - DEBUG - 1 change detected: {(<Change.modified: 2>, '/workspace/app/backend/logs/app_20260524_150636.log')}
2026-05-24 15:12:51,520 - watchfiles.main - DEBUG - 1 change detected: {(<Change.modified: 2>, '/workspace/app/backend/logs/app_20260524_150636.log')}
2026-05-24 15:12:51,870 - watchfiles.main - DEBUG - 1 change detected: {(<Change.modified: 2>, '/workspace/app/backend/logs/app_20260524_150636.log')}
2026-05-24 15:12:52,221 - watchfiles.main - DEBUG - 1 change detected: {(<Change.modified: 2>, '/workspace/app/backend/logs/app_20260524_150636.log')}
2026-05-24 15:12:52,572 - watchfiles.main - DEBUG - 1 change detected: {(<Change.modified: 2>, '/workspace/app/backend/logs/app_20260524_150636.log')}
2026-05-24 15:12:52,923 - watchfiles.main - DEBUG - 1 change detected: {(<Change.modified: 2>, '/workspace/app/backend/logs/app_20260524_150636.log')}
2026-05-24 15:12:53,274 - watchfiles.main - DEBUG - 1 change detected: {(<Change.modified: 2>, '/workspace/app/backend/logs/app_20260524_150636.log')}
2026-05-24 15:12:53,625 - watchfiles.main - DEBUG - 1 change detected: {(<Change.modified: 2>, '/workspace/app/backend/logs/app_20260524_150636.log')}
2026-05-24 15:12:53,976 - watchfiles.main - DEBUG - 1 change detected: {(<Change.modified: 2>, '/workspace/app/backend/logs/app_20260524_150636.log')}
2026-05-24 15:12:54,326 - watchfiles.main - DEBUG - 1 change detected: {(<Change.modified: 2>, '/workspace/app/backend/logs/app_20260524_150636.log')}
2026-05-24 15:12:54,677 - watchfiles.main - DEBUG - 1 change detected: {(<Change.modified: 2>, '/workspace/app/backend/logs/app_20260524_150636.log')}
2026-05-24 15:12:55,028 - watchfiles.main - DEBUG - 1 change detected: {(<Change.modified: 2>, '/workspace/app/backend/logs/app_20260524_150636.log')}
2026-05-24 15:12:55,379 - watchfiles.main - DEBUG - 1 change detected: {(<Change.modified: 2>, '/workspace/app/backend/logs/app_20260524_150636.log')}
2026-05-24 15:12:55,729 - watchfiles.main - DEBUG - 1 change detected: {(<Change.modified: 2>, '/workspace/app/backend/logs/app_20260524_150636.log')}
2026-05-24 15:12:56,080 - watchfiles.main - DEBUG - 1 change detected: {(<Change.modified: 2>, '/workspace/app/backend/logs/app_20260524_150636.log')}
2026-05-24 15:12:56,431 - watchfiles.main - DEBUG - 1 change detected: {(<Change.modified: 2>, '/workspace/app/backend/logs/app_20260524_150636.log')}
2026-05-24 15:12:56,782 - watchfiles.main - DEBUG - 1 change detected: {(<Change.modified: 2>, '/workspace/app/backend/logs/app_20260524_150636.log')}
2026-05-24 15:12:57,133 - watchfiles.main - DEBUG - 1 change detected: {(<Change.modified: 2>, '/workspace/app/backend/logs/app_20260524_150636.log')}
2026-05-24 15:12:57,484 - watchfiles.main - DEBUG - 1 change detected: {(<Change.modified: 2>, '/workspace/app/backend/logs/app_20260524_150636.log')}
2026-05-24 15:12:57,835 - watchfiles.main - DEBUG - 1 change detected: {(<Change.modified: 2>, '/workspace/app/backend/logs/app_20260524_150636.log')}
2026-05-24 15:12:58,186 - watchfiles.main - DEBUG - 1 change detected: {(<Change.modified: 2>, '/workspace/app/backend/logs/app_20260524_150636.log')}
2026-05-24 15:12:58,537 - watchfiles.main - DEBUG - 1 change detected: {(<Change.modified: 2>, '/workspace/app/backend/logs/app_20260524_150636.log')}
2026-05-24 15:12:58,888 - watchfiles.main - DEBUG - 1 change detected: {(<Change.modified: 2>, '/workspace/app/backend/logs/app_20260524_150636.log')}
2026-05-24 15:12:59,239 - watchfiles.main - DEBUG - 1 change detected: {(<Change.modified: 2>, '/workspace/app/backend/logs/app_20260524_150636.log')}
2026-05-24 15:12:59,590 - watchfiles.main - DEBUG - 1 change detected: {(<Change.modified: 2>, '/workspace/app/backend/logs/app_20260524_150636.log')}
2026-05-24 15:12:59,941 - watchfiles.main - DEBUG - 1 change detected: {(<Change.modified: 2>, '/workspace/app/backend/logs/app_20260524_150636.log')}
2026-05-24 15:13:00,292 - watchfiles.main - DEBUG - 1 change detected: {(<Change.modified: 2>, '/workspace/app/backend/logs/app_20260524_150636.log')}
2026-05-24 15:13:00,654 - watchfiles.main - DEBUG - 1 change detected: {(<Change.modified: 2>, '/workspace/app/backend/logs/app_20260524_150636.log')}
2026-05-24 15:13:01,005 - watchfiles.main - DEBUG - 1 change detected: {(<Change.modified: 2>, '/workspace/app/backend/logs/app_20260524_150636.log')}
2026-05-24 15:13:01,356 - watchfiles.main - DEBUG - 1 change detected: {(<Change.modified: 2>, '/workspace/app/backend/logs/app_20260524_150636.log')}
2026-05-24 15:13:01,707 - watchfiles.main - DEBUG - 1 change detected: {(<Change.modified: 2>, '/workspace/app/backend/logs/app_20260524_150636.log')}
2026-05-24 15:13:02,058 - watchfiles.main - DEBUG - 1 change detected: {(<Change.modified: 2>, '/workspace/app/backend/logs/app_20260524_150636.log')}
2026-05-24 15:13:02,409 - watchfiles.main - DEBUG - 1 change detected: {(<Change.modified: 2>, '/workspace/app/backend/logs/app_20260524_150636.log')}
2026-05-24 15:13:02,759 - watchfiles.main - DEBUG - 1 change detected: {(<Change.modified: 2>, '/workspace/app/backend/logs/app_20260524_150636.log')}
2026-05-24 15:13:03,110 - watchfiles.main - DEBUG - 1 change detected: {(<Change.modified: 2>, '/workspace/app/backend/logs/app_20260524_150636.log')}
2026-05-24 15:13:03,461 - watchfiles.main - DEBUG - 1 change detected: {(<Change.modified: 2>, '/workspace/app/backend/logs/app_20260524_150636.log')}
2026-05-24 15:13:03,812 - watchfiles.main - DEBUG - 1 change detected: {(<Change.modified: 2>, '/workspace/app/backend/logs/app_20260524_150636.log')}
2026-05-24 15:13:04,163 - watchfiles.main - DEBUG - 1 change detected: {(<Change.modified: 2>, '/workspace/app/backend/logs/app_20260524_150636.log')}
2026-05-24 15:13:04,513 - watchfiles.main - DEBUG - 1 change detected: {(<Change.modified: 2>, '/workspace/app/backend/logs/app_20260524_150636.log')}
2026-05-24 15:13:04,864 - watchfiles.main - DEBUG - 1 change detected: {(<Change.modified: 2>, '/workspace/app/backend/logs/app_20260524_150636.log')}
2026-05-24 15:13:05,215 - watchfiles.main - DEBUG - 1 change detected: {(<Change.modified: 2>, '/workspace/app/backend/logs/app_20260524_150636.log')}
2026-05-24 15:13:05,566 - watchfiles.main - DEBUG - 1 change detected: {(<Change.modified: 2>, '/workspace/app/backend/logs/app_20260524_150636.log')}
2026-05-24 15:13:05,917 - watchfiles.main - DEBUG - 1 change detected: {(<Change.modified: 2>, '/workspace/app/backend/logs/app_20260524_150636.log')}
2026-05-24 15:13:06,267 - watchfiles.main - DEBUG - 1 change detected: {(<Change.modified: 2>, '/workspace/app/backend/logs/app_20260524_150636.log')}
2026-05-24 15:13:06,618 - watchfiles.main - DEBUG - 1 change detected: {(<Change.modified: 2>, '/workspace/app/backend/logs/app_20260524_150636.log')}
2026-05-24 15:13:06,969 - watchfiles.main - DEBUG - 1 change detected: {(<Change.modified: 2>, '/workspace/app/backend/logs/app_20260524_150636.log')}
2026-05-24 15:13:07,320 - watchfiles.main - DEBUG - 1 change detected: {(<Change.modified: 2>, '/workspace/app/backend/logs/app_20260524_150636.log')}
2026-05-24 15:13:07,671 - watchfiles.main - DEBUG - 1 change detected: {(<Change.modified: 2>, '/workspace/app/backend/logs/app_20260524_150636.log')}
2026-05-24 15:13:08,021 - watchfiles.main - DEBUG - 1 change detected: {(<Change.modified: 2>, '/workspace/app/backend/logs/app_20260524_150636.log')}
2026-05-24 15:13:08,372 - watchfiles.main - DEBUG - 1 change detected: {(<Change.modified: 2>, '/workspace/app/backend/logs/app_20260524_150636.log')}
2026-05-24 15:13:08,723 - watchfiles.main - DEBUG - 1 change detected: {(<Change.modified: 2>, '/workspace/app/backend/logs/app_20260524_150636.log')}
2026-05-24 15:13:09,074 - watchfiles.main - DEBUG - 1 change detected: {(<Change.modified: 2>, '/workspace/app/backend/logs/app_20260524_150636.log')}
2026-05-24 15:13:09,425 - watchfiles.main - DEBUG - 1 change detected: {(<Change.modified: 2>, '/workspace/app/backend/logs/app_20260524_150636.log')}
2026-05-24 15:13:09,776 - watchfiles.main - DEBUG - 1 change detected: {(<Change.modified: 2>, '/workspace/app/backend/logs/app_20260524_150636.log')}
2026-05-24 15:13:10,127 - watchfiles.main - DEBUG - 1 change detected: {(<Change.modified: 2>, '/workspace/app/backend/logs/app_20260524_150636.log')}
2026-05-24 15:13:10,478 - watchfiles.main - DEBUG - 1 change detected: {(<Change.modified: 2>, '/workspace/app/backend/logs/app_20260524_150636.log')}
2026-05-24 15:13:10,829 - watchfiles.main - DEBUG - 1 change detected: {(<Change.modified: 2>, '/workspace/app/backend/logs/app_20260524_150636.log')}
2026-05-24 15:13:11,180 - watchfiles.main - DEBUG - 1 change detected: {(<Change.modified: 2>, '/workspace/app/backend/logs/app_20260524_150636.log')}
2026-05-24 15:13:11,531 - watchfiles.main - DEBUG - 1 change detected: {(<Change.modified: 2>, '/workspace/app/backend/logs/app_20260524_150636.log')}
2026-05-24 15:13:11,882 - watchfiles.main - DEBUG - 1 change detected: {(<Change.modified: 2>, '/workspace/app/backend/logs/app_20260524_150636.log')}
2026-05-24 15:13:12,233 - watchfiles.main - DEBUG - 1 change detected: {(<Change.modified: 2>, '/workspace/app/backend/logs/app_20260524_150636.log')}
2026-05-24 15:13:12,584 - watchfiles.main - DEBUG - 1 change detected: {(<Change.modified: 2>, '/workspace/app/backend/logs/app_20260524_150636.log')}
2026-05-24 15:13:12,934 - watchfiles.main - DEBUG - 1 change detected: {(<Change.modified: 2>, '/workspace/app/backend/logs/app_20260524_150636.log')}
2026-05-24 15:13:13,285 - watchfiles.main - DEBUG - 1 change detected: {(<Change.modified: 2>, '/workspace/app/backend/logs/app_20260524_150636.log')}
2026-05-24 15:13:13,636 - watchfiles.main - DEBUG - 1 change detected: {(<Change.modified: 2>, '/workspace/app/backend/logs/app_20260524_150636.log')}
2026-05-24 15:13:13,987 - watchfiles.main - DEBUG - 1 change detected: {(<Change.modified: 2>, '/workspace/app/backend/logs/app_20260524_150636.log')}
2026-05-24 15:13:14,338 - watchfiles.main - DEBUG - 1 change detected: {(<Change.modified: 2>, '/workspace/app/backend/logs/app_20260524_150636.log')}
2026-05-24 15:13:14,689 - watchfiles.main - DEBUG - 1 change detected: {(<Change.modified: 2>, '/workspace/app/backend/logs/app_20260524_150636.log')}
2026-05-24 15:13:15,040 - watchfiles.main - DEBUG - 1 change detected: {(<Change.modified: 2>, '/workspace/app/backend/logs/app_20260524_150636.log')}
2026-05-24 15:13:15,390 - watchfiles.main - DEBUG - 1 change detected: {(<Change.modified: 2>, '/workspace/app/backend/logs/app_20260524_150636.log')}
2026-05-24 15:13:15,741 - watchfiles.main - DEBUG - 1 change detected: {(<Change.modified: 2>, '/workspace/app/backend/logs/app_20260524_150636.log')}
2026-05-24 15:13:16,092 - watchfiles.main - DEBUG - 1 change detected: {(<Change.modified: 2>, '/workspace/app/backend/logs/app_20260524_150636.log')}
2026-05-24 15:13:16,443 - watchfiles.main - DEBUG - 1 change detected: {(<Change.modified: 2>, '/workspace/app/backend/logs/app_20260524_150636.log')}
2026-05-24 15:13:16,794 - watchfiles.main - DEBUG - 1 change detected: {(<Change.modified: 2>, '/workspace/app/backend/logs/app_20260524_150636.log')}
2026-05-24 15:13:17,144 - watchfiles.main - DEBUG - 1 change detected: {(<Change.modified: 2>, '/workspace/app/backend/logs/app_20260524_150636.log')}
2026-05-24 15:13:17,495 - watchfiles.main - DEBUG - 1 change detected: {(<Change.modified: 2>, '/workspace/app/backend/logs/app_20260524_150636.log')}
2026-05-24 15:13:17,846 - watchfiles.main - DEBUG - 2 changes detected: {(<Change.modified: 2>, '/workspace/app/backend/logs/app_20260524_150639.log'), (<Change.modified: 2>, '/workspace/app/backend/logs/app_20260524_150636.log')}
2026-05-24 15:13:18,197 - watchfiles.main - DEBUG - 2 changes detected: {(<Change.modified: 2>, '/workspace/app/backend/logs/app_20260524_150639.log'), (<Change.modified: 2>, '/workspace/app/backend/logs/app_20260524_150636.log')}
2026-05-24 15:13:18,548 - watchfiles.main - DEBUG - 1 change detected: {(<Change.modified: 2>, '/workspace/app/backend/logs/app_20260524_150636.log')}
2026-05-24 15:13:18,899 - watchfiles.main - DEBUG - 1 change detected: {(<Change.modified: 2>, '/workspace/app/backend/logs/app_20260524_150636.log')}
2026-05-24 15:13:19,249 - watchfiles.main - DEBUG - 1 change detected: {(<Change.modified: 2>, '/workspace/app/backend/logs/app_20260524_150636.log')}
2026-05-24 15:13:19,600 - watchfiles.main - DEBUG - 1 change detected: {(<Change.modified: 2>, '/workspace/app/backend/logs/app_20260524_150636.log')}
2026-05-24 15:13:19,951 - watchfiles.main - DEBUG - 1 change detected: {(<Change.modified: 2>, '/workspace/app/backend/logs/app_20260524_150636.log')}
2026-05-24 15:13:20,302 - watchfiles.main - DEBUG - 1 change detected: {(<Change.modified: 2>, '/workspace/app/backend/logs/app_20260524_150636.log')}
2026-05-24 15:13:20,653 - watchfiles.main - DEBUG - 1 change detected: {(<Change.modified: 2>, '/workspace/app/backend/logs/app_20260524_150636.log')}
2026-05-24 15:13:21,024 - watchfiles.main - DEBUG - 1 change detected: {(<Change.modified: 2>, '/workspace/app/backend/logs/app_20260524_150636.log')}
2026-05-24 15:13:21,375 - watchfiles.main - DEBUG - 1 change detected: {(<Change.modified: 2>, '/workspace/app/backend/logs/app_20260524_150636.log')}
2026-05-24 15:13:21,725 - watchfiles.main - DEBUG - 1 change detected: {(<Change.modified: 2>, '/workspace/app/backend/logs/app_20260524_150636.log')}
2026-05-24 15:13:22,076 - watchfiles.main - DEBUG - 1 change detected: {(<Change.modified: 2>, '/workspace/app/backend/logs/app_20260524_150636.log')}
2026-05-24 15:13:22,427 - watchfiles.main - DEBUG - 1 change detected: {(<Change.modified: 2>, '/workspace/app/backend/logs/app_20260524_150636.log')}
2026-05-24 15:13:22,778 - watchfiles.main - DEBUG - 1 change detected: {(<Change.modified: 2>, '/workspace/app/backend/logs/app_20260524_150636.log')}
2026-05-24 15:13:23,129 - watchfiles.main - DEBUG - 1 change detected: {(<Change.modified: 2>, '/workspace/app/backend/logs/app_20260524_150636.log')}
2026-05-24 15:13:23,480 - watchfiles.main - DEBUG - 1 change detected: {(<Change.modified: 2>, '/workspace/app/backend/logs/app_20260524_150636.log')}
2026-05-24 15:13:23,830 - watchfiles.main - DEBUG - 1 change detected: {(<Change.modified: 2>, '/workspace/app/backend/logs/app_20260524_150636.log')}
2026-05-24 15:13:24,181 - watchfiles.main - DEBUG - 1 change detected: {(<Change.modified: 2>, '/workspace/app/backend/logs/app_20260524_150636.log')}
2026-05-24 15:13:24,532 - watchfiles.main - DEBUG - 1 change detected: {(<Change.modified: 2>, '/workspace/app/backend/logs/app_20260524_150636.log')}
2026-05-24 15:13:24,883 - watchfiles.main - DEBUG - 1 change detected: {(<Change.modified: 2>, '/workspace/app/backend/logs/app_20260524_150636.log')}
2026-05-24 15:13:25,234 - watchfiles.main - DEBUG - 1 change detected: {(<Change.modified: 2>, '/workspace/app/backend/logs/app_20260524_150636.log')}
2026-05-24 15:13:25,585 - watchfiles.main - DEBUG - 1 change detected: {(<Change.modified: 2>, '/workspace/app/backend/logs/app_20260524_150636.log')}
2026-05-24 15:13:25,935 - watchfiles.main - DEBUG - 1 change detected: {(<Change.modified: 2>, '/workspace/app/backend/logs/app_20260524_150636.log')}
2026-05-24 15:13:26,286 - watchfiles.main - DEBUG - 1 change detected: {(<Change.modified: 2>, '/workspace/app/backend/logs/app_20260524_150636.log')}
2026-05-24 15:13:26,637 - watchfiles.main - DEBUG - 1 change detected: {(<Change.modified: 2>, '/workspace/app/backend/logs/app_20260524_150636.log')}
2026-05-24 15:13:26,988 - watchfiles.main - DEBUG - 1 change detected: {(<Change.modified: 2>, '/workspace/app/backend/logs/app_20260524_150636.log')}
2026-05-24 15:13:27,338 - watchfiles.main - DEBUG - 1 change detected: {(<Change.modified: 2>, '/workspace/app/backend/logs/app_20260524_150636.log')}
2026-05-24 15:13:27,689 - watchfiles.main - DEBUG - 1 change detected: {(<Change.modified: 2>, '/workspace/app/backend/logs/app_20260524_150636.log')}
2026-05-24 15:13:28,040 - watchfiles.main - DEBUG - 1 change detected: {(<Change.modified: 2>, '/workspace/app/backend/logs/app_20260524_150636.log')}
2026-05-24 15:13:28,391 - watchfiles.main - DEBUG - 1 change detected: {(<Change.modified: 2>, '/workspace/app/backend/logs/app_20260524_150636.log')}
2026-05-24 15:13:28,742 - watchfiles.main - DEBUG - 1 change detected: {(<Change.modified: 2>, '/workspace/app/backend/logs/app_20260524_150636.log')}
2026-05-24 15:13:29,093 - watchfiles.main - DEBUG - 1 change detected: {(<Change.modified: 2>, '/workspace/app/backend/logs/app_20260524_150636.log')}
2026-05-24 15:13:29,444 - watchfiles.main - DEBUG - 1 change detected: {(<Change.modified: 2>, '/workspace/app/backend/logs/app_20260524_150636.log')}
2026-05-24 15:13:29,795 - watchfiles.main - DEBUG - 1 change detected: {(<Change.modified: 2>, '/workspace/app/backend/logs/app_20260524_150636.log')}
2026-05-24 15:13:30,146 - watchfiles.main - DEBUG - 1 change detected: {(<Change.modified: 2>, '/workspace/app/backend/logs/app_20260524_150636.log')}
2026-05-24 15:13:30,496 - watchfiles.main - DEBUG - 1 change detected: {(<Change.modified: 2>, '/workspace/app/backend/logs/app_20260524_150636.log')}
2026-05-24 15:13:30,847 - watchfiles.main - DEBUG - 1 change detected: {(<Change.modified: 2>, '/workspace/app/backend/logs/app_20260524_150636.log')}
2026-05-24 15:13:31,198 - watchfiles.main - DEBUG - 1 change detected: {(<Change.modified: 2>, '/workspace/app/backend/logs/app_20260524_150636.log')}
2026-05-24 15:13:31,549 - watchfiles.main - DEBUG - 1 change detected: {(<Change.modified: 2>, '/workspace/app/backend/logs/app_20260524_150636.log')}
2026-05-24 15:13:31,900 - watchfiles.main - DEBUG - 1 change detected: {(<Change.modified: 2>, '/workspace/app/backend/logs/app_20260524_150636.log')}
2026-05-24 15:13:32,250 - watchfiles.main - DEBUG - 1 change detected: {(<Change.modified: 2>, '/workspace/app/backend/logs/app_20260524_150636.log')}
2026-05-24 15:13:32,601 - watchfiles.main - DEBUG - 1 change detected: {(<Change.modified: 2>, '/workspace/app/backend/logs/app_20260524_150636.log')}
2026-05-24 15:13:32,952 - watchfiles.main - DEBUG - 1 change detected: {(<Change.modified: 2>, '/workspace/app/backend/logs/app_20260524_150636.log')}
2026-05-24 15:13:33,303 - watchfiles.main - DEBUG - 1 change detected: {(<Change.modified: 2>, '/workspace/app/backend/logs/app_20260524_150636.log')}
2026-05-24 15:13:33,654 - watchfiles.main - DEBUG - 1 change detected: {(<Change.modified: 2>, '/workspace/app/backend/logs/app_20260524_150636.log')}
2026-05-24 15:13:34,005 - watchfiles.main - DEBUG - 1 change detected: {(<Change.modified: 2>, '/workspace/app/backend/logs/app_20260524_150636.log')}
2026-05-24 15:13:34,355 - watchfiles.main - DEBUG - 1 change detected: {(<Change.modified: 2>, '/workspace/app/backend/logs/app_20260524_150636.log')}
2026-05-24 15:13:34,706 - watchfiles.main - DEBUG - 1 change detected: {(<Change.modified: 2>, '/workspace/app/backend/logs/app_20260524_150636.log')}
2026-05-24 15:13:35,057 - watchfiles.main - DEBUG - 1 change detected: {(<Change.modified: 2>, '/workspace/app/backend/logs/app_20260524_150636.log')}
2026-05-24 15:13:35,408 - watchfiles.main - DEBUG - 1 change detected: {(<Change.modified: 2>, '/workspace/app/backend/logs/app_20260524_150636.log')}
2026-05-24 15:13:35,758 - watchfiles.main - DEBUG - 1 change detected: {(<Change.modified: 2>, '/workspace/app/backend/logs/app_20260524_150636.log')}
2026-05-24 15:13:36,109 - watchfiles.main - DEBUG - 1 change detected: {(<Change.modified: 2>, '/workspace/app/backend/logs/app_20260524_150636.log')}
2026-05-24 15:13:36,460 - watchfiles.main - DEBUG - 1 change detected: {(<Change.modified: 2>, '/workspace/app/backend/logs/app_20260524_150636.log')}
2026-05-24 15:13:36,811 - watchfiles.main - DEBUG - 1 change detected: {(<Change.modified: 2>, '/workspace/app/backend/logs/app_20260524_150636.log')}
2026-05-24 15:13:37,161 - watchfiles.main - DEBUG - 1 change detected: {(<Change.modified: 2>, '/workspace/app/backend/logs/app_20260524_150636.log')}
2026-05-24 15:13:37,512 - watchfiles.main - DEBUG - 1 change detected: {(<Change.modified: 2>, '/workspace/app/backend/logs/app_20260524_150636.log')}
2026-05-24 15:13:37,864 - watchfiles.main - DEBUG - 1 change detected: {(<Change.modified: 2>, '/workspace/app/backend/logs/app_20260524_150636.log')}
2026-05-24 15:13:38,215 - watchfiles.main - DEBUG - 1 change detected: {(<Change.modified: 2>, '/workspace/app/backend/logs/app_20260524_150636.log')}
2026-05-24 15:13:38,565 - watchfiles.main - DEBUG - 1 change detected: {(<Change.modified: 2>, '/workspace/app/backend/logs/app_20260524_150636.log')}
2026-05-24 15:13:38,916 - watchfiles.main - DEBUG - 1 change detected: {(<Change.modified: 2>, '/workspace/app/backend/logs/app_20260524_150636.log')}
2026-05-24 15:13:39,267 - watchfiles.main - DEBUG - 1 change detected: {(<Change.modified: 2>, '/workspace/app/backend/logs/app_20260524_150636.log')}
2026-05-24 15:13:39,618 - watchfiles.main - DEBUG - 1 change detected: {(<Change.modified: 2>, '/workspace/app/backend/logs/app_20260524_150636.log')}
2026-05-24 15:13:39,969 - watchfiles.main - DEBUG - 1 change detected: {(<Change.modified: 2>, '/workspace/app/backend/logs/app_20260524_150636.log')}
2026-05-24 15:13:40,320 - watchfiles.main - DEBUG - 1 change detected: {(<Change.modified: 2>, '/workspace/app/backend/logs/app_20260524_150636.log')}
2026-05-24 15:13:40,670 - watchfiles.main - DEBUG - 1 change detected: {(<Change.modified: 2>, '/workspace/app/backend/logs/app_20260524_150636.log')}
2026-05-24 15:13:41,021 - watchfiles.main - DEBUG - 1 change detected: {(<Change.modified: 2>, '/workspace/app/backend/logs/app_20260524_150636.log')}
2026-05-24 15:13:41,372 - watchfiles.main - DEBUG - 1 change detected: {(<Change.modified: 2>, '/workspace/app/backend/logs/app_20260524_150636.log')}
2026-05-24 15:13:41,723 - watchfiles.main - DEBUG - 1 change detected: {(<Change.modified: 2>, '/workspace/app/backend/logs/app_20260524_150636.log')}
2026-05-24 15:13:42,073 - watchfiles.main - DEBUG - 1 change detected: {(<Change.modified: 2>, '/workspace/app/backend/logs/app_20260524_150636.log')}
2026-05-24 15:13:42,425 - watchfiles.main - DEBUG - 1 change detected: {(<Change.modified: 2>, '/workspace/app/backend/logs/app_20260524_150636.log')}
2026-05-24 15:13:42,775 - watchfiles.main - DEBUG - 1 change detected: {(<Change.modified: 2>, '/workspace/app/backend/logs/app_20260524_150636.log')}
2026-05-24 15:13:43,126 - watchfiles.main - DEBUG - 1 change detected: {(<Change.modified: 2>, '/workspace/app/backend/logs/app_20260524_150636.log')}
2026-05-24 15:13:43,477 - watchfiles.main - DEBUG - 1 change detected: {(<Change.modified: 2>, '/workspace/app/backend/logs/app_20260524_150636.log')}
2026-05-24 15:13:43,828 - watchfiles.main - DEBUG - 1 change detected: {(<Change.modified: 2>, '/workspace/app/backend/logs/app_20260524_150636.log')}
2026-05-24 15:13:44,179 - watchfiles.main - DEBUG - 1 change detected: {(<Change.modified: 2>, '/workspace/app/backend/logs/app_20260524_150636.log')}
2026-05-24 15:13:44,529 - watchfiles.main - DEBUG - 1 change detected: {(<Change.modified: 2>, '/workspace/app/backend/logs/app_20260524_150636.log')}
2026-05-24 15:13:44,880 - watchfiles.main - DEBUG - 1 change detected: {(<Change.modified: 2>, '/workspace/app/backend/logs/app_20260524_150636.log')}
2026-05-24 15:13:45,231 - watchfiles.main - DEBUG - 1 change detected: {(<Change.modified: 2>, '/workspace/app/backend/logs/app_20260524_150636.log')}
2026-05-24 15:13:45,582 - watchfiles.main - DEBUG - 1 change detected: {(<Change.modified: 2>, '/workspace/app/backend/logs/app_20260524_150636.log')}
2026-05-24 15:13:45,932 - watchfiles.main - DEBUG - 1 change detected: {(<Change.modified: 2>, '/workspace/app/backend/logs/app_20260524_150636.log')}
2026-05-24 15:13:46,283 - watchfiles.main - DEBUG - 1 change detected: {(<Change.modified: 2>, '/workspace/app/backend/logs/app_20260524_150636.log')}
2026-05-24 15:13:46,634 - watchfiles.main - DEBUG - 1 change detected: {(<Change.modified: 2>, '/workspace/app/backend/logs/app_20260524_150636.log')}
2026-05-24 15:13:46,985 - watchfiles.main - DEBUG - 1 change detected: {(<Change.modified: 2>, '/workspace/app/backend/logs/app_20260524_150636.log')}
2026-05-24 15:13:47,336 - watchfiles.main - DEBUG - 1 change detected: {(<Change.modified: 2>, '/workspace/app/backend/logs/app_20260524_150636.log')}
2026-05-24 15:13:47,687 - watchfiles.main - DEBUG - 2 changes detected: {(<Change.modified: 2>, '/workspace/app/backend/logs/app_20260524_150639.log'), (<Change.modified: 2>, '/workspace/app/backend/logs/app_20260524_150636.log')}
2026-05-24 15:13:48,038 - watchfiles.main - DEBUG - 2 changes detected: {(<Change.modified: 2>, '/workspace/app/backend/logs/app_20260524_150639.log'), (<Change.modified: 2>, '/workspace/app/backend/logs/app_20260524_150636.log')}
2026-05-24 15:13:48,389 - watchfiles.main - DEBUG - 1 change detected: {(<Change.modified: 2>, '/workspace/app/backend/logs/app_20260524_150636.log')}
2026-05-24 15:13:48,739 - watchfiles.main - DEBUG - 1 change detected: {(<Change.modified: 2>, '/workspace/app/backend/logs/app_20260524_150636.log')}
2026-05-24 15:13:49,090 - watchfiles.main - DEBUG - 1 change detected: {(<Change.modified: 2>, '/workspace/app/backend/logs/app_20260524_150636.log')}
2026-05-24 15:13:49,441 - watchfiles.main - DEBUG - 1 change detected: {(<Change.modified: 2>, '/workspace/app/backend/logs/app_20260524_150636.log')}
2026-05-24 15:13:49,792 - watchfiles.main - DEBUG - 1 change detected: {(<Change.modified: 2>, '/workspace/app/backend/logs/app_20260524_150636.log')}
2026-05-24 15:13:50,143 - watchfiles.main - DEBUG - 1 change detected: {(<Change.modified: 2>, '/workspace/app/backend/logs/app_20260524_150636.log')}
2026-05-24 15:13:50,494 - watchfiles.main - DEBUG - 1 change detected: {(<Change.modified: 2>, '/workspace/app/backend/logs/app_20260524_150636.log')}
2026-05-24 15:13:50,844 - watchfiles.main - DEBUG - 1 change detected: {(<Change.modified: 2>, '/workspace/app/backend/logs/app_20260524_150636.log')}
2026-05-24 15:13:51,195 - watchfiles.main - DEBUG - 1 change detected: {(<Change.modified: 2>, '/workspace/app/backend/logs/app_20260524_150636.log')}
2026-05-24 15:13:51,546 - watchfiles.main - DEBUG - 1 change detected: {(<Change.modified: 2>, '/workspace/app/backend/logs/app_20260524_150636.log')}
2026-05-24 15:13:51,897 - watchfiles.main - DEBUG - 1 change detected: {(<Change.modified: 2>, '/workspace/app/backend/logs/app_20260524_150636.log')}
2026-05-24 15:13:52,247 - watchfiles.main - DEBUG - 1 change detected: {(<Change.modified: 2>, '/workspace/app/backend/logs/app_20260524_150636.log')}
2026-05-24 15:13:52,598 - watchfiles.main - DEBUG - 1 change detected: {(<Change.modified: 2>, '/workspace/app/backend/logs/app_20260524_150636.log')}
2026-05-24 15:13:52,949 - watchfiles.main - DEBUG - 1 change detected: {(<Change.modified: 2>, '/workspace/app/backend/logs/app_20260524_150636.log')}
2026-05-24 15:13:53,300 - watchfiles.main - DEBUG - 1 change detected: {(<Change.modified: 2>, '/workspace/app/backend/logs/app_20260524_150636.log')}
2026-05-24 15:13:53,651 - watchfiles.main - DEBUG - 1 change detected: {(<Change.modified: 2>, '/workspace/app/backend/logs/app_20260524_150636.log')}
2026-05-24 15:13:54,001 - watchfiles.main - DEBUG - 1 change detected: {(<Change.modified: 2>, '/workspace/app/backend/logs/app_20260524_150636.log')}
2026-05-24 15:13:54,352 - watchfiles.main - DEBUG - 1 change detected: {(<Change.modified: 2>, '/workspace/app/backend/logs/app_20260524_150636.log')}
2026-05-24 15:13:54,703 - watchfiles.main - DEBUG - 1 change detected: {(<Change.modified: 2>, '/workspace/app/backend/logs/app_20260524_150636.log')}
2026-05-24 15:13:55,054 - watchfiles.main - DEBUG - 1 change detected: {(<Change.modified: 2>, '/workspace/app/backend/logs/app_20260524_150636.log')}
2026-05-24 15:13:55,405 - watchfiles.main - DEBUG - 1 change detected: {(<Change.modified: 2>, '/workspace/app/backend/logs/app_20260524_150636.log')}
2026-05-24 15:13:55,756 - watchfiles.main - DEBUG - 1 change detected: {(<Change.modified: 2>, '/workspace/app/backend/logs/app_20260524_150636.log')}
2026-05-24 15:13:56,107 - watchfiles.main - DEBUG - 1 change detected: {(<Change.modified: 2>, '/workspace/app/backend/logs/app_20260524_150636.log')}
2026-05-24 15:13:56,458 - watchfiles.main - DEBUG - 1 change detected: {(<Change.modified: 2>, '/workspace/app/backend/logs/app_20260524_150636.log')}
2026-05-24 15:13:56,808 - watchfiles.main - DEBUG - 1 change detected: {(<Change.modified: 2>, '/workspace/app/backend/logs/app_20260524_150636.log')}
2026-05-24 15:13:57,159 - watchfiles.main - DEBUG - 1 change detected: {(<Change.modified: 2>, '/workspace/app/backend/logs/app_20260524_150636.log')}
2026-05-24 15:13:57,510 - watchfiles.main - DEBUG - 1 change detected: {(<Change.modified: 2>, '/workspace/app/backend/logs/app_20260524_150636.log')}
2026-05-24 15:13:57,861 - watchfiles.main - DEBUG - 1 change detected: {(<Change.modified: 2>, '/workspace/app/backend/logs/app_20260524_150636.log')}
2026-05-24 15:13:58,211 - watchfiles.main - DEBUG - 1 change detected: {(<Change.modified: 2>, '/workspace/app/backend/logs/app_20260524_150636.log')}
2026-05-24 15:13:58,562 - watchfiles.main - DEBUG - 1 change detected: {(<Change.modified: 2>, '/workspace/app/backend/logs/app_20260524_150636.log')}
2026-05-24 15:13:58,913 - watchfiles.main - DEBUG - 1 change detected: {(<Change.modified: 2>, '/workspace/app/backend/logs/app_20260524_150636.log')}
2026-05-24 15:13:59,264 - watchfiles.main - DEBUG - 1 change detected: {(<Change.modified: 2>, '/workspace/app/backend/logs/app_20260524_150636.log')}
2026-05-24 15:13:59,615 - watchfiles.main - DEBUG - 1 change detected: {(<Change.modified: 2>, '/workspace/app/backend/logs/app_20260524_150636.log')}
2026-05-24 15:13:59,966 - watchfiles.main - DEBUG - 1 change detected: {(<Change.modified: 2>, '/workspace/app/backend/logs/app_20260524_150636.log')}
2026-05-24 15:14:00,317 - watchfiles.main - DEBUG - 1 change detected: {(<Change.modified: 2>, '/workspace/app/backend/logs/app_20260524_150636.log')}
2026-05-24 15:14:00,668 - watchfiles.main - DEBUG - 1 change detected: {(<Change.modified: 2>, '/workspace/app/backend/logs/app_20260524_150636.log')}
2026-05-24 15:14:01,019 - watchfiles.main - DEBUG - 1 change detected: {(<Change.modified: 2>, '/workspace/app/backend/logs/app_20260524_150636.log')}
2026-05-24 15:14:01,370 - watchfiles.main - DEBUG - 1 change detected: {(<Change.modified: 2>, '/workspace/app/backend/logs/app_20260524_150636.log')}
2026-05-24 15:14:01,721 - watchfiles.main - DEBUG - 1 change detected: {(<Change.modified: 2>, '/workspace/app/backend/logs/app_20260524_150636.log')}
2026-05-24 15:14:02,077 - watchfiles.main - DEBUG - 1 change detected: {(<Change.modified: 2>, '/workspace/app/backend/logs/app_20260524_150636.log')}
2026-05-24 15:14:02,428 - watchfiles.main - DEBUG - 1 change detected: {(<Change.modified: 2>, '/workspace/app/backend/logs/app_20260524_150636.log')}
2026-05-24 15:14:02,779 - watchfiles.main - DEBUG - 1 change detected: {(<Change.modified: 2>, '/workspace/app/backend/logs/app_20260524_150636.log')}
2026-05-24 15:14:03,129 - watchfiles.main - DEBUG - 1 change detected: {(<Change.modified: 2>, '/workspace/app/backend/logs/app_20260524_150636.log')}
2026-05-24 15:14:03,480 - watchfiles.main - DEBUG - 1 change detected: {(<Change.modified: 2>, '/workspace/app/backend/logs/app_20260524_150636.log')}
2026-05-24 15:14:03,831 - watchfiles.main - DEBUG - 1 change detected: {(<Change.modified: 2>, '/workspace/app/backend/logs/app_20260524_150636.log')}
2026-05-24 15:14:04,181 - watchfiles.main - DEBUG - 1 change detected: {(<Change.modified: 2>, '/workspace/app/backend/logs/app_20260524_150636.log')}
2026-05-24 15:14:04,532 - watchfiles.main - DEBUG - 1 change detected: {(<Change.modified: 2>, '/workspace/app/backend/logs/app_20260524_150636.log')}
2026-05-24 15:14:04,883 - watchfiles.main - DEBUG - 1 change detected: {(<Change.modified: 2>, '/workspace/app/backend/logs/app_20260524_150636.log')}
2026-05-24 15:14:05,234 - watchfiles.main - DEBUG - 1 change detected: {(<Change.modified: 2>, '/workspace/app/backend/logs/app_20260524_150636.log')}
2026-05-24 15:14:05,584 - watchfiles.main - DEBUG - 1 change detected: {(<Change.modified: 2>, '/workspace/app/backend/logs/app_20260524_150636.log')}
2026-05-24 15:14:05,935 - watchfiles.main - DEBUG - 1 change detected: {(<Change.modified: 2>, '/workspace/app/backend/logs/app_20260524_150636.log')}
2026-05-24 15:14:06,286 - watchfiles.main - DEBUG - 1 change detected: {(<Change.modified: 2>, '/workspace/app/backend/logs/app_20260524_150636.log')}
2026-05-24 15:14:06,637 - watchfiles.main - DEBUG - 1 change detected: {(<Change.modified: 2>, '/workspace/app/backend/logs/app_20260524_150636.log')}
2026-05-24 15:14:06,988 - watchfiles.main - DEBUG - 1 change detected: {(<Change.modified: 2>, '/workspace/app/backend/logs/app_20260524_150636.log')}
2026-05-24 15:14:07,338 - watchfiles.main - DEBUG - 1 change detected: {(<Change.modified: 2>, '/workspace/app/backend/logs/app_20260524_150636.log')}
2026-05-24 15:14:07,689 - watchfiles.main - DEBUG - 1 change detected: {(<Change.modified: 2>, '/workspace/app/backend/logs/app_20260524_150636.log')}
2026-05-24 15:14:08,040 - watchfiles.main - DEBUG - 1 change detected: {(<Change.modified: 2>, '/workspace/app/backend/logs/app_20260524_150636.log')}
2026-05-24 15:14:08,391 - watchfiles.main - DEBUG - 1 change detected: {(<Change.modified: 2>, '/workspace/app/backend/logs/app_20260524_150636.log')}
2026-05-24 15:14:08,752 - watchfiles.main - DEBUG - 1 change detected: {(<Change.modified: 2>, '/workspace/app/backend/logs/app_20260524_150636.log')}
2026-05-24 15:14:09,103 - watchfiles.main - DEBUG - 1 change detected: {(<Change.modified: 2>, '/workspace/app/backend/logs/app_20260524_150636.log')}
2026-05-24 15:14:09,454 - watchfiles.main - DEBUG - 1 change detected: {(<Change.modified: 2>, '/workspace/app/backend/logs/app_20260524_150636.log')}
2026-05-24 15:14:09,805 - watchfiles.main - DEBUG - 1 change detected: {(<Change.modified: 2>, '/workspace/app/backend/logs/app_20260524_150636.log')}
2026-05-24 15:14:10,156 - watchfiles.main - DEBUG - 1 change detected: {(<Change.modified: 2>, '/workspace/app/backend/logs/app_20260524_150636.log')}
2026-05-24 15:14:10,507 - watchfiles.main - DEBUG - 1 change detected: {(<Change.modified: 2>, '/workspace/app/backend/logs/app_20260524_150636.log')}
2026-05-24 15:14:10,857 - watchfiles.main - DEBUG - 1 change detected: {(<Change.modified: 2>, '/workspace/app/backend/logs/app_20260524_150636.log')}
2026-05-24 15:14:11,208 - watchfiles.main - DEBUG - 1 change detected: {(<Change.modified: 2>, '/workspace/app/backend/logs/app_20260524_150636.log')}
2026-05-24 15:14:11,559 - watchfiles.main - DEBUG - 1 change detected: {(<Change.modified: 2>, '/workspace/app/backend/logs/app_20260524_150636.log')}
2026-05-24 15:14:11,910 - watchfiles.main - DEBUG - 1 change detected: {(<Change.modified: 2>, '/workspace/app/backend/logs/app_20260524_150636.log')}
2026-05-24 15:14:12,261 - watchfiles.main - DEBUG - 1 change detected: {(<Change.modified: 2>, '/workspace/app/backend/logs/app_20260524_150636.log')}
2026-05-24 15:14:12,611 - watchfiles.main - DEBUG - 1 change detected: {(<Change.modified: 2>, '/workspace/app/backend/logs/app_20260524_150636.log')}
2026-05-24 15:14:12,962 - watchfiles.main - DEBUG - 1 change detected: {(<Change.modified: 2>, '/workspace/app/backend/logs/app_20260524_150636.log')}
2026-05-24 15:14:13,313 - watchfiles.main - DEBUG - 1 change detected: {(<Change.modified: 2>, '/workspace/app/backend/logs/app_20260524_150636.log')}
2026-05-24 15:14:13,664 - watchfiles.main - DEBUG - 1 change detected: {(<Change.modified: 2>, '/workspace/app/backend/logs/app_20260524_150636.log')}
2026-05-24 15:14:14,015 - watchfiles.main - DEBUG - 1 change detected: {(<Change.modified: 2>, '/workspace/app/backend/logs/app_20260524_150636.log')}
2026-05-24 15:14:14,366 - watchfiles.main - DEBUG - 1 change detected: {(<Change.modified: 2>, '/workspace/app/backend/logs/app_20260524_150636.log')}
2026-05-24 15:14:14,717 - watchfiles.main - DEBUG - 1 change detected: {(<Change.modified: 2>, '/workspace/app/backend/logs/app_20260524_150636.log')}
2026-05-24 15:14:15,068 - watchfiles.main - DEBUG - 1 change detected: {(<Change.modified: 2>, '/workspace/app/backend/logs/app_20260524_150636.log')}
2026-05-24 15:14:15,419 - watchfiles.main - DEBUG - 1 change detected: {(<Change.modified: 2>, '/workspace/app/backend/logs/app_20260524_150636.log')}
2026-05-24 15:14:15,770 - watchfiles.main - DEBUG - 1 change detected: {(<Change.modified: 2>, '/workspace/app/backend/logs/app_20260524_150636.log')}
2026-05-24 15:14:16,121 - watchfiles.main - DEBUG - 1 change detected: {(<Change.modified: 2>, '/workspace/app/backend/logs/app_20260524_150636.log')}
2026-05-24 15:14:16,473 - watchfiles.main - DEBUG - 1 change detected: {(<Change.modified: 2>, '/workspace/app/backend/logs/app_20260524_150636.log')}
2026-05-24 15:14:16,824 - watchfiles.main - DEBUG - 1 change detected: {(<Change.modified: 2>, '/workspace/app/backend/logs/app_20260524_150636.log')}
2026-05-24 15:14:17,174 - watchfiles.main - DEBUG - 1 change detected: {(<Change.modified: 2>, '/workspace/app/backend/logs/app_20260524_150636.log')}
2026-05-24 15:14:17,525 - watchfiles.main - DEBUG - 1 change detected: {(<Change.modified: 2>, '/workspace/app/backend/logs/app_20260524_150636.log')}
2026-05-24 15:14:17,876 - watchfiles.main - DEBUG - 1 change detected: {(<Change.modified: 2>, '/workspace/app/backend/logs/app_20260524_150636.log')}
2026-05-24 15:14:18,227 - watchfiles.main - DEBUG - 1 change detected: {(<Change.modified: 2>, '/workspace/app/backend/logs/app_20260524_150636.log')}
2026-05-24 15:14:18,578 - watchfiles.main - DEBUG - 1 change detected: {(<Change.modified: 2>, '/workspace/app/backend/logs/app_20260524_150636.log')}
2026-05-24 15:14:18,929 - watchfiles.main - DEBUG - 1 change detected: {(<Change.modified: 2>, '/workspace/app/backend/logs/app_20260524_150636.log')}
2026-05-24 15:14:19,279 - watchfiles.main - DEBUG - 1 change detected: {(<Change.modified: 2>, '/workspace/app/backend/logs/app_20260524_150636.log')}
2026-05-24 15:14:19,630 - watchfiles.main - DEBUG - 1 change detected: {(<Change.modified: 2>, '/workspace/app/backend/logs/app_20260524_150636.log')}
2026-05-24 15:14:19,980 - watchfiles.main - DEBUG - 1 change detected: {(<Change.modified: 2>, '/workspace/app/backend/logs/app_20260524_150636.log')}
2026-05-24 15:14:20,331 - watchfiles.main - DEBUG - 1 change detected: {(<Change.modified: 2>, '/workspace/app/backend/logs/app_20260524_150636.log')}
2026-05-24 15:14:20,682 - watchfiles.main - DEBUG - 1 change detected: {(<Change.modified: 2>, '/workspace/app/backend/logs/app_20260524_150636.log')}
2026-05-24 15:14:21,033 - watchfiles.main - DEBUG - 1 change detected: {(<Change.modified: 2>, '/workspace/app/backend/logs/app_20260524_150636.log')}
2026-05-24 15:14:21,384 - watchfiles.main - DEBUG - 1 change detected: {(<Change.modified: 2>, '/workspace/app/backend/logs/app_20260524_150636.log')}
2026-05-24 15:14:21,734 - watchfiles.main - DEBUG - 1 change detected: {(<Change.modified: 2>, '/workspace/app/backend/logs/app_20260524_150636.log')}
2026-05-24 15:14:22,085 - watchfiles.main - DEBUG - 1 change detected: {(<Change.modified: 2>, '/workspace/app/backend/logs/app_20260524_150636.log')}
2026-05-24 15:14:22,436 - watchfiles.main - DEBUG - 1 change detected: {(<Change.modified: 2>, '/workspace/app/backend/logs/app_20260524_150636.log')}
2026-05-24 15:14:22,787 - watchfiles.main - DEBUG - 1 change detected: {(<Change.modified: 2>, '/workspace/app/backend/logs/app_20260524_150636.log')}
2026-05-24 15:14:23,138 - watchfiles.main - DEBUG - 1 change detected: {(<Change.modified: 2>, '/workspace/app/backend/logs/app_20260524_150636.log')}
2026-05-24 15:14:23,488 - watchfiles.main - DEBUG - 1 change detected: {(<Change.modified: 2>, '/workspace/app/backend/logs/app_20260524_150636.log')}
2026-05-24 15:14:23,839 - watchfiles.main - DEBUG - 1 change detected: {(<Change.modified: 2>, '/workspace/app/backend/logs/app_20260524_150636.log')}
2026-05-24 15:14:24,190 - watchfiles.main - DEBUG - 1 change detected: {(<Change.modified: 2>, '/workspace/app/backend/logs/app_20260524_150636.log')}
2026-05-24 15:14:24,541 - watchfiles.main - DEBUG - 1 change detected: {(<Change.modified: 2>, '/workspace/app/backend/logs/app_20260524_150636.log')}
2026-05-24 15:14:24,892 - watchfiles.main - DEBUG - 1 change detected: {(<Change.modified: 2>, '/workspace/app/backend/logs/app_20260524_150636.log')}
2026-05-24 15:14:25,242 - watchfiles.main - DEBUG - 1 change detected: {(<Change.modified: 2>, '/workspace/app/backend/logs/app_20260524_150636.log')}
2026-05-24 15:14:25,593 - watchfiles.main - DEBUG - 1 change detected: {(<Change.modified: 2>, '/workspace/app/backend/logs/app_20260524_150636.log')}
2026-05-24 15:14:25,944 - watchfiles.main - DEBUG - 1 change detected: {(<Change.modified: 2>, '/workspace/app/backend/logs/app_20260524_150636.log')}
2026-05-24 15:14:26,295 - watchfiles.main - DEBUG - 1 change detected: {(<Change.modified: 2>, '/workspace/app/backend/logs/app_20260524_150636.log')}
2026-05-24 15:14:26,646 - watchfiles.main - DEBUG - 1 change detected: {(<Change.modified: 2>, '/workspace/app/backend/logs/app_20260524_150636.log')}
2026-05-24 15:14:26,996 - watchfiles.main - DEBUG - 1 change detected: {(<Change.modified: 2>, '/workspace/app/backend/logs/app_20260524_150636.log')}
2026-05-24 15:14:27,347 - watchfiles.main - DEBUG - 1 change detected: {(<Change.modified: 2>, '/workspace/app/backend/logs/app_20260524_150636.log')}
2026-05-24 15:14:27,698 - watchfiles.main - DEBUG - 1 change detected: {(<Change.modified: 2>, '/workspace/app/backend/logs/app_20260524_150636.log')}
2026-05-24 15:14:28,049 - watchfiles.main - DEBUG - 1 change detected: {(<Change.modified: 2>, '/workspace/app/backend/logs/app_20260524_150636.log')}
2026-05-24 15:14:28,400 - watchfiles.main - DEBUG - 1 change detected: {(<Change.modified: 2>, '/workspace/app/backend/logs/app_20260524_150636.log')}
2026-05-24 15:14:28,751 - watchfiles.main - DEBUG - 1 change detected: {(<Change.modified: 2>, '/workspace/app/backend/logs/app_20260524_150636.log')}
2026-05-24 15:14:29,102 - watchfiles.main - DEBUG - 1 change detected: {(<Change.modified: 2>, '/workspace/app/backend/logs/app_20260524_150636.log')}
2026-05-24 15:14:29,453 - watchfiles.main - DEBUG - 1 change detected: {(<Change.modified: 2>, '/workspace/app/backend/logs/app_20260524_150636.log')}
2026-05-24 15:14:29,803 - watchfiles.main - DEBUG - 1 change detected: {(<Change.modified: 2>, '/workspace/app/backend/logs/app_20260524_150636.log')}
2026-05-24 15:14:30,154 - watchfiles.main - DEBUG - 1 change detected: {(<Change.modified: 2>, '/workspace/app/backend/logs/app_20260524_150636.log')}
2026-05-24 15:14:30,505 - watchfiles.main - DEBUG - 1 change detected: {(<Change.modified: 2>, '/workspace/app/backend/logs/app_20260524_150636.log')}
2026-05-24 15:14:30,856 - watchfiles.main - DEBUG - 1 change detected: {(<Change.modified: 2>, '/workspace/app/backend/logs/app_20260524_150636.log')}
2026-05-24 15:14:31,207 - watchfiles.main - DEBUG - 1 change detected: {(<Change.modified: 2>, '/workspace/app/backend/logs/app_20260524_150636.log')}
2026-05-24 15:14:31,557 - watchfiles.main - DEBUG - 1 change detected: {(<Change.modified: 2>, '/workspace/app/backend/logs/app_20260524_150636.log')}
2026-05-24 15:14:31,908 - watchfiles.main - DEBUG - 1 change detected: {(<Change.modified: 2>, '/workspace/app/backend/logs/app_20260524_150636.log')}
2026-05-24 15:14:32,259 - watchfiles.main - DEBUG - 1 change detected: {(<Change.modified: 2>, '/workspace/app/backend/logs/app_20260524_150636.log')}
2026-05-24 15:14:32,609 - watchfiles.main - DEBUG - 1 change detected: {(<Change.modified: 2>, '/workspace/app/backend/logs/app_20260524_150636.log')}
2026-05-24 15:14:32,960 - watchfiles.main - DEBUG - 1 change detected: {(<Change.modified: 2>, '/workspace/app/backend/logs/app_20260524_150636.log')}
2026-05-24 15:14:33,311 - watchfiles.main - DEBUG - 1 change detected: {(<Change.modified: 2>, '/workspace/app/backend/logs/app_20260524_150636.log')}
2026-05-24 15:14:33,662 - watchfiles.main - DEBUG - 1 change detected: {(<Change.modified: 2>, '/workspace/app/backend/logs/app_20260524_150636.log')}
2026-05-24 15:14:34,012 - watchfiles.main - DEBUG - 1 change detected: {(<Change.modified: 2>, '/workspace/app/backend/logs/app_20260524_150636.log')}
2026-05-24 15:14:34,363 - watchfiles.main - DEBUG - 1 change detected: {(<Change.modified: 2>, '/workspace/app/backend/logs/app_20260524_150636.log')}
2026-05-24 15:14:34,714 - watchfiles.main - DEBUG - 1 change detected: {(<Change.modified: 2>, '/workspace/app/backend/logs/app_20260524_150636.log')}
2026-05-24 15:14:35,065 - watchfiles.main - DEBUG - 1 change detected: {(<Change.modified: 2>, '/workspace/app/backend/logs/app_20260524_150636.log')}
2026-05-24 15:14:35,416 - watchfiles.main - DEBUG - 1 change detected: {(<Change.modified: 2>, '/workspace/app/backend/logs/app_20260524_150636.log')}
2026-05-24 15:14:35,767 - watchfiles.main - DEBUG - 1 change detected: {(<Change.modified: 2>, '/workspace/app/backend/logs/app_20260524_150636.log')}
2026-05-24 15:14:36,117 - watchfiles.main - DEBUG - 1 change detected: {(<Change.modified: 2>, '/workspace/app/backend/logs/app_20260524_150636.log')}
2026-05-24 15:14:36,468 - watchfiles.main - DEBUG - 1 change detected: {(<Change.modified: 2>, '/workspace/app/backend/logs/app_20260524_150636.log')}
2026-05-24 15:14:36,819 - watchfiles.main - DEBUG - 1 change detected: {(<Change.modified: 2>, '/workspace/app/backend/logs/app_20260524_150636.log')}
2026-05-24 15:14:37,169 - watchfiles.main - DEBUG - 1 change detected: {(<Change.modified: 2>, '/workspace/app/backend/logs/app_20260524_150636.log')}
2026-05-24 15:14:37,520 - watchfiles.main - DEBUG - 1 change detected: {(<Change.modified: 2>, '/workspace/app/backend/logs/app_20260524_150636.log')}
2026-05-24 15:14:37,871 - watchfiles.main - DEBUG - 1 change detected: {(<Change.modified: 2>, '/workspace/app/backend/logs/app_20260524_150636.log')}
2026-05-24 15:14:38,222 - watchfiles.main - DEBUG - 1 change detected: {(<Change.modified: 2>, '/workspace/app/backend/logs/app_20260524_150636.log')}
2026-05-24 15:14:38,572 - watchfiles.main - DEBUG - 1 change detected: {(<Change.modified: 2>, '/workspace/app/backend/logs/app_20260524_150636.log')}
2026-05-24 15:14:38,923 - watchfiles.main - DEBUG - 1 change detected: {(<Change.modified: 2>, '/workspace/app/backend/logs/app_20260524_150636.log')}
2026-05-24 15:14:39,274 - watchfiles.main - DEBUG - 1 change detected: {(<Change.modified: 2>, '/workspace/app/backend/logs/app_20260524_150636.log')}
2026-05-24 15:14:39,625 - watchfiles.main - DEBUG - 1 change detected: {(<Change.modified: 2>, '/workspace/app/backend/logs/app_20260524_150636.log')}
2026-05-24 15:14:39,976 - watchfiles.main - DEBUG - 1 change detected: {(<Change.modified: 2>, '/workspace/app/backend/logs/app_20260524_150636.log')}
2026-05-24 15:14:40,327 - watchfiles.main - DEBUG - 1 change detected: {(<Change.modified: 2>, '/workspace/app/backend/logs/app_20260524_150636.log')}
2026-05-24 15:14:40,678 - watchfiles.main - DEBUG - 1 change detected: {(<Change.modified: 2>, '/workspace/app/backend/logs/app_20260524_150636.log')}
2026-05-24 15:14:41,028 - watchfiles.main - DEBUG - 1 change detected: {(<Change.modified: 2>, '/workspace/app/backend/logs/app_20260524_150636.log')}
2026-05-24 15:14:41,379 - watchfiles.main - DEBUG - 1 change detected: {(<Change.modified: 2>, '/workspace/app/backend/logs/app_20260524_150636.log')}
2026-05-24 15:14:41,730 - watchfiles.main - DEBUG - 1 change detected: {(<Change.modified: 2>, '/workspace/app/backend/logs/app_20260524_150636.log')}
2026-05-24 15:14:42,081 - watchfiles.main - DEBUG - 1 change detected: {(<Change.modified: 2>, '/workspace/app/backend/logs/app_20260524_150636.log')}
2026-05-24 15:14:42,432 - watchfiles.main - DEBUG - 1 change detected: {(<Change.modified: 2>, '/workspace/app/backend/logs/app_20260524_150636.log')}
2026-05-24 15:14:42,783 - watchfiles.main - DEBUG - 1 change detected: {(<Change.modified: 2>, '/workspace/app/backend/logs/app_20260524_150636.log')}
2026-05-24 15:14:43,133 - watchfiles.main - DEBUG - 1 change detected: {(<Change.modified: 2>, '/workspace/app/backend/logs/app_20260524_150636.log')}
2026-05-24 15:14:43,484 - watchfiles.main - DEBUG - 1 change detected: {(<Change.modified: 2>, '/workspace/app/backend/logs/app_20260524_150636.log')}
2026-05-24 15:14:43,835 - watchfiles.main - DEBUG - 1 change detected: {(<Change.modified: 2>, '/workspace/app/backend/logs/app_20260524_150636.log')}
2026-05-24 15:14:44,186 - watchfiles.main - DEBUG - 1 change detected: {(<Change.modified: 2>, '/workspace/app/backend/logs/app_20260524_150636.log')}
2026-05-24 15:14:44,537 - watchfiles.main - DEBUG - 1 change detected: {(<Change.modified: 2>, '/workspace/app/backend/logs/app_20260524_150636.log')}
2026-05-24 15:14:44,888 - watchfiles.main - DEBUG - 2 changes detected: {(<Change.modified: 2>, '/workspace/app/backend/logs/app_20260524_150639.log'), (<Change.modified: 2>, '/workspace/app/backend/logs/app_20260524_150636.log')}
2026-05-24 15:14:45,239 - watchfiles.main - DEBUG - 2 changes detected: {(<Change.modified: 2>, '/workspace/app/backend/logs/app_20260524_150639.log'), (<Change.modified: 2>, '/workspace/app/backend/logs/app_20260524_150636.log')}
2026-05-24 15:14:45,589 - watchfiles.main - DEBUG - 1 change detected: {(<Change.modified: 2>, '/workspace/app/backend/logs/app_20260524_150636.log')}
2026-05-24 15:14:45,940 - watchfiles.main - DEBUG - 1 change detected: {(<Change.modified: 2>, '/workspace/app/backend/logs/app_20260524_150636.log')}
2026-05-24 15:14:46,291 - watchfiles.main - DEBUG - 1 change detected: {(<Change.modified: 2>, '/workspace/app/backend/logs/app_20260524_150636.log')}
2026-05-24 15:14:46,642 - watchfiles.main - DEBUG - 1 change detected: {(<Change.modified: 2>, '/workspace/app/backend/logs/app_20260524_150636.log')}
2026-05-24 15:14:46,993 - watchfiles.main - DEBUG - 1 change detected: {(<Change.modified: 2>, '/workspace/app/backend/logs/app_20260524_150636.log')}
2026-05-24 15:14:47,344 - watchfiles.main - DEBUG - 1 change detected: {(<Change.modified: 2>, '/workspace/app/backend/logs/app_20260524_150636.log')}
2026-05-24 15:14:47,695 - watchfiles.main - DEBUG - 1 change detected: {(<Change.modified: 2>, '/workspace/app/backend/logs/app_20260524_150636.log')}
2026-05-24 15:14:48,045 - watchfiles.main - DEBUG - 1 change detected: {(<Change.modified: 2>, '/workspace/app/backend/logs/app_20260524_150636.log')}
2026-05-24 15:14:48,396 - watchfiles.main - DEBUG - 1 change detected: {(<Change.modified: 2>, '/workspace/app/backend/logs/app_20260524_150636.log')}
2026-05-24 15:14:48,747 - watchfiles.main - DEBUG - 1 change detected: {(<Change.modified: 2>, '/workspace/app/backend/logs/app_20260524_150636.log')}
2026-05-24 15:14:49,098 - watchfiles.main - DEBUG - 1 change detected: {(<Change.modified: 2>, '/workspace/app/backend/logs/app_20260524_150636.log')}
2026-05-24 15:14:49,449 - watchfiles.main - DEBUG - 1 change detected: {(<Change.modified: 2>, '/workspace/app/backend/logs/app_20260524_150636.log')}
2026-05-24 15:14:49,799 - watchfiles.main - DEBUG - 1 change detected: {(<Change.modified: 2>, '/workspace/app/backend/logs/app_20260524_150636.log')}
2026-05-24 15:14:50,150 - watchfiles.main - DEBUG - 1 change detected: {(<Change.modified: 2>, '/workspace/app/backend/logs/app_20260524_150636.log')}
2026-05-24 15:14:50,501 - watchfiles.main - DEBUG - 1 change detected: {(<Change.modified: 2>, '/workspace/app/backend/logs/app_20260524_150636.log')}
2026-05-24 15:14:50,852 - watchfiles.main - DEBUG - 1 change detected: {(<Change.modified: 2>, '/workspace/app/backend/logs/app_20260524_150636.log')}
2026-05-24 15:14:51,202 - watchfiles.main - DEBUG - 1 change detected: {(<Change.modified: 2>, '/workspace/app/backend/logs/app_20260524_150636.log')}
2026-05-24 15:14:51,553 - watchfiles.main - DEBUG - 1 change detected: {(<Change.modified: 2>, '/workspace/app/backend/logs/app_20260524_150636.log')}
2026-05-24 15:14:51,904 - watchfiles.main - DEBUG - 1 change detected: {(<Change.modified: 2>, '/workspace/app/backend/logs/app_20260524_150636.log')}
2026-05-24 15:14:52,255 - watchfiles.main - DEBUG - 1 change detected: {(<Change.modified: 2>, '/workspace/app/backend/logs/app_20260524_150636.log')}
2026-05-24 15:14:52,605 - watchfiles.main - DEBUG - 1 change detected: {(<Change.modified: 2>, '/workspace/app/backend/logs/app_20260524_150636.log')}
2026-05-24 15:14:52,957 - watchfiles.main - DEBUG - 1 change detected: {(<Change.modified: 2>, '/workspace/app/backend/logs/app_20260524_150636.log')}
2026-05-24 15:14:53,307 - watchfiles.main - DEBUG - 1 change detected: {(<Change.modified: 2>, '/workspace/app/backend/logs/app_20260524_150636.log')}
2026-05-24 15:14:53,658 - watchfiles.main - DEBUG - 1 change detected: {(<Change.modified: 2>, '/workspace/app/backend/logs/app_20260524_150636.log')}
2026-05-24 15:14:54,009 - watchfiles.main - DEBUG - 1 change detected: {(<Change.modified: 2>, '/workspace/app/backend/logs/app_20260524_150636.log')}
2026-05-24 15:14:54,361 - watchfiles.main - DEBUG - 1 change detected: {(<Change.modified: 2>, '/workspace/app/backend/logs/app_20260524_150636.log')}
2026-05-24 15:14:54,711 - watchfiles.main - DEBUG - 1 change detected: {(<Change.modified: 2>, '/workspace/app/backend/logs/app_20260524_150636.log')}
2026-05-24 15:14:55,062 - watchfiles.main - DEBUG - 1 change detected: {(<Change.modified: 2>, '/workspace/app/backend/logs/app_20260524_150636.log')}
2026-05-24 15:14:55,413 - watchfiles.main - DEBUG - 1 change detected: {(<Change.modified: 2>, '/workspace/app/backend/logs/app_20260524_150636.log')}
2026-05-24 15:14:55,764 - watchfiles.main - DEBUG - 1 change detected: {(<Change.modified: 2>, '/workspace/app/backend/logs/app_20260524_150636.log')}
2026-05-24 15:14:56,114 - watchfiles.main - DEBUG - 1 change detected: {(<Change.modified: 2>, '/workspace/app/backend/logs/app_20260524_150636.log')}
2026-05-24 15:14:56,465 - watchfiles.main - DEBUG - 1 change detected: {(<Change.modified: 2>, '/workspace/app/backend/logs/app_20260524_150636.log')}
2026-05-24 15:14:56,817 - watchfiles.main - DEBUG - 1 change detected: {(<Change.modified: 2>, '/workspace/app/backend/logs/app_20260524_150636.log')}
2026-05-24 15:14:57,168 - watchfiles.main - DEBUG - 1 change detected: {(<Change.modified: 2>, '/workspace/app/backend/logs/app_20260524_150636.log')}
2026-05-24 15:14:57,519 - watchfiles.main - DEBUG - 1 change detected: {(<Change.modified: 2>, '/workspace/app/backend/logs/app_20260524_150636.log')}
2026-05-24 15:14:57,870 - watchfiles.main - DEBUG - 1 change detected: {(<Change.modified: 2>, '/workspace/app/backend/logs/app_20260524_150636.log')}
2026-05-24 15:14:58,221 - watchfiles.main - DEBUG - 1 change detected: {(<Change.modified: 2>, '/workspace/app/backend/logs/app_20260524_150636.log')}
2026-05-24 15:14:58,572 - watchfiles.main - DEBUG - 1 change detected: {(<Change.modified: 2>, '/workspace/app/backend/logs/app_20260524_150636.log')}
2026-05-24 15:14:58,923 - watchfiles.main - DEBUG - 1 change detected: {(<Change.modified: 2>, '/workspace/app/backend/logs/app_20260524_150636.log')}
2026-05-24 15:14:59,274 - watchfiles.main - DEBUG - 1 change detected: {(<Change.modified: 2>, '/workspace/app/backend/logs/app_20260524_150636.log')}
2026-05-24 15:14:59,625 - watchfiles.main - DEBUG - 1 change detected: {(<Change.modified: 2>, '/workspace/app/backend/logs/app_20260524_150636.log')}
2026-05-24 15:14:59,975 - watchfiles.main - DEBUG - 1 change detected: {(<Change.modified: 2>, '/workspace/app/backend/logs/app_20260524_150636.log')}
2026-05-24 15:15:00,326 - watchfiles.main - DEBUG - 1 change detected: {(<Change.modified: 2>, '/workspace/app/backend/logs/app_20260524_150636.log')}
2026-05-24 15:15:00,677 - watchfiles.main - DEBUG - 1 change detected: {(<Change.modified: 2>, '/workspace/app/backend/logs/app_20260524_150636.log')}
2026-05-24 15:15:01,028 - watchfiles.main - DEBUG - 1 change detected: {(<Change.modified: 2>, '/workspace/app/backend/logs/app_20260524_150636.log')}
2026-05-24 15:15:01,378 - watchfiles.main - DEBUG - 1 change detected: {(<Change.modified: 2>, '/workspace/app/backend/logs/app_20260524_150636.log')}
2026-05-24 15:15:01,729 - watchfiles.main - DEBUG - 1 change detected: {(<Change.modified: 2>, '/workspace/app/backend/logs/app_20260524_150636.log')}
2026-05-24 15:15:02,080 - watchfiles.main - DEBUG - 1 change detected: {(<Change.modified: 2>, '/workspace/app/backend/logs/app_20260524_150636.log')}
2026-05-24 15:15:02,431 - watchfiles.main - DEBUG - 1 change detected: {(<Change.modified: 2>, '/workspace/app/backend/logs/app_20260524_150636.log')}
2026-05-24 15:15:02,781 - watchfiles.main - DEBUG - 1 change detected: {(<Change.modified: 2>, '/workspace/app/backend/logs/app_20260524_150636.log')}
2026-05-24 15:15:03,132 - watchfiles.main - DEBUG - 1 change detected: {(<Change.modified: 2>, '/workspace/app/backend/logs/app_20260524_150636.log')}
2026-05-24 15:15:03,483 - watchfiles.main - DEBUG - 1 change detected: {(<Change.modified: 2>, '/workspace/app/backend/logs/app_20260524_150636.log')}
2026-05-24 15:15:03,834 - watchfiles.main - DEBUG - 1 change detected: {(<Change.modified: 2>, '/workspace/app/backend/logs/app_20260524_150636.log')}
2026-05-24 15:15:04,185 - watchfiles.main - DEBUG - 1 change detected: {(<Change.modified: 2>, '/workspace/app/backend/logs/app_20260524_150636.log')}
2026-05-24 15:15:04,536 - watchfiles.main - DEBUG - 1 change detected: {(<Change.modified: 2>, '/workspace/app/backend/logs/app_20260524_150636.log')}
2026-05-24 15:15:04,887 - watchfiles.main - DEBUG - 1 change detected: {(<Change.modified: 2>, '/workspace/app/backend/logs/app_20260524_150636.log')}
2026-05-24 15:15:05,238 - watchfiles.main - DEBUG - 1 change detected: {(<Change.modified: 2>, '/workspace/app/backend/logs/app_20260524_150636.log')}
2026-05-24 15:15:05,588 - watchfiles.main - DEBUG - 1 change detected: {(<Change.modified: 2>, '/workspace/app/backend/logs/app_20260524_150636.log')}
2026-05-24 15:15:05,939 - watchfiles.main - DEBUG - 1 change detected: {(<Change.modified: 2>, '/workspace/app/backend/logs/app_20260524_150636.log')}
2026-05-24 15:15:06,290 - watchfiles.main - DEBUG - 1 change detected: {(<Change.modified: 2>, '/workspace/app/backend/logs/app_20260524_150636.log')}
2026-05-24 15:15:06,641 - watchfiles.main - DEBUG - 1 change detected: {(<Change.modified: 2>, '/workspace/app/backend/logs/app_20260524_150636.log')}
2026-05-24 15:15:06,991 - watchfiles.main - DEBUG - 1 change detected: {(<Change.modified: 2>, '/workspace/app/backend/logs/app_20260524_150636.log')}
2026-05-24 15:15:07,342 - watchfiles.main - DEBUG - 1 change detected: {(<Change.modified: 2>, '/workspace/app/backend/logs/app_20260524_150636.log')}
2026-05-24 15:15:07,693 - watchfiles.main - DEBUG - 1 change detected: {(<Change.modified: 2>, '/workspace/app/backend/logs/app_20260524_150636.log')}
2026-05-24 15:15:08,044 - watchfiles.main - DEBUG - 1 change detected: {(<Change.modified: 2>, '/workspace/app/backend/logs/app_20260524_150636.log')}
2026-05-24 15:15:08,395 - watchfiles.main - DEBUG - 1 change detected: {(<Change.modified: 2>, '/workspace/app/backend/logs/app_20260524_150636.log')}
2026-05-24 15:15:08,746 - watchfiles.main - DEBUG - 1 change detected: {(<Change.modified: 2>, '/workspace/app/backend/logs/app_20260524_150636.log')}
2026-05-24 15:15:09,098 - watchfiles.main - DEBUG - 1 change detected: {(<Change.modified: 2>, '/workspace/app/backend/logs/app_20260524_150636.log')}
2026-05-24 15:15:09,449 - watchfiles.main - DEBUG - 1 change detected: {(<Change.modified: 2>, '/workspace/app/backend/logs/app_20260524_150636.log')}
2026-05-24 15:15:09,800 - watchfiles.main - DEBUG - 1 change detected: {(<Change.modified: 2>, '/workspace/app/backend/logs/app_20260524_150636.log')}
2026-05-24 15:15:10,151 - watchfiles.main - DEBUG - 1 change detected: {(<Change.modified: 2>, '/workspace/app/backend/logs/app_20260524_150636.log')}
2026-05-24 15:15:10,501 - watchfiles.main - DEBUG - 1 change detected: {(<Change.modified: 2>, '/workspace/app/backend/logs/app_20260524_150636.log')}
2026-05-24 15:15:10,852 - watchfiles.main - DEBUG - 1 change detected: {(<Change.modified: 2>, '/workspace/app/backend/logs/app_20260524_150636.log')}
2026-05-24 15:15:11,203 - watchfiles.main - DEBUG - 1 change detected: {(<Change.modified: 2>, '/workspace/app/backend/logs/app_20260524_150636.log')}
2026-05-24 15:15:11,554 - watchfiles.main - DEBUG - 1 change detected: {(<Change.modified: 2>, '/workspace/app/backend/logs/app_20260524_150636.log')}
2026-05-24 15:15:11,905 - watchfiles.main - DEBUG - 1 change detected: {(<Change.modified: 2>, '/workspace/app/backend/logs/app_20260524_150636.log')}
2026-05-24 15:15:12,256 - watchfiles.main - DEBUG - 1 change detected: {(<Change.modified: 2>, '/workspace/app/backend/logs/app_20260524_150636.log')}
2026-05-24 15:15:12,606 - watchfiles.main - DEBUG - 1 change detected: {(<Change.modified: 2>, '/workspace/app/backend/logs/app_20260524_150636.log')}
2026-05-24 15:15:12,957 - watchfiles.main - DEBUG - 1 change detected: {(<Change.modified: 2>, '/workspace/app/backend/logs/app_20260524_150636.log')}
2026-05-24 15:15:13,308 - watchfiles.main - DEBUG - 1 change detected: {(<Change.modified: 2>, '/workspace/app/backend/logs/app_20260524_150636.log')}
2026-05-24 15:15:13,659 - watchfiles.main - DEBUG - 1 change detected: {(<Change.modified: 2>, '/workspace/app/backend/logs/app_20260524_150636.log')}
2026-05-24 15:15:14,009 - watchfiles.main - DEBUG - 1 change detected: {(<Change.modified: 2>, '/workspace/app/backend/logs/app_20260524_150636.log')}
2026-05-24 15:15:14,360 - watchfiles.main - DEBUG - 1 change detected: {(<Change.modified: 2>, '/workspace/app/backend/logs/app_20260524_150636.log')}
2026-05-24 15:15:14,711 - watchfiles.main - DEBUG - 1 change detected: {(<Change.modified: 2>, '/workspace/app/backend/logs/app_20260524_150636.log')}
2026-05-24 15:15:15,062 - watchfiles.main - DEBUG - 1 change detected: {(<Change.modified: 2>, '/workspace/app/backend/logs/app_20260524_150636.log')}
2026-05-24 15:15:15,413 - watchfiles.main - DEBUG - 1 change detected: {(<Change.modified: 2>, '/workspace/app/backend/logs/app_20260524_150636.log')}
2026-05-24 15:15:15,763 - watchfiles.main - DEBUG - 1 change detected: {(<Change.modified: 2>, '/workspace/app/backend/logs/app_20260524_150636.log')}
2026-05-24 15:15:16,114 - watchfiles.main - DEBUG - 1 change detected: {(<Change.modified: 2>, '/workspace/app/backend/logs/app_20260524_150636.log')}
2026-05-24 15:15:16,465 - watchfiles.main - DEBUG - 1 change detected: {(<Change.modified: 2>, '/workspace/app/backend/logs/app_20260524_150636.log')}
2026-05-24 15:15:16,816 - watchfiles.main - DEBUG - 1 change detected: {(<Change.modified: 2>, '/workspace/app/backend/logs/app_20260524_150636.log')}
2026-05-24 15:15:17,167 - watchfiles.main - DEBUG - 1 change detected: {(<Change.modified: 2>, '/workspace/app/backend/logs/app_20260524_150636.log')}
2026-05-24 15:15:17,518 - watchfiles.main - DEBUG - 1 change detected: {(<Change.modified: 2>, '/workspace/app/backend/logs/app_20260524_150636.log')}
2026-05-24 15:15:17,869 - watchfiles.main - DEBUG - 1 change detected: {(<Change.modified: 2>, '/workspace/app/backend/logs/app_20260524_150636.log')}
2026-05-24 15:15:18,220 - watchfiles.main - DEBUG - 1 change detected: {(<Change.modified: 2>, '/workspace/app/backend/logs/app_20260524_150636.log')}
2026-05-24 15:15:18,621 - watchfiles.main - DEBUG - 2 changes detected: {(<Change.modified: 2>, '/workspace/app/backend/logs/app_20260524_150639.log'), (<Change.modified: 2>, '/workspace/app/backend/logs/app_20260524_150636.log')}
2026-05-24 15:15:18,972 - watchfiles.main - DEBUG - 2 changes detected: {(<Change.modified: 2>, '/workspace/app/backend/logs/app_20260524_150639.log'), (<Change.modified: 2>, '/workspace/app/backend/logs/app_20260524_150636.log')}
2026-05-24 15:15:19,322 - watchfiles.main - DEBUG - 1 change detected: {(<Change.modified: 2>, '/workspace/app/backend/logs/app_20260524_150636.log')}
2026-05-24 15:15:19,674 - watchfiles.main - DEBUG - 1 change detected: {(<Change.modified: 2>, '/workspace/app/backend/logs/app_20260524_150636.log')}
2026-05-24 15:15:20,025 - watchfiles.main - DEBUG - 1 change detected: {(<Change.modified: 2>, '/workspace/app/backend/logs/app_20260524_150636.log')}
2026-05-24 15:15:20,375 - watchfiles.main - DEBUG - 1 change detected: {(<Change.modified: 2>, '/workspace/app/backend/logs/app_20260524_150636.log')}
2026-05-24 15:15:20,726 - watchfiles.main - DEBUG - 1 change detected: {(<Change.modified: 2>, '/workspace/app/backend/logs/app_20260524_150636.log')}
2026-05-24 15:15:21,077 - watchfiles.main - DEBUG - 1 change detected: {(<Change.modified: 2>, '/workspace/app/backend/logs/app_20260524_150636.log')}
2026-05-24 15:15:21,428 - watchfiles.main - DEBUG - 1 change detected: {(<Change.modified: 2>, '/workspace/app/backend/logs/app_20260524_150636.log')}
2026-05-24 15:15:21,778 - watchfiles.main - DEBUG - 1 change detected: {(<Change.modified: 2>, '/workspace/app/backend/logs/app_20260524_150636.log')}
2026-05-24 15:15:22,129 - watchfiles.main - DEBUG - 1 change detected: {(<Change.modified: 2>, '/workspace/app/backend/logs/app_20260524_150636.log')}
2026-05-24 15:15:22,480 - watchfiles.main - DEBUG - 1 change detected: {(<Change.modified: 2>, '/workspace/app/backend/logs/app_20260524_150636.log')}
2026-05-24 15:15:22,831 - watchfiles.main - DEBUG - 1 change detected: {(<Change.modified: 2>, '/workspace/app/backend/logs/app_20260524_150636.log')}
2026-05-24 15:15:23,181 - watchfiles.main - DEBUG - 1 change detected: {(<Change.modified: 2>, '/workspace/app/backend/logs/app_20260524_150636.log')}
2026-05-24 15:15:23,532 - watchfiles.main - DEBUG - 1 change detected: {(<Change.modified: 2>, '/workspace/app/backend/logs/app_20260524_150636.log')}
2026-05-24 15:15:23,883 - watchfiles.main - DEBUG - 1 change detected: {(<Change.modified: 2>, '/workspace/app/backend/logs/app_20260524_150636.log')}
2026-05-24 15:15:24,234 - watchfiles.main - DEBUG - 1 change detected: {(<Change.modified: 2>, '/workspace/app/backend/logs/app_20260524_150636.log')}
2026-05-24 15:15:24,584 - watchfiles.main - DEBUG - 1 change detected: {(<Change.modified: 2>, '/workspace/app/backend/logs/app_20260524_150636.log')}
2026-05-24 15:15:24,935 - watchfiles.main - DEBUG - 1 change detected: {(<Change.modified: 2>, '/workspace/app/backend/logs/app_20260524_150636.log')}
2026-05-24 15:15:25,286 - watchfiles.main - DEBUG - 1 change detected: {(<Change.modified: 2>, '/workspace/app/backend/logs/app_20260524_150636.log')}
2026-05-24 15:15:25,637 - watchfiles.main - DEBUG - 1 change detected: {(<Change.modified: 2>, '/workspace/app/backend/logs/app_20260524_150636.log')}
2026-05-24 15:15:25,988 - watchfiles.main - DEBUG - 1 change detected: {(<Change.modified: 2>, '/workspace/app/backend/logs/app_20260524_150636.log')}
2026-05-24 15:15:26,339 - watchfiles.main - DEBUG - 1 change detected: {(<Change.modified: 2>, '/workspace/app/backend/logs/app_20260524_150636.log')}
2026-05-24 15:15:26,689 - watchfiles.main - DEBUG - 1 change detected: {(<Change.modified: 2>, '/workspace/app/backend/logs/app_20260524_150636.log')}
2026-05-24 15:15:27,040 - watchfiles.main - DEBUG - 1 change detected: {(<Change.modified: 2>, '/workspace/app/backend/logs/app_20260524_150636.log')}
2026-05-24 15:15:27,391 - watchfiles.main - DEBUG - 1 change detected: {(<Change.modified: 2>, '/workspace/app/backend/logs/app_20260524_150636.log')}
2026-05-24 15:15:27,742 - watchfiles.main - DEBUG - 1 change detected: {(<Change.modified: 2>, '/workspace/app/backend/logs/app_20260524_150636.log')}
2026-05-24 15:15:28,092 - watchfiles.main - DEBUG - 1 change detected: {(<Change.modified: 2>, '/workspace/app/backend/logs/app_20260524_150636.log')}
2026-05-24 15:15:28,443 - watchfiles.main - DEBUG - 1 change detected: {(<Change.modified: 2>, '/workspace/app/backend/logs/app_20260524_150636.log')}
2026-05-24 15:15:28,794 - watchfiles.main - DEBUG - 1 change detected: {(<Change.modified: 2>, '/workspace/app/backend/logs/app_20260524_150636.log')}
2026-05-24 15:15:29,145 - watchfiles.main - DEBUG - 1 change detected: {(<Change.modified: 2>, '/workspace/app/backend/logs/app_20260524_150636.log')}
2026-05-24 15:15:29,495 - watchfiles.main - DEBUG - 1 change detected: {(<Change.modified: 2>, '/workspace/app/backend/logs/app_20260524_150636.log')}
2026-05-24 15:15:29,847 - watchfiles.main - DEBUG - 1 change detected: {(<Change.modified: 2>, '/workspace/app/backend/logs/app_20260524_150636.log')}
2026-05-24 15:15:30,197 - watchfiles.main - DEBUG - 1 change detected: {(<Change.modified: 2>, '/workspace/app/backend/logs/app_20260524_150636.log')}
2026-05-24 15:15:30,548 - watchfiles.main - DEBUG - 1 change detected: {(<Change.modified: 2>, '/workspace/app/backend/logs/app_20260524_150636.log')}
2026-05-24 15:15:30,899 - watchfiles.main - DEBUG - 1 change detected: {(<Change.modified: 2>, '/workspace/app/backend/logs/app_20260524_150636.log')}
2026-05-24 15:15:31,250 - watchfiles.main - DEBUG - 1 change detected: {(<Change.modified: 2>, '/workspace/app/backend/logs/app_20260524_150636.log')}
2026-05-24 15:15:31,601 - watchfiles.main - DEBUG - 1 change detected: {(<Change.modified: 2>, '/workspace/app/backend/logs/app_20260524_150636.log')}
2026-05-24 15:15:31,952 - watchfiles.main - DEBUG - 1 change detected: {(<Change.modified: 2>, '/workspace/app/backend/logs/app_20260524_150636.log')}
2026-05-24 15:15:32,303 - watchfiles.main - DEBUG - 1 change detected: {(<Change.modified: 2>, '/workspace/app/backend/logs/app_20260524_150636.log')}
2026-05-24 15:15:32,653 - watchfiles.main - DEBUG - 1 change detected: {(<Change.modified: 2>, '/workspace/app/backend/logs/app_20260524_150636.log')}
2026-05-24 15:15:33,004 - watchfiles.main - DEBUG - 1 change detected: {(<Change.modified: 2>, '/workspace/app/backend/logs/app_20260524_150636.log')}
2026-05-24 15:15:33,355 - watchfiles.main - DEBUG - 1 change detected: {(<Change.modified: 2>, '/workspace/app/backend/logs/app_20260524_150636.log')}
2026-05-24 15:15:33,706 - watchfiles.main - DEBUG - 1 change detected: {(<Change.modified: 2>, '/workspace/app/backend/logs/app_20260524_150636.log')}
2026-05-24 15:15:34,057 - watchfiles.main - DEBUG - 1 change detected: {(<Change.modified: 2>, '/workspace/app/backend/logs/app_20260524_150636.log')}
2026-05-24 15:15:34,408 - watchfiles.main - DEBUG - 1 change detected: {(<Change.modified: 2>, '/workspace/app/backend/logs/app_20260524_150636.log')}
2026-05-24 15:15:34,758 - watchfiles.main - DEBUG - 1 change detected: {(<Change.modified: 2>, '/workspace/app/backend/logs/app_20260524_150636.log')}
2026-05-24 15:15:35,109 - watchfiles.main - DEBUG - 1 change detected: {(<Change.modified: 2>, '/workspace/app/backend/logs/app_20260524_150636.log')}
2026-05-24 15:15:35,460 - watchfiles.main - DEBUG - 1 change detected: {(<Change.modified: 2>, '/workspace/app/backend/logs/app_20260524_150636.log')}
2026-05-24 15:15:35,811 - watchfiles.main - DEBUG - 1 change detected: {(<Change.modified: 2>, '/workspace/app/backend/logs/app_20260524_150636.log')}
2026-05-24 15:15:36,162 - watchfiles.main - DEBUG - 1 change detected: {(<Change.modified: 2>, '/workspace/app/backend/logs/app_20260524_150636.log')}
2026-05-24 15:15:36,513 - watchfiles.main - DEBUG - 1 change detected: {(<Change.modified: 2>, '/workspace/app/backend/logs/app_20260524_150636.log')}
2026-05-24 15:15:36,864 - watchfiles.main - DEBUG - 1 change detected: {(<Change.modified: 2>, '/workspace/app/backend/logs/app_20260524_150636.log')}
2026-05-24 15:15:37,214 - watchfiles.main - DEBUG - 1 change detected: {(<Change.modified: 2>, '/workspace/app/backend/logs/app_20260524_150636.log')}
2026-05-24 15:15:37,565 - watchfiles.main - DEBUG - 1 change detected: {(<Change.modified: 2>, '/workspace/app/backend/logs/app_20260524_150636.log')}
2026-05-24 15:15:37,916 - watchfiles.main - DEBUG - 1 change detected: {(<Change.modified: 2>, '/workspace/app/backend/logs/app_20260524_150636.log')}
2026-05-24 15:15:38,267 - watchfiles.main - DEBUG - 1 change detected: {(<Change.modified: 2>, '/workspace/app/backend/logs/app_20260524_150636.log')}
2026-05-24 15:15:38,618 - watchfiles.main - DEBUG - 1 change detected: {(<Change.modified: 2>, '/workspace/app/backend/logs/app_20260524_150636.log')}
2026-05-24 15:15:38,969 - watchfiles.main - DEBUG - 1 change detected: {(<Change.modified: 2>, '/workspace/app/backend/logs/app_20260524_150636.log')}
2026-05-24 15:15:39,319 - watchfiles.main - DEBUG - 1 change detected: {(<Change.modified: 2>, '/workspace/app/backend/logs/app_20260524_150636.log')}
2026-05-24 15:15:39,670 - watchfiles.main - DEBUG - 1 change detected: {(<Change.modified: 2>, '/workspace/app/backend/logs/app_20260524_150636.log')}
2026-05-24 15:15:40,021 - watchfiles.main - DEBUG - 1 change detected: {(<Change.modified: 2>, '/workspace/app/backend/logs/app_20260524_150636.log')}
2026-05-24 15:15:40,372 - watchfiles.main - DEBUG - 1 change detected: {(<Change.modified: 2>, '/workspace/app/backend/logs/app_20260524_150636.log')}
2026-05-24 15:15:40,723 - watchfiles.main - DEBUG - 1 change detected: {(<Change.modified: 2>, '/workspace/app/backend/logs/app_20260524_150636.log')}
2026-05-24 15:15:41,073 - watchfiles.main - DEBUG - 1 change detected: {(<Change.modified: 2>, '/workspace/app/backend/logs/app_20260524_150636.log')}
2026-05-24 15:15:41,424 - watchfiles.main - DEBUG - 1 change detected: {(<Change.modified: 2>, '/workspace/app/backend/logs/app_20260524_150636.log')}
2026-05-24 15:15:41,775 - watchfiles.main - DEBUG - 1 change detected: {(<Change.modified: 2>, '/workspace/app/backend/logs/app_20260524_150636.log')}
2026-05-24 15:15:42,126 - watchfiles.main - DEBUG - 1 change detected: {(<Change.modified: 2>, '/workspace/app/backend/logs/app_20260524_150636.log')}
2026-05-24 15:15:42,476 - watchfiles.main - DEBUG - 1 change detected: {(<Change.modified: 2>, '/workspace/app/backend/logs/app_20260524_150636.log')}
2026-05-24 15:15:42,827 - watchfiles.main - DEBUG - 1 change detected: {(<Change.modified: 2>, '/workspace/app/backend/logs/app_20260524_150636.log')}
2026-05-24 15:15:43,178 - watchfiles.main - DEBUG - 1 change detected: {(<Change.modified: 2>, '/workspace/app/backend/logs/app_20260524_150636.log')}
2026-05-24 15:15:43,529 - watchfiles.main - DEBUG - 1 change detected: {(<Change.modified: 2>, '/workspace/app/backend/logs/app_20260524_150636.log')}
2026-05-24 15:15:43,880 - watchfiles.main - DEBUG - 1 change detected: {(<Change.modified: 2>, '/workspace/app/backend/logs/app_20260524_150636.log')}
2026-05-24 15:15:44,231 - watchfiles.main - DEBUG - 1 change detected: {(<Change.modified: 2>, '/workspace/app/backend/logs/app_20260524_150636.log')}
2026-05-24 15:15:44,581 - watchfiles.main - DEBUG - 1 change detected: {(<Change.modified: 2>, '/workspace/app/backend/logs/app_20260524_150636.log')}
2026-05-24 15:15:44,932 - watchfiles.main - DEBUG - 1 change detected: {(<Change.modified: 2>, '/workspace/app/backend/logs/app_20260524_150636.log')}
2026-05-24 15:15:45,283 - watchfiles.main - DEBUG - 1 change detected: {(<Change.modified: 2>, '/workspace/app/backend/logs/app_20260524_150636.log')}
2026-05-24 15:15:45,634 - watchfiles.main - DEBUG - 1 change detected: {(<Change.modified: 2>, '/workspace/app/backend/logs/app_20260524_150636.log')}
2026-05-24 15:15:45,985 - watchfiles.main - DEBUG - 1 change detected: {(<Change.modified: 2>, '/workspace/app/backend/logs/app_20260524_150636.log')}
2026-05-24 15:15:46,336 - watchfiles.main - DEBUG - 1 change detected: {(<Change.modified: 2>, '/workspace/app/backend/logs/app_20260524_150636.log')}
2026-05-24 15:15:46,687 - watchfiles.main - DEBUG - 1 change detected: {(<Change.modified: 2>, '/workspace/app/backend/logs/app_20260524_150636.log')}
2026-05-24 15:15:47,038 - watchfiles.main - DEBUG - 1 change detected: {(<Change.modified: 2>, '/workspace/app/backend/logs/app_20260524_150636.log')}
2026-05-24 15:15:47,389 - watchfiles.main - DEBUG - 1 change detected: {(<Change.modified: 2>, '/workspace/app/backend/logs/app_20260524_150636.log')}
2026-05-24 15:15:47,739 - watchfiles.main - DEBUG - 2 changes detected: {(<Change.modified: 2>, '/workspace/app/backend/logs/app_20260524_150639.log'), (<Change.modified: 2>, '/workspace/app/backend/logs/app_20260524_150636.log')}
2026-05-24 15:15:48,090 - watchfiles.main - DEBUG - 2 changes detected: {(<Change.modified: 2>, '/workspace/app/backend/logs/app_20260524_150639.log'), (<Change.modified: 2>, '/workspace/app/backend/logs/app_20260524_150636.log')}
2026-05-24 15:15:48,441 - watchfiles.main - DEBUG - 1 change detected: {(<Change.modified: 2>, '/workspace/app/backend/logs/app_20260524_150636.log')}
2026-05-24 15:15:48,792 - watchfiles.main - DEBUG - 1 change detected: {(<Change.modified: 2>, '/workspace/app/backend/logs/app_20260524_150636.log')}
2026-05-24 15:15:49,142 - watchfiles.main - DEBUG - 1 change detected: {(<Change.modified: 2>, '/workspace/app/backend/logs/app_20260524_150636.log')}
2026-05-24 15:15:49,493 - watchfiles.main - DEBUG - 1 change detected: {(<Change.modified: 2>, '/workspace/app/backend/logs/app_20260524_150636.log')}
2026-05-24 15:15:49,844 - watchfiles.main - DEBUG - 1 change detected: {(<Change.modified: 2>, '/workspace/app/backend/logs/app_20260524_150636.log')}
2026-05-24 15:15:50,195 - watchfiles.main - DEBUG - 1 change detected: {(<Change.modified: 2>, '/workspace/app/backend/logs/app_20260524_150636.log')}
2026-05-24 15:15:50,546 - watchfiles.main - DEBUG - 1 change detected: {(<Change.modified: 2>, '/workspace/app/backend/logs/app_20260524_150636.log')}
2026-05-24 15:15:50,896 - watchfiles.main - DEBUG - 1 change detected: {(<Change.modified: 2>, '/workspace/app/backend/logs/app_20260524_150636.log')}
2026-05-24 15:15:51,247 - watchfiles.main - DEBUG - 1 change detected: {(<Change.modified: 2>, '/workspace/app/backend/logs/app_20260524_150636.log')}
2026-05-24 15:15:51,598 - watchfiles.main - DEBUG - 1 change detected: {(<Change.modified: 2>, '/workspace/app/backend/logs/app_20260524_150636.log')}
2026-05-24 15:15:51,949 - watchfiles.main - DEBUG - 1 change detected: {(<Change.modified: 2>, '/workspace/app/backend/logs/app_20260524_150636.log')}
2026-05-24 15:15:52,300 - watchfiles.main - DEBUG - 1 change detected: {(<Change.modified: 2>, '/workspace/app/backend/logs/app_20260524_150636.log')}
2026-05-24 15:15:52,651 - watchfiles.main - DEBUG - 1 change detected: {(<Change.modified: 2>, '/workspace/app/backend/logs/app_20260524_150636.log')}
2026-05-24 15:15:53,002 - watchfiles.main - DEBUG - 1 change detected: {(<Change.modified: 2>, '/workspace/app/backend/logs/app_20260524_150636.log')}
2026-05-24 15:15:53,353 - watchfiles.main - DEBUG - 1 change detected: {(<Change.modified: 2>, '/workspace/app/backend/logs/app_20260524_150636.log')}
2026-05-24 15:15:53,703 - watchfiles.main - DEBUG - 1 change detected: {(<Change.modified: 2>, '/workspace/app/backend/logs/app_20260524_150636.log')}
2026-05-24 15:15:54,054 - watchfiles.main - DEBUG - 1 change detected: {(<Change.modified: 2>, '/workspace/app/backend/logs/app_20260524_150636.log')}
2026-05-24 15:15:54,405 - watchfiles.main - DEBUG - 1 change detected: {(<Change.modified: 2>, '/workspace/app/backend/logs/app_20260524_150636.log')}
2026-05-24 15:15:54,756 - watchfiles.main - DEBUG - 1 change detected: {(<Change.modified: 2>, '/workspace/app/backend/logs/app_20260524_150636.log')}
2026-05-24 15:15:55,106 - watchfiles.main - DEBUG - 1 change detected: {(<Change.modified: 2>, '/workspace/app/backend/logs/app_20260524_150636.log')}
2026-05-24 15:15:55,457 - watchfiles.main - DEBUG - 1 change detected: {(<Change.modified: 2>, '/workspace/app/backend/logs/app_20260524_150636.log')}
2026-05-24 15:15:55,808 - watchfiles.main - DEBUG - 1 change detected: {(<Change.modified: 2>, '/workspace/app/backend/logs/app_20260524_150636.log')}
2026-05-24 15:15:56,159 - watchfiles.main - DEBUG - 1 change detected: {(<Change.modified: 2>, '/workspace/app/backend/logs/app_20260524_150636.log')}
2026-05-24 15:15:56,510 - watchfiles.main - DEBUG - 1 change detected: {(<Change.modified: 2>, '/workspace/app/backend/logs/app_20260524_150636.log')}
2026-05-24 15:15:56,860 - watchfiles.main - DEBUG - 1 change detected: {(<Change.modified: 2>, '/workspace/app/backend/logs/app_20260524_150636.log')}
2026-05-24 15:15:57,211 - watchfiles.main - DEBUG - 1 change detected: {(<Change.modified: 2>, '/workspace/app/backend/logs/app_20260524_150636.log')}
2026-05-24 15:15:57,562 - watchfiles.main - DEBUG - 1 change detected: {(<Change.modified: 2>, '/workspace/app/backend/logs/app_20260524_150636.log')}
2026-05-24 15:15:57,913 - watchfiles.main - DEBUG - 1 change detected: {(<Change.modified: 2>, '/workspace/app/backend/logs/app_20260524_150636.log')}
2026-05-24 15:15:58,263 - watchfiles.main - DEBUG - 1 change detected: {(<Change.modified: 2>, '/workspace/app/backend/logs/app_20260524_150636.log')}
2026-05-24 15:15:58,614 - watchfiles.main - DEBUG - 1 change detected: {(<Change.modified: 2>, '/workspace/app/backend/logs/app_20260524_150636.log')}
2026-05-24 15:15:58,965 - watchfiles.main - DEBUG - 1 change detected: {(<Change.modified: 2>, '/workspace/app/backend/logs/app_20260524_150636.log')}
2026-05-24 15:15:59,316 - watchfiles.main - DEBUG - 1 change detected: {(<Change.modified: 2>, '/workspace/app/backend/logs/app_20260524_150636.log')}
2026-05-24 15:15:59,667 - watchfiles.main - DEBUG - 1 change detected: {(<Change.modified: 2>, '/workspace/app/backend/logs/app_20260524_150636.log')}
2026-05-24 15:16:00,017 - watchfiles.main - DEBUG - 1 change detected: {(<Change.modified: 2>, '/workspace/app/backend/logs/app_20260524_150636.log')}
2026-05-24 15:16:00,368 - watchfiles.main - DEBUG - 1 change detected: {(<Change.modified: 2>, '/workspace/app/backend/logs/app_20260524_150636.log')}
2026-05-24 15:16:00,719 - watchfiles.main - DEBUG - 1 change detected: {(<Change.modified: 2>, '/workspace/app/backend/logs/app_20260524_150636.log')}
2026-05-24 15:16:01,070 - watchfiles.main - DEBUG - 1 change detected: {(<Change.modified: 2>, '/workspace/app/backend/logs/app_20260524_150636.log')}
2026-05-24 15:16:01,421 - watchfiles.main - DEBUG - 1 change detected: {(<Change.modified: 2>, '/workspace/app/backend/logs/app_20260524_150636.log')}
2026-05-24 15:16:01,772 - watchfiles.main - DEBUG - 1 change detected: {(<Change.modified: 2>, '/workspace/app/backend/logs/app_20260524_150636.log')}
2026-05-24 15:16:02,122 - watchfiles.main - DEBUG - 1 change detected: {(<Change.modified: 2>, '/workspace/app/backend/logs/app_20260524_150636.log')}
2026-05-24 15:16:02,473 - watchfiles.main - DEBUG - 1 change detected: {(<Change.modified: 2>, '/workspace/app/backend/logs/app_20260524_150636.log')}
2026-05-24 15:16:02,824 - watchfiles.main - DEBUG - 1 change detected: {(<Change.modified: 2>, '/workspace/app/backend/logs/app_20260524_150636.log')}
2026-05-24 15:16:03,175 - watchfiles.main - DEBUG - 1 change detected: {(<Change.modified: 2>, '/workspace/app/backend/logs/app_20260524_150636.log')}
2026-05-24 15:16:03,526 - watchfiles.main - DEBUG - 1 change detected: {(<Change.modified: 2>, '/workspace/app/backend/logs/app_20260524_150636.log')}
2026-05-24 15:16:03,877 - watchfiles.main - DEBUG - 1 change detected: {(<Change.modified: 2>, '/workspace/app/backend/logs/app_20260524_150636.log')}
2026-05-24 15:16:04,227 - watchfiles.main - DEBUG - 1 change detected: {(<Change.modified: 2>, '/workspace/app/backend/logs/app_20260524_150636.log')}
2026-05-24 15:16:04,578 - watchfiles.main - DEBUG - 1 change detected: {(<Change.modified: 2>, '/workspace/app/backend/logs/app_20260524_150636.log')}
2026-05-24 15:16:04,929 - watchfiles.main - DEBUG - 1 change detected: {(<Change.modified: 2>, '/workspace/app/backend/logs/app_20260524_150636.log')}
2026-05-24 15:16:05,279 - watchfiles.main - DEBUG - 1 change detected: {(<Change.modified: 2>, '/workspace/app/backend/logs/app_20260524_150636.log')}
2026-05-24 15:16:05,630 - watchfiles.main - DEBUG - 1 change detected: {(<Change.modified: 2>, '/workspace/app/backend/logs/app_20260524_150636.log')}
2026-05-24 15:16:05,981 - watchfiles.main - DEBUG - 1 change detected: {(<Change.modified: 2>, '/workspace/app/backend/logs/app_20260524_150636.log')}
2026-05-24 15:16:06,332 - watchfiles.main - DEBUG - 1 change detected: {(<Change.modified: 2>, '/workspace/app/backend/logs/app_20260524_150636.log')}
2026-05-24 15:16:06,683 - watchfiles.main - DEBUG - 1 change detected: {(<Change.modified: 2>, '/workspace/app/backend/logs/app_20260524_150636.log')}
2026-05-24 15:16:07,033 - watchfiles.main - DEBUG - 1 change detected: {(<Change.modified: 2>, '/workspace/app/backend/logs/app_20260524_150636.log')}
2026-05-24 15:16:07,384 - watchfiles.main - DEBUG - 1 change detected: {(<Change.modified: 2>, '/workspace/app/backend/logs/app_20260524_150636.log')}
2026-05-24 15:16:07,735 - watchfiles.main - DEBUG - 1 change detected: {(<Change.modified: 2>, '/workspace/app/backend/logs/app_20260524_150636.log')}
2026-05-24 15:16:08,085 - watchfiles.main - DEBUG - 1 change detected: {(<Change.modified: 2>, '/workspace/app/backend/logs/app_20260524_150636.log')}
2026-05-24 15:16:08,436 - watchfiles.main - DEBUG - 1 change detected: {(<Change.modified: 2>, '/workspace/app/backend/logs/app_20260524_150636.log')}
2026-05-24 15:16:08,787 - watchfiles.main - DEBUG - 1 change detected: {(<Change.modified: 2>, '/workspace/app/backend/logs/app_20260524_150636.log')}
2026-05-24 15:16:09,138 - watchfiles.main - DEBUG - 1 change detected: {(<Change.modified: 2>, '/workspace/app/backend/logs/app_20260524_150636.log')}
2026-05-24 15:16:09,489 - watchfiles.main - DEBUG - 1 change detected: {(<Change.modified: 2>, '/workspace/app/backend/logs/app_20260524_150636.log')}
2026-05-24 15:16:09,840 - watchfiles.main - DEBUG - 1 change detected: {(<Change.modified: 2>, '/workspace/app/backend/logs/app_20260524_150636.log')}
2026-05-24 15:16:10,191 - watchfiles.main - DEBUG - 1 change detected: {(<Change.modified: 2>, '/workspace/app/backend/logs/app_20260524_150636.log')}
2026-05-24 15:16:10,542 - watchfiles.main - DEBUG - 1 change detected: {(<Change.modified: 2>, '/workspace/app/backend/logs/app_20260524_150636.log')}
2026-05-24 15:16:10,893 - watchfiles.main - DEBUG - 1 change detected: {(<Change.modified: 2>, '/workspace/app/backend/logs/app_20260524_150636.log')}
2026-05-24 15:16:11,243 - watchfiles.main - DEBUG - 1 change detected: {(<Change.modified: 2>, '/workspace/app/backend/logs/app_20260524_150636.log')}
2026-05-24 15:16:11,594 - watchfiles.main - DEBUG - 1 change detected: {(<Change.modified: 2>, '/workspace/app/backend/logs/app_20260524_150636.log')}
2026-05-24 15:16:11,945 - watchfiles.main - DEBUG - 1 change detected: {(<Change.modified: 2>, '/workspace/app/backend/logs/app_20260524_150636.log')}
2026-05-24 15:16:12,296 - watchfiles.main - DEBUG - 1 change detected: {(<Change.modified: 2>, '/workspace/app/backend/logs/app_20260524_150636.log')}
2026-05-24 15:16:12,647 - watchfiles.main - DEBUG - 1 change detected: {(<Change.modified: 2>, '/workspace/app/backend/logs/app_20260524_150636.log')}
2026-05-24 15:16:12,998 - watchfiles.main - DEBUG - 1 change detected: {(<Change.modified: 2>, '/workspace/app/backend/logs/app_20260524_150636.log')}
2026-05-24 15:16:13,349 - watchfiles.main - DEBUG - 1 change detected: {(<Change.modified: 2>, '/workspace/app/backend/logs/app_20260524_150636.log')}
2026-05-24 15:16:13,699 - watchfiles.main - DEBUG - 1 change detected: {(<Change.modified: 2>, '/workspace/app/backend/logs/app_20260524_150636.log')}
2026-05-24 15:16:14,051 - watchfiles.main - DEBUG - 1 change detected: {(<Change.modified: 2>, '/workspace/app/backend/logs/app_20260524_150636.log')}
2026-05-24 15:16:14,401 - watchfiles.main - DEBUG - 1 change detected: {(<Change.modified: 2>, '/workspace/app/backend/logs/app_20260524_150636.log')}
2026-05-24 15:16:14,752 - watchfiles.main - DEBUG - 1 change detected: {(<Change.modified: 2>, '/workspace/app/backend/logs/app_20260524_150636.log')}
2026-05-24 15:16:15,103 - watchfiles.main - DEBUG - 1 change detected: {(<Change.modified: 2>, '/workspace/app/backend/logs/app_20260524_150636.log')}
2026-05-24 15:16:15,454 - watchfiles.main - DEBUG - 1 change detected: {(<Change.modified: 2>, '/workspace/app/backend/logs/app_20260524_150636.log')}
2026-05-24 15:16:15,805 - watchfiles.main - DEBUG - 1 change detected: {(<Change.modified: 2>, '/workspace/app/backend/logs/app_20260524_150636.log')}
2026-05-24 15:16:16,156 - watchfiles.main - DEBUG - 1 change detected: {(<Change.modified: 2>, '/workspace/app/backend/logs/app_20260524_150636.log')}
2026-05-24 15:16:16,506 - watchfiles.main - DEBUG - 1 change detected: {(<Change.modified: 2>, '/workspace/app/backend/logs/app_20260524_150636.log')}
2026-05-24 15:16:16,857 - watchfiles.main - DEBUG - 1 change detected: {(<Change.modified: 2>, '/workspace/app/backend/logs/app_20260524_150636.log')}
2026-05-24 15:16:17,208 - watchfiles.main - DEBUG - 1 change detected: {(<Change.modified: 2>, '/workspace/app/backend/logs/app_20260524_150636.log')}
2026-05-24 15:16:17,559 - watchfiles.main - DEBUG - 2 changes detected: {(<Change.modified: 2>, '/workspace/app/backend/logs/app_20260524_150639.log'), (<Change.modified: 2>, '/workspace/app/backend/logs/app_20260524_150636.log')}
2026-05-24 15:16:17,960 - watchfiles.main - DEBUG - 2 changes detected: {(<Change.modified: 2>, '/workspace/app/backend/logs/app_20260524_150639.log'), (<Change.modified: 2>, '/workspace/app/backend/logs/app_20260524_150636.log')}
2026-05-24 15:16:18,311 - watchfiles.main - DEBUG - 1 change detected: {(<Change.modified: 2>, '/workspace/app/backend/logs/app_20260524_150636.log')}
2026-05-24 15:16:18,662 - watchfiles.main - DEBUG - 1 change detected: {(<Change.modified: 2>, '/workspace/app/backend/logs/app_20260524_150636.log')}
2026-05-24 15:16:19,012 - watchfiles.main - DEBUG - 1 change detected: {(<Change.modified: 2>, '/workspace/app/backend/logs/app_20260524_150636.log')}
2026-05-24 15:16:19,363 - watchfiles.main - DEBUG - 1 change detected: {(<Change.modified: 2>, '/workspace/app/backend/logs/app_20260524_150636.log')}
2026-05-24 15:16:19,714 - watchfiles.main - DEBUG - 1 change detected: {(<Change.modified: 2>, '/workspace/app/backend/logs/app_20260524_150636.log')}
2026-05-24 15:16:20,065 - watchfiles.main - DEBUG - 1 change detected: {(<Change.modified: 2>, '/workspace/app/backend/logs/app_20260524_150636.log')}
2026-05-24 15:16:20,416 - watchfiles.main - DEBUG - 1 change detected: {(<Change.modified: 2>, '/workspace/app/backend/logs/app_20260524_150636.log')}
2026-05-24 15:16:20,766 - watchfiles.main - DEBUG - 1 change detected: {(<Change.modified: 2>, '/workspace/app/backend/logs/app_20260524_150636.log')}
2026-05-24 15:16:21,117 - watchfiles.main - DEBUG - 1 change detected: {(<Change.modified: 2>, '/workspace/app/backend/logs/app_20260524_150636.log')}
2026-05-24 15:16:21,468 - watchfiles.main - DEBUG - 1 change detected: {(<Change.modified: 2>, '/workspace/app/backend/logs/app_20260524_150636.log')}
2026-05-24 15:16:21,819 - watchfiles.main - DEBUG - 1 change detected: {(<Change.modified: 2>, '/workspace/app/backend/logs/app_20260524_150636.log')}
2026-05-24 15:16:22,170 - watchfiles.main - DEBUG - 1 change detected: {(<Change.modified: 2>, '/workspace/app/backend/logs/app_20260524_150636.log')}
2026-05-24 15:16:22,521 - watchfiles.main - DEBUG - 1 change detected: {(<Change.modified: 2>, '/workspace/app/backend/logs/app_20260524_150636.log')}
2026-05-24 15:16:22,872 - watchfiles.main - DEBUG - 1 change detected: {(<Change.modified: 2>, '/workspace/app/backend/logs/app_20260524_150636.log')}
2026-05-24 15:16:23,222 - watchfiles.main - DEBUG - 1 change detected: {(<Change.modified: 2>, '/workspace/app/backend/logs/app_20260524_150636.log')}
2026-05-24 15:16:23,573 - watchfiles.main - DEBUG - 1 change detected: {(<Change.modified: 2>, '/workspace/app/backend/logs/app_20260524_150636.log')}
2026-05-24 15:16:23,924 - watchfiles.main - DEBUG - 1 change detected: {(<Change.modified: 2>, '/workspace/app/backend/logs/app_20260524_150636.log')}
2026-05-24 15:16:24,275 - watchfiles.main - DEBUG - 1 change detected: {(<Change.modified: 2>, '/workspace/app/backend/logs/app_20260524_150636.log')}
2026-05-24 15:16:24,625 - watchfiles.main - DEBUG - 1 change detected: {(<Change.modified: 2>, '/workspace/app/backend/logs/app_20260524_150636.log')}
2026-05-24 15:16:24,976 - watchfiles.main - DEBUG - 1 change detected: {(<Change.modified: 2>, '/workspace/app/backend/logs/app_20260524_150636.log')}
2026-05-24 15:16:25,327 - watchfiles.main - DEBUG - 1 change detected: {(<Change.modified: 2>, '/workspace/app/backend/logs/app_20260524_150636.log')}
2026-05-24 15:16:25,678 - watchfiles.main - DEBUG - 1 change detected: {(<Change.modified: 2>, '/workspace/app/backend/logs/app_20260524_150636.log')}
2026-05-24 15:16:26,029 - watchfiles.main - DEBUG - 1 change detected: {(<Change.modified: 2>, '/workspace/app/backend/logs/app_20260524_150636.log')}
2026-05-24 15:16:26,380 - watchfiles.main - DEBUG - 1 change detected: {(<Change.modified: 2>, '/workspace/app/backend/logs/app_20260524_150636.log')}
2026-05-24 15:16:26,731 - watchfiles.main - DEBUG - 1 change detected: {(<Change.modified: 2>, '/workspace/app/backend/logs/app_20260524_150636.log')}
2026-05-24 15:16:27,081 - watchfiles.main - DEBUG - 1 change detected: {(<Change.modified: 2>, '/workspace/app/backend/logs/app_20260524_150636.log')}
2026-05-24 15:16:27,432 - watchfiles.main - DEBUG - 1 change detected: {(<Change.modified: 2>, '/workspace/app/backend/logs/app_20260524_150636.log')}
2026-05-24 15:16:27,783 - watchfiles.main - DEBUG - 1 change detected: {(<Change.modified: 2>, '/workspace/app/backend/logs/app_20260524_150636.log')}
2026-05-24 15:16:28,134 - watchfiles.main - DEBUG - 1 change detected: {(<Change.modified: 2>, '/workspace/app/backend/logs/app_20260524_150636.log')}
2026-05-24 15:16:28,484 - watchfiles.main - DEBUG - 1 change detected: {(<Change.modified: 2>, '/workspace/app/backend/logs/app_20260524_150636.log')}
2026-05-24 15:16:28,835 - watchfiles.main - DEBUG - 1 change detected: {(<Change.modified: 2>, '/workspace/app/backend/logs/app_20260524_150636.log')}
2026-05-24 15:16:29,186 - watchfiles.main - DEBUG - 1 change detected: {(<Change.modified: 2>, '/workspace/app/backend/logs/app_20260524_150636.log')}
2026-05-24 15:16:29,537 - watchfiles.main - DEBUG - 1 change detected: {(<Change.modified: 2>, '/workspace/app/backend/logs/app_20260524_150636.log')}
2026-05-24 15:16:29,888 - watchfiles.main - DEBUG - 1 change detected: {(<Change.modified: 2>, '/workspace/app/backend/logs/app_20260524_150636.log')}
2026-05-24 15:16:30,239 - watchfiles.main - DEBUG - 1 change detected: {(<Change.modified: 2>, '/workspace/app/backend/logs/app_20260524_150636.log')}
2026-05-24 15:16:30,590 - watchfiles.main - DEBUG - 1 change detected: {(<Change.modified: 2>, '/workspace/app/backend/logs/app_20260524_150636.log')}
2026-05-24 15:16:30,940 - watchfiles.main - DEBUG - 1 change detected: {(<Change.modified: 2>, '/workspace/app/backend/logs/app_20260524_150636.log')}
2026-05-24 15:16:31,291 - watchfiles.main - DEBUG - 1 change detected: {(<Change.modified: 2>, '/workspace/app/backend/logs/app_20260524_150636.log')}
2026-05-24 15:16:31,642 - watchfiles.main - DEBUG - 1 change detected: {(<Change.modified: 2>, '/workspace/app/backend/logs/app_20260524_150636.log')}
2026-05-24 15:16:31,993 - watchfiles.main - DEBUG - 1 change detected: {(<Change.modified: 2>, '/workspace/app/backend/logs/app_20260524_150636.log')}
2026-05-24 15:16:32,343 - watchfiles.main - DEBUG - 1 change detected: {(<Change.modified: 2>, '/workspace/app/backend/logs/app_20260524_150636.log')}
2026-05-24 15:16:32,694 - watchfiles.main - DEBUG - 1 change detected: {(<Change.modified: 2>, '/workspace/app/backend/logs/app_20260524_150636.log')}
2026-05-24 15:16:33,045 - watchfiles.main - DEBUG - 1 change detected: {(<Change.modified: 2>, '/workspace/app/backend/logs/app_20260524_150636.log')}
2026-05-24 15:16:33,396 - watchfiles.main - DEBUG - 1 change detected: {(<Change.modified: 2>, '/workspace/app/backend/logs/app_20260524_150636.log')}
2026-05-24 15:16:33,746 - watchfiles.main - DEBUG - 1 change detected: {(<Change.modified: 2>, '/workspace/app/backend/logs/app_20260524_150636.log')}
2026-05-24 15:16:34,098 - watchfiles.main - DEBUG - 1 change detected: {(<Change.modified: 2>, '/workspace/app/backend/logs/app_20260524_150636.log')}
2026-05-24 15:16:34,449 - watchfiles.main - DEBUG - 1 change detected: {(<Change.modified: 2>, '/workspace/app/backend/logs/app_20260524_150636.log')}
2026-05-24 15:16:34,801 - watchfiles.main - DEBUG - 1 change detected: {(<Change.modified: 2>, '/workspace/app/backend/logs/app_20260524_150636.log')}
2026-05-24 15:16:35,151 - watchfiles.main - DEBUG - 1 change detected: {(<Change.modified: 2>, '/workspace/app/backend/logs/app_20260524_150636.log')}
2026-05-24 15:16:35,502 - watchfiles.main - DEBUG - 1 change detected: {(<Change.modified: 2>, '/workspace/app/backend/logs/app_20260524_150636.log')}
2026-05-24 15:16:35,853 - watchfiles.main - DEBUG - 1 change detected: {(<Change.modified: 2>, '/workspace/app/backend/logs/app_20260524_150636.log')}
2026-05-24 15:16:36,204 - watchfiles.main - DEBUG - 1 change detected: {(<Change.modified: 2>, '/workspace/app/backend/logs/app_20260524_150636.log')}
2026-05-24 15:16:36,554 - watchfiles.main - DEBUG - 1 change detected: {(<Change.modified: 2>, '/workspace/app/backend/logs/app_20260524_150636.log')}
2026-05-24 15:16:36,905 - watchfiles.main - DEBUG - 1 change detected: {(<Change.modified: 2>, '/workspace/app/backend/logs/app_20260524_150636.log')}
2026-05-24 15:16:37,256 - watchfiles.main - DEBUG - 1 change detected: {(<Change.modified: 2>, '/workspace/app/backend/logs/app_20260524_150636.log')}
2026-05-24 15:16:37,607 - watchfiles.main - DEBUG - 1 change detected: {(<Change.modified: 2>, '/workspace/app/backend/logs/app_20260524_150636.log')}
2026-05-24 15:16:37,958 - watchfiles.main - DEBUG - 1 change detected: {(<Change.modified: 2>, '/workspace/app/backend/logs/app_20260524_150636.log')}
2026-05-24 15:16:38,309 - watchfiles.main - DEBUG - 1 change detected: {(<Change.modified: 2>, '/workspace/app/backend/logs/app_20260524_150636.log')}
2026-05-24 15:16:38,661 - watchfiles.main - DEBUG - 1 change detected: {(<Change.modified: 2>, '/workspace/app/backend/logs/app_20260524_150636.log')}
2026-05-24 15:16:39,012 - watchfiles.main - DEBUG - 1 change detected: {(<Change.modified: 2>, '/workspace/app/backend/logs/app_20260524_150636.log')}
2026-05-24 15:16:39,362 - watchfiles.main - DEBUG - 1 change detected: {(<Change.modified: 2>, '/workspace/app/backend/logs/app_20260524_150636.log')}
2026-05-24 15:16:39,713 - watchfiles.main - DEBUG - 1 change detected: {(<Change.modified: 2>, '/workspace/app/backend/logs/app_20260524_150636.log')}
2026-05-24 15:16:40,064 - watchfiles.main - DEBUG - 1 change detected: {(<Change.modified: 2>, '/workspace/app/backend/logs/app_20260524_150636.log')}
2026-05-24 15:16:40,415 - watchfiles.main - DEBUG - 1 change detected: {(<Change.modified: 2>, '/workspace/app/backend/logs/app_20260524_150636.log')}
2026-05-24 15:16:40,766 - watchfiles.main - DEBUG - 1 change detected: {(<Change.modified: 2>, '/workspace/app/backend/logs/app_20260524_150636.log')}
2026-05-24 15:16:41,117 - watchfiles.main - DEBUG - 1 change detected: {(<Change.modified: 2>, '/workspace/app/backend/logs/app_20260524_150636.log')}
2026-05-24 15:16:41,467 - watchfiles.main - DEBUG - 1 change detected: {(<Change.modified: 2>, '/workspace/app/backend/logs/app_20260524_150636.log')}
2026-05-24 15:16:41,819 - watchfiles.main - DEBUG - 1 change detected: {(<Change.modified: 2>, '/workspace/app/backend/logs/app_20260524_150636.log')}
2026-05-24 15:16:42,169 - watchfiles.main - DEBUG - 1 change detected: {(<Change.modified: 2>, '/workspace/app/backend/logs/app_20260524_150636.log')}
2026-05-24 15:16:42,520 - watchfiles.main - DEBUG - 1 change detected: {(<Change.modified: 2>, '/workspace/app/backend/logs/app_20260524_150636.log')}
2026-05-24 15:16:42,871 - watchfiles.main - DEBUG - 1 change detected: {(<Change.modified: 2>, '/workspace/app/backend/logs/app_20260524_150636.log')}
2026-05-24 15:16:43,222 - watchfiles.main - DEBUG - 1 change detected: {(<Change.modified: 2>, '/workspace/app/backend/logs/app_20260524_150636.log')}
2026-05-24 15:16:43,573 - watchfiles.main - DEBUG - 1 change detected: {(<Change.modified: 2>, '/workspace/app/backend/logs/app_20260524_150636.log')}
2026-05-24 15:16:43,924 - watchfiles.main - DEBUG - 1 change detected: {(<Change.modified: 2>, '/workspace/app/backend/logs/app_20260524_150636.log')}
2026-05-24 15:16:44,274 - watchfiles.main - DEBUG - 1 change detected: {(<Change.modified: 2>, '/workspace/app/backend/logs/app_20260524_150636.log')}
2026-05-24 15:16:44,625 - watchfiles.main - DEBUG - 1 change detected: {(<Change.modified: 2>, '/workspace/app/backend/logs/app_20260524_150636.log')}
2026-05-24 15:16:44,976 - watchfiles.main - DEBUG - 1 change detected: {(<Change.modified: 2>, '/workspace/app/backend/logs/app_20260524_150636.log')}
2026-05-24 15:16:45,327 - watchfiles.main - DEBUG - 1 change detected: {(<Change.modified: 2>, '/workspace/app/backend/logs/app_20260524_150636.log')}
2026-05-24 15:16:45,678 - watchfiles.main - DEBUG - 1 change detected: {(<Change.modified: 2>, '/workspace/app/backend/logs/app_20260524_150636.log')}
2026-05-24 15:16:46,029 - watchfiles.main - DEBUG - 1 change detected: {(<Change.modified: 2>, '/workspace/app/backend/logs/app_20260524_150636.log')}
2026-05-24 15:16:46,380 - watchfiles.main - DEBUG - 1 change detected: {(<Change.modified: 2>, '/workspace/app/backend/logs/app_20260524_150636.log')}
2026-05-24 15:16:46,731 - watchfiles.main - DEBUG - 1 change detected: {(<Change.modified: 2>, '/workspace/app/backend/logs/app_20260524_150636.log')}
2026-05-24 15:16:47,082 - watchfiles.main - DEBUG - 1 change detected: {(<Change.modified: 2>, '/workspace/app/backend/logs/app_20260524_150636.log')}
2026-05-24 15:16:47,433 - watchfiles.main - DEBUG - 1 change detected: {(<Change.modified: 2>, '/workspace/app/backend/logs/app_20260524_150636.log')}
2026-05-24 15:16:47,784 - watchfiles.main - DEBUG - 1 change detected: {(<Change.modified: 2>, '/workspace/app/backend/logs/app_20260524_150636.log')}
2026-05-24 15:16:48,135 - watchfiles.main - DEBUG - 1 change detected: {(<Change.modified: 2>, '/workspace/app/backend/logs/app_20260524_150636.log')}
2026-05-24 15:16:48,485 - watchfiles.main - DEBUG - 1 change detected: {(<Change.modified: 2>, '/workspace/app/backend/logs/app_20260524_150636.log')}
2026-05-24 15:16:48,836 - watchfiles.main - DEBUG - 1 change detected: {(<Change.modified: 2>, '/workspace/app/backend/logs/app_20260524_150636.log')}
2026-05-24 15:16:49,187 - watchfiles.main - DEBUG - 1 change detected: {(<Change.modified: 2>, '/workspace/app/backend/logs/app_20260524_150636.log')}
2026-05-24 15:16:49,538 - watchfiles.main - DEBUG - 1 change detected: {(<Change.modified: 2>, '/workspace/app/backend/logs/app_20260524_150636.log')}
2026-05-24 15:16:49,889 - watchfiles.main - DEBUG - 1 change detected: {(<Change.modified: 2>, '/workspace/app/backend/logs/app_20260524_150636.log')}
2026-05-24 15:16:50,239 - watchfiles.main - DEBUG - 1 change detected: {(<Change.modified: 2>, '/workspace/app/backend/logs/app_20260524_150636.log')}
2026-05-24 15:16:50,590 - watchfiles.main - DEBUG - 1 change detected: {(<Change.modified: 2>, '/workspace/app/backend/logs/app_20260524_150636.log')}
2026-05-24 15:16:50,941 - watchfiles.main - DEBUG - 1 change detected: {(<Change.modified: 2>, '/workspace/app/backend/logs/app_20260524_150636.log')}
2026-05-24 15:16:51,292 - watchfiles.main - DEBUG - 1 change detected: {(<Change.modified: 2>, '/workspace/app/backend/logs/app_20260524_150636.log')}
2026-05-24 15:16:51,642 - watchfiles.main - DEBUG - 1 change detected: {(<Change.modified: 2>, '/workspace/app/backend/logs/app_20260524_150636.log')}
2026-05-24 15:16:51,993 - watchfiles.main - DEBUG - 1 change detected: {(<Change.modified: 2>, '/workspace/app/backend/logs/app_20260524_150636.log')}
2026-05-24 15:16:52,344 - watchfiles.main - DEBUG - 1 change detected: {(<Change.modified: 2>, '/workspace/app/backend/logs/app_20260524_150636.log')}
2026-05-24 15:16:52,695 - watchfiles.main - DEBUG - 1 change detected: {(<Change.modified: 2>, '/workspace/app/backend/logs/app_20260524_150636.log')}
2026-05-24 15:16:53,046 - watchfiles.main - DEBUG - 1 change detected: {(<Change.modified: 2>, '/workspace/app/backend/logs/app_20260524_150636.log')}
2026-05-24 15:16:53,396 - watchfiles.main - DEBUG - 1 change detected: {(<Change.modified: 2>, '/workspace/app/backend/logs/app_20260524_150636.log')}
2026-05-24 15:16:53,747 - watchfiles.main - DEBUG - 1 change detected: {(<Change.modified: 2>, '/workspace/app/backend/logs/app_20260524_150636.log')}
2026-05-24 15:16:54,098 - watchfiles.main - DEBUG - 1 change detected: {(<Change.modified: 2>, '/workspace/app/backend/logs/app_20260524_150636.log')}
2026-05-24 15:16:54,449 - watchfiles.main - DEBUG - 1 change detected: {(<Change.modified: 2>, '/workspace/app/backend/logs/app_20260524_150636.log')}
2026-05-24 15:16:54,800 - watchfiles.main - DEBUG - 1 change detected: {(<Change.modified: 2>, '/workspace/app/backend/logs/app_20260524_150636.log')}
2026-05-24 15:16:55,150 - watchfiles.main - DEBUG - 1 change detected: {(<Change.modified: 2>, '/workspace/app/backend/logs/app_20260524_150636.log')}
2026-05-24 15:16:55,501 - watchfiles.main - DEBUG - 1 change detected: {(<Change.modified: 2>, '/workspace/app/backend/logs/app_20260524_150636.log')}
2026-05-24 15:16:55,852 - watchfiles.main - DEBUG - 1 change detected: {(<Change.modified: 2>, '/workspace/app/backend/logs/app_20260524_150636.log')}
2026-05-24 15:16:56,203 - watchfiles.main - DEBUG - 1 change detected: {(<Change.modified: 2>, '/workspace/app/backend/logs/app_20260524_150636.log')}
2026-05-24 15:16:56,554 - watchfiles.main - DEBUG - 1 change detected: {(<Change.modified: 2>, '/workspace/app/backend/logs/app_20260524_150636.log')}
2026-05-24 15:16:56,905 - watchfiles.main - DEBUG - 1 change detected: {(<Change.modified: 2>, '/workspace/app/backend/logs/app_20260524_150636.log')}
2026-05-24 15:16:57,256 - watchfiles.main - DEBUG - 1 change detected: {(<Change.modified: 2>, '/workspace/app/backend/logs/app_20260524_150636.log')}
2026-05-24 15:16:57,607 - watchfiles.main - DEBUG - 1 change detected: {(<Change.modified: 2>, '/workspace/app/backend/logs/app_20260524_150636.log')}
2026-05-24 15:16:57,957 - watchfiles.main - DEBUG - 1 change detected: {(<Change.modified: 2>, '/workspace/app/backend/logs/app_20260524_150636.log')}
2026-05-24 15:16:58,308 - watchfiles.main - DEBUG - 1 change detected: {(<Change.modified: 2>, '/workspace/app/backend/logs/app_20260524_150636.log')}
2026-05-24 15:16:58,659 - watchfiles.main - DEBUG - 1 change detected: {(<Change.modified: 2>, '/workspace/app/backend/logs/app_20260524_150636.log')}
2026-05-24 15:16:59,010 - watchfiles.main - DEBUG - 1 change detected: {(<Change.modified: 2>, '/workspace/app/backend/logs/app_20260524_150636.log')}
2026-05-24 15:16:59,360 - watchfiles.main - DEBUG - 1 change detected: {(<Change.modified: 2>, '/workspace/app/backend/logs/app_20260524_150636.log')}
2026-05-24 15:16:59,711 - watchfiles.main - DEBUG - 1 change detected: {(<Change.modified: 2>, '/workspace/app/backend/logs/app_20260524_150636.log')}
2026-05-24 15:17:00,062 - watchfiles.main - DEBUG - 1 change detected: {(<Change.modified: 2>, '/workspace/app/backend/logs/app_20260524_150636.log')}
2026-05-24 15:17:00,413 - watchfiles.main - DEBUG - 1 change detected: {(<Change.modified: 2>, '/workspace/app/backend/logs/app_20260524_150636.log')}
2026-05-24 15:17:00,764 - watchfiles.main - DEBUG - 1 change detected: {(<Change.modified: 2>, '/workspace/app/backend/logs/app_20260524_150636.log')}
2026-05-24 15:17:01,115 - watchfiles.main - DEBUG - 1 change detected: {(<Change.modified: 2>, '/workspace/app/backend/logs/app_20260524_150636.log')}
2026-05-24 15:17:01,465 - watchfiles.main - DEBUG - 1 change detected: {(<Change.modified: 2>, '/workspace/app/backend/logs/app_20260524_150636.log')}
2026-05-24 15:17:01,816 - watchfiles.main - DEBUG - 1 change detected: {(<Change.modified: 2>, '/workspace/app/backend/logs/app_20260524_150636.log')}
2026-05-24 15:17:02,167 - watchfiles.main - DEBUG - 1 change detected: {(<Change.modified: 2>, '/workspace/app/backend/logs/app_20260524_150636.log')}
2026-05-24 15:17:02,518 - watchfiles.main - DEBUG - 1 change detected: {(<Change.modified: 2>, '/workspace/app/backend/logs/app_20260524_150636.log')}
2026-05-24 15:17:02,869 - watchfiles.main - DEBUG - 1 change detected: {(<Change.modified: 2>, '/workspace/app/backend/logs/app_20260524_150636.log')}
2026-05-24 15:17:03,220 - watchfiles.main - DEBUG - 1 change detected: {(<Change.modified: 2>, '/workspace/app/backend/logs/app_20260524_150636.log')}
2026-05-24 15:17:03,570 - watchfiles.main - DEBUG - 1 change detected: {(<Change.modified: 2>, '/workspace/app/backend/logs/app_20260524_150636.log')}
2026-05-24 15:17:03,921 - watchfiles.main - DEBUG - 1 change detected: {(<Change.modified: 2>, '/workspace/app/backend/logs/app_20260524_150636.log')}
2026-05-24 15:17:04,272 - watchfiles.main - DEBUG - 1 change detected: {(<Change.modified: 2>, '/workspace/app/backend/logs/app_20260524_150636.log')}
2026-05-24 15:17:04,623 - watchfiles.main - DEBUG - 1 change detected: {(<Change.modified: 2>, '/workspace/app/backend/logs/app_20260524_150636.log')}
2026-05-24 15:17:04,974 - watchfiles.main - DEBUG - 1 change detected: {(<Change.modified: 2>, '/workspace/app/backend/logs/app_20260524_150636.log')}
2026-05-24 15:17:05,325 - watchfiles.main - DEBUG - 1 change detected: {(<Change.modified: 2>, '/workspace/app/backend/logs/app_20260524_150636.log')}
2026-05-24 15:17:05,676 - watchfiles.main - DEBUG - 1 change detected: {(<Change.modified: 2>, '/workspace/app/backend/logs/app_20260524_150636.log')}
2026-05-24 15:17:06,026 - watchfiles.main - DEBUG - 1 change detected: {(<Change.modified: 2>, '/workspace/app/backend/logs/app_20260524_150636.log')}
2026-05-24 15:17:06,377 - watchfiles.main - DEBUG - 1 change detected: {(<Change.modified: 2>, '/workspace/app/backend/logs/app_20260524_150636.log')}
2026-05-24 15:17:06,728 - watchfiles.main - DEBUG - 1 change detected: {(<Change.modified: 2>, '/workspace/app/backend/logs/app_20260524_150636.log')}
2026-05-24 15:17:07,079 - watchfiles.main - DEBUG - 1 change detected: {(<Change.modified: 2>, '/workspace/app/backend/logs/app_20260524_150636.log')}
2026-05-24 15:17:07,430 - watchfiles.main - DEBUG - 1 change detected: {(<Change.modified: 2>, '/workspace/app/backend/logs/app_20260524_150636.log')}
2026-05-24 15:17:07,780 - watchfiles.main - DEBUG - 1 change detected: {(<Change.modified: 2>, '/workspace/app/backend/logs/app_20260524_150636.log')}
2026-05-24 15:17:08,131 - watchfiles.main - DEBUG - 1 change detected: {(<Change.modified: 2>, '/workspace/app/backend/logs/app_20260524_150636.log')}
2026-05-24 15:17:08,482 - watchfiles.main - DEBUG - 1 change detected: {(<Change.modified: 2>, '/workspace/app/backend/logs/app_20260524_150636.log')}
2026-05-24 15:17:08,833 - watchfiles.main - DEBUG - 1 change detected: {(<Change.modified: 2>, '/workspace/app/backend/logs/app_20260524_150636.log')}
2026-05-24 15:17:09,184 - watchfiles.main - DEBUG - 1 change detected: {(<Change.modified: 2>, '/workspace/app/backend/logs/app_20260524_150636.log')}
2026-05-24 15:17:09,535 - watchfiles.main - DEBUG - 1 change detected: {(<Change.modified: 2>, '/workspace/app/backend/logs/app_20260524_150636.log')}
2026-05-24 15:17:09,885 - watchfiles.main - DEBUG - 1 change detected: {(<Change.modified: 2>, '/workspace/app/backend/logs/app_20260524_150636.log')}
2026-05-24 15:17:10,236 - watchfiles.main - DEBUG - 1 change detected: {(<Change.modified: 2>, '/workspace/app/backend/logs/app_20260524_150636.log')}
2026-05-24 15:17:10,587 - watchfiles.main - DEBUG - 1 change detected: {(<Change.modified: 2>, '/workspace/app/backend/logs/app_20260524_150636.log')}
2026-05-24 15:17:10,938 - watchfiles.main - DEBUG - 1 change detected: {(<Change.modified: 2>, '/workspace/app/backend/logs/app_20260524_150636.log')}
2026-05-24 15:17:11,289 - watchfiles.main - DEBUG - 1 change detected: {(<Change.modified: 2>, '/workspace/app/backend/logs/app_20260524_150636.log')}
2026-05-24 15:17:11,640 - watchfiles.main - DEBUG - 1 change detected: {(<Change.modified: 2>, '/workspace/app/backend/logs/app_20260524_150636.log')}
2026-05-24 15:17:11,991 - watchfiles.main - DEBUG - 1 change detected: {(<Change.modified: 2>, '/workspace/app/backend/logs/app_20260524_150636.log')}
2026-05-24 15:17:12,342 - watchfiles.main - DEBUG - 1 change detected: {(<Change.modified: 2>, '/workspace/app/backend/logs/app_20260524_150636.log')}
2026-05-24 15:17:12,692 - watchfiles.main - DEBUG - 1 change detected: {(<Change.modified: 2>, '/workspace/app/backend/logs/app_20260524_150636.log')}
2026-05-24 15:17:13,043 - watchfiles.main - DEBUG - 1 change detected: {(<Change.modified: 2>, '/workspace/app/backend/logs/app_20260524_150636.log')}
2026-05-24 15:17:13,394 - watchfiles.main - DEBUG - 1 change detected: {(<Change.modified: 2>, '/workspace/app/backend/logs/app_20260524_150636.log')}
2026-05-24 15:17:13,745 - watchfiles.main - DEBUG - 1 change detected: {(<Change.modified: 2>, '/workspace/app/backend/logs/app_20260524_150636.log')}
2026-05-24 15:17:14,096 - watchfiles.main - DEBUG - 1 change detected: {(<Change.modified: 2>, '/workspace/app/backend/logs/app_20260524_150636.log')}
2026-05-24 15:17:14,447 - watchfiles.main - DEBUG - 1 change detected: {(<Change.modified: 2>, '/workspace/app/backend/logs/app_20260524_150636.log')}
2026-05-24 15:17:14,798 - watchfiles.main - DEBUG - 1 change detected: {(<Change.modified: 2>, '/workspace/app/backend/logs/app_20260524_150636.log')}
2026-05-24 15:17:15,149 - watchfiles.main - DEBUG - 1 change detected: {(<Change.modified: 2>, '/workspace/app/backend/logs/app_20260524_150636.log')}
2026-05-24 15:17:15,500 - watchfiles.main - DEBUG - 1 change detected: {(<Change.modified: 2>, '/workspace/app/backend/logs/app_20260524_150636.log')}
2026-05-24 15:17:15,851 - watchfiles.main - DEBUG - 1 change detected: {(<Change.modified: 2>, '/workspace/app/backend/logs/app_20260524_150636.log')}
2026-05-24 15:17:16,201 - watchfiles.main - DEBUG - 1 change detected: {(<Change.modified: 2>, '/workspace/app/backend/logs/app_20260524_150636.log')}
2026-05-24 15:17:16,552 - watchfiles.main - DEBUG - 1 change detected: {(<Change.modified: 2>, '/workspace/app/backend/logs/app_20260524_150636.log')}
2026-05-24 15:17:16,903 - watchfiles.main - DEBUG - 1 change detected: {(<Change.modified: 2>, '/workspace/app/backend/logs/app_20260524_150636.log')}
2026-05-24 15:17:17,254 - watchfiles.main - DEBUG - 1 change detected: {(<Change.modified: 2>, '/workspace/app/backend/logs/app_20260524_150636.log')}
2026-05-24 15:17:17,605 - watchfiles.main - DEBUG - 1 change detected: {(<Change.modified: 2>, '/workspace/app/backend/logs/app_20260524_150636.log')}
2026-05-24 15:17:17,956 - watchfiles.main - DEBUG - 1 change detected: {(<Change.modified: 2>, '/workspace/app/backend/logs/app_20260524_150636.log')}
2026-05-24 15:17:18,307 - watchfiles.main - DEBUG - 1 change detected: {(<Change.modified: 2>, '/workspace/app/backend/logs/app_20260524_150636.log')}
2026-05-24 15:17:18,658 - watchfiles.main - DEBUG - 1 change detected: {(<Change.modified: 2>, '/workspace/app/backend/logs/app_20260524_150636.log')}
2026-05-24 15:17:19,009 - watchfiles.main - DEBUG - 1 change detected: {(<Change.modified: 2>, '/workspace/app/backend/logs/app_20260524_150636.log')}
2026-05-24 15:17:19,359 - watchfiles.main - DEBUG - 1 change detected: {(<Change.modified: 2>, '/workspace/app/backend/logs/app_20260524_150636.log')}
2026-05-24 15:17:19,710 - watchfiles.main - DEBUG - 1 change detected: {(<Change.modified: 2>, '/workspace/app/backend/logs/app_20260524_150636.log')}
2026-05-24 15:17:20,061 - watchfiles.main - DEBUG - 1 change detected: {(<Change.modified: 2>, '/workspace/app/backend/logs/app_20260524_150636.log')}
2026-05-24 15:17:20,412 - watchfiles.main - DEBUG - 1 change detected: {(<Change.modified: 2>, '/workspace/app/backend/logs/app_20260524_150636.log')}
2026-05-24 15:17:20,763 - watchfiles.main - DEBUG - 1 change detected: {(<Change.modified: 2>, '/workspace/app/backend/logs/app_20260524_150636.log')}
2026-05-24 15:17:21,113 - watchfiles.main - DEBUG - 1 change detected: {(<Change.modified: 2>, '/workspace/app/backend/logs/app_20260524_150636.log')}
2026-05-24 15:17:21,464 - watchfiles.main - DEBUG - 1 change detected: {(<Change.modified: 2>, '/workspace/app/backend/logs/app_20260524_150636.log')}
2026-05-24 15:17:21,815 - watchfiles.main - DEBUG - 1 change detected: {(<Change.modified: 2>, '/workspace/app/backend/logs/app_20260524_150636.log')}
2026-05-24 15:17:22,166 - watchfiles.main - DEBUG - 1 change detected: {(<Change.modified: 2>, '/workspace/app/backend/logs/app_20260524_150636.log')}
2026-05-24 15:17:22,517 - watchfiles.main - DEBUG - 1 change detected: {(<Change.modified: 2>, '/workspace/app/backend/logs/app_20260524_150636.log')}
2026-05-24 15:17:22,868 - watchfiles.main - DEBUG - 1 change detected: {(<Change.modified: 2>, '/workspace/app/backend/logs/app_20260524_150636.log')}
2026-05-24 15:17:23,219 - watchfiles.main - DEBUG - 1 change detected: {(<Change.modified: 2>, '/workspace/app/backend/logs/app_20260524_150636.log')}
2026-05-24 15:17:23,569 - watchfiles.main - DEBUG - 1 change detected: {(<Change.modified: 2>, '/workspace/app/backend/logs/app_20260524_150636.log')}
2026-05-24 15:17:23,920 - watchfiles.main - DEBUG - 1 change detected: {(<Change.modified: 2>, '/workspace/app/backend/logs/app_20260524_150636.log')}
2026-05-24 15:17:24,271 - watchfiles.main - DEBUG - 1 change detected: {(<Change.modified: 2>, '/workspace/app/backend/logs/app_20260524_150636.log')}
2026-05-24 15:17:24,622 - watchfiles.main - DEBUG - 1 change detected: {(<Change.modified: 2>, '/workspace/app/backend/logs/app_20260524_150636.log')}
2026-05-24 15:17:24,972 - watchfiles.main - DEBUG - 1 change detected: {(<Change.modified: 2>, '/workspace/app/backend/logs/app_20260524_150636.log')}
2026-05-24 15:17:25,323 - watchfiles.main - DEBUG - 1 change detected: {(<Change.modified: 2>, '/workspace/app/backend/logs/app_20260524_150636.log')}
2026-05-24 15:17:25,674 - watchfiles.main - DEBUG - 1 change detected: {(<Change.modified: 2>, '/workspace/app/backend/logs/app_20260524_150636.log')}
2026-05-24 15:17:26,025 - watchfiles.main - DEBUG - 1 change detected: {(<Change.modified: 2>, '/workspace/app/backend/logs/app_20260524_150636.log')}
2026-05-24 15:17:26,376 - watchfiles.main - DEBUG - 1 change detected: {(<Change.modified: 2>, '/workspace/app/backend/logs/app_20260524_150636.log')}
2026-05-24 15:17:26,726 - watchfiles.main - DEBUG - 1 change detected: {(<Change.modified: 2>, '/workspace/app/backend/logs/app_20260524_150636.log')}
2026-05-24 15:17:27,077 - watchfiles.main - DEBUG - 1 change detected: {(<Change.modified: 2>, '/workspace/app/backend/logs/app_20260524_150636.log')}
2026-05-24 15:17:27,428 - watchfiles.main - DEBUG - 1 change detected: {(<Change.modified: 2>, '/workspace/app/backend/logs/app_20260524_150636.log')}
2026-05-24 15:17:27,779 - watchfiles.main - DEBUG - 1 change detected: {(<Change.modified: 2>, '/workspace/app/backend/logs/app_20260524_150636.log')}
2026-05-24 15:17:28,130 - watchfiles.main - DEBUG - 1 change detected: {(<Change.modified: 2>, '/workspace/app/backend/logs/app_20260524_150636.log')}
2026-05-24 15:17:28,481 - watchfiles.main - DEBUG - 1 change detected: {(<Change.modified: 2>, '/workspace/app/backend/logs/app_20260524_150636.log')}
2026-05-24 15:17:28,831 - watchfiles.main - DEBUG - 1 change detected: {(<Change.modified: 2>, '/workspace/app/backend/logs/app_20260524_150636.log')}
2026-05-24 15:17:29,182 - watchfiles.main - DEBUG - 1 change detected: {(<Change.modified: 2>, '/workspace/app/backend/logs/app_20260524_150636.log')}
2026-05-24 15:17:29,533 - watchfiles.main - DEBUG - 1 change detected: {(<Change.modified: 2>, '/workspace/app/backend/logs/app_20260524_150636.log')}
2026-05-24 15:17:29,884 - watchfiles.main - DEBUG - 1 change detected: {(<Change.modified: 2>, '/workspace/app/backend/logs/app_20260524_150636.log')}
2026-05-24 15:17:30,234 - watchfiles.main - DEBUG - 1 change detected: {(<Change.modified: 2>, '/workspace/app/backend/logs/app_20260524_150636.log')}
2026-05-24 15:17:30,585 - watchfiles.main - DEBUG - 1 change detected: {(<Change.modified: 2>, '/workspace/app/backend/logs/app_20260524_150636.log')}
2026-05-24 15:17:30,936 - watchfiles.main - DEBUG - 1 change detected: {(<Change.modified: 2>, '/workspace/app/backend/logs/app_20260524_150636.log')}
2026-05-24 15:17:31,287 - watchfiles.main - DEBUG - 1 change detected: {(<Change.modified: 2>, '/workspace/app/backend/logs/app_20260524_150636.log')}
2026-05-24 15:17:31,638 - watchfiles.main - DEBUG - 1 change detected: {(<Change.modified: 2>, '/workspace/app/backend/logs/app_20260524_150636.log')}
2026-05-24 15:17:31,989 - watchfiles.main - DEBUG - 1 change detected: {(<Change.modified: 2>, '/workspace/app/backend/logs/app_20260524_150636.log')}
2026-05-24 15:17:32,339 - watchfiles.main - DEBUG - 1 change detected: {(<Change.modified: 2>, '/workspace/app/backend/logs/app_20260524_150636.log')}
2026-05-24 15:17:32,690 - watchfiles.main - DEBUG - 1 change detected: {(<Change.modified: 2>, '/workspace/app/backend/logs/app_20260524_150636.log')}
2026-05-24 15:17:33,041 - watchfiles.main - DEBUG - 1 change detected: {(<Change.modified: 2>, '/workspace/app/backend/logs/app_20260524_150636.log')}
2026-05-24 15:17:33,392 - watchfiles.main - DEBUG - 1 change detected: {(<Change.modified: 2>, '/workspace/app/backend/logs/app_20260524_150636.log')}
2026-05-24 15:17:33,743 - watchfiles.main - DEBUG - 1 change detected: {(<Change.modified: 2>, '/workspace/app/backend/logs/app_20260524_150636.log')}
2026-05-24 15:17:34,094 - watchfiles.main - DEBUG - 1 change detected: {(<Change.modified: 2>, '/workspace/app/backend/logs/app_20260524_150636.log')}
2026-05-24 15:17:34,444 - watchfiles.main - DEBUG - 1 change detected: {(<Change.modified: 2>, '/workspace/app/backend/logs/app_20260524_150636.log')}
2026-05-24 15:17:34,795 - watchfiles.main - DEBUG - 1 change detected: {(<Change.modified: 2>, '/workspace/app/backend/logs/app_20260524_150636.log')}
2026-05-24 15:17:35,146 - watchfiles.main - DEBUG - 1 change detected: {(<Change.modified: 2>, '/workspace/app/backend/logs/app_20260524_150636.log')}
2026-05-24 15:17:35,497 - watchfiles.main - DEBUG - 1 change detected: {(<Change.modified: 2>, '/workspace/app/backend/logs/app_20260524_150636.log')}
2026-05-24 15:17:35,848 - watchfiles.main - DEBUG - 1 change detected: {(<Change.modified: 2>, '/workspace/app/backend/logs/app_20260524_150636.log')}
2026-05-24 15:17:36,198 - watchfiles.main - DEBUG - 1 change detected: {(<Change.modified: 2>, '/workspace/app/backend/logs/app_20260524_150636.log')}
2026-05-24 15:17:36,549 - watchfiles.main - DEBUG - 1 change detected: {(<Change.modified: 2>, '/workspace/app/backend/logs/app_20260524_150636.log')}
2026-05-24 15:17:36,900 - watchfiles.main - DEBUG - 1 change detected: {(<Change.modified: 2>, '/workspace/app/backend/logs/app_20260524_150636.log')}
2026-05-24 15:17:37,251 - watchfiles.main - DEBUG - 1 change detected: {(<Change.modified: 2>, '/workspace/app/backend/logs/app_20260524_150636.log')}
2026-05-24 15:17:37,601 - watchfiles.main - DEBUG - 1 change detected: {(<Change.modified: 2>, '/workspace/app/backend/logs/app_20260524_150636.log')}
2026-05-24 15:17:37,952 - watchfiles.main - DEBUG - 1 change detected: {(<Change.modified: 2>, '/workspace/app/backend/logs/app_20260524_150636.log')}
2026-05-24 15:17:38,303 - watchfiles.main - DEBUG - 1 change detected: {(<Change.modified: 2>, '/workspace/app/backend/logs/app_20260524_150636.log')}
2026-05-24 15:17:38,654 - watchfiles.main - DEBUG - 1 change detected: {(<Change.modified: 2>, '/workspace/app/backend/logs/app_20260524_150636.log')}
2026-05-24 15:17:39,005 - watchfiles.main - DEBUG - 1 change detected: {(<Change.modified: 2>, '/workspace/app/backend/logs/app_20260524_150636.log')}
2026-05-24 15:17:39,356 - watchfiles.main - DEBUG - 1 change detected: {(<Change.modified: 2>, '/workspace/app/backend/logs/app_20260524_150636.log')}
2026-05-24 15:17:39,706 - watchfiles.main - DEBUG - 1 change detected: {(<Change.modified: 2>, '/workspace/app/backend/logs/app_20260524_150636.log')}
2026-05-24 15:17:40,057 - watchfiles.main - DEBUG - 1 change detected: {(<Change.modified: 2>, '/workspace/app/backend/logs/app_20260524_150636.log')}
2026-05-24 15:17:40,408 - watchfiles.main - DEBUG - 1 change detected: {(<Change.modified: 2>, '/workspace/app/backend/logs/app_20260524_150636.log')}
2026-05-24 15:17:40,759 - watchfiles.main - DEBUG - 1 change detected: {(<Change.modified: 2>, '/workspace/app/backend/logs/app_20260524_150636.log')}
2026-05-24 15:17:41,110 - watchfiles.main - DEBUG - 1 change detected: {(<Change.modified: 2>, '/workspace/app/backend/logs/app_20260524_150636.log')}
2026-05-24 15:17:41,460 - watchfiles.main - DEBUG - 1 change detected: {(<Change.modified: 2>, '/workspace/app/backend/logs/app_20260524_150636.log')}
2026-05-24 15:17:41,811 - watchfiles.main - DEBUG - 1 change detected: {(<Change.modified: 2>, '/workspace/app/backend/logs/app_20260524_150636.log')}
2026-05-24 15:17:42,162 - watchfiles.main - DEBUG - 1 change detected: {(<Change.modified: 2>, '/workspace/app/backend/logs/app_20260524_150636.log')}
2026-05-24 15:17:42,513 - watchfiles.main - DEBUG - 1 change detected: {(<Change.modified: 2>, '/workspace/app/backend/logs/app_20260524_150636.log')}
2026-05-24 15:17:42,864 - watchfiles.main - DEBUG - 1 change detected: {(<Change.modified: 2>, '/workspace/app/backend/logs/app_20260524_150636.log')}
2026-05-24 15:17:43,214 - watchfiles.main - DEBUG - 1 change detected: {(<Change.modified: 2>, '/workspace/app/backend/logs/app_20260524_150636.log')}
2026-05-24 15:17:43,565 - watchfiles.main - DEBUG - 1 change detected: {(<Change.modified: 2>, '/workspace/app/backend/logs/app_20260524_150636.log')}
2026-05-24 15:17:43,916 - watchfiles.main - DEBUG - 1 change detected: {(<Change.modified: 2>, '/workspace/app/backend/logs/app_20260524_150636.log')}
2026-05-24 15:17:44,267 - watchfiles.main - DEBUG - 1 change detected: {(<Change.modified: 2>, '/workspace/app/backend/logs/app_20260524_150636.log')}
2026-05-24 15:17:44,618 - watchfiles.main - DEBUG - 2 changes detected: {(<Change.modified: 2>, '/workspace/app/backend/logs/app_20260524_150639.log'), (<Change.modified: 2>, '/workspace/app/backend/logs/app_20260524_150636.log')}
2026-05-24 15:17:44,969 - watchfiles.main - DEBUG - 1 change detected: {(<Change.modified: 2>, '/workspace/app/backend/logs/app_20260524_150636.log')}
2026-05-24 15:17:45,319 - watchfiles.main - DEBUG - 2 changes detected: {(<Change.modified: 2>, '/workspace/app/backend/logs/app_20260524_150639.log'), (<Change.modified: 2>, '/workspace/app/backend/logs/app_20260524_150636.log')}
2026-05-24 15:17:45,670 - watchfiles.main - DEBUG - 1 change detected: {(<Change.modified: 2>, '/workspace/app/backend/logs/app_20260524_150636.log')}
2026-05-24 15:17:46,021 - watchfiles.main - DEBUG - 1 change detected: {(<Change.modified: 2>, '/workspace/app/backend/logs/app_20260524_150636.log')}
2026-05-24 15:17:46,372 - watchfiles.main - DEBUG - 1 change detected: {(<Change.modified: 2>, '/workspace/app/backend/logs/app_20260524_150636.log')}
2026-05-24 15:17:46,723 - watchfiles.main - DEBUG - 1 change detected: {(<Change.modified: 2>, '/workspace/app/backend/logs/app_20260524_150636.log')}
2026-05-24 15:17:47,073 - watchfiles.main - DEBUG - 1 change detected: {(<Change.modified: 2>, '/workspace/app/backend/logs/app_20260524_150636.log')}
2026-05-24 15:17:47,425 - watchfiles.main - DEBUG - 1 change detected: {(<Change.modified: 2>, '/workspace/app/backend/logs/app_20260524_150636.log')}
2026-05-24 15:17:47,775 - watchfiles.main - DEBUG - 1 change detected: {(<Change.modified: 2>, '/workspace/app/backend/logs/app_20260524_150636.log')}
2026-05-24 15:17:48,126 - watchfiles.main - DEBUG - 1 change detected: {(<Change.modified: 2>, '/workspace/app/backend/logs/app_20260524_150636.log')}
2026-05-24 15:17:48,477 - watchfiles.main - DEBUG - 1 change detected: {(<Change.modified: 2>, '/workspace/app/backend/logs/app_20260524_150636.log')}
2026-05-24 15:17:48,828 - watchfiles.main - DEBUG - 1 change detected: {(<Change.modified: 2>, '/workspace/app/backend/logs/app_20260524_150636.log')}
2026-05-24 15:17:49,179 - watchfiles.main - DEBUG - 1 change detected: {(<Change.modified: 2>, '/workspace/app/backend/logs/app_20260524_150636.log')}
2026-05-24 15:17:49,530 - watchfiles.main - DEBUG - 1 change detected: {(<Change.modified: 2>, '/workspace/app/backend/logs/app_20260524_150636.log')}
2026-05-24 15:17:49,880 - watchfiles.main - DEBUG - 1 change detected: {(<Change.modified: 2>, '/workspace/app/backend/logs/app_20260524_150636.log')}
2026-05-24 15:17:50,231 - watchfiles.main - DEBUG - 1 change detected: {(<Change.modified: 2>, '/workspace/app/backend/logs/app_20260524_150636.log')}
2026-05-24 15:17:50,582 - watchfiles.main - DEBUG - 1 change detected: {(<Change.modified: 2>, '/workspace/app/backend/logs/app_20260524_150636.log')}
2026-05-24 15:17:50,933 - watchfiles.main - DEBUG - 1 change detected: {(<Change.modified: 2>, '/workspace/app/backend/logs/app_20260524_150636.log')}
2026-05-24 15:17:51,284 - watchfiles.main - DEBUG - 1 change detected: {(<Change.modified: 2>, '/workspace/app/backend/logs/app_20260524_150636.log')}
2026-05-24 15:17:51,634 - watchfiles.main - DEBUG - 1 change detected: {(<Change.modified: 2>, '/workspace/app/backend/logs/app_20260524_150636.log')}
2026-05-24 15:17:51,985 - watchfiles.main - DEBUG - 1 change detected: {(<Change.modified: 2>, '/workspace/app/backend/logs/app_20260524_150636.log')}
2026-05-24 15:17:52,336 - watchfiles.main - DEBUG - 1 change detected: {(<Change.modified: 2>, '/workspace/app/backend/logs/app_20260524_150636.log')}
2026-05-24 15:17:52,687 - watchfiles.main - DEBUG - 1 change detected: {(<Change.modified: 2>, '/workspace/app/backend/logs/app_20260524_150636.log')}
2026-05-24 15:17:53,038 - watchfiles.main - DEBUG - 1 change detected: {(<Change.modified: 2>, '/workspace/app/backend/logs/app_20260524_150636.log')}
2026-05-24 15:17:53,388 - watchfiles.main - DEBUG - 1 change detected: {(<Change.modified: 2>, '/workspace/app/backend/logs/app_20260524_150636.log')}
2026-05-24 15:17:53,739 - watchfiles.main - DEBUG - 1 change detected: {(<Change.modified: 2>, '/workspace/app/backend/logs/app_20260524_150636.log')}
2026-05-24 15:17:54,090 - watchfiles.main - DEBUG - 1 change detected: {(<Change.modified: 2>, '/workspace/app/backend/logs/app_20260524_150636.log')}
2026-05-24 15:17:54,441 - watchfiles.main - DEBUG - 1 change detected: {(<Change.modified: 2>, '/workspace/app/backend/logs/app_20260524_150636.log')}
2026-05-24 15:17:54,792 - watchfiles.main - DEBUG - 1 change detected: {(<Change.modified: 2>, '/workspace/app/backend/logs/app_20260524_150636.log')}
2026-05-24 15:17:55,143 - watchfiles.main - DEBUG - 1 change detected: {(<Change.modified: 2>, '/workspace/app/backend/logs/app_20260524_150636.log')}
2026-05-24 15:17:55,493 - watchfiles.main - DEBUG - 1 change detected: {(<Change.modified: 2>, '/workspace/app/backend/logs/app_20260524_150636.log')}
2026-05-24 15:17:55,844 - watchfiles.main - DEBUG - 1 change detected: {(<Change.modified: 2>, '/workspace/app/backend/logs/app_20260524_150636.log')}
2026-05-24 15:17:56,195 - watchfiles.main - DEBUG - 1 change detected: {(<Change.modified: 2>, '/workspace/app/backend/logs/app_20260524_150636.log')}
2026-05-24 15:17:56,546 - watchfiles.main - DEBUG - 1 change detected: {(<Change.modified: 2>, '/workspace/app/backend/logs/app_20260524_150636.log')}
2026-05-24 15:17:56,896 - watchfiles.main - DEBUG - 1 change detected: {(<Change.modified: 2>, '/workspace/app/backend/logs/app_20260524_150636.log')}
2026-05-24 15:17:57,247 - watchfiles.main - DEBUG - 1 change detected: {(<Change.modified: 2>, '/workspace/app/backend/logs/app_20260524_150636.log')}
2026-05-24 15:17:57,598 - watchfiles.main - DEBUG - 1 change detected: {(<Change.modified: 2>, '/workspace/app/backend/logs/app_20260524_150636.log')}
2026-05-24 15:17:57,949 - watchfiles.main - DEBUG - 1 change detected: {(<Change.modified: 2>, '/workspace/app/backend/logs/app_20260524_150636.log')}
2026-05-24 15:17:58,300 - watchfiles.main - DEBUG - 1 change detected: {(<Change.modified: 2>, '/workspace/app/backend/logs/app_20260524_150636.log')}
2026-05-24 15:17:58,650 - watchfiles.main - DEBUG - 1 change detected: {(<Change.modified: 2>, '/workspace/app/backend/logs/app_20260524_150636.log')}
2026-05-24 15:17:59,001 - watchfiles.main - DEBUG - 1 change detected: {(<Change.modified: 2>, '/workspace/app/backend/logs/app_20260524_150636.log')}
2026-05-24 15:17:59,352 - watchfiles.main - DEBUG - 1 change detected: {(<Change.modified: 2>, '/workspace/app/backend/logs/app_20260524_150636.log')}
2026-05-24 15:17:59,703 - watchfiles.main - DEBUG - 1 change detected: {(<Change.modified: 2>, '/workspace/app/backend/logs/app_20260524_150636.log')}
2026-05-24 15:18:00,054 - watchfiles.main - DEBUG - 1 change detected: {(<Change.modified: 2>, '/workspace/app/backend/logs/app_20260524_150636.log')}
2026-05-24 15:18:00,404 - watchfiles.main - DEBUG - 1 change detected: {(<Change.modified: 2>, '/workspace/app/backend/logs/app_20260524_150636.log')}
2026-05-24 15:18:00,755 - watchfiles.main - DEBUG - 1 change detected: {(<Change.modified: 2>, '/workspace/app/backend/logs/app_20260524_150636.log')}
2026-05-24 15:18:01,106 - watchfiles.main - DEBUG - 1 change detected: {(<Change.modified: 2>, '/workspace/app/backend/logs/app_20260524_150636.log')}
2026-05-24 15:18:01,457 - watchfiles.main - DEBUG - 1 change detected: {(<Change.modified: 2>, '/workspace/app/backend/logs/app_20260524_150636.log')}
2026-05-24 15:18:01,808 - watchfiles.main - DEBUG - 1 change detected: {(<Change.modified: 2>, '/workspace/app/backend/logs/app_20260524_150636.log')}
2026-05-24 15:18:02,158 - watchfiles.main - DEBUG - 1 change detected: {(<Change.modified: 2>, '/workspace/app/backend/logs/app_20260524_150636.log')}
2026-05-24 15:18:02,509 - watchfiles.main - DEBUG - 1 change detected: {(<Change.modified: 2>, '/workspace/app/backend/logs/app_20260524_150636.log')}
2026-05-24 15:18:02,860 - watchfiles.main - DEBUG - 1 change detected: {(<Change.modified: 2>, '/workspace/app/backend/logs/app_20260524_150636.log')}
2026-05-24 15:18:03,211 - watchfiles.main - DEBUG - 1 change detected: {(<Change.modified: 2>, '/workspace/app/backend/logs/app_20260524_150636.log')}
2026-05-24 15:18:03,561 - watchfiles.main - DEBUG - 1 change detected: {(<Change.modified: 2>, '/workspace/app/backend/logs/app_20260524_150636.log')}
2026-05-24 15:18:03,912 - watchfiles.main - DEBUG - 1 change detected: {(<Change.modified: 2>, '/workspace/app/backend/logs/app_20260524_150636.log')}
2026-05-24 15:18:04,263 - watchfiles.main - DEBUG - 1 change detected: {(<Change.modified: 2>, '/workspace/app/backend/logs/app_20260524_150636.log')}
2026-05-24 15:18:04,614 - watchfiles.main - DEBUG - 1 change detected: {(<Change.modified: 2>, '/workspace/app/backend/logs/app_20260524_150636.log')}
2026-05-24 15:18:04,964 - watchfiles.main - DEBUG - 1 change detected: {(<Change.modified: 2>, '/workspace/app/backend/logs/app_20260524_150636.log')}
2026-05-24 15:18:05,315 - watchfiles.main - DEBUG - 1 change detected: {(<Change.modified: 2>, '/workspace/app/backend/logs/app_20260524_150636.log')}
2026-05-24 15:18:05,666 - watchfiles.main - DEBUG - 1 change detected: {(<Change.modified: 2>, '/workspace/app/backend/logs/app_20260524_150636.log')}
2026-05-24 15:18:06,017 - watchfiles.main - DEBUG - 1 change detected: {(<Change.modified: 2>, '/workspace/app/backend/logs/app_20260524_150636.log')}
2026-05-24 15:18:06,368 - watchfiles.main - DEBUG - 1 change detected: {(<Change.modified: 2>, '/workspace/app/backend/logs/app_20260524_150636.log')}
2026-05-24 15:18:06,718 - watchfiles.main - DEBUG - 1 change detected: {(<Change.modified: 2>, '/workspace/app/backend/logs/app_20260524_150636.log')}
2026-05-24 15:18:07,069 - watchfiles.main - DEBUG - 1 change detected: {(<Change.modified: 2>, '/workspace/app/backend/logs/app_20260524_150636.log')}
2026-05-24 15:18:07,420 - watchfiles.main - DEBUG - 1 change detected: {(<Change.modified: 2>, '/workspace/app/backend/logs/app_20260524_150636.log')}
2026-05-24 15:18:07,771 - watchfiles.main - DEBUG - 1 change detected: {(<Change.modified: 2>, '/workspace/app/backend/logs/app_20260524_150636.log')}
2026-05-24 15:18:08,122 - watchfiles.main - DEBUG - 1 change detected: {(<Change.modified: 2>, '/workspace/app/backend/logs/app_20260524_150636.log')}
2026-05-24 15:18:08,473 - watchfiles.main - DEBUG - 1 change detected: {(<Change.modified: 2>, '/workspace/app/backend/logs/app_20260524_150636.log')}
2026-05-24 15:18:08,824 - watchfiles.main - DEBUG - 1 change detected: {(<Change.modified: 2>, '/workspace/app/backend/logs/app_20260524_150636.log')}
2026-05-24 15:18:09,175 - watchfiles.main - DEBUG - 1 change detected: {(<Change.modified: 2>, '/workspace/app/backend/logs/app_20260524_150636.log')}
2026-05-24 15:18:09,525 - watchfiles.main - DEBUG - 1 change detected: {(<Change.modified: 2>, '/workspace/app/backend/logs/app_20260524_150636.log')}
2026-05-24 15:18:09,877 - watchfiles.main - DEBUG - 1 change detected: {(<Change.modified: 2>, '/workspace/app/backend/logs/app_20260524_150636.log')}
2026-05-24 15:18:10,227 - watchfiles.main - DEBUG - 1 change detected: {(<Change.modified: 2>, '/workspace/app/backend/logs/app_20260524_150636.log')}
2026-05-24 15:18:10,578 - watchfiles.main - DEBUG - 1 change detected: {(<Change.modified: 2>, '/workspace/app/backend/logs/app_20260524_150636.log')}
2026-05-24 15:18:10,929 - watchfiles.main - DEBUG - 1 change detected: {(<Change.modified: 2>, '/workspace/app/backend/logs/app_20260524_150636.log')}
2026-05-24 15:18:11,280 - watchfiles.main - DEBUG - 1 change detected: {(<Change.modified: 2>, '/workspace/app/backend/logs/app_20260524_150636.log')}
2026-05-24 15:18:11,631 - watchfiles.main - DEBUG - 1 change detected: {(<Change.modified: 2>, '/workspace/app/backend/logs/app_20260524_150636.log')}
2026-05-24 15:18:11,982 - watchfiles.main - DEBUG - 1 change detected: {(<Change.modified: 2>, '/workspace/app/backend/logs/app_20260524_150636.log')}
2026-05-24 15:18:12,333 - watchfiles.main - DEBUG - 1 change detected: {(<Change.modified: 2>, '/workspace/app/backend/logs/app_20260524_150636.log')}
2026-05-24 15:18:12,684 - watchfiles.main - DEBUG - 1 change detected: {(<Change.modified: 2>, '/workspace/app/backend/logs/app_20260524_150636.log')}
2026-05-24 15:18:13,034 - watchfiles.main - DEBUG - 1 change detected: {(<Change.modified: 2>, '/workspace/app/backend/logs/app_20260524_150636.log')}
2026-05-24 15:18:13,385 - watchfiles.main - DEBUG - 1 change detected: {(<Change.modified: 2>, '/workspace/app/backend/logs/app_20260524_150636.log')}
2026-05-24 15:18:13,736 - watchfiles.main - DEBUG - 1 change detected: {(<Change.modified: 2>, '/workspace/app/backend/logs/app_20260524_150636.log')}
2026-05-24 15:18:14,087 - watchfiles.main - DEBUG - 1 change detected: {(<Change.modified: 2>, '/workspace/app/backend/logs/app_20260524_150636.log')}
2026-05-24 15:18:14,438 - watchfiles.main - DEBUG - 1 change detected: {(<Change.modified: 2>, '/workspace/app/backend/logs/app_20260524_150636.log')}
2026-05-24 15:18:14,788 - watchfiles.main - DEBUG - 1 change detected: {(<Change.modified: 2>, '/workspace/app/backend/logs/app_20260524_150636.log')}
2026-05-24 15:18:15,139 - watchfiles.main - DEBUG - 1 change detected: {(<Change.modified: 2>, '/workspace/app/backend/logs/app_20260524_150636.log')}
2026-05-24 15:18:15,490 - watchfiles.main - DEBUG - 1 change detected: {(<Change.modified: 2>, '/workspace/app/backend/logs/app_20260524_150636.log')}
2026-05-24 15:18:15,841 - watchfiles.main - DEBUG - 1 change detected: {(<Change.modified: 2>, '/workspace/app/backend/logs/app_20260524_150636.log')}
2026-05-24 15:18:16,192 - watchfiles.main - DEBUG - 1 change detected: {(<Change.modified: 2>, '/workspace/app/backend/logs/app_20260524_150636.log')}
2026-05-24 15:18:16,542 - watchfiles.main - DEBUG - 1 change detected: {(<Change.modified: 2>, '/workspace/app/backend/logs/app_20260524_150636.log')}
2026-05-24 15:18:16,893 - watchfiles.main - DEBUG - 1 change detected: {(<Change.modified: 2>, '/workspace/app/backend/logs/app_20260524_150636.log')}
2026-05-24 15:18:17,244 - watchfiles.main - DEBUG - 1 change detected: {(<Change.modified: 2>, '/workspace/app/backend/logs/app_20260524_150636.log')}
2026-05-24 15:18:17,595 - watchfiles.main - DEBUG - 1 change detected: {(<Change.modified: 2>, '/workspace/app/backend/logs/app_20260524_150636.log')}
2026-05-24 15:18:17,946 - watchfiles.main - DEBUG - 1 change detected: {(<Change.modified: 2>, '/workspace/app/backend/logs/app_20260524_150636.log')}
2026-05-24 15:18:18,296 - watchfiles.main - DEBUG - 1 change detected: {(<Change.modified: 2>, '/workspace/app/backend/logs/app_20260524_150636.log')}
2026-05-24 15:18:18,647 - watchfiles.main - DEBUG - 1 change detected: {(<Change.modified: 2>, '/workspace/app/backend/logs/app_20260524_150636.log')}
2026-05-24 15:18:18,998 - watchfiles.main - DEBUG - 1 change detected: {(<Change.modified: 2>, '/workspace/app/backend/logs/app_20260524_150636.log')}
2026-05-24 15:18:19,349 - watchfiles.main - DEBUG - 1 change detected: {(<Change.modified: 2>, '/workspace/app/backend/logs/app_20260524_150636.log')}
2026-05-24 15:18:19,699 - watchfiles.main - DEBUG - 1 change detected: {(<Change.modified: 2>, '/workspace/app/backend/logs/app_20260524_150636.log')}
2026-05-24 15:18:20,050 - watchfiles.main - DEBUG - 1 change detected: {(<Change.modified: 2>, '/workspace/app/backend/logs/app_20260524_150636.log')}
2026-05-24 15:18:20,401 - watchfiles.main - DEBUG - 1 change detected: {(<Change.modified: 2>, '/workspace/app/backend/logs/app_20260524_150636.log')}
2026-05-24 15:18:20,752 - watchfiles.main - DEBUG - 1 change detected: {(<Change.modified: 2>, '/workspace/app/backend/logs/app_20260524_150636.log')}
2026-05-24 15:18:21,103 - watchfiles.main - DEBUG - 1 change detected: {(<Change.modified: 2>, '/workspace/app/backend/logs/app_20260524_150636.log')}
2026-05-24 15:18:21,454 - watchfiles.main - DEBUG - 1 change detected: {(<Change.modified: 2>, '/workspace/app/backend/logs/app_20260524_150636.log')}
2026-05-24 15:18:21,805 - watchfiles.main - DEBUG - 1 change detected: {(<Change.modified: 2>, '/workspace/app/backend/logs/app_20260524_150636.log')}
2026-05-24 15:18:22,155 - watchfiles.main - DEBUG - 1 change detected: {(<Change.modified: 2>, '/workspace/app/backend/logs/app_20260524_150636.log')}
2026-05-24 15:18:22,506 - watchfiles.main - DEBUG - 1 change detected: {(<Change.modified: 2>, '/workspace/app/backend/logs/app_20260524_150636.log')}
2026-05-24 15:18:22,857 - watchfiles.main - DEBUG - 1 change detected: {(<Change.modified: 2>, '/workspace/app/backend/logs/app_20260524_150636.log')}
2026-05-24 15:18:23,208 - watchfiles.main - DEBUG - 1 change detected: {(<Change.modified: 2>, '/workspace/app/backend/logs/app_20260524_150636.log')}
2026-05-24 15:18:23,558 - watchfiles.main - DEBUG - 1 change detected: {(<Change.modified: 2>, '/workspace/app/backend/logs/app_20260524_150636.log')}
2026-05-24 15:18:23,909 - watchfiles.main - DEBUG - 1 change detected: {(<Change.modified: 2>, '/workspace/app/backend/logs/app_20260524_150636.log')}
2026-05-24 15:18:24,260 - watchfiles.main - DEBUG - 1 change detected: {(<Change.modified: 2>, '/workspace/app/backend/logs/app_20260524_150636.log')}
2026-05-24 15:18:24,611 - watchfiles.main - DEBUG - 1 change detected: {(<Change.modified: 2>, '/workspace/app/backend/logs/app_20260524_150636.log')}
2026-05-24 15:18:24,961 - watchfiles.main - DEBUG - 1 change detected: {(<Change.modified: 2>, '/workspace/app/backend/logs/app_20260524_150636.log')}
2026-05-24 15:18:25,312 - watchfiles.main - DEBUG - 1 change detected: {(<Change.modified: 2>, '/workspace/app/backend/logs/app_20260524_150636.log')}
2026-05-24 15:18:25,663 - watchfiles.main - DEBUG - 1 change detected: {(<Change.modified: 2>, '/workspace/app/backend/logs/app_20260524_150636.log')}
2026-05-24 15:18:26,014 - watchfiles.main - DEBUG - 1 change detected: {(<Change.modified: 2>, '/workspace/app/backend/logs/app_20260524_150636.log')}
2026-05-24 15:18:26,365 - watchfiles.main - DEBUG - 1 change detected: {(<Change.modified: 2>, '/workspace/app/backend/logs/app_20260524_150636.log')}
2026-05-24 15:18:26,716 - watchfiles.main - DEBUG - 1 change detected: {(<Change.modified: 2>, '/workspace/app/backend/logs/app_20260524_150636.log')}
2026-05-24 15:18:27,067 - watchfiles.main - DEBUG - 1 change detected: {(<Change.modified: 2>, '/workspace/app/backend/logs/app_20260524_150636.log')}
2026-05-24 15:18:27,418 - watchfiles.main - DEBUG - 1 change detected: {(<Change.modified: 2>, '/workspace/app/backend/logs/app_20260524_150636.log')}
2026-05-24 15:18:27,769 - watchfiles.main - DEBUG - 1 change detected: {(<Change.modified: 2>, '/workspace/app/backend/logs/app_20260524_150636.log')}
2026-05-24 15:18:28,119 - watchfiles.main - DEBUG - 1 change detected: {(<Change.modified: 2>, '/workspace/app/backend/logs/app_20260524_150636.log')}
2026-05-24 15:18:28,470 - watchfiles.main - DEBUG - 1 change detected: {(<Change.modified: 2>, '/workspace/app/backend/logs/app_20260524_150636.log')}
2026-05-24 15:18:28,821 - watchfiles.main - DEBUG - 1 change detected: {(<Change.modified: 2>, '/workspace/app/backend/logs/app_20260524_150636.log')}
2026-05-24 15:18:29,172 - watchfiles.main - DEBUG - 1 change detected: {(<Change.modified: 2>, '/workspace/app/backend/logs/app_20260524_150636.log')}
2026-05-24 15:18:29,523 - watchfiles.main - DEBUG - 1 change detected: {(<Change.modified: 2>, '/workspace/app/backend/logs/app_20260524_150636.log')}
2026-05-24 15:18:29,873 - watchfiles.main - DEBUG - 1 change detected: {(<Change.modified: 2>, '/workspace/app/backend/logs/app_20260524_150636.log')}
2026-05-24 15:18:30,224 - watchfiles.main - DEBUG - 1 change detected: {(<Change.modified: 2>, '/workspace/app/backend/logs/app_20260524_150636.log')}
2026-05-24 15:18:30,575 - watchfiles.main - DEBUG - 1 change detected: {(<Change.modified: 2>, '/workspace/app/backend/logs/app_20260524_150636.log')}
2026-05-24 15:18:30,926 - watchfiles.main - DEBUG - 1 change detected: {(<Change.modified: 2>, '/workspace/app/backend/logs/app_20260524_150636.log')}
2026-05-24 15:18:31,277 - watchfiles.main - DEBUG - 1 change detected: {(<Change.modified: 2>, '/workspace/app/backend/logs/app_20260524_150636.log')}
2026-05-24 15:18:31,627 - watchfiles.main - DEBUG - 1 change detected: {(<Change.modified: 2>, '/workspace/app/backend/logs/app_20260524_150636.log')}
2026-05-24 15:18:31,978 - watchfiles.main - DEBUG - 1 change detected: {(<Change.modified: 2>, '/workspace/app/backend/logs/app_20260524_150636.log')}
2026-05-24 15:18:32,329 - watchfiles.main - DEBUG - 1 change detected: {(<Change.modified: 2>, '/workspace/app/backend/logs/app_20260524_150636.log')}
2026-05-24 15:18:32,680 - watchfiles.main - DEBUG - 1 change detected: {(<Change.modified: 2>, '/workspace/app/backend/logs/app_20260524_150636.log')}
2026-05-24 15:18:33,031 - watchfiles.main - DEBUG - 1 change detected: {(<Change.modified: 2>, '/workspace/app/backend/logs/app_20260524_150636.log')}
2026-05-24 15:18:33,381 - watchfiles.main - DEBUG - 1 change detected: {(<Change.modified: 2>, '/workspace/app/backend/logs/app_20260524_150636.log')}
2026-05-24 15:18:33,732 - watchfiles.main - DEBUG - 1 change detected: {(<Change.modified: 2>, '/workspace/app/backend/logs/app_20260524_150636.log')}
2026-05-24 15:18:34,083 - watchfiles.main - DEBUG - 1 change detected: {(<Change.modified: 2>, '/workspace/app/backend/logs/app_20260524_150636.log')}
2026-05-24 15:18:34,434 - watchfiles.main - DEBUG - 1 change detected: {(<Change.modified: 2>, '/workspace/app/backend/logs/app_20260524_150636.log')}
2026-05-24 15:18:34,784 - watchfiles.main - DEBUG - 1 change detected: {(<Change.modified: 2>, '/workspace/app/backend/logs/app_20260524_150636.log')}
2026-05-24 15:18:35,135 - watchfiles.main - DEBUG - 1 change detected: {(<Change.modified: 2>, '/workspace/app/backend/logs/app_20260524_150636.log')}
2026-05-24 15:18:35,486 - watchfiles.main - DEBUG - 1 change detected: {(<Change.modified: 2>, '/workspace/app/backend/logs/app_20260524_150636.log')}
2026-05-24 15:18:35,837 - watchfiles.main - DEBUG - 1 change detected: {(<Change.modified: 2>, '/workspace/app/backend/logs/app_20260524_150636.log')}
2026-05-24 15:18:36,187 - watchfiles.main - DEBUG - 1 change detected: {(<Change.modified: 2>, '/workspace/app/backend/logs/app_20260524_150636.log')}
2026-05-24 15:18:36,538 - watchfiles.main - DEBUG - 1 change detected: {(<Change.modified: 2>, '/workspace/app/backend/logs/app_20260524_150636.log')}
2026-05-24 15:18:36,889 - watchfiles.main - DEBUG - 1 change detected: {(<Change.modified: 2>, '/workspace/app/backend/logs/app_20260524_150636.log')}
2026-05-24 15:18:37,240 - watchfiles.main - DEBUG - 1 change detected: {(<Change.modified: 2>, '/workspace/app/backend/logs/app_20260524_150636.log')}
2026-05-24 15:18:37,591 - watchfiles.main - DEBUG - 1 change detected: {(<Change.modified: 2>, '/workspace/app/backend/logs/app_20260524_150636.log')}
2026-05-24 15:18:37,942 - watchfiles.main - DEBUG - 1 change detected: {(<Change.modified: 2>, '/workspace/app/backend/logs/app_20260524_150636.log')}
2026-05-24 15:18:38,293 - watchfiles.main - DEBUG - 1 change detected: {(<Change.modified: 2>, '/workspace/app/backend/logs/app_20260524_150636.log')}
2026-05-24 15:18:38,644 - watchfiles.main - DEBUG - 1 change detected: {(<Change.modified: 2>, '/workspace/app/backend/logs/app_20260524_150636.log')}
2026-05-24 15:18:38,994 - watchfiles.main - DEBUG - 1 change detected: {(<Change.modified: 2>, '/workspace/app/backend/logs/app_20260524_150636.log')}
2026-05-24 15:18:39,345 - watchfiles.main - DEBUG - 1 change detected: {(<Change.modified: 2>, '/workspace/app/backend/logs/app_20260524_150636.log')}
2026-05-24 15:18:39,696 - watchfiles.main - DEBUG - 1 change detected: {(<Change.modified: 2>, '/workspace/app/backend/logs/app_20260524_150636.log')}
2026-05-24 15:18:40,047 - watchfiles.main - DEBUG - 1 change detected: {(<Change.modified: 2>, '/workspace/app/backend/logs/app_20260524_150636.log')}
2026-05-24 15:18:40,398 - watchfiles.main - DEBUG - 1 change detected: {(<Change.modified: 2>, '/workspace/app/backend/logs/app_20260524_150636.log')}
2026-05-24 15:18:40,748 - watchfiles.main - DEBUG - 1 change detected: {(<Change.modified: 2>, '/workspace/app/backend/logs/app_20260524_150636.log')}
2026-05-24 15:18:41,099 - watchfiles.main - DEBUG - 1 change detected: {(<Change.modified: 2>, '/workspace/app/backend/logs/app_20260524_150636.log')}
2026-05-24 15:18:41,450 - watchfiles.main - DEBUG - 1 change detected: {(<Change.modified: 2>, '/workspace/app/backend/logs/app_20260524_150636.log')}
2026-05-24 15:18:41,801 - watchfiles.main - DEBUG - 1 change detected: {(<Change.modified: 2>, '/workspace/app/backend/logs/app_20260524_150636.log')}
2026-05-24 15:18:42,152 - watchfiles.main - DEBUG - 1 change detected: {(<Change.modified: 2>, '/workspace/app/backend/logs/app_20260524_150636.log')}
2026-05-24 15:18:42,503 - watchfiles.main - DEBUG - 1 change detected: {(<Change.modified: 2>, '/workspace/app/backend/logs/app_20260524_150636.log')}
2026-05-24 15:18:42,853 - watchfiles.main - DEBUG - 1 change detected: {(<Change.modified: 2>, '/workspace/app/backend/logs/app_20260524_150636.log')}
2026-05-24 15:18:43,204 - watchfiles.main - DEBUG - 1 change detected: {(<Change.modified: 2>, '/workspace/app/backend/logs/app_20260524_150636.log')}
2026-05-24 15:18:43,555 - watchfiles.main - DEBUG - 1 change detected: {(<Change.modified: 2>, '/workspace/app/backend/logs/app_20260524_150636.log')}
2026-05-24 15:18:43,906 - watchfiles.main - DEBUG - 1 change detected: {(<Change.modified: 2>, '/workspace/app/backend/logs/app_20260524_150636.log')}
2026-05-24 15:18:44,257 - watchfiles.main - DEBUG - 1 change detected: {(<Change.modified: 2>, '/workspace/app/backend/logs/app_20260524_150636.log')}
2026-05-24 15:18:44,608 - watchfiles.main - DEBUG - 2 changes detected: {(<Change.modified: 2>, '/workspace/app/backend/logs/app_20260524_150639.log'), (<Change.modified: 2>, '/workspace/app/backend/logs/app_20260524_150636.log')}
2026-05-24 15:18:44,958 - watchfiles.main - DEBUG - 1 change detected: {(<Change.modified: 2>, '/workspace/app/backend/logs/app_20260524_150636.log')}
2026-05-24 15:18:45,309 - watchfiles.main - DEBUG - 2 changes detected: {(<Change.modified: 2>, '/workspace/app/backend/logs/app_20260524_150639.log'), (<Change.modified: 2>, '/workspace/app/backend/logs/app_20260524_150636.log')}
2026-05-24 15:18:45,660 - watchfiles.main - DEBUG - 1 change detected: {(<Change.modified: 2>, '/workspace/app/backend/logs/app_20260524_150636.log')}
2026-05-24 15:18:46,011 - watchfiles.main - DEBUG - 1 change detected: {(<Change.modified: 2>, '/workspace/app/backend/logs/app_20260524_150636.log')}
2026-05-24 15:18:46,362 - watchfiles.main - DEBUG - 1 change detected: {(<Change.modified: 2>, '/workspace/app/backend/logs/app_20260524_150636.log')}
2026-05-24 15:18:46,713 - watchfiles.main - DEBUG - 1 change detected: {(<Change.modified: 2>, '/workspace/app/backend/logs/app_20260524_150636.log')}
2026-05-24 15:18:47,064 - watchfiles.main - DEBUG - 1 change detected: {(<Change.modified: 2>, '/workspace/app/backend/logs/app_20260524_150636.log')}
2026-05-24 15:18:47,414 - watchfiles.main - DEBUG - 1 change detected: {(<Change.modified: 2>, '/workspace/app/backend/logs/app_20260524_150636.log')}
2026-05-24 15:18:47,765 - watchfiles.main - DEBUG - 1 change detected: {(<Change.modified: 2>, '/workspace/app/backend/logs/app_20260524_150636.log')}
2026-05-24 15:18:48,116 - watchfiles.main - DEBUG - 1 change detected: {(<Change.modified: 2>, '/workspace/app/backend/logs/app_20260524_150636.log')}
2026-05-24 15:18:48,467 - watchfiles.main - DEBUG - 1 change detected: {(<Change.modified: 2>, '/workspace/app/backend/logs/app_20260524_150636.log')}
2026-05-24 15:18:48,817 - watchfiles.main - DEBUG - 1 change detected: {(<Change.modified: 2>, '/workspace/app/backend/logs/app_20260524_150636.log')}
2026-05-24 15:18:49,168 - watchfiles.main - DEBUG - 1 change detected: {(<Change.modified: 2>, '/workspace/app/backend/logs/app_20260524_150636.log')}
2026-05-24 15:18:49,519 - watchfiles.main - DEBUG - 1 change detected: {(<Change.modified: 2>, '/workspace/app/backend/logs/app_20260524_150636.log')}
2026-05-24 15:18:49,870 - watchfiles.main - DEBUG - 1 change detected: {(<Change.modified: 2>, '/workspace/app/backend/logs/app_20260524_150636.log')}
2026-05-24 15:18:50,221 - watchfiles.main - DEBUG - 1 change detected: {(<Change.modified: 2>, '/workspace/app/backend/logs/app_20260524_150636.log')}
2026-05-24 15:18:50,572 - watchfiles.main - DEBUG - 1 change detected: {(<Change.modified: 2>, '/workspace/app/backend/logs/app_20260524_150636.log')}
2026-05-24 15:18:50,922 - watchfiles.main - DEBUG - 1 change detected: {(<Change.modified: 2>, '/workspace/app/backend/logs/app_20260524_150636.log')}
2026-05-24 15:18:51,273 - watchfiles.main - DEBUG - 1 change detected: {(<Change.modified: 2>, '/workspace/app/backend/logs/app_20260524_150636.log')}
2026-05-24 15:18:51,624 - watchfiles.main - DEBUG - 1 change detected: {(<Change.modified: 2>, '/workspace/app/backend/logs/app_20260524_150636.log')}
2026-05-24 15:18:51,975 - watchfiles.main - DEBUG - 1 change detected: {(<Change.modified: 2>, '/workspace/app/backend/logs/app_20260524_150636.log')}
2026-05-24 15:18:52,326 - watchfiles.main - DEBUG - 1 change detected: {(<Change.modified: 2>, '/workspace/app/backend/logs/app_20260524_150636.log')}
2026-05-24 15:18:52,677 - watchfiles.main - DEBUG - 1 change detected: {(<Change.modified: 2>, '/workspace/app/backend/logs/app_20260524_150636.log')}
2026-05-24 15:18:53,028 - watchfiles.main - DEBUG - 1 change detected: {(<Change.modified: 2>, '/workspace/app/backend/logs/app_20260524_150636.log')}
2026-05-24 15:18:53,378 - watchfiles.main - DEBUG - 1 change detected: {(<Change.modified: 2>, '/workspace/app/backend/logs/app_20260524_150636.log')}
2026-05-24 15:18:53,729 - watchfiles.main - DEBUG - 1 change detected: {(<Change.modified: 2>, '/workspace/app/backend/logs/app_20260524_150636.log')}
2026-05-24 15:18:54,080 - watchfiles.main - DEBUG - 1 change detected: {(<Change.modified: 2>, '/workspace/app/backend/logs/app_20260524_150636.log')}
2026-05-24 15:18:54,431 - watchfiles.main - DEBUG - 1 change detected: {(<Change.modified: 2>, '/workspace/app/backend/logs/app_20260524_150636.log')}
2026-05-24 15:18:54,781 - watchfiles.main - DEBUG - 1 change detected: {(<Change.modified: 2>, '/workspace/app/backend/logs/app_20260524_150636.log')}
2026-05-24 15:18:55,132 - watchfiles.main - DEBUG - 1 change detected: {(<Change.modified: 2>, '/workspace/app/backend/logs/app_20260524_150636.log')}
2026-05-24 15:18:55,483 - watchfiles.main - DEBUG - 1 change detected: {(<Change.modified: 2>, '/workspace/app/backend/logs/app_20260524_150636.log')}
2026-05-24 15:18:55,834 - watchfiles.main - DEBUG - 1 change detected: {(<Change.modified: 2>, '/workspace/app/backend/logs/app_20260524_150636.log')}
2026-05-24 15:18:56,185 - watchfiles.main - DEBUG - 1 change detected: {(<Change.modified: 2>, '/workspace/app/backend/logs/app_20260524_150636.log')}
2026-05-24 15:18:56,536 - watchfiles.main - DEBUG - 1 change detected: {(<Change.modified: 2>, '/workspace/app/backend/logs/app_20260524_150636.log')}
2026-05-24 15:18:56,886 - watchfiles.main - DEBUG - 1 change detected: {(<Change.modified: 2>, '/workspace/app/backend/logs/app_20260524_150636.log')}
2026-05-24 15:18:57,237 - watchfiles.main - DEBUG - 1 change detected: {(<Change.modified: 2>, '/workspace/app/backend/logs/app_20260524_150636.log')}
2026-05-24 15:18:57,588 - watchfiles.main - DEBUG - 1 change detected: {(<Change.modified: 2>, '/workspace/app/backend/logs/app_20260524_150636.log')}
2026-05-24 15:18:57,939 - watchfiles.main - DEBUG - 1 change detected: {(<Change.modified: 2>, '/workspace/app/backend/logs/app_20260524_150636.log')}
2026-05-24 15:18:58,290 - watchfiles.main - DEBUG - 1 change detected: {(<Change.modified: 2>, '/workspace/app/backend/logs/app_20260524_150636.log')}
2026-05-24 15:18:58,640 - watchfiles.main - DEBUG - 1 change detected: {(<Change.modified: 2>, '/workspace/app/backend/logs/app_20260524_150636.log')}
2026-05-24 15:18:58,991 - watchfiles.main - DEBUG - 1 change detected: {(<Change.modified: 2>, '/workspace/app/backend/logs/app_20260524_150636.log')}
2026-05-24 15:18:59,342 - watchfiles.main - DEBUG - 1 change detected: {(<Change.modified: 2>, '/workspace/app/backend/logs/app_20260524_150636.log')}
2026-05-24 15:18:59,693 - watchfiles.main - DEBUG - 1 change detected: {(<Change.modified: 2>, '/workspace/app/backend/logs/app_20260524_150636.log')}
2026-05-24 15:19:00,043 - watchfiles.main - DEBUG - 1 change detected: {(<Change.modified: 2>, '/workspace/app/backend/logs/app_20260524_150636.log')}
2026-05-24 15:19:00,394 - watchfiles.main - DEBUG - 1 change detected: {(<Change.modified: 2>, '/workspace/app/backend/logs/app_20260524_150636.log')}
2026-05-24 15:19:00,745 - watchfiles.main - DEBUG - 1 change detected: {(<Change.modified: 2>, '/workspace/app/backend/logs/app_20260524_150636.log')}
2026-05-24 15:19:01,096 - watchfiles.main - DEBUG - 1 change detected: {(<Change.modified: 2>, '/workspace/app/backend/logs/app_20260524_150636.log')}
2026-05-24 15:19:01,447 - watchfiles.main - DEBUG - 1 change detected: {(<Change.modified: 2>, '/workspace/app/backend/logs/app_20260524_150636.log')}
2026-05-24 15:19:01,798 - watchfiles.main - DEBUG - 1 change detected: {(<Change.modified: 2>, '/workspace/app/backend/logs/app_20260524_150636.log')}
2026-05-24 15:19:02,149 - watchfiles.main - DEBUG - 1 change detected: {(<Change.modified: 2>, '/workspace/app/backend/logs/app_20260524_150636.log')}
2026-05-24 15:19:02,500 - watchfiles.main - DEBUG - 1 change detected: {(<Change.modified: 2>, '/workspace/app/backend/logs/app_20260524_150636.log')}
2026-05-24 15:19:02,850 - watchfiles.main - DEBUG - 1 change detected: {(<Change.modified: 2>, '/workspace/app/backend/logs/app_20260524_150636.log')}
2026-05-24 15:19:03,201 - watchfiles.main - DEBUG - 1 change detected: {(<Change.modified: 2>, '/workspace/app/backend/logs/app_20260524_150636.log')}
2026-05-24 15:19:03,552 - watchfiles.main - DEBUG - 1 change detected: {(<Change.modified: 2>, '/workspace/app/backend/logs/app_20260524_150636.log')}
2026-05-24 15:19:03,903 - watchfiles.main - DEBUG - 1 change detected: {(<Change.modified: 2>, '/workspace/app/backend/logs/app_20260524_150636.log')}
2026-05-24 15:19:04,254 - watchfiles.main - DEBUG - 1 change detected: {(<Change.modified: 2>, '/workspace/app/backend/logs/app_20260524_150636.log')}
2026-05-24 15:19:04,605 - watchfiles.main - DEBUG - 1 change detected: {(<Change.modified: 2>, '/workspace/app/backend/logs/app_20260524_150636.log')}
2026-05-24 15:19:04,956 - watchfiles.main - DEBUG - 1 change detected: {(<Change.modified: 2>, '/workspace/app/backend/logs/app_20260524_150636.log')}
2026-05-24 15:19:05,307 - watchfiles.main - DEBUG - 1 change detected: {(<Change.modified: 2>, '/workspace/app/backend/logs/app_20260524_150636.log')}
2026-05-24 15:19:05,658 - watchfiles.main - DEBUG - 1 change detected: {(<Change.modified: 2>, '/workspace/app/backend/logs/app_20260524_150636.log')}
2026-05-24 15:19:06,009 - watchfiles.main - DEBUG - 1 change detected: {(<Change.modified: 2>, '/workspace/app/backend/logs/app_20260524_150636.log')}
2026-05-24 15:19:06,360 - watchfiles.main - DEBUG - 1 change detected: {(<Change.modified: 2>, '/workspace/app/backend/logs/app_20260524_150636.log')}
2026-05-24 15:19:06,711 - watchfiles.main - DEBUG - 1 change detected: {(<Change.modified: 2>, '/workspace/app/backend/logs/app_20260524_150636.log')}
2026-05-24 15:19:07,061 - watchfiles.main - DEBUG - 1 change detected: {(<Change.modified: 2>, '/workspace/app/backend/logs/app_20260524_150636.log')}
2026-05-24 15:19:07,412 - watchfiles.main - DEBUG - 1 change detected: {(<Change.modified: 2>, '/workspace/app/backend/logs/app_20260524_150636.log')}
2026-05-24 15:19:07,763 - watchfiles.main - DEBUG - 1 change detected: {(<Change.modified: 2>, '/workspace/app/backend/logs/app_20260524_150636.log')}
2026-05-24 15:19:08,114 - watchfiles.main - DEBUG - 1 change detected: {(<Change.modified: 2>, '/workspace/app/backend/logs/app_20260524_150636.log')}
2026-05-24 15:19:08,465 - watchfiles.main - DEBUG - 1 change detected: {(<Change.modified: 2>, '/workspace/app/backend/logs/app_20260524_150636.log')}
2026-05-24 15:19:08,816 - watchfiles.main - DEBUG - 1 change detected: {(<Change.modified: 2>, '/workspace/app/backend/logs/app_20260524_150636.log')}
2026-05-24 15:19:09,166 - watchfiles.main - DEBUG - 1 change detected: {(<Change.modified: 2>, '/workspace/app/backend/logs/app_20260524_150636.log')}
2026-05-24 15:19:09,517 - watchfiles.main - DEBUG - 1 change detected: {(<Change.modified: 2>, '/workspace/app/backend/logs/app_20260524_150636.log')}
2026-05-24 15:19:09,869 - watchfiles.main - DEBUG - 1 change detected: {(<Change.modified: 2>, '/workspace/app/backend/logs/app_20260524_150636.log')}
2026-05-24 15:19:10,220 - watchfiles.main - DEBUG - 1 change detected: {(<Change.modified: 2>, '/workspace/app/backend/logs/app_20260524_150636.log')}
2026-05-24 15:19:10,572 - watchfiles.main - DEBUG - 1 change detected: {(<Change.modified: 2>, '/workspace/app/backend/logs/app_20260524_150636.log')}
2026-05-24 15:19:10,922 - watchfiles.main - DEBUG - 1 change detected: {(<Change.modified: 2>, '/workspace/app/backend/logs/app_20260524_150636.log')}
2026-05-24 15:19:11,273 - watchfiles.main - DEBUG - 1 change detected: {(<Change.modified: 2>, '/workspace/app/backend/logs/app_20260524_150636.log')}
2026-05-24 15:19:11,624 - watchfiles.main - DEBUG - 1 change detected: {(<Change.modified: 2>, '/workspace/app/backend/logs/app_20260524_150636.log')}
2026-05-24 15:19:11,975 - watchfiles.main - DEBUG - 1 change detected: {(<Change.modified: 2>, '/workspace/app/backend/logs/app_20260524_150636.log')}
2026-05-24 15:19:12,325 - watchfiles.main - DEBUG - 1 change detected: {(<Change.modified: 2>, '/workspace/app/backend/logs/app_20260524_150636.log')}
2026-05-24 15:19:12,676 - watchfiles.main - DEBUG - 1 change detected: {(<Change.modified: 2>, '/workspace/app/backend/logs/app_20260524_150636.log')}
2026-05-24 15:19:13,027 - watchfiles.main - DEBUG - 1 change detected: {(<Change.modified: 2>, '/workspace/app/backend/logs/app_20260524_150636.log')}
2026-05-24 15:19:13,378 - watchfiles.main - DEBUG - 1 change detected: {(<Change.modified: 2>, '/workspace/app/backend/logs/app_20260524_150636.log')}
2026-05-24 15:19:13,728 - watchfiles.main - DEBUG - 1 change detected: {(<Change.modified: 2>, '/workspace/app/backend/logs/app_20260524_150636.log')}
2026-05-24 15:19:14,079 - watchfiles.main - DEBUG - 1 change detected: {(<Change.modified: 2>, '/workspace/app/backend/logs/app_20260524_150636.log')}
2026-05-24 15:19:14,430 - watchfiles.main - DEBUG - 1 change detected: {(<Change.modified: 2>, '/workspace/app/backend/logs/app_20260524_150636.log')}
2026-05-24 15:19:14,781 - watchfiles.main - DEBUG - 1 change detected: {(<Change.modified: 2>, '/workspace/app/backend/logs/app_20260524_150636.log')}
2026-05-24 15:19:15,132 - watchfiles.main - DEBUG - 1 change detected: {(<Change.modified: 2>, '/workspace/app/backend/logs/app_20260524_150636.log')}
2026-05-24 15:19:15,483 - watchfiles.main - DEBUG - 1 change detected: {(<Change.modified: 2>, '/workspace/app/backend/logs/app_20260524_150636.log')}
2026-05-24 15:19:15,834 - watchfiles.main - DEBUG - 1 change detected: {(<Change.modified: 2>, '/workspace/app/backend/logs/app_20260524_150636.log')}
2026-05-24 15:19:16,184 - watchfiles.main - DEBUG - 1 change detected: {(<Change.modified: 2>, '/workspace/app/backend/logs/app_20260524_150636.log')}
2026-05-24 15:19:16,535 - watchfiles.main - DEBUG - 1 change detected: {(<Change.modified: 2>, '/workspace/app/backend/logs/app_20260524_150636.log')}
2026-05-24 15:19:16,886 - watchfiles.main - DEBUG - 1 change detected: {(<Change.modified: 2>, '/workspace/app/backend/logs/app_20260524_150636.log')}
2026-05-24 15:19:17,237 - watchfiles.main - DEBUG - 1 change detected: {(<Change.modified: 2>, '/workspace/app/backend/logs/app_20260524_150636.log')}
2026-05-24 15:19:17,588 - watchfiles.main - DEBUG - 1 change detected: {(<Change.modified: 2>, '/workspace/app/backend/logs/app_20260524_150636.log')}
2026-05-24 15:19:17,938 - watchfiles.main - DEBUG - 1 change detected: {(<Change.modified: 2>, '/workspace/app/backend/logs/app_20260524_150636.log')}
2026-05-24 15:19:18,289 - watchfiles.main - DEBUG - 1 change detected: {(<Change.modified: 2>, '/workspace/app/backend/logs/app_20260524_150636.log')}
2026-05-24 15:19:18,640 - watchfiles.main - DEBUG - 1 change detected: {(<Change.modified: 2>, '/workspace/app/backend/logs/app_20260524_150636.log')}
2026-05-24 15:19:18,991 - watchfiles.main - DEBUG - 1 change detected: {(<Change.modified: 2>, '/workspace/app/backend/logs/app_20260524_150636.log')}
2026-05-24 15:19:19,342 - watchfiles.main - DEBUG - 1 change detected: {(<Change.modified: 2>, '/workspace/app/backend/logs/app_20260524_150636.log')}
2026-05-24 15:19:19,693 - watchfiles.main - DEBUG - 1 change detected: {(<Change.modified: 2>, '/workspace/app/backend/logs/app_20260524_150636.log')}
2026-05-24 15:19:20,043 - watchfiles.main - DEBUG - 1 change detected: {(<Change.modified: 2>, '/workspace/app/backend/logs/app_20260524_150636.log')}
2026-05-24 15:19:20,394 - watchfiles.main - DEBUG - 1 change detected: {(<Change.modified: 2>, '/workspace/app/backend/logs/app_20260524_150636.log')}
2026-05-24 15:19:20,745 - watchfiles.main - DEBUG - 1 change detected: {(<Change.modified: 2>, '/workspace/app/backend/logs/app_20260524_150636.log')}
2026-05-24 15:19:21,096 - watchfiles.main - DEBUG - 1 change detected: {(<Change.modified: 2>, '/workspace/app/backend/logs/app_20260524_150636.log')}
2026-05-24 15:19:21,446 - watchfiles.main - DEBUG - 1 change detected: {(<Change.modified: 2>, '/workspace/app/backend/logs/app_20260524_150636.log')}
2026-05-24 15:19:21,797 - watchfiles.main - DEBUG - 1 change detected: {(<Change.modified: 2>, '/workspace/app/backend/logs/app_20260524_150636.log')}
2026-05-24 15:19:22,148 - watchfiles.main - DEBUG - 1 change detected: {(<Change.modified: 2>, '/workspace/app/backend/logs/app_20260524_150636.log')}
2026-05-24 15:19:22,500 - watchfiles.main - DEBUG - 1 change detected: {(<Change.modified: 2>, '/workspace/app/backend/logs/app_20260524_150636.log')}
2026-05-24 15:19:22,850 - watchfiles.main - DEBUG - 1 change detected: {(<Change.modified: 2>, '/workspace/app/backend/logs/app_20260524_150636.log')}
2026-05-24 15:19:23,201 - watchfiles.main - DEBUG - 1 change detected: {(<Change.modified: 2>, '/workspace/app/backend/logs/app_20260524_150636.log')}
2026-05-24 15:19:23,552 - watchfiles.main - DEBUG - 1 change detected: {(<Change.modified: 2>, '/workspace/app/backend/logs/app_20260524_150636.log')}
2026-05-24 15:19:23,903 - watchfiles.main - DEBUG - 1 change detected: {(<Change.modified: 2>, '/workspace/app/backend/logs/app_20260524_150636.log')}
2026-05-24 15:19:24,254 - watchfiles.main - DEBUG - 1 change detected: {(<Change.modified: 2>, '/workspace/app/backend/logs/app_20260524_150636.log')}
2026-05-24 15:19:24,604 - watchfiles.main - DEBUG - 1 change detected: {(<Change.modified: 2>, '/workspace/app/backend/logs/app_20260524_150636.log')}
2026-05-24 15:19:24,955 - watchfiles.main - DEBUG - 1 change detected: {(<Change.modified: 2>, '/workspace/app/backend/logs/app_20260524_150636.log')}
2026-05-24 15:19:25,306 - watchfiles.main - DEBUG - 1 change detected: {(<Change.modified: 2>, '/workspace/app/backend/logs/app_20260524_150636.log')}
2026-05-24 15:19:25,657 - watchfiles.main - DEBUG - 1 change detected: {(<Change.modified: 2>, '/workspace/app/backend/logs/app_20260524_150636.log')}
2026-05-24 15:19:26,007 - watchfiles.main - DEBUG - 1 change detected: {(<Change.modified: 2>, '/workspace/app/backend/logs/app_20260524_150636.log')}
2026-05-24 15:19:26,358 - watchfiles.main - DEBUG - 1 change detected: {(<Change.modified: 2>, '/workspace/app/backend/logs/app_20260524_150636.log')}
2026-05-24 15:19:26,709 - watchfiles.main - DEBUG - 1 change detected: {(<Change.modified: 2>, '/workspace/app/backend/logs/app_20260524_150636.log')}
2026-05-24 15:19:27,060 - watchfiles.main - DEBUG - 1 change detected: {(<Change.modified: 2>, '/workspace/app/backend/logs/app_20260524_150636.log')}
2026-05-24 15:19:27,410 - watchfiles.main - DEBUG - 1 change detected: {(<Change.modified: 2>, '/workspace/app/backend/logs/app_20260524_150636.log')}
2026-05-24 15:19:27,761 - watchfiles.main - DEBUG - 1 change detected: {(<Change.modified: 2>, '/workspace/app/backend/logs/app_20260524_150636.log')}
2026-05-24 15:19:28,112 - watchfiles.main - DEBUG - 1 change detected: {(<Change.modified: 2>, '/workspace/app/backend/logs/app_20260524_150636.log')}
2026-05-24 15:19:28,463 - watchfiles.main - DEBUG - 1 change detected: {(<Change.modified: 2>, '/workspace/app/backend/logs/app_20260524_150636.log')}
2026-05-24 15:19:28,814 - watchfiles.main - DEBUG - 1 change detected: {(<Change.modified: 2>, '/workspace/app/backend/logs/app_20260524_150636.log')}
2026-05-24 15:19:29,165 - watchfiles.main - DEBUG - 1 change detected: {(<Change.modified: 2>, '/workspace/app/backend/logs/app_20260524_150636.log')}
2026-05-24 15:19:29,515 - watchfiles.main - DEBUG - 1 change detected: {(<Change.modified: 2>, '/workspace/app/backend/logs/app_20260524_150636.log')}
2026-05-24 15:19:29,866 - watchfiles.main - DEBUG - 1 change detected: {(<Change.modified: 2>, '/workspace/app/backend/logs/app_20260524_150636.log')}
2026-05-24 15:19:30,217 - watchfiles.main - DEBUG - 1 change detected: {(<Change.modified: 2>, '/workspace/app/backend/logs/app_20260524_150636.log')}
2026-05-24 15:19:30,568 - watchfiles.main - DEBUG - 1 change detected: {(<Change.modified: 2>, '/workspace/app/backend/logs/app_20260524_150636.log')}
2026-05-24 15:19:30,918 - watchfiles.main - DEBUG - 1 change detected: {(<Change.modified: 2>, '/workspace/app/backend/logs/app_20260524_150636.log')}
2026-05-24 15:19:31,269 - watchfiles.main - DEBUG - 1 change detected: {(<Change.modified: 2>, '/workspace/app/backend/logs/app_20260524_150636.log')}
2026-05-24 15:19:31,620 - watchfiles.main - DEBUG - 1 change detected: {(<Change.modified: 2>, '/workspace/app/backend/logs/app_20260524_150636.log')}
2026-05-24 15:19:31,971 - watchfiles.main - DEBUG - 1 change detected: {(<Change.modified: 2>, '/workspace/app/backend/logs/app_20260524_150636.log')}
2026-05-24 15:19:32,321 - watchfiles.main - DEBUG - 1 change detected: {(<Change.modified: 2>, '/workspace/app/backend/logs/app_20260524_150636.log')}
2026-05-24 15:19:32,672 - watchfiles.main - DEBUG - 1 change detected: {(<Change.modified: 2>, '/workspace/app/backend/logs/app_20260524_150636.log')}
2026-05-24 15:19:33,023 - watchfiles.main - DEBUG - 1 change detected: {(<Change.modified: 2>, '/workspace/app/backend/logs/app_20260524_150636.log')}
2026-05-24 15:19:33,374 - watchfiles.main - DEBUG - 1 change detected: {(<Change.modified: 2>, '/workspace/app/backend/logs/app_20260524_150636.log')}
2026-05-24 15:19:33,725 - watchfiles.main - DEBUG - 1 change detected: {(<Change.modified: 2>, '/workspace/app/backend/logs/app_20260524_150636.log')}
2026-05-24 15:19:34,076 - watchfiles.main - DEBUG - 1 change detected: {(<Change.modified: 2>, '/workspace/app/backend/logs/app_20260524_150636.log')}
2026-05-24 15:19:34,426 - watchfiles.main - DEBUG - 1 change detected: {(<Change.modified: 2>, '/workspace/app/backend/logs/app_20260524_150636.log')}
2026-05-24 15:19:34,777 - watchfiles.main - DEBUG - 1 change detected: {(<Change.modified: 2>, '/workspace/app/backend/logs/app_20260524_150636.log')}
2026-05-24 15:19:35,128 - watchfiles.main - DEBUG - 1 change detected: {(<Change.modified: 2>, '/workspace/app/backend/logs/app_20260524_150636.log')}
2026-05-24 15:19:35,479 - watchfiles.main - DEBUG - 1 change detected: {(<Change.modified: 2>, '/workspace/app/backend/logs/app_20260524_150636.log')}
2026-05-24 15:19:35,830 - watchfiles.main - DEBUG - 1 change detected: {(<Change.modified: 2>, '/workspace/app/backend/logs/app_20260524_150636.log')}
2026-05-24 15:19:36,180 - watchfiles.main - DEBUG - 1 change detected: {(<Change.modified: 2>, '/workspace/app/backend/logs/app_20260524_150636.log')}
2026-05-24 15:19:36,531 - watchfiles.main - DEBUG - 1 change detected: {(<Change.modified: 2>, '/workspace/app/backend/logs/app_20260524_150636.log')}
2026-05-24 15:19:36,882 - watchfiles.main - DEBUG - 1 change detected: {(<Change.modified: 2>, '/workspace/app/backend/logs/app_20260524_150636.log')}
2026-05-24 15:19:37,233 - watchfiles.main - DEBUG - 1 change detected: {(<Change.modified: 2>, '/workspace/app/backend/logs/app_20260524_150636.log')}
2026-05-24 15:19:37,584 - watchfiles.main - DEBUG - 1 change detected: {(<Change.modified: 2>, '/workspace/app/backend/logs/app_20260524_150636.log')}
2026-05-24 15:19:37,935 - watchfiles.main - DEBUG - 1 change detected: {(<Change.modified: 2>, '/workspace/app/backend/logs/app_20260524_150636.log')}
2026-05-24 15:19:38,285 - watchfiles.main - DEBUG - 1 change detected: {(<Change.modified: 2>, '/workspace/app/backend/logs/app_20260524_150636.log')}
2026-05-24 15:19:38,636 - watchfiles.main - DEBUG - 1 change detected: {(<Change.modified: 2>, '/workspace/app/backend/logs/app_20260524_150636.log')}
2026-05-24 15:19:38,987 - watchfiles.main - DEBUG - 1 change detected: {(<Change.modified: 2>, '/workspace/app/backend/logs/app_20260524_150636.log')}
2026-05-24 15:19:39,338 - watchfiles.main - DEBUG - 1 change detected: {(<Change.modified: 2>, '/workspace/app/backend/logs/app_20260524_150636.log')}
2026-05-24 15:19:39,688 - watchfiles.main - DEBUG - 1 change detected: {(<Change.modified: 2>, '/workspace/app/backend/logs/app_20260524_150636.log')}
2026-05-24 15:19:40,039 - watchfiles.main - DEBUG - 1 change detected: {(<Change.modified: 2>, '/workspace/app/backend/logs/app_20260524_150636.log')}
2026-05-24 15:19:40,390 - watchfiles.main - DEBUG - 1 change detected: {(<Change.modified: 2>, '/workspace/app/backend/logs/app_20260524_150636.log')}
2026-05-24 15:19:40,741 - watchfiles.main - DEBUG - 1 change detected: {(<Change.modified: 2>, '/workspace/app/backend/logs/app_20260524_150636.log')}
2026-05-24 15:19:41,092 - watchfiles.main - DEBUG - 1 change detected: {(<Change.modified: 2>, '/workspace/app/backend/logs/app_20260524_150636.log')}
2026-05-24 15:19:41,443 - watchfiles.main - DEBUG - 1 change detected: {(<Change.modified: 2>, '/workspace/app/backend/logs/app_20260524_150636.log')}
2026-05-24 15:19:41,793 - watchfiles.main - DEBUG - 1 change detected: {(<Change.modified: 2>, '/workspace/app/backend/logs/app_20260524_150636.log')}
2026-05-24 15:19:42,144 - watchfiles.main - DEBUG - 1 change detected: {(<Change.modified: 2>, '/workspace/app/backend/logs/app_20260524_150636.log')}
2026-05-24 15:19:42,495 - watchfiles.main - DEBUG - 1 change detected: {(<Change.modified: 2>, '/workspace/app/backend/logs/app_20260524_150636.log')}
2026-05-24 15:19:42,845 - watchfiles.main - DEBUG - 1 change detected: {(<Change.modified: 2>, '/workspace/app/backend/logs/app_20260524_150636.log')}
2026-05-24 15:19:43,197 - watchfiles.main - DEBUG - 1 change detected: {(<Change.modified: 2>, '/workspace/app/backend/logs/app_20260524_150636.log')}
2026-05-24 15:19:43,547 - watchfiles.main - DEBUG - 1 change detected: {(<Change.modified: 2>, '/workspace/app/backend/logs/app_20260524_150636.log')}
2026-05-24 15:19:43,898 - watchfiles.main - DEBUG - 1 change detected: {(<Change.modified: 2>, '/workspace/app/backend/logs/app_20260524_150636.log')}
2026-05-24 15:19:44,249 - watchfiles.main - DEBUG - 1 change detected: {(<Change.modified: 2>, '/workspace/app/backend/logs/app_20260524_150636.log')}
2026-05-24 15:19:44,600 - watchfiles.main - DEBUG - 2 changes detected: {(<Change.modified: 2>, '/workspace/app/backend/logs/app_20260524_150639.log'), (<Change.modified: 2>, '/workspace/app/backend/logs/app_20260524_150636.log')}
2026-05-24 15:19:44,951 - watchfiles.main - DEBUG - 2 changes detected: {(<Change.modified: 2>, '/workspace/app/backend/logs/app_20260524_150639.log'), (<Change.modified: 2>, '/workspace/app/backend/logs/app_20260524_150636.log')}
2026-05-24 15:19:45,301 - watchfiles.main - DEBUG - 1 change detected: {(<Change.modified: 2>, '/workspace/app/backend/logs/app_20260524_150636.log')}
2026-05-24 15:19:45,652 - watchfiles.main - DEBUG - 1 change detected: {(<Change.modified: 2>, '/workspace/app/backend/logs/app_20260524_150636.log')}
2026-05-24 15:19:46,003 - watchfiles.main - DEBUG - 1 change detected: {(<Change.modified: 2>, '/workspace/app/backend/logs/app_20260524_150636.log')}
2026-05-24 15:19:46,354 - watchfiles.main - DEBUG - 1 change detected: {(<Change.modified: 2>, '/workspace/app/backend/logs/app_20260524_150636.log')}
2026-05-24 15:19:46,705 - watchfiles.main - DEBUG - 1 change detected: {(<Change.modified: 2>, '/workspace/app/backend/logs/app_20260524_150636.log')}
2026-05-24 15:19:47,056 - watchfiles.main - DEBUG - 1 change detected: {(<Change.modified: 2>, '/workspace/app/backend/logs/app_20260524_150636.log')}
2026-05-24 15:19:47,407 - watchfiles.main - DEBUG - 1 change detected: {(<Change.modified: 2>, '/workspace/app/backend/logs/app_20260524_150636.log')}
2026-05-24 15:19:47,758 - watchfiles.main - DEBUG - 1 change detected: {(<Change.modified: 2>, '/workspace/app/backend/logs/app_20260524_150636.log')}
2026-05-24 15:19:48,109 - watchfiles.main - DEBUG - 1 change detected: {(<Change.modified: 2>, '/workspace/app/backend/logs/app_20260524_150636.log')}
2026-05-24 15:19:48,459 - watchfiles.main - DEBUG - 1 change detected: {(<Change.modified: 2>, '/workspace/app/backend/logs/app_20260524_150636.log')}
2026-05-24 15:19:48,810 - watchfiles.main - DEBUG - 1 change detected: {(<Change.modified: 2>, '/workspace/app/backend/logs/app_20260524_150636.log')}
2026-05-24 15:19:49,161 - watchfiles.main - DEBUG - 1 change detected: {(<Change.modified: 2>, '/workspace/app/backend/logs/app_20260524_150636.log')}
2026-05-24 15:19:49,512 - watchfiles.main - DEBUG - 1 change detected: {(<Change.modified: 2>, '/workspace/app/backend/logs/app_20260524_150636.log')}
2026-05-24 15:19:49,863 - watchfiles.main - DEBUG - 1 change detected: {(<Change.modified: 2>, '/workspace/app/backend/logs/app_20260524_150636.log')}
2026-05-24 15:19:50,214 - watchfiles.main - DEBUG - 1 change detected: {(<Change.modified: 2>, '/workspace/app/backend/logs/app_20260524_150636.log')}
2026-05-24 15:19:50,565 - watchfiles.main - DEBUG - 1 change detected: {(<Change.modified: 2>, '/workspace/app/backend/logs/app_20260524_150636.log')}
2026-05-24 15:19:50,915 - watchfiles.main - DEBUG - 1 change detected: {(<Change.modified: 2>, '/workspace/app/backend/logs/app_20260524_150636.log')}
2026-05-24 15:19:51,266 - watchfiles.main - DEBUG - 1 change detected: {(<Change.modified: 2>, '/workspace/app/backend/logs/app_20260524_150636.log')}
2026-05-24 15:19:51,617 - watchfiles.main - DEBUG - 1 change detected: {(<Change.modified: 2>, '/workspace/app/backend/logs/app_20260524_150636.log')}
2026-05-24 15:19:51,968 - watchfiles.main - DEBUG - 1 change detected: {(<Change.modified: 2>, '/workspace/app/backend/logs/app_20260524_150636.log')}
2026-05-24 15:19:52,318 - watchfiles.main - DEBUG - 1 change detected: {(<Change.modified: 2>, '/workspace/app/backend/logs/app_20260524_150636.log')}
2026-05-24 15:19:52,669 - watchfiles.main - DEBUG - 1 change detected: {(<Change.modified: 2>, '/workspace/app/backend/logs/app_20260524_150636.log')}
2026-05-24 15:19:53,020 - watchfiles.main - DEBUG - 1 change detected: {(<Change.modified: 2>, '/workspace/app/backend/logs/app_20260524_150636.log')}
2026-05-24 15:19:53,371 - watchfiles.main - DEBUG - 1 change detected: {(<Change.modified: 2>, '/workspace/app/backend/logs/app_20260524_150636.log')}
2026-05-24 15:19:53,722 - watchfiles.main - DEBUG - 1 change detected: {(<Change.modified: 2>, '/workspace/app/backend/logs/app_20260524_150636.log')}
2026-05-24 15:19:54,073 - watchfiles.main - DEBUG - 1 change detected: {(<Change.modified: 2>, '/workspace/app/backend/logs/app_20260524_150636.log')}
2026-05-24 15:19:54,424 - watchfiles.main - DEBUG - 1 change detected: {(<Change.modified: 2>, '/workspace/app/backend/logs/app_20260524_150636.log')}
2026-05-24 15:19:54,775 - watchfiles.main - DEBUG - 1 change detected: {(<Change.modified: 2>, '/workspace/app/backend/logs/app_20260524_150636.log')}
2026-05-24 15:19:55,126 - watchfiles.main - DEBUG - 1 change detected: {(<Change.modified: 2>, '/workspace/app/backend/logs/app_20260524_150636.log')}
2026-05-24 15:19:55,477 - watchfiles.main - DEBUG - 1 change detected: {(<Change.modified: 2>, '/workspace/app/backend/logs/app_20260524_150636.log')}
2026-05-24 15:19:55,827 - watchfiles.main - DEBUG - 1 change detected: {(<Change.modified: 2>, '/workspace/app/backend/logs/app_20260524_150636.log')}
2026-05-24 15:19:56,178 - watchfiles.main - DEBUG - 1 change detected: {(<Change.modified: 2>, '/workspace/app/backend/logs/app_20260524_150636.log')}
2026-05-24 15:19:56,529 - watchfiles.main - DEBUG - 1 change detected: {(<Change.modified: 2>, '/workspace/app/backend/logs/app_20260524_150636.log')}
2026-05-24 15:19:56,880 - watchfiles.main - DEBUG - 1 change detected: {(<Change.modified: 2>, '/workspace/app/backend/logs/app_20260524_150636.log')}
2026-05-24 15:19:57,231 - watchfiles.main - DEBUG - 1 change detected: {(<Change.modified: 2>, '/workspace/app/backend/logs/app_20260524_150636.log')}
2026-05-24 15:19:57,582 - watchfiles.main - DEBUG - 1 change detected: {(<Change.modified: 2>, '/workspace/app/backend/logs/app_20260524_150636.log')}
2026-05-24 15:19:57,932 - watchfiles.main - DEBUG - 1 change detected: {(<Change.modified: 2>, '/workspace/app/backend/logs/app_20260524_150636.log')}
2026-05-24 15:19:58,283 - watchfiles.main - DEBUG - 1 change detected: {(<Change.modified: 2>, '/workspace/app/backend/logs/app_20260524_150636.log')}
2026-05-24 15:19:58,634 - watchfiles.main - DEBUG - 1 change detected: {(<Change.modified: 2>, '/workspace/app/backend/logs/app_20260524_150636.log')}
2026-05-24 15:19:58,985 - watchfiles.main - DEBUG - 1 change detected: {(<Change.modified: 2>, '/workspace/app/backend/logs/app_20260524_150636.log')}
2026-05-24 15:19:59,335 - watchfiles.main - DEBUG - 1 change detected: {(<Change.modified: 2>, '/workspace/app/backend/logs/app_20260524_150636.log')}
2026-05-24 15:19:59,686 - watchfiles.main - DEBUG - 1 change detected: {(<Change.modified: 2>, '/workspace/app/backend/logs/app_20260524_150636.log')}
2026-05-24 15:20:00,038 - watchfiles.main - DEBUG - 1 change detected: {(<Change.modified: 2>, '/workspace/app/backend/logs/app_20260524_150636.log')}
2026-05-24 15:20:00,388 - watchfiles.main - DEBUG - 1 change detected: {(<Change.modified: 2>, '/workspace/app/backend/logs/app_20260524_150636.log')}
2026-05-24 15:20:00,739 - watchfiles.main - DEBUG - 1 change detected: {(<Change.modified: 2>, '/workspace/app/backend/logs/app_20260524_150636.log')}
2026-05-24 15:20:01,090 - watchfiles.main - DEBUG - 1 change detected: {(<Change.modified: 2>, '/workspace/app/backend/logs/app_20260524_150636.log')}
2026-05-24 15:20:01,440 - watchfiles.main - DEBUG - 1 change detected: {(<Change.modified: 2>, '/workspace/app/backend/logs/app_20260524_150636.log')}
2026-05-24 15:20:01,791 - watchfiles.main - DEBUG - 1 change detected: {(<Change.modified: 2>, '/workspace/app/backend/logs/app_20260524_150636.log')}
2026-05-24 15:20:02,142 - watchfiles.main - DEBUG - 1 change detected: {(<Change.modified: 2>, '/workspace/app/backend/logs/app_20260524_150636.log')}
2026-05-24 15:20:02,493 - watchfiles.main - DEBUG - 1 change detected: {(<Change.modified: 2>, '/workspace/app/backend/logs/app_20260524_150636.log')}
2026-05-24 15:20:02,844 - watchfiles.main - DEBUG - 1 change detected: {(<Change.modified: 2>, '/workspace/app/backend/logs/app_20260524_150636.log')}
2026-05-24 15:20:03,195 - watchfiles.main - DEBUG - 1 change detected: {(<Change.modified: 2>, '/workspace/app/backend/logs/app_20260524_150636.log')}
2026-05-24 15:20:03,545 - watchfiles.main - DEBUG - 1 change detected: {(<Change.modified: 2>, '/workspace/app/backend/logs/app_20260524_150636.log')}
2026-05-24 15:20:03,896 - watchfiles.main - DEBUG - 1 change detected: {(<Change.modified: 2>, '/workspace/app/backend/logs/app_20260524_150636.log')}
2026-05-24 15:20:04,247 - watchfiles.main - DEBUG - 1 change detected: {(<Change.modified: 2>, '/workspace/app/backend/logs/app_20260524_150636.log')}
2026-05-24 15:20:04,598 - watchfiles.main - DEBUG - 1 change detected: {(<Change.modified: 2>, '/workspace/app/backend/logs/app_20260524_150636.log')}
2026-05-24 15:20:04,949 - watchfiles.main - DEBUG - 1 change detected: {(<Change.modified: 2>, '/workspace/app/backend/logs/app_20260524_150636.log')}
2026-05-24 15:20:05,300 - watchfiles.main - DEBUG - 1 change detected: {(<Change.modified: 2>, '/workspace/app/backend/logs/app_20260524_150636.log')}
2026-05-24 15:20:05,650 - watchfiles.main - DEBUG - 1 change detected: {(<Change.modified: 2>, '/workspace/app/backend/logs/app_20260524_150636.log')}
2026-05-24 15:20:06,001 - watchfiles.main - DEBUG - 1 change detected: {(<Change.modified: 2>, '/workspace/app/backend/logs/app_20260524_150636.log')}
2026-05-24 15:20:06,352 - watchfiles.main - DEBUG - 1 change detected: {(<Change.modified: 2>, '/workspace/app/backend/logs/app_20260524_150636.log')}
2026-05-24 15:20:06,703 - watchfiles.main - DEBUG - 1 change detected: {(<Change.modified: 2>, '/workspace/app/backend/logs/app_20260524_150636.log')}
2026-05-24 15:20:07,054 - watchfiles.main - DEBUG - 1 change detected: {(<Change.modified: 2>, '/workspace/app/backend/logs/app_20260524_150636.log')}
2026-05-24 15:20:07,405 - watchfiles.main - DEBUG - 1 change detected: {(<Change.modified: 2>, '/workspace/app/backend/logs/app_20260524_150636.log')}
2026-05-24 15:20:07,755 - watchfiles.main - DEBUG - 1 change detected: {(<Change.modified: 2>, '/workspace/app/backend/logs/app_20260524_150636.log')}
2026-05-24 15:20:08,106 - watchfiles.main - DEBUG - 1 change detected: {(<Change.modified: 2>, '/workspace/app/backend/logs/app_20260524_150636.log')}
2026-05-24 15:20:08,457 - watchfiles.main - DEBUG - 1 change detected: {(<Change.modified: 2>, '/workspace/app/backend/logs/app_20260524_150636.log')}
2026-05-24 15:20:08,808 - watchfiles.main - DEBUG - 1 change detected: {(<Change.modified: 2>, '/workspace/app/backend/logs/app_20260524_150636.log')}
2026-05-24 15:20:09,159 - watchfiles.main - DEBUG - 1 change detected: {(<Change.modified: 2>, '/workspace/app/backend/logs/app_20260524_150636.log')}
2026-05-24 15:20:09,510 - watchfiles.main - DEBUG - 1 change detected: {(<Change.modified: 2>, '/workspace/app/backend/logs/app_20260524_150636.log')}
2026-05-24 15:20:09,861 - watchfiles.main - DEBUG - 1 change detected: {(<Change.modified: 2>, '/workspace/app/backend/logs/app_20260524_150636.log')}
2026-05-24 15:20:10,212 - watchfiles.main - DEBUG - 1 change detected: {(<Change.modified: 2>, '/workspace/app/backend/logs/app_20260524_150636.log')}
2026-05-24 15:20:10,563 - watchfiles.main - DEBUG - 1 change detected: {(<Change.modified: 2>, '/workspace/app/backend/logs/app_20260524_150636.log')}
2026-05-24 15:20:10,914 - watchfiles.main - DEBUG - 1 change detected: {(<Change.modified: 2>, '/workspace/app/backend/logs/app_20260524_150636.log')}
2026-05-24 15:20:11,265 - watchfiles.main - DEBUG - 1 change detected: {(<Change.modified: 2>, '/workspace/app/backend/logs/app_20260524_150636.log')}
2026-05-24 15:20:11,616 - watchfiles.main - DEBUG - 1 change detected: {(<Change.modified: 2>, '/workspace/app/backend/logs/app_20260524_150636.log')}
2026-05-24 15:20:11,966 - watchfiles.main - DEBUG - 1 change detected: {(<Change.modified: 2>, '/workspace/app/backend/logs/app_20260524_150636.log')}
2026-05-24 15:20:12,317 - watchfiles.main - DEBUG - 1 change detected: {(<Change.modified: 2>, '/workspace/app/backend/logs/app_20260524_150636.log')}
2026-05-24 15:20:12,668 - watchfiles.main - DEBUG - 1 change detected: {(<Change.modified: 2>, '/workspace/app/backend/logs/app_20260524_150636.log')}
2026-05-24 15:20:13,019 - watchfiles.main - DEBUG - 1 change detected: {(<Change.modified: 2>, '/workspace/app/backend/logs/app_20260524_150636.log')}
2026-05-24 15:20:13,370 - watchfiles.main - DEBUG - 1 change detected: {(<Change.modified: 2>, '/workspace/app/backend/logs/app_20260524_150636.log')}
2026-05-24 15:20:13,721 - watchfiles.main - DEBUG - 1 change detected: {(<Change.modified: 2>, '/workspace/app/backend/logs/app_20260524_150636.log')}
2026-05-24 15:20:14,071 - watchfiles.main - DEBUG - 1 change detected: {(<Change.modified: 2>, '/workspace/app/backend/logs/app_20260524_150636.log')}
2026-05-24 15:20:14,422 - watchfiles.main - DEBUG - 1 change detected: {(<Change.modified: 2>, '/workspace/app/backend/logs/app_20260524_150636.log')}
2026-05-24 15:20:14,773 - watchfiles.main - DEBUG - 1 change detected: {(<Change.modified: 2>, '/workspace/app/backend/logs/app_20260524_150636.log')}
2026-05-24 15:20:15,124 - watchfiles.main - DEBUG - 1 change detected: {(<Change.modified: 2>, '/workspace/app/backend/logs/app_20260524_150636.log')}
2026-05-24 15:20:15,475 - watchfiles.main - DEBUG - 1 change detected: {(<Change.modified: 2>, '/workspace/app/backend/logs/app_20260524_150636.log')}
2026-05-24 15:20:15,825 - watchfiles.main - DEBUG - 1 change detected: {(<Change.modified: 2>, '/workspace/app/backend/logs/app_20260524_150636.log')}
2026-05-24 15:20:16,176 - watchfiles.main - DEBUG - 1 change detected: {(<Change.modified: 2>, '/workspace/app/backend/logs/app_20260524_150636.log')}
2026-05-24 15:20:16,527 - watchfiles.main - DEBUG - 1 change detected: {(<Change.modified: 2>, '/workspace/app/backend/logs/app_20260524_150636.log')}
2026-05-24 15:20:16,878 - watchfiles.main - DEBUG - 1 change detected: {(<Change.modified: 2>, '/workspace/app/backend/logs/app_20260524_150636.log')}
2026-05-24 15:20:17,229 - watchfiles.main - DEBUG - 1 change detected: {(<Change.modified: 2>, '/workspace/app/backend/logs/app_20260524_150636.log')}
2026-05-24 15:20:17,580 - watchfiles.main - DEBUG - 1 change detected: {(<Change.modified: 2>, '/workspace/app/backend/logs/app_20260524_150636.log')}
2026-05-24 15:20:17,931 - watchfiles.main - DEBUG - 1 change detected: {(<Change.modified: 2>, '/workspace/app/backend/logs/app_20260524_150636.log')}
2026-05-24 15:20:18,282 - watchfiles.main - DEBUG - 1 change detected: {(<Change.modified: 2>, '/workspace/app/backend/logs/app_20260524_150636.log')}
2026-05-24 15:20:18,633 - watchfiles.main - DEBUG - 1 change detected: {(<Change.modified: 2>, '/workspace/app/backend/logs/app_20260524_150636.log')}
2026-05-24 15:20:18,984 - watchfiles.main - DEBUG - 1 change detected: {(<Change.modified: 2>, '/workspace/app/backend/logs/app_20260524_150636.log')}
2026-05-24 15:20:19,334 - watchfiles.main - DEBUG - 1 change detected: {(<Change.modified: 2>, '/workspace/app/backend/logs/app_20260524_150636.log')}
2026-05-24 15:20:19,685 - watchfiles.main - DEBUG - 1 change detected: {(<Change.modified: 2>, '/workspace/app/backend/logs/app_20260524_150636.log')}
2026-05-24 15:20:20,036 - watchfiles.main - DEBUG - 1 change detected: {(<Change.modified: 2>, '/workspace/app/backend/logs/app_20260524_150636.log')}
2026-05-24 15:20:20,387 - watchfiles.main - DEBUG - 1 change detected: {(<Change.modified: 2>, '/workspace/app/backend/logs/app_20260524_150636.log')}
2026-05-24 15:20:20,737 - watchfiles.main - DEBUG - 1 change detected: {(<Change.modified: 2>, '/workspace/app/backend/logs/app_20260524_150636.log')}
2026-05-24 15:20:21,088 - watchfiles.main - DEBUG - 1 change detected: {(<Change.modified: 2>, '/workspace/app/backend/logs/app_20260524_150636.log')}
2026-05-24 15:20:21,439 - watchfiles.main - DEBUG - 1 change detected: {(<Change.modified: 2>, '/workspace/app/backend/logs/app_20260524_150636.log')}
2026-05-24 15:20:21,790 - watchfiles.main - DEBUG - 1 change detected: {(<Change.modified: 2>, '/workspace/app/backend/logs/app_20260524_150636.log')}
2026-05-24 15:20:22,141 - watchfiles.main - DEBUG - 1 change detected: {(<Change.modified: 2>, '/workspace/app/backend/logs/app_20260524_150636.log')}
2026-05-24 15:20:22,492 - watchfiles.main - DEBUG - 1 change detected: {(<Change.modified: 2>, '/workspace/app/backend/logs/app_20260524_150636.log')}
2026-05-24 15:20:22,843 - watchfiles.main - DEBUG - 1 change detected: {(<Change.modified: 2>, '/workspace/app/backend/logs/app_20260524_150636.log')}
2026-05-24 15:20:23,194 - watchfiles.main - DEBUG - 1 change detected: {(<Change.modified: 2>, '/workspace/app/backend/logs/app_20260524_150636.log')}
2026-05-24 15:20:23,545 - watchfiles.main - DEBUG - 1 change detected: {(<Change.modified: 2>, '/workspace/app/backend/logs/app_20260524_150636.log')}
2026-05-24 15:20:23,896 - watchfiles.main - DEBUG - 1 change detected: {(<Change.modified: 2>, '/workspace/app/backend/logs/app_20260524_150636.log')}
2026-05-24 15:20:24,246 - watchfiles.main - DEBUG - 1 change detected: {(<Change.modified: 2>, '/workspace/app/backend/logs/app_20260524_150636.log')}
2026-05-24 15:20:24,597 - watchfiles.main - DEBUG - 1 change detected: {(<Change.modified: 2>, '/workspace/app/backend/logs/app_20260524_150636.log')}
2026-05-24 15:20:24,948 - watchfiles.main - DEBUG - 1 change detected: {(<Change.modified: 2>, '/workspace/app/backend/logs/app_20260524_150636.log')}
2026-05-24 15:20:25,299 - watchfiles.main - DEBUG - 1 change detected: {(<Change.modified: 2>, '/workspace/app/backend/logs/app_20260524_150636.log')}
2026-05-24 15:20:25,649 - watchfiles.main - DEBUG - 1 change detected: {(<Change.modified: 2>, '/workspace/app/backend/logs/app_20260524_150636.log')}
2026-05-24 15:20:26,000 - watchfiles.main - DEBUG - 1 change detected: {(<Change.modified: 2>, '/workspace/app/backend/logs/app_20260524_150636.log')}
2026-05-24 15:20:26,351 - watchfiles.main - DEBUG - 1 change detected: {(<Change.modified: 2>, '/workspace/app/backend/logs/app_20260524_150636.log')}
2026-05-24 15:20:26,702 - watchfiles.main - DEBUG - 1 change detected: {(<Change.modified: 2>, '/workspace/app/backend/logs/app_20260524_150636.log')}
2026-05-24 15:20:27,053 - watchfiles.main - DEBUG - 1 change detected: {(<Change.modified: 2>, '/workspace/app/backend/logs/app_20260524_150636.log')}
2026-05-24 15:20:27,403 - watchfiles.main - DEBUG - 1 change detected: {(<Change.modified: 2>, '/workspace/app/backend/logs/app_20260524_150636.log')}
2026-05-24 15:20:27,754 - watchfiles.main - DEBUG - 1 change detected: {(<Change.modified: 2>, '/workspace/app/backend/logs/app_20260524_150636.log')}
2026-05-24 15:20:28,105 - watchfiles.main - DEBUG - 1 change detected: {(<Change.modified: 2>, '/workspace/app/backend/logs/app_20260524_150636.log')}
2026-05-24 15:20:28,456 - watchfiles.main - DEBUG - 1 change detected: {(<Change.modified: 2>, '/workspace/app/backend/logs/app_20260524_150636.log')}
2026-05-24 15:20:28,807 - watchfiles.main - DEBUG - 1 change detected: {(<Change.modified: 2>, '/workspace/app/backend/logs/app_20260524_150636.log')}
2026-05-24 15:20:29,157 - watchfiles.main - DEBUG - 1 change detected: {(<Change.modified: 2>, '/workspace/app/backend/logs/app_20260524_150636.log')}
2026-05-24 15:20:29,508 - watchfiles.main - DEBUG - 1 change detected: {(<Change.modified: 2>, '/workspace/app/backend/logs/app_20260524_150636.log')}
2026-05-24 15:20:29,859 - watchfiles.main - DEBUG - 1 change detected: {(<Change.modified: 2>, '/workspace/app/backend/logs/app_20260524_150636.log')}
2026-05-24 15:20:30,210 - watchfiles.main - DEBUG - 1 change detected: {(<Change.modified: 2>, '/workspace/app/backend/logs/app_20260524_150636.log')}
2026-05-24 15:20:30,560 - watchfiles.main - DEBUG - 1 change detected: {(<Change.modified: 2>, '/workspace/app/backend/logs/app_20260524_150636.log')}
2026-05-24 15:20:30,912 - watchfiles.main - DEBUG - 1 change detected: {(<Change.modified: 2>, '/workspace/app/backend/logs/app_20260524_150636.log')}
2026-05-24 15:20:31,262 - watchfiles.main - DEBUG - 1 change detected: {(<Change.modified: 2>, '/workspace/app/backend/logs/app_20260524_150636.log')}
2026-05-24 15:20:31,613 - watchfiles.main - DEBUG - 1 change detected: {(<Change.modified: 2>, '/workspace/app/backend/logs/app_20260524_150636.log')}
2026-05-24 15:20:31,964 - watchfiles.main - DEBUG - 1 change detected: {(<Change.modified: 2>, '/workspace/app/backend/logs/app_20260524_150636.log')}
2026-05-24 15:20:32,315 - watchfiles.main - DEBUG - 1 change detected: {(<Change.modified: 2>, '/workspace/app/backend/logs/app_20260524_150636.log')}
2026-05-24 15:20:32,665 - watchfiles.main - DEBUG - 1 change detected: {(<Change.modified: 2>, '/workspace/app/backend/logs/app_20260524_150636.log')}
2026-05-24 15:20:33,016 - watchfiles.main - DEBUG - 1 change detected: {(<Change.modified: 2>, '/workspace/app/backend/logs/app_20260524_150636.log')}
2026-05-24 15:20:33,367 - watchfiles.main - DEBUG - 1 change detected: {(<Change.modified: 2>, '/workspace/app/backend/logs/app_20260524_150636.log')}
2026-05-24 15:20:33,718 - watchfiles.main - DEBUG - 1 change detected: {(<Change.modified: 2>, '/workspace/app/backend/logs/app_20260524_150636.log')}
2026-05-24 15:20:34,068 - watchfiles.main - DEBUG - 1 change detected: {(<Change.modified: 2>, '/workspace/app/backend/logs/app_20260524_150636.log')}
2026-05-24 15:20:34,419 - watchfiles.main - DEBUG - 1 change detected: {(<Change.modified: 2>, '/workspace/app/backend/logs/app_20260524_150636.log')}
2026-05-24 15:20:34,770 - watchfiles.main - DEBUG - 1 change detected: {(<Change.modified: 2>, '/workspace/app/backend/logs/app_20260524_150636.log')}
2026-05-24 15:20:35,121 - watchfiles.main - DEBUG - 1 change detected: {(<Change.modified: 2>, '/workspace/app/backend/logs/app_20260524_150636.log')}
2026-05-24 15:20:35,472 - watchfiles.main - DEBUG - 1 change detected: {(<Change.modified: 2>, '/workspace/app/backend/logs/app_20260524_150636.log')}
2026-05-24 15:20:35,823 - watchfiles.main - DEBUG - 1 change detected: {(<Change.modified: 2>, '/workspace/app/backend/logs/app_20260524_150636.log')}
2026-05-24 15:20:36,174 - watchfiles.main - DEBUG - 1 change detected: {(<Change.modified: 2>, '/workspace/app/backend/logs/app_20260524_150636.log')}
2026-05-24 15:20:36,525 - watchfiles.main - DEBUG - 1 change detected: {(<Change.modified: 2>, '/workspace/app/backend/logs/app_20260524_150636.log')}
2026-05-24 15:20:36,876 - watchfiles.main - DEBUG - 1 change detected: {(<Change.modified: 2>, '/workspace/app/backend/logs/app_20260524_150636.log')}
2026-05-24 15:20:37,227 - watchfiles.main - DEBUG - 1 change detected: {(<Change.modified: 2>, '/workspace/app/backend/logs/app_20260524_150636.log')}
2026-05-24 15:20:37,578 - watchfiles.main - DEBUG - 1 change detected: {(<Change.modified: 2>, '/workspace/app/backend/logs/app_20260524_150636.log')}
2026-05-24 15:20:37,929 - watchfiles.main - DEBUG - 1 change detected: {(<Change.modified: 2>, '/workspace/app/backend/logs/app_20260524_150636.log')}
2026-05-24 15:20:38,279 - watchfiles.main - DEBUG - 1 change detected: {(<Change.modified: 2>, '/workspace/app/backend/logs/app_20260524_150636.log')}
2026-05-24 15:20:38,630 - watchfiles.main - DEBUG - 1 change detected: {(<Change.modified: 2>, '/workspace/app/backend/logs/app_20260524_150636.log')}
2026-05-24 15:20:38,981 - watchfiles.main - DEBUG - 1 change detected: {(<Change.modified: 2>, '/workspace/app/backend/logs/app_20260524_150636.log')}
2026-05-24 15:20:39,332 - watchfiles.main - DEBUG - 1 change detected: {(<Change.modified: 2>, '/workspace/app/backend/logs/app_20260524_150636.log')}
2026-05-24 15:20:39,683 - watchfiles.main - DEBUG - 1 change detected: {(<Change.modified: 2>, '/workspace/app/backend/logs/app_20260524_150636.log')}
2026-05-24 15:20:40,033 - watchfiles.main - DEBUG - 1 change detected: {(<Change.modified: 2>, '/workspace/app/backend/logs/app_20260524_150636.log')}
2026-05-24 15:20:40,384 - watchfiles.main - DEBUG - 1 change detected: {(<Change.modified: 2>, '/workspace/app/backend/logs/app_20260524_150636.log')}
2026-05-24 15:20:40,735 - watchfiles.main - DEBUG - 1 change detected: {(<Change.modified: 2>, '/workspace/app/backend/logs/app_20260524_150636.log')}
2026-05-24 15:20:41,086 - watchfiles.main - DEBUG - 1 change detected: {(<Change.modified: 2>, '/workspace/app/backend/logs/app_20260524_150636.log')}
2026-05-24 15:20:41,437 - watchfiles.main - DEBUG - 1 change detected: {(<Change.modified: 2>, '/workspace/app/backend/logs/app_20260524_150636.log')}
2026-05-24 15:20:41,787 - watchfiles.main - DEBUG - 1 change detected: {(<Change.modified: 2>, '/workspace/app/backend/logs/app_20260524_150636.log')}
2026-05-24 15:20:42,138 - watchfiles.main - DEBUG - 1 change detected: {(<Change.modified: 2>, '/workspace/app/backend/logs/app_20260524_150636.log')}
2026-05-24 15:20:42,489 - watchfiles.main - DEBUG - 1 change detected: {(<Change.modified: 2>, '/workspace/app/backend/logs/app_20260524_150636.log')}
2026-05-24 15:20:42,840 - watchfiles.main - DEBUG - 1 change detected: {(<Change.modified: 2>, '/workspace/app/backend/logs/app_20260524_150636.log')}
2026-05-24 15:20:43,191 - watchfiles.main - DEBUG - 1 change detected: {(<Change.modified: 2>, '/workspace/app/backend/logs/app_20260524_150636.log')}
2026-05-24 15:20:43,542 - watchfiles.main - DEBUG - 1 change detected: {(<Change.modified: 2>, '/workspace/app/backend/logs/app_20260524_150636.log')}
2026-05-24 15:20:43,893 - watchfiles.main - DEBUG - 1 change detected: {(<Change.modified: 2>, '/workspace/app/backend/logs/app_20260524_150636.log')}
2026-05-24 15:20:44,244 - watchfiles.main - DEBUG - 1 change detected: {(<Change.modified: 2>, '/workspace/app/backend/logs/app_20260524_150636.log')}
2026-05-24 15:20:44,645 - watchfiles.main - DEBUG - 2 changes detected: {(<Change.modified: 2>, '/workspace/app/backend/logs/app_20260524_150639.log'), (<Change.modified: 2>, '/workspace/app/backend/logs/app_20260524_150636.log')}
2026-05-24 15:20:45,046 - watchfiles.main - DEBUG - 2 changes detected: {(<Change.modified: 2>, '/workspace/app/backend/logs/app_20260524_150639.log'), (<Change.modified: 2>, '/workspace/app/backend/logs/app_20260524_150636.log')}
2026-05-24 15:20:45,397 - watchfiles.main - DEBUG - 1 change detected: {(<Change.modified: 2>, '/workspace/app/backend/logs/app_20260524_150636.log')}
2026-05-24 15:20:45,748 - watchfiles.main - DEBUG - 1 change detected: {(<Change.modified: 2>, '/workspace/app/backend/logs/app_20260524_150636.log')}
2026-05-24 15:20:46,099 - watchfiles.main - DEBUG - 1 change detected: {(<Change.modified: 2>, '/workspace/app/backend/logs/app_20260524_150636.log')}
2026-05-24 15:20:46,449 - watchfiles.main - DEBUG - 1 change detected: {(<Change.modified: 2>, '/workspace/app/backend/logs/app_20260524_150636.log')}
2026-05-24 15:20:46,800 - watchfiles.main - DEBUG - 1 change detected: {(<Change.modified: 2>, '/workspace/app/backend/logs/app_20260524_150636.log')}
2026-05-24 15:20:47,151 - watchfiles.main - DEBUG - 1 change detected: {(<Change.modified: 2>, '/workspace/app/backend/logs/app_20260524_150636.log')}
2026-05-24 15:20:47,502 - watchfiles.main - DEBUG - 1 change detected: {(<Change.modified: 2>, '/workspace/app/backend/logs/app_20260524_150636.log')}
2026-05-24 15:20:47,853 - watchfiles.main - DEBUG - 1 change detected: {(<Change.modified: 2>, '/workspace/app/backend/logs/app_20260524_150636.log')}
2026-05-24 15:20:48,203 - watchfiles.main - DEBUG - 1 change detected: {(<Change.modified: 2>, '/workspace/app/backend/logs/app_20260524_150636.log')}
2026-05-24 15:20:48,554 - watchfiles.main - DEBUG - 1 change detected: {(<Change.modified: 2>, '/workspace/app/backend/logs/app_20260524_150636.log')}
2026-05-24 15:20:48,905 - watchfiles.main - DEBUG - 1 change detected: {(<Change.modified: 2>, '/workspace/app/backend/logs/app_20260524_150636.log')}
2026-05-24 15:20:49,256 - watchfiles.main - DEBUG - 1 change detected: {(<Change.modified: 2>, '/workspace/app/backend/logs/app_20260524_150636.log')}
2026-05-24 15:20:49,607 - watchfiles.main - DEBUG - 1 change detected: {(<Change.modified: 2>, '/workspace/app/backend/logs/app_20260524_150636.log')}
2026-05-24 15:20:49,957 - watchfiles.main - DEBUG - 1 change detected: {(<Change.modified: 2>, '/workspace/app/backend/logs/app_20260524_150636.log')}
2026-05-24 15:20:50,308 - watchfiles.main - DEBUG - 1 change detected: {(<Change.modified: 2>, '/workspace/app/backend/logs/app_20260524_150636.log')}
2026-05-24 15:20:50,659 - watchfiles.main - DEBUG - 1 change detected: {(<Change.modified: 2>, '/workspace/app/backend/logs/app_20260524_150636.log')}
2026-05-24 15:20:51,010 - watchfiles.main - DEBUG - 1 change detected: {(<Change.modified: 2>, '/workspace/app/backend/logs/app_20260524_150636.log')}
2026-05-24 15:20:51,361 - watchfiles.main - DEBUG - 1 change detected: {(<Change.modified: 2>, '/workspace/app/backend/logs/app_20260524_150636.log')}
2026-05-24 15:20:51,712 - watchfiles.main - DEBUG - 1 change detected: {(<Change.modified: 2>, '/workspace/app/backend/logs/app_20260524_150636.log')}
2026-05-24 15:20:52,063 - watchfiles.main - DEBUG - 1 change detected: {(<Change.modified: 2>, '/workspace/app/backend/logs/app_20260524_150636.log')}
2026-05-24 15:20:52,413 - watchfiles.main - DEBUG - 1 change detected: {(<Change.modified: 2>, '/workspace/app/backend/logs/app_20260524_150636.log')}
2026-05-24 15:20:52,764 - watchfiles.main - DEBUG - 1 change detected: {(<Change.modified: 2>, '/workspace/app/backend/logs/app_20260524_150636.log')}
2026-05-24 15:20:53,115 - watchfiles.main - DEBUG - 1 change detected: {(<Change.modified: 2>, '/workspace/app/backend/logs/app_20260524_150636.log')}
2026-05-24 15:20:53,466 - watchfiles.main - DEBUG - 1 change detected: {(<Change.modified: 2>, '/workspace/app/backend/logs/app_20260524_150636.log')}
2026-05-24 15:20:53,817 - watchfiles.main - DEBUG - 1 change detected: {(<Change.modified: 2>, '/workspace/app/backend/logs/app_20260524_150636.log')}
2026-05-24 15:20:54,168 - watchfiles.main - DEBUG - 1 change detected: {(<Change.modified: 2>, '/workspace/app/backend/logs/app_20260524_150636.log')}
2026-05-24 15:20:54,519 - watchfiles.main - DEBUG - 1 change detected: {(<Change.modified: 2>, '/workspace/app/backend/logs/app_20260524_150636.log')}
2026-05-24 15:20:54,870 - watchfiles.main - DEBUG - 1 change detected: {(<Change.modified: 2>, '/workspace/app/backend/logs/app_20260524_150636.log')}
2026-05-24 15:20:55,221 - watchfiles.main - DEBUG - 1 change detected: {(<Change.modified: 2>, '/workspace/app/backend/logs/app_20260524_150636.log')}
2026-05-24 15:20:55,571 - watchfiles.main - DEBUG - 1 change detected: {(<Change.modified: 2>, '/workspace/app/backend/logs/app_20260524_150636.log')}
2026-05-24 15:20:55,922 - watchfiles.main - DEBUG - 1 change detected: {(<Change.modified: 2>, '/workspace/app/backend/logs/app_20260524_150636.log')}
2026-05-24 15:20:56,273 - watchfiles.main - DEBUG - 1 change detected: {(<Change.modified: 2>, '/workspace/app/backend/logs/app_20260524_150636.log')}
2026-05-24 15:20:56,624 - watchfiles.main - DEBUG - 1 change detected: {(<Change.modified: 2>, '/workspace/app/backend/logs/app_20260524_150636.log')}
2026-05-24 15:20:56,975 - watchfiles.main - DEBUG - 1 change detected: {(<Change.modified: 2>, '/workspace/app/backend/logs/app_20260524_150636.log')}
2026-05-24 15:20:57,325 - watchfiles.main - DEBUG - 1 change detected: {(<Change.modified: 2>, '/workspace/app/backend/logs/app_20260524_150636.log')}
2026-05-24 15:20:57,676 - watchfiles.main - DEBUG - 1 change detected: {(<Change.modified: 2>, '/workspace/app/backend/logs/app_20260524_150636.log')}
2026-05-24 15:20:58,027 - watchfiles.main - DEBUG - 1 change detected: {(<Change.modified: 2>, '/workspace/app/backend/logs/app_20260524_150636.log')}
2026-05-24 15:20:58,378 - watchfiles.main - DEBUG - 1 change detected: {(<Change.modified: 2>, '/workspace/app/backend/logs/app_20260524_150636.log')}
2026-05-24 15:20:58,728 - watchfiles.main - DEBUG - 1 change detected: {(<Change.modified: 2>, '/workspace/app/backend/logs/app_20260524_150636.log')}
2026-05-24 15:20:59,079 - watchfiles.main - DEBUG - 1 change detected: {(<Change.modified: 2>, '/workspace/app/backend/logs/app_20260524_150636.log')}
2026-05-24 15:20:59,430 - watchfiles.main - DEBUG - 1 change detected: {(<Change.modified: 2>, '/workspace/app/backend/logs/app_20260524_150636.log')}
2026-05-24 15:20:59,781 - watchfiles.main - DEBUG - 1 change detected: {(<Change.modified: 2>, '/workspace/app/backend/logs/app_20260524_150636.log')}
2026-05-24 15:21:00,132 - watchfiles.main - DEBUG - 1 change detected: {(<Change.modified: 2>, '/workspace/app/backend/logs/app_20260524_150636.log')}
2026-05-24 15:21:00,483 - watchfiles.main - DEBUG - 1 change detected: {(<Change.modified: 2>, '/workspace/app/backend/logs/app_20260524_150636.log')}
2026-05-24 15:21:00,833 - watchfiles.main - DEBUG - 1 change detected: {(<Change.modified: 2>, '/workspace/app/backend/logs/app_20260524_150636.log')}
2026-05-24 15:21:01,184 - watchfiles.main - DEBUG - 1 change detected: {(<Change.modified: 2>, '/workspace/app/backend/logs/app_20260524_150636.log')}
2026-05-24 15:21:01,535 - watchfiles.main - DEBUG - 1 change detected: {(<Change.modified: 2>, '/workspace/app/backend/logs/app_20260524_150636.log')}
2026-05-24 15:21:01,886 - watchfiles.main - DEBUG - 1 change detected: {(<Change.modified: 2>, '/workspace/app/backend/logs/app_20260524_150636.log')}
2026-05-24 15:21:02,237 - watchfiles.main - DEBUG - 1 change detected: {(<Change.modified: 2>, '/workspace/app/backend/logs/app_20260524_150636.log')}
2026-05-24 15:21:02,588 - watchfiles.main - DEBUG - 1 change detected: {(<Change.modified: 2>, '/workspace/app/backend/logs/app_20260524_150636.log')}
2026-05-24 15:21:02,938 - watchfiles.main - DEBUG - 1 change detected: {(<Change.modified: 2>, '/workspace/app/backend/logs/app_20260524_150636.log')}
2026-05-24 15:21:03,289 - watchfiles.main - DEBUG - 1 change detected: {(<Change.modified: 2>, '/workspace/app/backend/logs/app_20260524_150636.log')}
2026-05-24 15:21:03,640 - watchfiles.main - DEBUG - 1 change detected: {(<Change.modified: 2>, '/workspace/app/backend/logs/app_20260524_150636.log')}
2026-05-24 15:21:03,991 - watchfiles.main - DEBUG - 1 change detected: {(<Change.modified: 2>, '/workspace/app/backend/logs/app_20260524_150636.log')}
2026-05-24 15:21:04,342 - watchfiles.main - DEBUG - 1 change detected: {(<Change.modified: 2>, '/workspace/app/backend/logs/app_20260524_150636.log')}
2026-05-24 15:21:04,693 - watchfiles.main - DEBUG - 1 change detected: {(<Change.modified: 2>, '/workspace/app/backend/logs/app_20260524_150636.log')}
2026-05-24 15:21:05,043 - watchfiles.main - DEBUG - 1 change detected: {(<Change.modified: 2>, '/workspace/app/backend/logs/app_20260524_150636.log')}
2026-05-24 15:21:05,394 - watchfiles.main - DEBUG - 1 change detected: {(<Change.modified: 2>, '/workspace/app/backend/logs/app_20260524_150636.log')}
2026-05-24 15:21:05,745 - watchfiles.main - DEBUG - 1 change detected: {(<Change.modified: 2>, '/workspace/app/backend/logs/app_20260524_150636.log')}
2026-05-24 15:21:06,096 - watchfiles.main - DEBUG - 1 change detected: {(<Change.modified: 2>, '/workspace/app/backend/logs/app_20260524_150636.log')}
2026-05-24 15:21:06,447 - watchfiles.main - DEBUG - 1 change detected: {(<Change.modified: 2>, '/workspace/app/backend/logs/app_20260524_150636.log')}
2026-05-24 15:21:06,798 - watchfiles.main - DEBUG - 1 change detected: {(<Change.modified: 2>, '/workspace/app/backend/logs/app_20260524_150636.log')}
2026-05-24 15:21:07,148 - watchfiles.main - DEBUG - 1 change detected: {(<Change.modified: 2>, '/workspace/app/backend/logs/app_20260524_150636.log')}
2026-05-24 15:21:07,499 - watchfiles.main - DEBUG - 1 change detected: {(<Change.modified: 2>, '/workspace/app/backend/logs/app_20260524_150636.log')}
2026-05-24 15:21:07,850 - watchfiles.main - DEBUG - 1 change detected: {(<Change.modified: 2>, '/workspace/app/backend/logs/app_20260524_150636.log')}
2026-05-24 15:21:08,201 - watchfiles.main - DEBUG - 1 change detected: {(<Change.modified: 2>, '/workspace/app/backend/logs/app_20260524_150636.log')}
2026-05-24 15:21:08,551 - watchfiles.main - DEBUG - 1 change detected: {(<Change.modified: 2>, '/workspace/app/backend/logs/app_20260524_150636.log')}
2026-05-24 15:21:08,902 - watchfiles.main - DEBUG - 1 change detected: {(<Change.modified: 2>, '/workspace/app/backend/logs/app_20260524_150636.log')}
2026-05-24 15:21:09,253 - watchfiles.main - DEBUG - 1 change detected: {(<Change.modified: 2>, '/workspace/app/backend/logs/app_20260524_150636.log')}
2026-05-24 15:21:09,604 - watchfiles.main - DEBUG - 1 change detected: {(<Change.modified: 2>, '/workspace/app/backend/logs/app_20260524_150636.log')}
2026-05-24 15:21:09,955 - watchfiles.main - DEBUG - 1 change detected: {(<Change.modified: 2>, '/workspace/app/backend/logs/app_20260524_150636.log')}
2026-05-24 15:21:10,305 - watchfiles.main - DEBUG - 1 change detected: {(<Change.modified: 2>, '/workspace/app/backend/logs/app_20260524_150636.log')}
2026-05-24 15:21:10,656 - watchfiles.main - DEBUG - 1 change detected: {(<Change.modified: 2>, '/workspace/app/backend/logs/app_20260524_150636.log')}
2026-05-24 15:21:11,007 - watchfiles.main - DEBUG - 1 change detected: {(<Change.modified: 2>, '/workspace/app/backend/logs/app_20260524_150636.log')}
2026-05-24 15:21:11,358 - watchfiles.main - DEBUG - 1 change detected: {(<Change.modified: 2>, '/workspace/app/backend/logs/app_20260524_150636.log')}
2026-05-24 15:21:11,709 - watchfiles.main - DEBUG - 1 change detected: {(<Change.modified: 2>, '/workspace/app/backend/logs/app_20260524_150636.log')}
2026-05-24 15:21:12,060 - watchfiles.main - DEBUG - 1 change detected: {(<Change.modified: 2>, '/workspace/app/backend/logs/app_20260524_150636.log')}
2026-05-24 15:21:12,411 - watchfiles.main - DEBUG - 1 change detected: {(<Change.modified: 2>, '/workspace/app/backend/logs/app_20260524_150636.log')}
2026-05-24 15:21:12,761 - watchfiles.main - DEBUG - 1 change detected: {(<Change.modified: 2>, '/workspace/app/backend/logs/app_20260524_150636.log')}
2026-05-24 15:21:13,112 - watchfiles.main - DEBUG - 1 change detected: {(<Change.modified: 2>, '/workspace/app/backend/logs/app_20260524_150636.log')}
2026-05-24 15:21:13,463 - watchfiles.main - DEBUG - 1 change detected: {(<Change.modified: 2>, '/workspace/app/backend/logs/app_20260524_150636.log')}
2026-05-24 15:21:13,814 - watchfiles.main - DEBUG - 1 change detected: {(<Change.modified: 2>, '/workspace/app/backend/logs/app_20260524_150636.log')}
2026-05-24 15:21:14,165 - watchfiles.main - DEBUG - 1 change detected: {(<Change.modified: 2>, '/workspace/app/backend/logs/app_20260524_150636.log')}
2026-05-24 15:21:14,516 - watchfiles.main - DEBUG - 1 change detected: {(<Change.modified: 2>, '/workspace/app/backend/logs/app_20260524_150636.log')}
2026-05-24 15:21:14,867 - watchfiles.main - DEBUG - 1 change detected: {(<Change.modified: 2>, '/workspace/app/backend/logs/app_20260524_150636.log')}
2026-05-24 15:21:15,219 - watchfiles.main - DEBUG - 1 change detected: {(<Change.modified: 2>, '/workspace/app/backend/logs/app_20260524_150636.log')}
2026-05-24 15:21:15,569 - watchfiles.main - DEBUG - 1 change detected: {(<Change.modified: 2>, '/workspace/app/backend/logs/app_20260524_150636.log')}
2026-05-24 15:21:15,920 - watchfiles.main - DEBUG - 1 change detected: {(<Change.modified: 2>, '/workspace/app/backend/logs/app_20260524_150636.log')}
2026-05-24 15:21:16,271 - watchfiles.main - DEBUG - 1 change detected: {(<Change.modified: 2>, '/workspace/app/backend/logs/app_20260524_150636.log')}
2026-05-24 15:21:16,622 - watchfiles.main - DEBUG - 1 change detected: {(<Change.modified: 2>, '/workspace/app/backend/logs/app_20260524_150636.log')}
2026-05-24 15:21:16,973 - watchfiles.main - DEBUG - 1 change detected: {(<Change.modified: 2>, '/workspace/app/backend/logs/app_20260524_150636.log')}
2026-05-24 15:21:17,324 - watchfiles.main - DEBUG - 1 change detected: {(<Change.modified: 2>, '/workspace/app/backend/logs/app_20260524_150636.log')}
2026-05-24 15:21:17,674 - watchfiles.main - DEBUG - 1 change detected: {(<Change.modified: 2>, '/workspace/app/backend/logs/app_20260524_150636.log')}
2026-05-24 15:21:18,025 - watchfiles.main - DEBUG - 1 change detected: {(<Change.modified: 2>, '/workspace/app/backend/logs/app_20260524_150636.log')}
2026-05-24 15:21:18,376 - watchfiles.main - DEBUG - 1 change detected: {(<Change.modified: 2>, '/workspace/app/backend/logs/app_20260524_150636.log')}
2026-05-24 15:21:18,727 - watchfiles.main - DEBUG - 1 change detected: {(<Change.modified: 2>, '/workspace/app/backend/logs/app_20260524_150636.log')}
2026-05-24 15:21:19,078 - watchfiles.main - DEBUG - 1 change detected: {(<Change.modified: 2>, '/workspace/app/backend/logs/app_20260524_150636.log')}
2026-05-24 15:21:19,429 - watchfiles.main - DEBUG - 1 change detected: {(<Change.modified: 2>, '/workspace/app/backend/logs/app_20260524_150636.log')}
2026-05-24 15:21:19,780 - watchfiles.main - DEBUG - 1 change detected: {(<Change.modified: 2>, '/workspace/app/backend/logs/app_20260524_150636.log')}
2026-05-24 15:21:20,131 - watchfiles.main - DEBUG - 1 change detected: {(<Change.modified: 2>, '/workspace/app/backend/logs/app_20260524_150636.log')}
2026-05-24 15:21:20,482 - watchfiles.main - DEBUG - 1 change detected: {(<Change.modified: 2>, '/workspace/app/backend/logs/app_20260524_150636.log')}
2026-05-24 15:21:20,833 - watchfiles.main - DEBUG - 1 change detected: {(<Change.modified: 2>, '/workspace/app/backend/logs/app_20260524_150636.log')}
2026-05-24 15:21:21,184 - watchfiles.main - DEBUG - 1 change detected: {(<Change.modified: 2>, '/workspace/app/backend/logs/app_20260524_150636.log')}
2026-05-24 15:21:21,535 - watchfiles.main - DEBUG - 1 change detected: {(<Change.modified: 2>, '/workspace/app/backend/logs/app_20260524_150636.log')}
2026-05-24 15:21:21,886 - watchfiles.main - DEBUG - 1 change detected: {(<Change.modified: 2>, '/workspace/app/backend/logs/app_20260524_150636.log')}
2026-05-24 15:21:22,237 - watchfiles.main - DEBUG - 1 change detected: {(<Change.modified: 2>, '/workspace/app/backend/logs/app_20260524_150636.log')}
2026-05-24 15:21:22,588 - watchfiles.main - DEBUG - 1 change detected: {(<Change.modified: 2>, '/workspace/app/backend/logs/app_20260524_150636.log')}
2026-05-24 15:21:22,938 - watchfiles.main - DEBUG - 1 change detected: {(<Change.modified: 2>, '/workspace/app/backend/logs/app_20260524_150636.log')}
2026-05-24 15:21:23,289 - watchfiles.main - DEBUG - 1 change detected: {(<Change.modified: 2>, '/workspace/app/backend/logs/app_20260524_150636.log')}
2026-05-24 15:21:23,640 - watchfiles.main - DEBUG - 1 change detected: {(<Change.modified: 2>, '/workspace/app/backend/logs/app_20260524_150636.log')}
2026-05-24 15:21:23,991 - watchfiles.main - DEBUG - 1 change detected: {(<Change.modified: 2>, '/workspace/app/backend/logs/app_20260524_150636.log')}
2026-05-24 15:21:24,342 - watchfiles.main - DEBUG - 1 change detected: {(<Change.modified: 2>, '/workspace/app/backend/logs/app_20260524_150636.log')}
2026-05-24 15:21:24,692 - watchfiles.main - DEBUG - 1 change detected: {(<Change.modified: 2>, '/workspace/app/backend/logs/app_20260524_150636.log')}
2026-05-24 15:21:25,043 - watchfiles.main - DEBUG - 1 change detected: {(<Change.modified: 2>, '/workspace/app/backend/logs/app_20260524_150636.log')}
2026-05-24 15:21:25,394 - watchfiles.main - DEBUG - 1 change detected: {(<Change.modified: 2>, '/workspace/app/backend/logs/app_20260524_150636.log')}
2026-05-24 15:21:25,745 - watchfiles.main - DEBUG - 1 change detected: {(<Change.modified: 2>, '/workspace/app/backend/logs/app_20260524_150636.log')}
2026-05-24 15:21:26,095 - watchfiles.main - DEBUG - 1 change detected: {(<Change.modified: 2>, '/workspace/app/backend/logs/app_20260524_150636.log')}
2026-05-24 15:21:26,446 - watchfiles.main - DEBUG - 1 change detected: {(<Change.modified: 2>, '/workspace/app/backend/logs/app_20260524_150636.log')}
2026-05-24 15:21:26,797 - watchfiles.main - DEBUG - 1 change detected: {(<Change.modified: 2>, '/workspace/app/backend/logs/app_20260524_150636.log')}
2026-05-24 15:21:27,148 - watchfiles.main - DEBUG - 1 change detected: {(<Change.modified: 2>, '/workspace/app/backend/logs/app_20260524_150636.log')}
2026-05-24 15:21:27,499 - watchfiles.main - DEBUG - 1 change detected: {(<Change.modified: 2>, '/workspace/app/backend/logs/app_20260524_150636.log')}
2026-05-24 15:21:27,850 - watchfiles.main - DEBUG - 1 change detected: {(<Change.modified: 2>, '/workspace/app/backend/logs/app_20260524_150636.log')}
2026-05-24 15:21:28,200 - watchfiles.main - DEBUG - 1 change detected: {(<Change.modified: 2>, '/workspace/app/backend/logs/app_20260524_150636.log')}
2026-05-24 15:21:28,551 - watchfiles.main - DEBUG - 1 change detected: {(<Change.modified: 2>, '/workspace/app/backend/logs/app_20260524_150636.log')}
2026-05-24 15:21:28,902 - watchfiles.main - DEBUG - 1 change detected: {(<Change.modified: 2>, '/workspace/app/backend/logs/app_20260524_150636.log')}
2026-05-24 15:21:29,253 - watchfiles.main - DEBUG - 1 change detected: {(<Change.modified: 2>, '/workspace/app/backend/logs/app_20260524_150636.log')}
2026-05-24 15:21:29,603 - watchfiles.main - DEBUG - 1 change detected: {(<Change.modified: 2>, '/workspace/app/backend/logs/app_20260524_150636.log')}
2026-05-24 15:21:29,954 - watchfiles.main - DEBUG - 1 change detected: {(<Change.modified: 2>, '/workspace/app/backend/logs/app_20260524_150636.log')}
2026-05-24 15:21:30,305 - watchfiles.main - DEBUG - 1 change detected: {(<Change.modified: 2>, '/workspace/app/backend/logs/app_20260524_150636.log')}
2026-05-24 15:21:30,656 - watchfiles.main - DEBUG - 1 change detected: {(<Change.modified: 2>, '/workspace/app/backend/logs/app_20260524_150636.log')}
2026-05-24 15:21:31,007 - watchfiles.main - DEBUG - 1 change detected: {(<Change.modified: 2>, '/workspace/app/backend/logs/app_20260524_150636.log')}
2026-05-24 15:21:31,358 - watchfiles.main - DEBUG - 1 change detected: {(<Change.modified: 2>, '/workspace/app/backend/logs/app_20260524_150636.log')}
2026-05-24 15:21:31,709 - watchfiles.main - DEBUG - 1 change detected: {(<Change.modified: 2>, '/workspace/app/backend/logs/app_20260524_150636.log')}
2026-05-24 15:21:32,060 - watchfiles.main - DEBUG - 1 change detected: {(<Change.modified: 2>, '/workspace/app/backend/logs/app_20260524_150636.log')}
2026-05-24 15:21:32,411 - watchfiles.main - DEBUG - 1 change detected: {(<Change.modified: 2>, '/workspace/app/backend/logs/app_20260524_150636.log')}
2026-05-24 15:21:32,762 - watchfiles.main - DEBUG - 1 change detected: {(<Change.modified: 2>, '/workspace/app/backend/logs/app_20260524_150636.log')}
2026-05-24 15:21:33,113 - watchfiles.main - DEBUG - 1 change detected: {(<Change.modified: 2>, '/workspace/app/backend/logs/app_20260524_150636.log')}
2026-05-24 15:21:33,464 - watchfiles.main - DEBUG - 1 change detected: {(<Change.modified: 2>, '/workspace/app/backend/logs/app_20260524_150636.log')}
2026-05-24 15:21:33,815 - watchfiles.main - DEBUG - 1 change detected: {(<Change.modified: 2>, '/workspace/app/backend/logs/app_20260524_150636.log')}
2026-05-24 15:21:34,165 - watchfiles.main - DEBUG - 1 change detected: {(<Change.modified: 2>, '/workspace/app/backend/logs/app_20260524_150636.log')}
2026-05-24 15:21:34,516 - watchfiles.main - DEBUG - 1 change detected: {(<Change.modified: 2>, '/workspace/app/backend/logs/app_20260524_150636.log')}
2026-05-24 15:21:34,867 - watchfiles.main - DEBUG - 1 change detected: {(<Change.modified: 2>, '/workspace/app/backend/logs/app_20260524_150636.log')}
2026-05-24 15:21:35,218 - watchfiles.main - DEBUG - 1 change detected: {(<Change.modified: 2>, '/workspace/app/backend/logs/app_20260524_150636.log')}
2026-05-24 15:21:35,568 - watchfiles.main - DEBUG - 1 change detected: {(<Change.modified: 2>, '/workspace/app/backend/logs/app_20260524_150636.log')}
2026-05-24 15:21:35,919 - watchfiles.main - DEBUG - 1 change detected: {(<Change.modified: 2>, '/workspace/app/backend/logs/app_20260524_150636.log')}
2026-05-24 15:21:36,270 - watchfiles.main - DEBUG - 1 change detected: {(<Change.modified: 2>, '/workspace/app/backend/logs/app_20260524_150636.log')}
2026-05-24 15:21:36,621 - watchfiles.main - DEBUG - 1 change detected: {(<Change.modified: 2>, '/workspace/app/backend/logs/app_20260524_150636.log')}
2026-05-24 15:21:36,972 - watchfiles.main - DEBUG - 1 change detected: {(<Change.modified: 2>, '/workspace/app/backend/logs/app_20260524_150636.log')}
2026-05-24 15:21:37,323 - watchfiles.main - DEBUG - 1 change detected: {(<Change.modified: 2>, '/workspace/app/backend/logs/app_20260524_150636.log')}
2026-05-24 15:21:37,673 - watchfiles.main - DEBUG - 1 change detected: {(<Change.modified: 2>, '/workspace/app/backend/logs/app_20260524_150636.log')}
2026-05-24 15:21:38,024 - watchfiles.main - DEBUG - 1 change detected: {(<Change.modified: 2>, '/workspace/app/backend/logs/app_20260524_150636.log')}
2026-05-24 15:21:38,375 - watchfiles.main - DEBUG - 1 change detected: {(<Change.modified: 2>, '/workspace/app/backend/logs/app_20260524_150636.log')}
2026-05-24 15:21:38,726 - watchfiles.main - DEBUG - 1 change detected: {(<Change.modified: 2>, '/workspace/app/backend/logs/app_20260524_150636.log')}
2026-05-24 15:21:39,077 - watchfiles.main - DEBUG - 1 change detected: {(<Change.modified: 2>, '/workspace/app/backend/logs/app_20260524_150636.log')}
2026-05-24 15:21:39,428 - watchfiles.main - DEBUG - 1 change detected: {(<Change.modified: 2>, '/workspace/app/backend/logs/app_20260524_150636.log')}
2026-05-24 15:21:39,778 - watchfiles.main - DEBUG - 1 change detected: {(<Change.modified: 2>, '/workspace/app/backend/logs/app_20260524_150636.log')}
2026-05-24 15:21:40,129 - watchfiles.main - DEBUG - 1 change detected: {(<Change.modified: 2>, '/workspace/app/backend/logs/app_20260524_150636.log')}
2026-05-24 15:21:40,480 - watchfiles.main - DEBUG - 1 change detected: {(<Change.modified: 2>, '/workspace/app/backend/logs/app_20260524_150636.log')}
2026-05-24 15:21:40,831 - watchfiles.main - DEBUG - 1 change detected: {(<Change.modified: 2>, '/workspace/app/backend/logs/app_20260524_150636.log')}
2026-05-24 15:21:41,182 - watchfiles.main - DEBUG - 1 change detected: {(<Change.modified: 2>, '/workspace/app/backend/logs/app_20260524_150636.log')}
2026-05-24 15:21:41,532 - watchfiles.main - DEBUG - 1 change detected: {(<Change.modified: 2>, '/workspace/app/backend/logs/app_20260524_150636.log')}
2026-05-24 15:21:41,884 - watchfiles.main - DEBUG - 1 change detected: {(<Change.modified: 2>, '/workspace/app/backend/logs/app_20260524_150636.log')}
2026-05-24 15:21:42,235 - watchfiles.main - DEBUG - 1 change detected: {(<Change.modified: 2>, '/workspace/app/backend/logs/app_20260524_150636.log')}
2026-05-24 15:21:42,586 - watchfiles.main - DEBUG - 1 change detected: {(<Change.modified: 2>, '/workspace/app/backend/logs/app_20260524_150636.log')}
2026-05-24 15:21:42,937 - watchfiles.main - DEBUG - 1 change detected: {(<Change.modified: 2>, '/workspace/app/backend/logs/app_20260524_150636.log')}
2026-05-24 15:21:43,288 - watchfiles.main - DEBUG - 1 change detected: {(<Change.modified: 2>, '/workspace/app/backend/logs/app_20260524_150636.log')}
2026-05-24 15:21:43,638 - watchfiles.main - DEBUG - 1 change detected: {(<Change.modified: 2>, '/workspace/app/backend/logs/app_20260524_150636.log')}
2026-05-24 15:21:43,989 - watchfiles.main - DEBUG - 1 change detected: {(<Change.modified: 2>, '/workspace/app/backend/logs/app_20260524_150636.log')}
2026-05-24 15:21:44,340 - watchfiles.main - DEBUG - 1 change detected: {(<Change.modified: 2>, '/workspace/app/backend/logs/app_20260524_150636.log')}
2026-05-24 15:21:44,691 - watchfiles.main - DEBUG - 2 changes detected: {(<Change.modified: 2>, '/workspace/app/backend/logs/app_20260524_150639.log'), (<Change.modified: 2>, '/workspace/app/backend/logs/app_20260524_150636.log')}
2026-05-24 15:21:45,042 - watchfiles.main - DEBUG - 2 changes detected: {(<Change.modified: 2>, '/workspace/app/backend/logs/app_20260524_150639.log'), (<Change.modified: 2>, '/workspace/app/backend/logs/app_20260524_150636.log')}
2026-05-24 15:21:45,393 - watchfiles.main - DEBUG - 1 change detected: {(<Change.modified: 2>, '/workspace/app/backend/logs/app_20260524_150636.log')}
2026-05-24 15:21:45,744 - watchfiles.main - DEBUG - 1 change detected: {(<Change.modified: 2>, '/workspace/app/backend/logs/app_20260524_150636.log')}
2026-05-24 15:21:46,095 - watchfiles.main - DEBUG - 1 change detected: {(<Change.modified: 2>, '/workspace/app/backend/logs/app_20260524_150636.log')}
2026-05-24 15:21:46,445 - watchfiles.main - DEBUG - 1 change detected: {(<Change.modified: 2>, '/workspace/app/backend/logs/app_20260524_150636.log')}
2026-05-24 15:21:46,796 - watchfiles.main - DEBUG - 1 change detected: {(<Change.modified: 2>, '/workspace/app/backend/logs/app_20260524_150636.log')}
2026-05-24 15:21:47,147 - watchfiles.main - DEBUG - 1 change detected: {(<Change.modified: 2>, '/workspace/app/backend/logs/app_20260524_150636.log')}
2026-05-24 15:21:47,498 - watchfiles.main - DEBUG - 1 change detected: {(<Change.modified: 2>, '/workspace/app/backend/logs/app_20260524_150636.log')}
2026-05-24 15:21:47,849 - watchfiles.main - DEBUG - 1 change detected: {(<Change.modified: 2>, '/workspace/app/backend/logs/app_20260524_150636.log')}
2026-05-24 15:21:48,200 - watchfiles.main - DEBUG - 1 change detected: {(<Change.modified: 2>, '/workspace/app/backend/logs/app_20260524_150636.log')}
2026-05-24 15:21:48,550 - watchfiles.main - DEBUG - 1 change detected: {(<Change.modified: 2>, '/workspace/app/backend/logs/app_20260524_150636.log')}
2026-05-24 15:21:48,901 - watchfiles.main - DEBUG - 1 change detected: {(<Change.modified: 2>, '/workspace/app/backend/logs/app_20260524_150636.log')}
2026-05-24 15:21:49,252 - watchfiles.main - DEBUG - 1 change detected: {(<Change.modified: 2>, '/workspace/app/backend/logs/app_20260524_150636.log')}
2026-05-24 15:21:49,603 - watchfiles.main - DEBUG - 1 change detected: {(<Change.modified: 2>, '/workspace/app/backend/logs/app_20260524_150636.log')}
2026-05-24 15:21:49,953 - watchfiles.main - DEBUG - 1 change detected: {(<Change.modified: 2>, '/workspace/app/backend/logs/app_20260524_150636.log')}
2026-05-24 15:21:50,304 - watchfiles.main - DEBUG - 1 change detected: {(<Change.modified: 2>, '/workspace/app/backend/logs/app_20260524_150636.log')}
2026-05-24 15:21:50,655 - watchfiles.main - DEBUG - 1 change detected: {(<Change.modified: 2>, '/workspace/app/backend/logs/app_20260524_150636.log')}
2026-05-24 15:21:51,006 - watchfiles.main - DEBUG - 1 change detected: {(<Change.modified: 2>, '/workspace/app/backend/logs/app_20260524_150636.log')}
2026-05-24 15:21:51,356 - watchfiles.main - DEBUG - 1 change detected: {(<Change.modified: 2>, '/workspace/app/backend/logs/app_20260524_150636.log')}
2026-05-24 15:21:51,707 - watchfiles.main - DEBUG - 1 change detected: {(<Change.modified: 2>, '/workspace/app/backend/logs/app_20260524_150636.log')}
2026-05-24 15:21:52,058 - watchfiles.main - DEBUG - 1 change detected: {(<Change.modified: 2>, '/workspace/app/backend/logs/app_20260524_150636.log')}
2026-05-24 15:21:52,408 - watchfiles.main - DEBUG - 1 change detected: {(<Change.modified: 2>, '/workspace/app/backend/logs/app_20260524_150636.log')}
2026-05-24 15:21:52,759 - watchfiles.main - DEBUG - 1 change detected: {(<Change.modified: 2>, '/workspace/app/backend/logs/app_20260524_150636.log')}
2026-05-24 15:21:53,110 - watchfiles.main - DEBUG - 1 change detected: {(<Change.modified: 2>, '/workspace/app/backend/logs/app_20260524_150636.log')}
2026-05-24 15:21:53,461 - watchfiles.main - DEBUG - 1 change detected: {(<Change.modified: 2>, '/workspace/app/backend/logs/app_20260524_150636.log')}
2026-05-24 15:21:53,812 - watchfiles.main - DEBUG - 1 change detected: {(<Change.modified: 2>, '/workspace/app/backend/logs/app_20260524_150636.log')}
2026-05-24 15:21:54,162 - watchfiles.main - DEBUG - 1 change detected: {(<Change.modified: 2>, '/workspace/app/backend/logs/app_20260524_150636.log')}
2026-05-24 15:21:54,513 - watchfiles.main - DEBUG - 1 change detected: {(<Change.modified: 2>, '/workspace/app/backend/logs/app_20260524_150636.log')}
2026-05-24 15:21:54,865 - watchfiles.main - DEBUG - 1 change detected: {(<Change.modified: 2>, '/workspace/app/backend/logs/app_20260524_150636.log')}
2026-05-24 15:21:55,216 - watchfiles.main - DEBUG - 1 change detected: {(<Change.modified: 2>, '/workspace/app/backend/logs/app_20260524_150636.log')}
2026-05-24 15:21:55,567 - watchfiles.main - DEBUG - 1 change detected: {(<Change.modified: 2>, '/workspace/app/backend/logs/app_20260524_150636.log')}
2026-05-24 15:21:55,918 - watchfiles.main - DEBUG - 1 change detected: {(<Change.modified: 2>, '/workspace/app/backend/logs/app_20260524_150636.log')}
2026-05-24 15:21:56,269 - watchfiles.main - DEBUG - 1 change detected: {(<Change.modified: 2>, '/workspace/app/backend/logs/app_20260524_150636.log')}
2026-05-24 15:21:56,619 - watchfiles.main - DEBUG - 1 change detected: {(<Change.modified: 2>, '/workspace/app/backend/logs/app_20260524_150636.log')}
2026-05-24 15:21:56,970 - watchfiles.main - DEBUG - 1 change detected: {(<Change.modified: 2>, '/workspace/app/backend/logs/app_20260524_150636.log')}
2026-05-24 15:21:57,322 - watchfiles.main - DEBUG - 1 change detected: {(<Change.modified: 2>, '/workspace/app/backend/logs/app_20260524_150636.log')}
2026-05-24 15:21:57,673 - watchfiles.main - DEBUG - 1 change detected: {(<Change.modified: 2>, '/workspace/app/backend/logs/app_20260524_150636.log')}
2026-05-24 15:21:58,024 - watchfiles.main - DEBUG - 1 change detected: {(<Change.modified: 2>, '/workspace/app/backend/logs/app_20260524_150636.log')}
2026-05-24 15:21:58,375 - watchfiles.main - DEBUG - 1 change detected: {(<Change.modified: 2>, '/workspace/app/backend/logs/app_20260524_150636.log')}
2026-05-24 15:21:58,726 - watchfiles.main - DEBUG - 1 change detected: {(<Change.modified: 2>, '/workspace/app/backend/logs/app_20260524_150636.log')}
2026-05-24 15:21:59,077 - watchfiles.main - DEBUG - 1 change detected: {(<Change.modified: 2>, '/workspace/app/backend/logs/app_20260524_150636.log')}
2026-05-24 15:21:59,428 - watchfiles.main - DEBUG - 1 change detected: {(<Change.modified: 2>, '/workspace/app/backend/logs/app_20260524_150636.log')}
2026-05-24 15:21:59,778 - watchfiles.main - DEBUG - 1 change detected: {(<Change.modified: 2>, '/workspace/app/backend/logs/app_20260524_150636.log')}
2026-05-24 15:22:00,129 - watchfiles.main - DEBUG - 1 change detected: {(<Change.modified: 2>, '/workspace/app/backend/logs/app_20260524_150636.log')}
2026-05-24 15:22:00,480 - watchfiles.main - DEBUG - 1 change detected: {(<Change.modified: 2>, '/workspace/app/backend/logs/app_20260524_150636.log')}
2026-05-24 15:22:00,831 - watchfiles.main - DEBUG - 1 change detected: {(<Change.modified: 2>, '/workspace/app/backend/logs/app_20260524_150636.log')}
2026-05-24 15:22:01,181 - watchfiles.main - DEBUG - 1 change detected: {(<Change.modified: 2>, '/workspace/app/backend/logs/app_20260524_150636.log')}
2026-05-24 15:22:01,532 - watchfiles.main - DEBUG - 1 change detected: {(<Change.modified: 2>, '/workspace/app/backend/logs/app_20260524_150636.log')}
2026-05-24 15:22:01,883 - watchfiles.main - DEBUG - 1 change detected: {(<Change.modified: 2>, '/workspace/app/backend/logs/app_20260524_150636.log')}
2026-05-24 15:22:02,234 - watchfiles.main - DEBUG - 1 change detected: {(<Change.modified: 2>, '/workspace/app/backend/logs/app_20260524_150636.log')}
2026-05-24 15:22:02,585 - watchfiles.main - DEBUG - 1 change detected: {(<Change.modified: 2>, '/workspace/app/backend/logs/app_20260524_150636.log')}
2026-05-24 15:22:02,936 - watchfiles.main - DEBUG - 1 change detected: {(<Change.modified: 2>, '/workspace/app/backend/logs/app_20260524_150636.log')}
2026-05-24 15:22:03,286 - watchfiles.main - DEBUG - 1 change detected: {(<Change.modified: 2>, '/workspace/app/backend/logs/app_20260524_150636.log')}
2026-05-24 15:22:03,637 - watchfiles.main - DEBUG - 1 change detected: {(<Change.modified: 2>, '/workspace/app/backend/logs/app_20260524_150636.log')}
2026-05-24 15:22:03,988 - watchfiles.main - DEBUG - 1 change detected: {(<Change.modified: 2>, '/workspace/app/backend/logs/app_20260524_150636.log')}
2026-05-24 15:22:04,339 - watchfiles.main - DEBUG - 1 change detected: {(<Change.modified: 2>, '/workspace/app/backend/logs/app_20260524_150636.log')}
2026-05-24 15:22:04,689 - watchfiles.main - DEBUG - 1 change detected: {(<Change.modified: 2>, '/workspace/app/backend/logs/app_20260524_150636.log')}
2026-05-24 15:22:05,040 - watchfiles.main - DEBUG - 1 change detected: {(<Change.modified: 2>, '/workspace/app/backend/logs/app_20260524_150636.log')}
2026-05-24 15:22:05,391 - watchfiles.main - DEBUG - 1 change detected: {(<Change.modified: 2>, '/workspace/app/backend/logs/app_20260524_150636.log')}
2026-05-24 15:22:05,742 - watchfiles.main - DEBUG - 1 change detected: {(<Change.modified: 2>, '/workspace/app/backend/logs/app_20260524_150636.log')}
2026-05-24 15:22:06,093 - watchfiles.main - DEBUG - 1 change detected: {(<Change.modified: 2>, '/workspace/app/backend/logs/app_20260524_150636.log')}
2026-05-24 15:22:06,444 - watchfiles.main - DEBUG - 1 change detected: {(<Change.modified: 2>, '/workspace/app/backend/logs/app_20260524_150636.log')}
2026-05-24 15:22:06,795 - watchfiles.main - DEBUG - 1 change detected: {(<Change.modified: 2>, '/workspace/app/backend/logs/app_20260524_150636.log')}
2026-05-24 15:22:07,146 - watchfiles.main - DEBUG - 1 change detected: {(<Change.modified: 2>, '/workspace/app/backend/logs/app_20260524_150636.log')}
2026-05-24 15:22:07,497 - watchfiles.main - DEBUG - 1 change detected: {(<Change.modified: 2>, '/workspace/app/backend/logs/app_20260524_150636.log')}
2026-05-24 15:22:07,847 - watchfiles.main - DEBUG - 1 change detected: {(<Change.modified: 2>, '/workspace/app/backend/logs/app_20260524_150636.log')}
2026-05-24 15:22:08,199 - watchfiles.main - DEBUG - 1 change detected: {(<Change.modified: 2>, '/workspace/app/backend/logs/app_20260524_150636.log')}
2026-05-24 15:22:08,550 - watchfiles.main - DEBUG - 1 change detected: {(<Change.modified: 2>, '/workspace/app/backend/logs/app_20260524_150636.log')}
2026-05-24 15:22:08,901 - watchfiles.main - DEBUG - 1 change detected: {(<Change.modified: 2>, '/workspace/app/backend/logs/app_20260524_150636.log')}
2026-05-24 15:22:09,252 - watchfiles.main - DEBUG - 1 change detected: {(<Change.modified: 2>, '/workspace/app/backend/logs/app_20260524_150636.log')}
2026-05-24 15:22:09,603 - watchfiles.main - DEBUG - 1 change detected: {(<Change.modified: 2>, '/workspace/app/backend/logs/app_20260524_150636.log')}
2026-05-24 15:22:09,954 - watchfiles.main - DEBUG - 1 change detected: {(<Change.modified: 2>, '/workspace/app/backend/logs/app_20260524_150636.log')}
2026-05-24 15:22:10,305 - watchfiles.main - DEBUG - 1 change detected: {(<Change.modified: 2>, '/workspace/app/backend/logs/app_20260524_150636.log')}
2026-05-24 15:22:10,656 - watchfiles.main - DEBUG - 1 change detected: {(<Change.modified: 2>, '/workspace/app/backend/logs/app_20260524_150636.log')}
2026-05-24 15:22:11,008 - watchfiles.main - DEBUG - 1 change detected: {(<Change.modified: 2>, '/workspace/app/backend/logs/app_20260524_150636.log')}
2026-05-24 15:22:11,359 - watchfiles.main - DEBUG - 1 change detected: {(<Change.modified: 2>, '/workspace/app/backend/logs/app_20260524_150636.log')}
2026-05-24 15:22:11,709 - watchfiles.main - DEBUG - 1 change detected: {(<Change.modified: 2>, '/workspace/app/backend/logs/app_20260524_150636.log')}
2026-05-24 15:22:12,060 - watchfiles.main - DEBUG - 1 change detected: {(<Change.modified: 2>, '/workspace/app/backend/logs/app_20260524_150636.log')}
2026-05-24 15:22:12,411 - watchfiles.main - DEBUG - 1 change detected: {(<Change.modified: 2>, '/workspace/app/backend/logs/app_20260524_150636.log')}
2026-05-24 15:22:12,762 - watchfiles.main - DEBUG - 1 change detected: {(<Change.modified: 2>, '/workspace/app/backend/logs/app_20260524_150636.log')}
2026-05-24 15:22:13,113 - watchfiles.main - DEBUG - 1 change detected: {(<Change.modified: 2>, '/workspace/app/backend/logs/app_20260524_150636.log')}
2026-05-24 15:22:13,464 - watchfiles.main - DEBUG - 1 change detected: {(<Change.modified: 2>, '/workspace/app/backend/logs/app_20260524_150636.log')}
2026-05-24 15:22:13,814 - watchfiles.main - DEBUG - 1 change detected: {(<Change.modified: 2>, '/workspace/app/backend/logs/app_20260524_150636.log')}
2026-05-24 15:22:14,165 - watchfiles.main - DEBUG - 1 change detected: {(<Change.modified: 2>, '/workspace/app/backend/logs/app_20260524_150636.log')}
2026-05-24 15:22:14,516 - watchfiles.main - DEBUG - 1 change detected: {(<Change.modified: 2>, '/workspace/app/backend/logs/app_20260524_150636.log')}
2026-05-24 15:22:14,867 - watchfiles.main - DEBUG - 1 change detected: {(<Change.modified: 2>, '/workspace/app/backend/logs/app_20260524_150636.log')}
2026-05-24 15:22:15,217 - watchfiles.main - DEBUG - 1 change detected: {(<Change.modified: 2>, '/workspace/app/backend/logs/app_20260524_150636.log')}
2026-05-24 15:22:15,568 - watchfiles.main - DEBUG - 1 change detected: {(<Change.modified: 2>, '/workspace/app/backend/logs/app_20260524_150636.log')}
2026-05-24 15:22:15,919 - watchfiles.main - DEBUG - 1 change detected: {(<Change.modified: 2>, '/workspace/app/backend/logs/app_20260524_150636.log')}
2026-05-24 15:22:16,269 - watchfiles.main - DEBUG - 1 change detected: {(<Change.modified: 2>, '/workspace/app/backend/logs/app_20260524_150636.log')}
2026-05-24 15:22:16,620 - watchfiles.main - DEBUG - 1 change detected: {(<Change.modified: 2>, '/workspace/app/backend/logs/app_20260524_150636.log')}
2026-05-24 15:22:16,971 - watchfiles.main - DEBUG - 1 change detected: {(<Change.modified: 2>, '/workspace/app/backend/logs/app_20260524_150636.log')}
2026-05-24 15:22:17,323 - watchfiles.main - DEBUG - 1 change detected: {(<Change.modified: 2>, '/workspace/app/backend/logs/app_20260524_150636.log')}
2026-05-24 15:22:17,674 - watchfiles.main - DEBUG - 1 change detected: {(<Change.modified: 2>, '/workspace/app/backend/logs/app_20260524_150636.log')}
2026-05-24 15:22:18,025 - watchfiles.main - DEBUG - 1 change detected: {(<Change.modified: 2>, '/workspace/app/backend/logs/app_20260524_150636.log')}
2026-05-24 15:22:18,375 - watchfiles.main - DEBUG - 1 change detected: {(<Change.modified: 2>, '/workspace/app/backend/logs/app_20260524_150636.log')}
2026-05-24 15:22:18,726 - watchfiles.main - DEBUG - 1 change detected: {(<Change.modified: 2>, '/workspace/app/backend/logs/app_20260524_150636.log')}
2026-05-24 15:22:19,077 - watchfiles.main - DEBUG - 1 change detected: {(<Change.modified: 2>, '/workspace/app/backend/logs/app_20260524_150636.log')}
2026-05-24 15:22:19,428 - watchfiles.main - DEBUG - 1 change detected: {(<Change.modified: 2>, '/workspace/app/backend/logs/app_20260524_150636.log')}
2026-05-24 15:22:19,779 - watchfiles.main - DEBUG - 1 change detected: {(<Change.modified: 2>, '/workspace/app/backend/logs/app_20260524_150636.log')}
2026-05-24 15:22:20,130 - watchfiles.main - DEBUG - 1 change detected: {(<Change.modified: 2>, '/workspace/app/backend/logs/app_20260524_150636.log')}
2026-05-24 15:22:20,480 - watchfiles.main - DEBUG - 1 change detected: {(<Change.modified: 2>, '/workspace/app/backend/logs/app_20260524_150636.log')}
2026-05-24 15:22:20,831 - watchfiles.main - DEBUG - 1 change detected: {(<Change.modified: 2>, '/workspace/app/backend/logs/app_20260524_150636.log')}
2026-05-24 15:22:21,182 - watchfiles.main - DEBUG - 1 change detected: {(<Change.modified: 2>, '/workspace/app/backend/logs/app_20260524_150636.log')}
2026-05-24 15:22:21,533 - watchfiles.main - DEBUG - 1 change detected: {(<Change.modified: 2>, '/workspace/app/backend/logs/app_20260524_150636.log')}
2026-05-24 15:22:21,884 - watchfiles.main - DEBUG - 1 change detected: {(<Change.modified: 2>, '/workspace/app/backend/logs/app_20260524_150636.log')}
2026-05-24 15:22:22,235 - watchfiles.main - DEBUG - 1 change detected: {(<Change.modified: 2>, '/workspace/app/backend/logs/app_20260524_150636.log')}
2026-05-24 15:22:22,586 - watchfiles.main - DEBUG - 1 change detected: {(<Change.modified: 2>, '/workspace/app/backend/logs/app_20260524_150636.log')}
2026-05-24 15:22:22,936 - watchfiles.main - DEBUG - 1 change detected: {(<Change.modified: 2>, '/workspace/app/backend/logs/app_20260524_150636.log')}
2026-05-24 15:22:23,287 - watchfiles.main - DEBUG - 1 change detected: {(<Change.modified: 2>, '/workspace/app/backend/logs/app_20260524_150636.log')}
2026-05-24 15:22:23,638 - watchfiles.main - DEBUG - 1 change detected: {(<Change.modified: 2>, '/workspace/app/backend/logs/app_20260524_150636.log')}
2026-05-24 15:22:23,989 - watchfiles.main - DEBUG - 1 change detected: {(<Change.modified: 2>, '/workspace/app/backend/logs/app_20260524_150636.log')}
2026-05-24 15:22:24,340 - watchfiles.main - DEBUG - 1 change detected: {(<Change.modified: 2>, '/workspace/app/backend/logs/app_20260524_150636.log')}
2026-05-24 15:22:24,690 - watchfiles.main - DEBUG - 1 change detected: {(<Change.modified: 2>, '/workspace/app/backend/logs/app_20260524_150636.log')}
2026-05-24 15:22:25,041 - watchfiles.main - DEBUG - 1 change detected: {(<Change.modified: 2>, '/workspace/app/backend/logs/app_20260524_150636.log')}
2026-05-24 15:22:25,392 - watchfiles.main - DEBUG - 1 change detected: {(<Change.modified: 2>, '/workspace/app/backend/logs/app_20260524_150636.log')}
2026-05-24 15:22:25,742 - watchfiles.main - DEBUG - 1 change detected: {(<Change.modified: 2>, '/workspace/app/backend/logs/app_20260524_150636.log')}
2026-05-24 15:22:26,093 - watchfiles.main - DEBUG - 1 change detected: {(<Change.modified: 2>, '/workspace/app/backend/logs/app_20260524_150636.log')}
2026-05-24 15:22:26,444 - watchfiles.main - DEBUG - 1 change detected: {(<Change.modified: 2>, '/workspace/app/backend/logs/app_20260524_150636.log')}
2026-05-24 15:22:26,794 - watchfiles.main - DEBUG - 1 change detected: {(<Change.modified: 2>, '/workspace/app/backend/logs/app_20260524_150636.log')}
2026-05-24 15:22:27,146 - watchfiles.main - DEBUG - 1 change detected: {(<Change.modified: 2>, '/workspace/app/backend/logs/app_20260524_150636.log')}
2026-05-24 15:22:27,496 - watchfiles.main - DEBUG - 1 change detected: {(<Change.modified: 2>, '/workspace/app/backend/logs/app_20260524_150636.log')}
2026-05-24 15:22:27,847 - watchfiles.main - DEBUG - 1 change detected: {(<Change.modified: 2>, '/workspace/app/backend/logs/app_20260524_150636.log')}
2026-05-24 15:22:28,198 - watchfiles.main - DEBUG - 1 change detected: {(<Change.modified: 2>, '/workspace/app/backend/logs/app_20260524_150636.log')}
2026-05-24 15:22:28,548 - watchfiles.main - DEBUG - 1 change detected: {(<Change.modified: 2>, '/workspace/app/backend/logs/app_20260524_150636.log')}
2026-05-24 15:22:28,899 - watchfiles.main - DEBUG - 1 change detected: {(<Change.modified: 2>, '/workspace/app/backend/logs/app_20260524_150636.log')}
2026-05-24 15:22:29,251 - watchfiles.main - DEBUG - 1 change detected: {(<Change.modified: 2>, '/workspace/app/backend/logs/app_20260524_150636.log')}
2026-05-24 15:22:29,602 - watchfiles.main - DEBUG - 1 change detected: {(<Change.modified: 2>, '/workspace/app/backend/logs/app_20260524_150636.log')}
2026-05-24 15:22:29,952 - watchfiles.main - DEBUG - 1 change detected: {(<Change.modified: 2>, '/workspace/app/backend/logs/app_20260524_150636.log')}
2026-05-24 15:22:30,303 - watchfiles.main - DEBUG - 1 change detected: {(<Change.modified: 2>, '/workspace/app/backend/logs/app_20260524_150636.log')}
2026-05-24 15:22:30,654 - watchfiles.main - DEBUG - 1 change detected: {(<Change.modified: 2>, '/workspace/app/backend/logs/app_20260524_150636.log')}
2026-05-24 15:22:31,005 - watchfiles.main - DEBUG - 1 change detected: {(<Change.modified: 2>, '/workspace/app/backend/logs/app_20260524_150636.log')}
2026-05-24 15:22:31,356 - watchfiles.main - DEBUG - 1 change detected: {(<Change.modified: 2>, '/workspace/app/backend/logs/app_20260524_150636.log')}
2026-05-24 15:22:31,706 - watchfiles.main - DEBUG - 1 change detected: {(<Change.modified: 2>, '/workspace/app/backend/logs/app_20260524_150636.log')}
2026-05-24 15:22:32,057 - watchfiles.main - DEBUG - 1 change detected: {(<Change.modified: 2>, '/workspace/app/backend/logs/app_20260524_150636.log')}
2026-05-24 15:22:32,408 - watchfiles.main - DEBUG - 1 change detected: {(<Change.modified: 2>, '/workspace/app/backend/logs/app_20260524_150636.log')}
2026-05-24 15:22:32,759 - watchfiles.main - DEBUG - 1 change detected: {(<Change.modified: 2>, '/workspace/app/backend/logs/app_20260524_150636.log')}
2026-05-24 15:22:33,110 - watchfiles.main - DEBUG - 1 change detected: {(<Change.modified: 2>, '/workspace/app/backend/logs/app_20260524_150636.log')}
2026-05-24 15:22:33,460 - watchfiles.main - DEBUG - 1 change detected: {(<Change.modified: 2>, '/workspace/app/backend/logs/app_20260524_150636.log')}
2026-05-24 15:22:33,811 - watchfiles.main - DEBUG - 1 change detected: {(<Change.modified: 2>, '/workspace/app/backend/logs/app_20260524_150636.log')}
2026-05-24 15:22:34,162 - watchfiles.main - DEBUG - 1 change detected: {(<Change.modified: 2>, '/workspace/app/backend/logs/app_20260524_150636.log')}
2026-05-24 15:22:34,513 - watchfiles.main - DEBUG - 1 change detected: {(<Change.modified: 2>, '/workspace/app/backend/logs/app_20260524_150636.log')}
2026-05-24 15:22:34,864 - watchfiles.main - DEBUG - 1 change detected: {(<Change.modified: 2>, '/workspace/app/backend/logs/app_20260524_150636.log')}
2026-05-24 15:22:35,214 - watchfiles.main - DEBUG - 1 change detected: {(<Change.modified: 2>, '/workspace/app/backend/logs/app_20260524_150636.log')}
2026-05-24 15:22:35,566 - watchfiles.main - DEBUG - 1 change detected: {(<Change.modified: 2>, '/workspace/app/backend/logs/app_20260524_150636.log')}
2026-05-24 15:22:35,917 - watchfiles.main - DEBUG - 1 change detected: {(<Change.modified: 2>, '/workspace/app/backend/logs/app_20260524_150636.log')}
2026-05-24 15:22:36,267 - watchfiles.main - DEBUG - 1 change detected: {(<Change.modified: 2>, '/workspace/app/backend/logs/app_20260524_150636.log')}
2026-05-24 15:22:36,618 - watchfiles.main - DEBUG - 1 change detected: {(<Change.modified: 2>, '/workspace/app/backend/logs/app_20260524_150636.log')}
2026-05-24 15:22:36,969 - watchfiles.main - DEBUG - 1 change detected: {(<Change.modified: 2>, '/workspace/app/backend/logs/app_20260524_150636.log')}
2026-05-24 15:22:37,320 - watchfiles.main - DEBUG - 1 change detected: {(<Change.modified: 2>, '/workspace/app/backend/logs/app_20260524_150636.log')}
2026-05-24 15:22:37,670 - watchfiles.main - DEBUG - 1 change detected: {(<Change.modified: 2>, '/workspace/app/backend/logs/app_20260524_150636.log')}
2026-05-24 15:22:38,021 - watchfiles.main - DEBUG - 1 change detected: {(<Change.modified: 2>, '/workspace/app/backend/logs/app_20260524_150636.log')}
2026-05-24 15:22:38,372 - watchfiles.main - DEBUG - 1 change detected: {(<Change.modified: 2>, '/workspace/app/backend/logs/app_20260524_150636.log')}
2026-05-24 15:22:38,723 - watchfiles.main - DEBUG - 1 change detected: {(<Change.modified: 2>, '/workspace/app/backend/logs/app_20260524_150636.log')}
2026-05-24 15:22:39,073 - watchfiles.main - DEBUG - 1 change detected: {(<Change.modified: 2>, '/workspace/app/backend/logs/app_20260524_150636.log')}
2026-05-24 15:22:39,424 - watchfiles.main - DEBUG - 1 change detected: {(<Change.modified: 2>, '/workspace/app/backend/logs/app_20260524_150636.log')}
2026-05-24 15:22:39,775 - watchfiles.main - DEBUG - 1 change detected: {(<Change.modified: 2>, '/workspace/app/backend/logs/app_20260524_150636.log')}
2026-05-24 15:22:40,126 - watchfiles.main - DEBUG - 1 change detected: {(<Change.modified: 2>, '/workspace/app/backend/logs/app_20260524_150636.log')}
2026-05-24 15:22:40,476 - watchfiles.main - DEBUG - 1 change detected: {(<Change.modified: 2>, '/workspace/app/backend/logs/app_20260524_150636.log')}
2026-05-24 15:22:40,827 - watchfiles.main - DEBUG - 1 change detected: {(<Change.modified: 2>, '/workspace/app/backend/logs/app_20260524_150636.log')}
2026-05-24 15:22:41,178 - watchfiles.main - DEBUG - 1 change detected: {(<Change.modified: 2>, '/workspace/app/backend/logs/app_20260524_150636.log')}
2026-05-24 15:22:41,529 - watchfiles.main - DEBUG - 1 change detected: {(<Change.modified: 2>, '/workspace/app/backend/logs/app_20260524_150636.log')}
2026-05-24 15:22:41,879 - watchfiles.main - DEBUG - 1 change detected: {(<Change.modified: 2>, '/workspace/app/backend/logs/app_20260524_150636.log')}
2026-05-24 15:22:42,230 - watchfiles.main - DEBUG - 1 change detected: {(<Change.modified: 2>, '/workspace/app/backend/logs/app_20260524_150636.log')}
2026-05-24 15:22:42,581 - watchfiles.main - DEBUG - 1 change detected: {(<Change.modified: 2>, '/workspace/app/backend/logs/app_20260524_150636.log')}
2026-05-24 15:22:42,932 - watchfiles.main - DEBUG - 1 change detected: {(<Change.modified: 2>, '/workspace/app/backend/logs/app_20260524_150636.log')}
2026-05-24 15:22:43,283 - watchfiles.main - DEBUG - 1 change detected: {(<Change.modified: 2>, '/workspace/app/backend/logs/app_20260524_150636.log')}
2026-05-24 15:22:43,633 - watchfiles.main - DEBUG - 1 change detected: {(<Change.modified: 2>, '/workspace/app/backend/logs/app_20260524_150636.log')}
2026-05-24 15:22:43,984 - watchfiles.main - DEBUG - 1 change detected: {(<Change.modified: 2>, '/workspace/app/backend/logs/app_20260524_150636.log')}
2026-05-24 15:22:44,335 - watchfiles.main - DEBUG - 1 change detected: {(<Change.modified: 2>, '/workspace/app/backend/logs/app_20260524_150636.log')}
2026-05-24 15:22:44,686 - watchfiles.main - DEBUG - 2 changes detected: {(<Change.modified: 2>, '/workspace/app/backend/logs/app_20260524_150639.log'), (<Change.modified: 2>, '/workspace/app/backend/logs/app_20260524_150636.log')}
2026-05-24 15:22:45,037 - watchfiles.main - DEBUG - 2 changes detected: {(<Change.modified: 2>, '/workspace/app/backend/logs/app_20260524_150639.log'), (<Change.modified: 2>, '/workspace/app/backend/logs/app_20260524_150636.log')}
2026-05-24 15:22:45,388 - watchfiles.main - DEBUG - 1 change detected: {(<Change.modified: 2>, '/workspace/app/backend/logs/app_20260524_150636.log')}
2026-05-24 15:22:45,739 - watchfiles.main - DEBUG - 1 change detected: {(<Change.modified: 2>, '/workspace/app/backend/logs/app_20260524_150636.log')}
2026-05-24 15:22:46,090 - watchfiles.main - DEBUG - 1 change detected: {(<Change.modified: 2>, '/workspace/app/backend/logs/app_20260524_150636.log')}
2026-05-24 15:22:46,440 - watchfiles.main - DEBUG - 1 change detected: {(<Change.modified: 2>, '/workspace/app/backend/logs/app_20260524_150636.log')}
2026-05-24 15:22:46,791 - watchfiles.main - DEBUG - 1 change detected: {(<Change.modified: 2>, '/workspace/app/backend/logs/app_20260524_150636.log')}
2026-05-24 15:22:47,142 - watchfiles.main - DEBUG - 1 change detected: {(<Change.modified: 2>, '/workspace/app/backend/logs/app_20260524_150636.log')}
2026-05-24 15:22:47,493 - watchfiles.main - DEBUG - 1 change detected: {(<Change.modified: 2>, '/workspace/app/backend/logs/app_20260524_150636.log')}
2026-05-24 15:22:47,844 - watchfiles.main - DEBUG - 1 change detected: {(<Change.modified: 2>, '/workspace/app/backend/logs/app_20260524_150636.log')}
2026-05-24 15:22:48,195 - watchfiles.main - DEBUG - 1 change detected: {(<Change.modified: 2>, '/workspace/app/backend/logs/app_20260524_150636.log')}
2026-05-24 15:22:48,546 - watchfiles.main - DEBUG - 1 change detected: {(<Change.modified: 2>, '/workspace/app/backend/logs/app_20260524_150636.log')}
2026-05-24 15:22:48,897 - watchfiles.main - DEBUG - 1 change detected: {(<Change.modified: 2>, '/workspace/app/backend/logs/app_20260524_150636.log')}
2026-05-24 15:22:49,247 - watchfiles.main - DEBUG - 1 change detected: {(<Change.modified: 2>, '/workspace/app/backend/logs/app_20260524_150636.log')}
2026-05-24 15:22:49,598 - watchfiles.main - DEBUG - 1 change detected: {(<Change.modified: 2>, '/workspace/app/backend/logs/app_20260524_150636.log')}
2026-05-24 15:22:49,949 - watchfiles.main - DEBUG - 1 change detected: {(<Change.modified: 2>, '/workspace/app/backend/logs/app_20260524_150636.log')}
2026-05-24 15:22:50,300 - watchfiles.main - DEBUG - 1 change detected: {(<Change.modified: 2>, '/workspace/app/backend/logs/app_20260524_150636.log')}
2026-05-24 15:22:50,651 - watchfiles.main - DEBUG - 1 change detected: {(<Change.modified: 2>, '/workspace/app/backend/logs/app_20260524_150636.log')}
2026-05-24 15:22:51,002 - watchfiles.main - DEBUG - 1 change detected: {(<Change.modified: 2>, '/workspace/app/backend/logs/app_20260524_150636.log')}
2026-05-24 15:22:51,353 - watchfiles.main - DEBUG - 1 change detected: {(<Change.modified: 2>, '/workspace/app/backend/logs/app_20260524_150636.log')}
2026-05-24 15:22:51,704 - watchfiles.main - DEBUG - 1 change detected: {(<Change.modified: 2>, '/workspace/app/backend/logs/app_20260524_150636.log')}
2026-05-24 15:22:52,055 - watchfiles.main - DEBUG - 1 change detected: {(<Change.modified: 2>, '/workspace/app/backend/logs/app_20260524_150636.log')}
2026-05-24 15:22:52,405 - watchfiles.main - DEBUG - 1 change detected: {(<Change.modified: 2>, '/workspace/app/backend/logs/app_20260524_150636.log')}
2026-05-24 15:22:52,756 - watchfiles.main - DEBUG - 1 change detected: {(<Change.modified: 2>, '/workspace/app/backend/logs/app_20260524_150636.log')}
2026-05-24 15:22:53,107 - watchfiles.main - DEBUG - 1 change detected: {(<Change.modified: 2>, '/workspace/app/backend/logs/app_20260524_150636.log')}
2026-05-24 15:22:53,458 - watchfiles.main - DEBUG - 1 change detected: {(<Change.modified: 2>, '/workspace/app/backend/logs/app_20260524_150636.log')}
2026-05-24 15:22:53,809 - watchfiles.main - DEBUG - 1 change detected: {(<Change.modified: 2>, '/workspace/app/backend/logs/app_20260524_150636.log')}
2026-05-24 15:22:54,160 - watchfiles.main - DEBUG - 1 change detected: {(<Change.modified: 2>, '/workspace/app/backend/logs/app_20260524_150636.log')}
2026-05-24 15:22:54,510 - watchfiles.main - DEBUG - 1 change detected: {(<Change.modified: 2>, '/workspace/app/backend/logs/app_20260524_150636.log')}
2026-05-24 15:22:54,861 - watchfiles.main - DEBUG - 1 change detected: {(<Change.modified: 2>, '/workspace/app/backend/logs/app_20260524_150636.log')}
2026-05-24 15:22:55,212 - watchfiles.main - DEBUG - 1 change detected: {(<Change.modified: 2>, '/workspace/app/backend/logs/app_20260524_150636.log')}
2026-05-24 15:22:55,562 - watchfiles.main - DEBUG - 1 change detected: {(<Change.modified: 2>, '/workspace/app/backend/logs/app_20260524_150636.log')}
2026-05-24 15:22:55,913 - watchfiles.main - DEBUG - 1 change detected: {(<Change.modified: 2>, '/workspace/app/backend/logs/app_20260524_150636.log')}
2026-05-24 15:22:56,264 - watchfiles.main - DEBUG - 1 change detected: {(<Change.modified: 2>, '/workspace/app/backend/logs/app_20260524_150636.log')}
2026-05-24 15:22:56,615 - watchfiles.main - DEBUG - 1 change detected: {(<Change.modified: 2>, '/workspace/app/backend/logs/app_20260524_150636.log')}
2026-05-24 15:22:56,965 - watchfiles.main - DEBUG - 1 change detected: {(<Change.modified: 2>, '/workspace/app/backend/logs/app_20260524_150636.log')}
2026-05-24 15:22:57,316 - watchfiles.main - DEBUG - 1 change detected: {(<Change.modified: 2>, '/workspace/app/backend/logs/app_20260524_150636.log')}
2026-05-24 15:22:57,667 - watchfiles.main - DEBUG - 1 change detected: {(<Change.modified: 2>, '/workspace/app/backend/logs/app_20260524_150636.log')}
2026-05-24 15:22:58,018 - watchfiles.main - DEBUG - 1 change detected: {(<Change.modified: 2>, '/workspace/app/backend/logs/app_20260524_150636.log')}
2026-05-24 15:22:58,369 - watchfiles.main - DEBUG - 1 change detected: {(<Change.modified: 2>, '/workspace/app/backend/logs/app_20260524_150636.log')}
2026-05-24 15:22:58,720 - watchfiles.main - DEBUG - 1 change detected: {(<Change.modified: 2>, '/workspace/app/backend/logs/app_20260524_150636.log')}
2026-05-24 15:22:59,070 - watchfiles.main - DEBUG - 1 change detected: {(<Change.modified: 2>, '/workspace/app/backend/logs/app_20260524_150636.log')}
2026-05-24 15:22:59,421 - watchfiles.main - DEBUG - 1 change detected: {(<Change.modified: 2>, '/workspace/app/backend/logs/app_20260524_150636.log')}
2026-05-24 15:22:59,772 - watchfiles.main - DEBUG - 1 change detected: {(<Change.modified: 2>, '/workspace/app/backend/logs/app_20260524_150636.log')}
2026-05-24 15:23:00,123 - watchfiles.main - DEBUG - 1 change detected: {(<Change.modified: 2>, '/workspace/app/backend/logs/app_20260524_150636.log')}
2026-05-24 15:23:00,473 - watchfiles.main - DEBUG - 1 change detected: {(<Change.modified: 2>, '/workspace/app/backend/logs/app_20260524_150636.log')}
2026-05-24 15:23:00,824 - watchfiles.main - DEBUG - 1 change detected: {(<Change.modified: 2>, '/workspace/app/backend/logs/app_20260524_150636.log')}
2026-05-24 15:23:01,175 - watchfiles.main - DEBUG - 1 change detected: {(<Change.modified: 2>, '/workspace/app/backend/logs/app_20260524_150636.log')}
2026-05-24 15:23:01,526 - watchfiles.main - DEBUG - 1 change detected: {(<Change.modified: 2>, '/workspace/app/backend/logs/app_20260524_150636.log')}
2026-05-24 15:23:01,877 - watchfiles.main - DEBUG - 1 change detected: {(<Change.modified: 2>, '/workspace/app/backend/logs/app_20260524_150636.log')}
2026-05-24 15:23:02,228 - watchfiles.main - DEBUG - 1 change detected: {(<Change.modified: 2>, '/workspace/app/backend/logs/app_20260524_150636.log')}
2026-05-24 15:23:02,579 - watchfiles.main - DEBUG - 1 change detected: {(<Change.modified: 2>, '/workspace/app/backend/logs/app_20260524_150636.log')}
2026-05-24 15:23:02,930 - watchfiles.main - DEBUG - 1 change detected: {(<Change.modified: 2>, '/workspace/app/backend/logs/app_20260524_150636.log')}
2026-05-24 15:23:03,281 - watchfiles.main - DEBUG - 1 change detected: {(<Change.modified: 2>, '/workspace/app/backend/logs/app_20260524_150636.log')}
2026-05-24 15:23:03,662 - watchfiles.main - DEBUG - 1 change detected: {(<Change.modified: 2>, '/workspace/app/backend/logs/app_20260524_150636.log')}
2026-05-24 15:23:04,013 - watchfiles.main - DEBUG - 1 change detected: {(<Change.modified: 2>, '/workspace/app/backend/logs/app_20260524_150636.log')}
2026-05-24 15:23:04,364 - watchfiles.main - DEBUG - 1 change detected: {(<Change.modified: 2>, '/workspace/app/backend/logs/app_20260524_150636.log')}
2026-05-24 15:23:04,715 - watchfiles.main - DEBUG - 1 change detected: {(<Change.modified: 2>, '/workspace/app/backend/logs/app_20260524_150636.log')}
2026-05-24 15:23:05,065 - watchfiles.main - DEBUG - 1 change detected: {(<Change.modified: 2>, '/workspace/app/backend/logs/app_20260524_150636.log')}
2026-05-24 15:23:05,416 - watchfiles.main - DEBUG - 1 change detected: {(<Change.modified: 2>, '/workspace/app/backend/logs/app_20260524_150636.log')}
2026-05-24 15:23:05,767 - watchfiles.main - DEBUG - 1 change detected: {(<Change.modified: 2>, '/workspace/app/backend/logs/app_20260524_150636.log')}
2026-05-24 15:23:06,118 - watchfiles.main - DEBUG - 1 change detected: {(<Change.modified: 2>, '/workspace/app/backend/logs/app_20260524_150636.log')}
2026-05-24 15:23:06,468 - watchfiles.main - DEBUG - 1 change detected: {(<Change.modified: 2>, '/workspace/app/backend/logs/app_20260524_150636.log')}
2026-05-24 15:23:06,819 - watchfiles.main - DEBUG - 1 change detected: {(<Change.modified: 2>, '/workspace/app/backend/logs/app_20260524_150636.log')}
2026-05-24 15:23:07,170 - watchfiles.main - DEBUG - 1 change detected: {(<Change.modified: 2>, '/workspace/app/backend/logs/app_20260524_150636.log')}
2026-05-24 15:23:07,521 - watchfiles.main - DEBUG - 1 change detected: {(<Change.modified: 2>, '/workspace/app/backend/logs/app_20260524_150636.log')}
2026-05-24 15:23:07,872 - watchfiles.main - DEBUG - 1 change detected: {(<Change.modified: 2>, '/workspace/app/backend/logs/app_20260524_150636.log')}
2026-05-24 15:23:08,223 - watchfiles.main - DEBUG - 1 change detected: {(<Change.modified: 2>, '/workspace/app/backend/logs/app_20260524_150636.log')}
2026-05-24 15:23:08,574 - watchfiles.main - DEBUG - 1 change detected: {(<Change.modified: 2>, '/workspace/app/backend/logs/app_20260524_150636.log')}
2026-05-24 15:23:08,925 - watchfiles.main - DEBUG - 1 change detected: {(<Change.modified: 2>, '/workspace/app/backend/logs/app_20260524_150636.log')}
2026-05-24 15:23:09,276 - watchfiles.main - DEBUG - 1 change detected: {(<Change.modified: 2>, '/workspace/app/backend/logs/app_20260524_150636.log')}
2026-05-24 15:23:09,626 - watchfiles.main - DEBUG - 1 change detected: {(<Change.modified: 2>, '/workspace/app/backend/logs/app_20260524_150636.log')}
2026-05-24 15:23:09,977 - watchfiles.main - DEBUG - 1 change detected: {(<Change.modified: 2>, '/workspace/app/backend/logs/app_20260524_150636.log')}
2026-05-24 15:23:10,328 - watchfiles.main - DEBUG - 1 change detected: {(<Change.modified: 2>, '/workspace/app/backend/logs/app_20260524_150636.log')}
2026-05-24 15:23:10,679 - watchfiles.main - DEBUG - 1 change detected: {(<Change.modified: 2>, '/workspace/app/backend/logs/app_20260524_150636.log')}
2026-05-24 15:23:11,030 - watchfiles.main - DEBUG - 1 change detected: {(<Change.modified: 2>, '/workspace/app/backend/logs/app_20260524_150636.log')}
2026-05-24 15:23:11,381 - watchfiles.main - DEBUG - 1 change detected: {(<Change.modified: 2>, '/workspace/app/backend/logs/app_20260524_150636.log')}
2026-05-24 15:23:11,732 - watchfiles.main - DEBUG - 1 change detected: {(<Change.modified: 2>, '/workspace/app/backend/logs/app_20260524_150636.log')}
2026-05-24 15:23:12,083 - watchfiles.main - DEBUG - 1 change detected: {(<Change.modified: 2>, '/workspace/app/backend/logs/app_20260524_150636.log')}
2026-05-24 15:23:12,434 - watchfiles.main - DEBUG - 1 change detected: {(<Change.modified: 2>, '/workspace/app/backend/logs/app_20260524_150636.log')}
2026-05-24 15:23:12,784 - watchfiles.main - DEBUG - 1 change detected: {(<Change.modified: 2>, '/workspace/app/backend/logs/app_20260524_150636.log')}
2026-05-24 15:23:13,135 - watchfiles.main - DEBUG - 1 change detected: {(<Change.modified: 2>, '/workspace/app/backend/logs/app_20260524_150636.log')}
2026-05-24 15:23:13,486 - watchfiles.main - DEBUG - 1 change detected: {(<Change.modified: 2>, '/workspace/app/backend/logs/app_20260524_150636.log')}
2026-05-24 15:23:13,837 - watchfiles.main - DEBUG - 1 change detected: {(<Change.modified: 2>, '/workspace/app/backend/logs/app_20260524_150636.log')}
2026-05-24 15:23:14,188 - watchfiles.main - DEBUG - 1 change detected: {(<Change.modified: 2>, '/workspace/app/backend/logs/app_20260524_150636.log')}
2026-05-24 15:23:14,539 - watchfiles.main - DEBUG - 1 change detected: {(<Change.modified: 2>, '/workspace/app/backend/logs/app_20260524_150636.log')}
2026-05-24 15:23:14,890 - watchfiles.main - DEBUG - 1 change detected: {(<Change.modified: 2>, '/workspace/app/backend/logs/app_20260524_150636.log')}
2026-05-24 15:23:15,241 - watchfiles.main - DEBUG - 1 change detected: {(<Change.modified: 2>, '/workspace/app/backend/logs/app_20260524_150636.log')}
2026-05-24 15:23:15,591 - watchfiles.main - DEBUG - 1 change detected: {(<Change.modified: 2>, '/workspace/app/backend/logs/app_20260524_150636.log')}
2026-05-24 15:23:15,943 - watchfiles.main - DEBUG - 1 change detected: {(<Change.modified: 2>, '/workspace/app/backend/logs/app_20260524_150636.log')}
2026-05-24 15:23:16,294 - watchfiles.main - DEBUG - 1 change detected: {(<Change.modified: 2>, '/workspace/app/backend/logs/app_20260524_150636.log')}
2026-05-24 15:23:16,645 - watchfiles.main - DEBUG - 1 change detected: {(<Change.modified: 2>, '/workspace/app/backend/logs/app_20260524_150636.log')}
2026-05-24 15:23:16,996 - watchfiles.main - DEBUG - 1 change detected: {(<Change.modified: 2>, '/workspace/app/backend/logs/app_20260524_150636.log')}
2026-05-24 15:23:17,346 - watchfiles.main - DEBUG - 1 change detected: {(<Change.modified: 2>, '/workspace/app/backend/logs/app_20260524_150636.log')}
2026-05-24 15:23:17,697 - watchfiles.main - DEBUG - 1 change detected: {(<Change.modified: 2>, '/workspace/app/backend/logs/app_20260524_150636.log')}
2026-05-24 15:23:18,048 - watchfiles.main - DEBUG - 1 change detected: {(<Change.modified: 2>, '/workspace/app/backend/logs/app_20260524_150636.log')}
2026-05-24 15:23:18,399 - watchfiles.main - DEBUG - 1 change detected: {(<Change.modified: 2>, '/workspace/app/backend/logs/app_20260524_150636.log')}
2026-05-24 15:23:18,751 - watchfiles.main - DEBUG - 1 change detected: {(<Change.modified: 2>, '/workspace/app/backend/logs/app_20260524_150636.log')}
2026-05-24 15:23:19,101 - watchfiles.main - DEBUG - 1 change detected: {(<Change.modified: 2>, '/workspace/app/backend/logs/app_20260524_150636.log')}
2026-05-24 15:23:19,452 - watchfiles.main - DEBUG - 1 change detected: {(<Change.modified: 2>, '/workspace/app/backend/logs/app_20260524_150636.log')}
2026-05-24 15:23:19,803 - watchfiles.main - DEBUG - 1 change detected: {(<Change.modified: 2>, '/workspace/app/backend/logs/app_20260524_150636.log')}
2026-05-24 15:23:20,154 - watchfiles.main - DEBUG - 1 change detected: {(<Change.modified: 2>, '/workspace/app/backend/logs/app_20260524_150636.log')}
2026-05-24 15:23:20,505 - watchfiles.main - DEBUG - 1 change detected: {(<Change.modified: 2>, '/workspace/app/backend/logs/app_20260524_150636.log')}
2026-05-24 15:23:20,855 - watchfiles.main - DEBUG - 1 change detected: {(<Change.modified: 2>, '/workspace/app/backend/logs/app_20260524_150636.log')}
2026-05-24 15:23:21,206 - watchfiles.main - DEBUG - 1 change detected: {(<Change.modified: 2>, '/workspace/app/backend/logs/app_20260524_150636.log')}
2026-05-24 15:23:21,557 - watchfiles.main - DEBUG - 1 change detected: {(<Change.modified: 2>, '/workspace/app/backend/logs/app_20260524_150636.log')}
2026-05-24 15:23:21,908 - watchfiles.main - DEBUG - 1 change detected: {(<Change.modified: 2>, '/workspace/app/backend/logs/app_20260524_150636.log')}
2026-05-24 15:23:22,259 - watchfiles.main - DEBUG - 1 change detected: {(<Change.modified: 2>, '/workspace/app/backend/logs/app_20260524_150636.log')}
2026-05-24 15:23:22,609 - watchfiles.main - DEBUG - 1 change detected: {(<Change.modified: 2>, '/workspace/app/backend/logs/app_20260524_150636.log')}
2026-05-24 15:23:22,960 - watchfiles.main - DEBUG - 1 change detected: {(<Change.modified: 2>, '/workspace/app/backend/logs/app_20260524_150636.log')}
2026-05-24 15:23:23,311 - watchfiles.main - DEBUG - 1 change detected: {(<Change.modified: 2>, '/workspace/app/backend/logs/app_20260524_150636.log')}
2026-05-24 15:23:23,662 - watchfiles.main - DEBUG - 1 change detected: {(<Change.modified: 2>, '/workspace/app/backend/logs/app_20260524_150636.log')}
2026-05-24 15:23:24,013 - watchfiles.main - DEBUG - 1 change detected: {(<Change.modified: 2>, '/workspace/app/backend/logs/app_20260524_150636.log')}
2026-05-24 15:23:24,364 - watchfiles.main - DEBUG - 1 change detected: {(<Change.modified: 2>, '/workspace/app/backend/logs/app_20260524_150636.log')}
2026-05-24 15:23:24,714 - watchfiles.main - DEBUG - 1 change detected: {(<Change.modified: 2>, '/workspace/app/backend/logs/app_20260524_150636.log')}
2026-05-24 15:23:25,065 - watchfiles.main - DEBUG - 1 change detected: {(<Change.modified: 2>, '/workspace/app/backend/logs/app_20260524_150636.log')}
2026-05-24 15:23:25,416 - watchfiles.main - DEBUG - 1 change detected: {(<Change.modified: 2>, '/workspace/app/backend/logs/app_20260524_150636.log')}
2026-05-24 15:23:25,767 - watchfiles.main - DEBUG - 1 change detected: {(<Change.modified: 2>, '/workspace/app/backend/logs/app_20260524_150636.log')}
2026-05-24 15:23:26,118 - watchfiles.main - DEBUG - 1 change detected: {(<Change.modified: 2>, '/workspace/app/backend/logs/app_20260524_150636.log')}
2026-05-24 15:23:26,469 - watchfiles.main - DEBUG - 1 change detected: {(<Change.modified: 2>, '/workspace/app/backend/logs/app_20260524_150636.log')}
2026-05-24 15:23:26,819 - watchfiles.main - DEBUG - 1 change detected: {(<Change.modified: 2>, '/workspace/app/backend/logs/app_20260524_150636.log')}
2026-05-24 15:23:27,170 - watchfiles.main - DEBUG - 1 change detected: {(<Change.modified: 2>, '/workspace/app/backend/logs/app_20260524_150636.log')}
2026-05-24 15:23:27,521 - watchfiles.main - DEBUG - 1 change detected: {(<Change.modified: 2>, '/workspace/app/backend/logs/app_20260524_150636.log')}
2026-05-24 15:23:27,872 - watchfiles.main - DEBUG - 1 change detected: {(<Change.modified: 2>, '/workspace/app/backend/logs/app_20260524_150636.log')}
2026-05-24 15:23:28,223 - watchfiles.main - DEBUG - 1 change detected: {(<Change.modified: 2>, '/workspace/app/backend/logs/app_20260524_150636.log')}
2026-05-24 15:23:28,574 - watchfiles.main - DEBUG - 1 change detected: {(<Change.modified: 2>, '/workspace/app/backend/logs/app_20260524_150636.log')}
2026-05-24 15:23:28,925 - watchfiles.main - DEBUG - 1 change detected: {(<Change.modified: 2>, '/workspace/app/backend/logs/app_20260524_150636.log')}
2026-05-24 15:23:29,276 - watchfiles.main - DEBUG - 1 change detected: {(<Change.modified: 2>, '/workspace/app/backend/logs/app_20260524_150636.log')}
2026-05-24 15:23:29,627 - watchfiles.main - DEBUG - 1 change detected: {(<Change.modified: 2>, '/workspace/app/backend/logs/app_20260524_150636.log')}
2026-05-24 15:23:29,978 - watchfiles.main - DEBUG - 1 change detected: {(<Change.modified: 2>, '/workspace/app/backend/logs/app_20260524_150636.log')}
2026-05-24 15:23:30,329 - watchfiles.main - DEBUG - 1 change detected: {(<Change.modified: 2>, '/workspace/app/backend/logs/app_20260524_150636.log')}
2026-05-24 15:23:30,680 - watchfiles.main - DEBUG - 1 change detected: {(<Change.modified: 2>, '/workspace/app/backend/logs/app_20260524_150636.log')}
2026-05-24 15:23:31,030 - watchfiles.main - DEBUG - 1 change detected: {(<Change.modified: 2>, '/workspace/app/backend/logs/app_20260524_150636.log')}
2026-05-24 15:23:31,381 - watchfiles.main - DEBUG - 1 change detected: {(<Change.modified: 2>, '/workspace/app/backend/logs/app_20260524_150636.log')}
2026-05-24 15:23:31,732 - watchfiles.main - DEBUG - 1 change detected: {(<Change.modified: 2>, '/workspace/app/backend/logs/app_20260524_150636.log')}
2026-05-24 15:23:32,083 - watchfiles.main - DEBUG - 1 change detected: {(<Change.modified: 2>, '/workspace/app/backend/logs/app_20260524_150636.log')}
2026-05-24 15:23:32,434 - watchfiles.main - DEBUG - 1 change detected: {(<Change.modified: 2>, '/workspace/app/backend/logs/app_20260524_150636.log')}
2026-05-24 15:23:32,785 - watchfiles.main - DEBUG - 1 change detected: {(<Change.modified: 2>, '/workspace/app/backend/logs/app_20260524_150636.log')}
2026-05-24 15:23:33,136 - watchfiles.main - DEBUG - 1 change detected: {(<Change.modified: 2>, '/workspace/app/backend/logs/app_20260524_150636.log')}
2026-05-24 15:23:33,487 - watchfiles.main - DEBUG - 1 change detected: {(<Change.modified: 2>, '/workspace/app/backend/logs/app_20260524_150636.log')}
2026-05-24 15:23:33,838 - watchfiles.main - DEBUG - 1 change detected: {(<Change.modified: 2>, '/workspace/app/backend/logs/app_20260524_150636.log')}
2026-05-24 15:23:34,188 - watchfiles.main - DEBUG - 1 change detected: {(<Change.modified: 2>, '/workspace/app/backend/logs/app_20260524_150636.log')}
2026-05-24 15:23:34,539 - watchfiles.main - DEBUG - 1 change detected: {(<Change.modified: 2>, '/workspace/app/backend/logs/app_20260524_150636.log')}
2026-05-24 15:23:34,890 - watchfiles.main - DEBUG - 1 change detected: {(<Change.modified: 2>, '/workspace/app/backend/logs/app_20260524_150636.log')}
2026-05-24 15:23:35,241 - watchfiles.main - DEBUG - 1 change detected: {(<Change.modified: 2>, '/workspace/app/backend/logs/app_20260524_150636.log')}
2026-05-24 15:23:35,591 - watchfiles.main - DEBUG - 1 change detected: {(<Change.modified: 2>, '/workspace/app/backend/logs/app_20260524_150636.log')}
2026-05-24 15:23:35,942 - watchfiles.main - DEBUG - 1 change detected: {(<Change.modified: 2>, '/workspace/app/backend/logs/app_20260524_150636.log')}
2026-05-24 15:23:36,293 - watchfiles.main - DEBUG - 1 change detected: {(<Change.modified: 2>, '/workspace/app/backend/logs/app_20260524_150636.log')}
2026-05-24 15:23:36,644 - watchfiles.main - DEBUG - 1 change detected: {(<Change.modified: 2>, '/workspace/app/backend/logs/app_20260524_150636.log')}
2026-05-24 15:23:36,994 - watchfiles.main - DEBUG - 1 change detected: {(<Change.modified: 2>, '/workspace/app/backend/logs/app_20260524_150636.log')}
2026-05-24 15:23:37,345 - watchfiles.main - DEBUG - 1 change detected: {(<Change.modified: 2>, '/workspace/app/backend/logs/app_20260524_150636.log')}
2026-05-24 15:23:37,696 - watchfiles.main - DEBUG - 1 change detected: {(<Change.modified: 2>, '/workspace/app/backend/logs/app_20260524_150636.log')}
2026-05-24 15:23:38,047 - watchfiles.main - DEBUG - 1 change detected: {(<Change.modified: 2>, '/workspace/app/backend/logs/app_20260524_150636.log')}
2026-05-24 15:23:38,398 - watchfiles.main - DEBUG - 1 change detected: {(<Change.modified: 2>, '/workspace/app/backend/logs/app_20260524_150636.log')}
2026-05-24 15:23:38,749 - watchfiles.main - DEBUG - 1 change detected: {(<Change.modified: 2>, '/workspace/app/backend/logs/app_20260524_150636.log')}
2026-05-24 15:23:39,099 - watchfiles.main - DEBUG - 1 change detected: {(<Change.modified: 2>, '/workspace/app/backend/logs/app_20260524_150636.log')}
2026-05-24 15:23:39,450 - watchfiles.main - DEBUG - 1 change detected: {(<Change.modified: 2>, '/workspace/app/backend/logs/app_20260524_150636.log')}
2026-05-24 15:23:39,801 - watchfiles.main - DEBUG - 1 change detected: {(<Change.modified: 2>, '/workspace/app/backend/logs/app_20260524_150636.log')}
2026-05-24 15:23:40,152 - watchfiles.main - DEBUG - 1 change detected: {(<Change.modified: 2>, '/workspace/app/backend/logs/app_20260524_150636.log')}
2026-05-24 15:23:40,503 - watchfiles.main - DEBUG - 1 change detected: {(<Change.modified: 2>, '/workspace/app/backend/logs/app_20260524_150636.log')}
2026-05-24 15:23:40,853 - watchfiles.main - DEBUG - 1 change detected: {(<Change.modified: 2>, '/workspace/app/backend/logs/app_20260524_150636.log')}
2026-05-24 15:23:41,204 - watchfiles.main - DEBUG - 1 change detected: {(<Change.modified: 2>, '/workspace/app/backend/logs/app_20260524_150636.log')}
2026-05-24 15:23:41,555 - watchfiles.main - DEBUG - 1 change detected: {(<Change.modified: 2>, '/workspace/app/backend/logs/app_20260524_150636.log')}
2026-05-24 15:23:41,906 - watchfiles.main - DEBUG - 1 change detected: {(<Change.modified: 2>, '/workspace/app/backend/logs/app_20260524_150636.log')}
2026-05-24 15:23:42,257 - watchfiles.main - DEBUG - 1 change detected: {(<Change.modified: 2>, '/workspace/app/backend/logs/app_20260524_150636.log')}
2026-05-24 15:23:42,607 - watchfiles.main - DEBUG - 1 change detected: {(<Change.modified: 2>, '/workspace/app/backend/logs/app_20260524_150636.log')}
2026-05-24 15:23:42,958 - watchfiles.main - DEBUG - 1 change detected: {(<Change.modified: 2>, '/workspace/app/backend/logs/app_20260524_150636.log')}
2026-05-24 15:23:43,309 - watchfiles.main - DEBUG - 1 change detected: {(<Change.modified: 2>, '/workspace/app/backend/logs/app_20260524_150636.log')}
2026-05-24 15:23:43,660 - watchfiles.main - DEBUG - 1 change detected: {(<Change.modified: 2>, '/workspace/app/backend/logs/app_20260524_150636.log')}
2026-05-24 15:23:44,011 - watchfiles.main - DEBUG - 1 change detected: {(<Change.modified: 2>, '/workspace/app/backend/logs/app_20260524_150636.log')}
2026-05-24 15:23:44,362 - watchfiles.main - DEBUG - 1 change detected: {(<Change.modified: 2>, '/workspace/app/backend/logs/app_20260524_150636.log')}
2026-05-24 15:23:44,713 - watchfiles.main - DEBUG - 2 changes detected: {(<Change.modified: 2>, '/workspace/app/backend/logs/app_20260524_150639.log'), (<Change.modified: 2>, '/workspace/app/backend/logs/app_20260524_150636.log')}
2026-05-24 15:23:45,063 - watchfiles.main - DEBUG - 2 changes detected: {(<Change.modified: 2>, '/workspace/app/backend/logs/app_20260524_150639.log'), (<Change.modified: 2>, '/workspace/app/backend/logs/app_20260524_150636.log')}
2026-05-24 15:23:45,414 - watchfiles.main - DEBUG - 1 change detected: {(<Change.modified: 2>, '/workspace/app/backend/logs/app_20260524_150636.log')}
2026-05-24 15:23:45,765 - watchfiles.main - DEBUG - 1 change detected: {(<Change.modified: 2>, '/workspace/app/backend/logs/app_20260524_150636.log')}
2026-05-24 15:23:46,116 - watchfiles.main - DEBUG - 1 change detected: {(<Change.modified: 2>, '/workspace/app/backend/logs/app_20260524_150636.log')}
2026-05-24 15:23:46,467 - watchfiles.main - DEBUG - 1 change detected: {(<Change.modified: 2>, '/workspace/app/backend/logs/app_20260524_150636.log')}
2026-05-24 15:23:46,818 - watchfiles.main - DEBUG - 1 change detected: {(<Change.modified: 2>, '/workspace/app/backend/logs/app_20260524_150636.log')}
2026-05-24 15:23:47,169 - watchfiles.main - DEBUG - 1 change detected: {(<Change.modified: 2>, '/workspace/app/backend/logs/app_20260524_150636.log')}
2026-05-24 15:23:47,519 - watchfiles.main - DEBUG - 1 change detected: {(<Change.modified: 2>, '/workspace/app/backend/logs/app_20260524_150636.log')}
2026-05-24 15:23:47,870 - watchfiles.main - DEBUG - 1 change detected: {(<Change.modified: 2>, '/workspace/app/backend/logs/app_20260524_150636.log')}
2026-05-24 15:23:48,221 - watchfiles.main - DEBUG - 1 change detected: {(<Change.modified: 2>, '/workspace/app/backend/logs/app_20260524_150636.log')}
2026-05-24 15:23:48,572 - watchfiles.main - DEBUG - 1 change detected: {(<Change.modified: 2>, '/workspace/app/backend/logs/app_20260524_150636.log')}
2026-05-24 15:23:48,923 - watchfiles.main - DEBUG - 1 change detected: {(<Change.modified: 2>, '/workspace/app/backend/logs/app_20260524_150636.log')}
2026-05-24 15:23:49,274 - watchfiles.main - DEBUG - 1 change detected: {(<Change.modified: 2>, '/workspace/app/backend/logs/app_20260524_150636.log')}
2026-05-24 15:23:49,625 - watchfiles.main - DEBUG - 1 change detected: {(<Change.modified: 2>, '/workspace/app/backend/logs/app_20260524_150636.log')}
2026-05-24 15:23:49,976 - watchfiles.main - DEBUG - 1 change detected: {(<Change.modified: 2>, '/workspace/app/backend/logs/app_20260524_150636.log')}
2026-05-24 15:23:50,327 - watchfiles.main - DEBUG - 1 change detected: {(<Change.modified: 2>, '/workspace/app/backend/logs/app_20260524_150636.log')}
2026-05-24 15:23:50,678 - watchfiles.main - DEBUG - 1 change detected: {(<Change.modified: 2>, '/workspace/app/backend/logs/app_20260524_150636.log')}
2026-05-24 15:23:51,029 - watchfiles.main - DEBUG - 1 change detected: {(<Change.modified: 2>, '/workspace/app/backend/logs/app_20260524_150636.log')}
2026-05-24 15:23:51,380 - watchfiles.main - DEBUG - 1 change detected: {(<Change.modified: 2>, '/workspace/app/backend/logs/app_20260524_150636.log')}
2026-05-24 15:23:51,731 - watchfiles.main - DEBUG - 1 change detected: {(<Change.modified: 2>, '/workspace/app/backend/logs/app_20260524_150636.log')}
2026-05-24 15:23:52,081 - watchfiles.main - DEBUG - 1 change detected: {(<Change.modified: 2>, '/workspace/app/backend/logs/app_20260524_150636.log')}
2026-05-24 15:23:52,432 - watchfiles.main - DEBUG - 1 change detected: {(<Change.modified: 2>, '/workspace/app/backend/logs/app_20260524_150636.log')}
2026-05-24 15:23:52,783 - watchfiles.main - DEBUG - 1 change detected: {(<Change.modified: 2>, '/workspace/app/backend/logs/app_20260524_150636.log')}
2026-05-24 15:23:53,134 - watchfiles.main - DEBUG - 1 change detected: {(<Change.modified: 2>, '/workspace/app/backend/logs/app_20260524_150636.log')}
2026-05-24 15:23:53,485 - watchfiles.main - DEBUG - 1 change detected: {(<Change.modified: 2>, '/workspace/app/backend/logs/app_20260524_150636.log')}
2026-05-24 15:23:53,836 - watchfiles.main - DEBUG - 1 change detected: {(<Change.modified: 2>, '/workspace/app/backend/logs/app_20260524_150636.log')}
2026-05-24 15:23:54,186 - watchfiles.main - DEBUG - 1 change detected: {(<Change.modified: 2>, '/workspace/app/backend/logs/app_20260524_150636.log')}
2026-05-24 15:23:54,537 - watchfiles.main - DEBUG - 1 change detected: {(<Change.modified: 2>, '/workspace/app/backend/logs/app_20260524_150636.log')}
2026-05-24 15:23:54,888 - watchfiles.main - DEBUG - 1 change detected: {(<Change.modified: 2>, '/workspace/app/backend/logs/app_20260524_150636.log')}
2026-05-24 15:23:55,239 - watchfiles.main - DEBUG - 1 change detected: {(<Change.modified: 2>, '/workspace/app/backend/logs/app_20260524_150636.log')}
2026-05-24 15:23:55,590 - watchfiles.main - DEBUG - 1 change detected: {(<Change.modified: 2>, '/workspace/app/backend/logs/app_20260524_150636.log')}
2026-05-24 15:23:55,941 - watchfiles.main - DEBUG - 1 change detected: {(<Change.modified: 2>, '/workspace/app/backend/logs/app_20260524_150636.log')}
2026-05-24 15:23:56,291 - watchfiles.main - DEBUG - 1 change detected: {(<Change.modified: 2>, '/workspace/app/backend/logs/app_20260524_150636.log')}
2026-05-24 15:23:56,642 - watchfiles.main - DEBUG - 1 change detected: {(<Change.modified: 2>, '/workspace/app/backend/logs/app_20260524_150636.log')}
2026-05-24 15:23:56,993 - watchfiles.main - DEBUG - 1 change detected: {(<Change.modified: 2>, '/workspace/app/backend/logs/app_20260524_150636.log')}
2026-05-24 15:23:57,344 - watchfiles.main - DEBUG - 1 change detected: {(<Change.modified: 2>, '/workspace/app/backend/logs/app_20260524_150636.log')}
2026-05-24 15:23:57,694 - watchfiles.main - DEBUG - 1 change detected: {(<Change.modified: 2>, '/workspace/app/backend/logs/app_20260524_150636.log')}
2026-05-24 15:23:58,045 - watchfiles.main - DEBUG - 1 change detected: {(<Change.modified: 2>, '/workspace/app/backend/logs/app_20260524_150636.log')}
2026-05-24 15:23:58,396 - watchfiles.main - DEBUG - 1 change detected: {(<Change.modified: 2>, '/workspace/app/backend/logs/app_20260524_150636.log')}
2026-05-24 15:23:58,747 - watchfiles.main - DEBUG - 1 change detected: {(<Change.modified: 2>, '/workspace/app/backend/logs/app_20260524_150636.log')}
2026-05-24 15:23:59,098 - watchfiles.main - DEBUG - 1 change detected: {(<Change.modified: 2>, '/workspace/app/backend/logs/app_20260524_150636.log')}
2026-05-24 15:23:59,448 - watchfiles.main - DEBUG - 1 change detected: {(<Change.modified: 2>, '/workspace/app/backend/logs/app_20260524_150636.log')}
2026-05-24 15:23:59,800 - watchfiles.main - DEBUG - 1 change detected: {(<Change.modified: 2>, '/workspace/app/backend/logs/app_20260524_150636.log')}
2026-05-24 15:24:00,151 - watchfiles.main - DEBUG - 1 change detected: {(<Change.modified: 2>, '/workspace/app/backend/logs/app_20260524_150636.log')}
2026-05-24 15:24:00,501 - watchfiles.main - DEBUG - 1 change detected: {(<Change.modified: 2>, '/workspace/app/backend/logs/app_20260524_150636.log')}
2026-05-24 15:24:00,852 - watchfiles.main - DEBUG - 1 change detected: {(<Change.modified: 2>, '/workspace/app/backend/logs/app_20260524_150636.log')}
2026-05-24 15:24:01,204 - watchfiles.main - DEBUG - 1 change detected: {(<Change.modified: 2>, '/workspace/app/backend/logs/app_20260524_150636.log')}
2026-05-24 15:24:01,554 - watchfiles.main - DEBUG - 1 change detected: {(<Change.modified: 2>, '/workspace/app/backend/logs/app_20260524_150636.log')}
2026-05-24 15:24:01,905 - watchfiles.main - DEBUG - 1 change detected: {(<Change.modified: 2>, '/workspace/app/backend/logs/app_20260524_150636.log')}
2026-05-24 15:24:02,257 - watchfiles.main - DEBUG - 1 change detected: {(<Change.modified: 2>, '/workspace/app/backend/logs/app_20260524_150636.log')}
2026-05-24 15:24:02,607 - watchfiles.main - DEBUG - 1 change detected: {(<Change.modified: 2>, '/workspace/app/backend/logs/app_20260524_150636.log')}
2026-05-24 15:24:02,959 - watchfiles.main - DEBUG - 1 change detected: {(<Change.modified: 2>, '/workspace/app/backend/logs/app_20260524_150636.log')}
2026-05-24 15:24:03,309 - watchfiles.main - DEBUG - 1 change detected: {(<Change.modified: 2>, '/workspace/app/backend/logs/app_20260524_150636.log')}
2026-05-24 15:24:03,660 - watchfiles.main - DEBUG - 1 change detected: {(<Change.modified: 2>, '/workspace/app/backend/logs/app_20260524_150636.log')}
2026-05-24 15:24:04,011 - watchfiles.main - DEBUG - 1 change detected: {(<Change.modified: 2>, '/workspace/app/backend/logs/app_20260524_150636.log')}
2026-05-24 15:24:04,362 - watchfiles.main - DEBUG - 1 change detected: {(<Change.modified: 2>, '/workspace/app/backend/logs/app_20260524_150636.log')}
2026-05-24 15:24:04,713 - watchfiles.main - DEBUG - 1 change detected: {(<Change.modified: 2>, '/workspace/app/backend/logs/app_20260524_150636.log')}
2026-05-24 15:24:05,064 - watchfiles.main - DEBUG - 1 change detected: {(<Change.modified: 2>, '/workspace/app/backend/logs/app_20260524_150636.log')}
2026-05-24 15:24:05,415 - watchfiles.main - DEBUG - 1 change detected: {(<Change.modified: 2>, '/workspace/app/backend/logs/app_20260524_150636.log')}
2026-05-24 15:24:05,766 - watchfiles.main - DEBUG - 1 change detected: {(<Change.modified: 2>, '/workspace/app/backend/logs/app_20260524_150636.log')}
2026-05-24 15:24:06,116 - watchfiles.main - DEBUG - 1 change detected: {(<Change.modified: 2>, '/workspace/app/backend/logs/app_20260524_150636.log')}
2026-05-24 15:24:06,467 - watchfiles.main - DEBUG - 1 change detected: {(<Change.modified: 2>, '/workspace/app/backend/logs/app_20260524_150636.log')}
2026-05-24 15:24:06,818 - watchfiles.main - DEBUG - 1 change detected: {(<Change.modified: 2>, '/workspace/app/backend/logs/app_20260524_150636.log')}
2026-05-24 15:24:07,169 - watchfiles.main - DEBUG - 1 change detected: {(<Change.modified: 2>, '/workspace/app/backend/logs/app_20260524_150636.log')}
2026-05-24 15:24:07,520 - watchfiles.main - DEBUG - 1 change detected: {(<Change.modified: 2>, '/workspace/app/backend/logs/app_20260524_150636.log')}
2026-05-24 15:24:07,870 - watchfiles.main - DEBUG - 1 change detected: {(<Change.modified: 2>, '/workspace/app/backend/logs/app_20260524_150636.log')}
2026-05-24 15:24:08,221 - watchfiles.main - DEBUG - 1 change detected: {(<Change.modified: 2>, '/workspace/app/backend/logs/app_20260524_150636.log')}
2026-05-24 15:24:08,572 - watchfiles.main - DEBUG - 1 change detected: {(<Change.modified: 2>, '/workspace/app/backend/logs/app_20260524_150636.log')}
2026-05-24 15:24:08,923 - watchfiles.main - DEBUG - 1 change detected: {(<Change.modified: 2>, '/workspace/app/backend/logs/app_20260524_150636.log')}
2026-05-24 15:24:09,274 - watchfiles.main - DEBUG - 1 change detected: {(<Change.modified: 2>, '/workspace/app/backend/logs/app_20260524_150636.log')}
2026-05-24 15:24:09,625 - watchfiles.main - DEBUG - 1 change detected: {(<Change.modified: 2>, '/workspace/app/backend/logs/app_20260524_150636.log')}
2026-05-24 15:24:09,976 - watchfiles.main - DEBUG - 1 change detected: {(<Change.modified: 2>, '/workspace/app/backend/logs/app_20260524_150636.log')}
2026-05-24 15:24:10,327 - watchfiles.main - DEBUG - 1 change detected: {(<Change.modified: 2>, '/workspace/app/backend/logs/app_20260524_150636.log')}
2026-05-24 15:24:10,678 - watchfiles.main - DEBUG - 1 change detected: {(<Change.modified: 2>, '/workspace/app/backend/logs/app_20260524_150636.log')}
2026-05-24 15:24:11,029 - watchfiles.main - DEBUG - 1 change detected: {(<Change.modified: 2>, '/workspace/app/backend/logs/app_20260524_150636.log')}
2026-05-24 15:24:11,381 - watchfiles.main - DEBUG - 1 change detected: {(<Change.modified: 2>, '/workspace/app/backend/logs/app_20260524_150636.log')}
2026-05-24 15:24:11,732 - watchfiles.main - DEBUG - 1 change detected: {(<Change.modified: 2>, '/workspace/app/backend/logs/app_20260524_150636.log')}
2026-05-24 15:24:12,083 - watchfiles.main - DEBUG - 1 change detected: {(<Change.modified: 2>, '/workspace/app/backend/logs/app_20260524_150636.log')}
2026-05-24 15:24:12,433 - watchfiles.main - DEBUG - 1 change detected: {(<Change.modified: 2>, '/workspace/app/backend/logs/app_20260524_150636.log')}
2026-05-24 15:24:12,784 - watchfiles.main - DEBUG - 1 change detected: {(<Change.modified: 2>, '/workspace/app/backend/logs/app_20260524_150636.log')}
2026-05-24 15:24:13,135 - watchfiles.main - DEBUG - 1 change detected: {(<Change.modified: 2>, '/workspace/app/backend/logs/app_20260524_150636.log')}
2026-05-24 15:24:13,486 - watchfiles.main - DEBUG - 1 change detected: {(<Change.modified: 2>, '/workspace/app/backend/logs/app_20260524_150636.log')}
2026-05-24 15:24:13,837 - watchfiles.main - DEBUG - 1 change detected: {(<Change.modified: 2>, '/workspace/app/backend/logs/app_20260524_150636.log')}
2026-05-24 15:24:14,188 - watchfiles.main - DEBUG - 1 change detected: {(<Change.modified: 2>, '/workspace/app/backend/logs/app_20260524_150636.log')}
2026-05-24 15:24:14,538 - watchfiles.main - DEBUG - 1 change detected: {(<Change.modified: 2>, '/workspace/app/backend/logs/app_20260524_150636.log')}
2026-05-24 15:24:14,889 - watchfiles.main - DEBUG - 1 change detected: {(<Change.modified: 2>, '/workspace/app/backend/logs/app_20260524_150636.log')}
2026-05-24 15:24:15,240 - watchfiles.main - DEBUG - 1 change detected: {(<Change.modified: 2>, '/workspace/app/backend/logs/app_20260524_150636.log')}
2026-05-24 15:24:15,590 - watchfiles.main - DEBUG - 1 change detected: {(<Change.modified: 2>, '/workspace/app/backend/logs/app_20260524_150636.log')}
2026-05-24 15:24:15,941 - watchfiles.main - DEBUG - 1 change detected: {(<Change.modified: 2>, '/workspace/app/backend/logs/app_20260524_150636.log')}
2026-05-24 15:24:16,292 - watchfiles.main - DEBUG - 1 change detected: {(<Change.modified: 2>, '/workspace/app/backend/logs/app_20260524_150636.log')}
2026-05-24 15:24:16,643 - watchfiles.main - DEBUG - 1 change detected: {(<Change.modified: 2>, '/workspace/app/backend/logs/app_20260524_150636.log')}
2026-05-24 15:24:16,994 - watchfiles.main - DEBUG - 1 change detected: {(<Change.modified: 2>, '/workspace/app/backend/logs/app_20260524_150636.log')}
2026-05-24 15:24:17,344 - watchfiles.main - DEBUG - 1 change detected: {(<Change.modified: 2>, '/workspace/app/backend/logs/app_20260524_150636.log')}
2026-05-24 15:24:17,695 - watchfiles.main - DEBUG - 1 change detected: {(<Change.modified: 2>, '/workspace/app/backend/logs/app_20260524_150636.log')}
2026-05-24 15:24:18,046 - watchfiles.main - DEBUG - 1 change detected: {(<Change.modified: 2>, '/workspace/app/backend/logs/app_20260524_150636.log')}
2026-05-24 15:24:18,397 - watchfiles.main - DEBUG - 1 change detected: {(<Change.modified: 2>, '/workspace/app/backend/logs/app_20260524_150636.log')}
2026-05-24 15:24:18,748 - watchfiles.main - DEBUG - 1 change detected: {(<Change.modified: 2>, '/workspace/app/backend/logs/app_20260524_150636.log')}
2026-05-24 15:24:19,099 - watchfiles.main - DEBUG - 1 change detected: {(<Change.modified: 2>, '/workspace/app/backend/logs/app_20260524_150636.log')}
2026-05-24 15:24:19,449 - watchfiles.main - DEBUG - 1 change detected: {(<Change.modified: 2>, '/workspace/app/backend/logs/app_20260524_150636.log')}
2026-05-24 15:24:19,800 - watchfiles.main - DEBUG - 1 change detected: {(<Change.modified: 2>, '/workspace/app/backend/logs/app_20260524_150636.log')}
2026-05-24 15:24:20,151 - watchfiles.main - DEBUG - 1 change detected: {(<Change.modified: 2>, '/workspace/app/backend/logs/app_20260524_150636.log')}
2026-05-24 15:24:20,502 - watchfiles.main - DEBUG - 1 change detected: {(<Change.modified: 2>, '/workspace/app/backend/logs/app_20260524_150636.log')}
2026-05-24 15:24:20,853 - watchfiles.main - DEBUG - 1 change detected: {(<Change.modified: 2>, '/workspace/app/backend/logs/app_20260524_150636.log')}
2026-05-24 15:24:21,204 - watchfiles.main - DEBUG - 1 change detected: {(<Change.modified: 2>, '/workspace/app/backend/logs/app_20260524_150636.log')}
2026-05-24 15:24:21,554 - watchfiles.main - DEBUG - 1 change detected: {(<Change.modified: 2>, '/workspace/app/backend/logs/app_20260524_150636.log')}
2026-05-24 15:24:21,905 - watchfiles.main - DEBUG - 1 change detected: {(<Change.modified: 2>, '/workspace/app/backend/logs/app_20260524_150636.log')}
2026-05-24 15:24:22,256 - watchfiles.main - DEBUG - 1 change detected: {(<Change.modified: 2>, '/workspace/app/backend/logs/app_20260524_150636.log')}
2026-05-24 15:24:22,608 - watchfiles.main - DEBUG - 1 change detected: {(<Change.modified: 2>, '/workspace/app/backend/logs/app_20260524_150636.log')}
2026-05-24 15:24:22,959 - watchfiles.main - DEBUG - 1 change detected: {(<Change.modified: 2>, '/workspace/app/backend/logs/app_20260524_150636.log')}
2026-05-24 15:24:23,309 - watchfiles.main - DEBUG - 1 change detected: {(<Change.modified: 2>, '/workspace/app/backend/logs/app_20260524_150636.log')}
2026-05-24 15:24:23,660 - watchfiles.main - DEBUG - 1 change detected: {(<Change.modified: 2>, '/workspace/app/backend/logs/app_20260524_150636.log')}
2026-05-24 15:24:24,011 - watchfiles.main - DEBUG - 1 change detected: {(<Change.modified: 2>, '/workspace/app/backend/logs/app_20260524_150636.log')}
2026-05-24 15:24:24,362 - watchfiles.main - DEBUG - 1 change detected: {(<Change.modified: 2>, '/workspace/app/backend/logs/app_20260524_150636.log')}
2026-05-24 15:24:24,712 - watchfiles.main - DEBUG - 1 change detected: {(<Change.modified: 2>, '/workspace/app/backend/logs/app_20260524_150636.log')}
2026-05-24 15:24:25,064 - watchfiles.main - DEBUG - 1 change detected: {(<Change.modified: 2>, '/workspace/app/backend/logs/app_20260524_150636.log')}
2026-05-24 15:24:25,415 - watchfiles.main - DEBUG - 1 change detected: {(<Change.modified: 2>, '/workspace/app/backend/logs/app_20260524_150636.log')}
2026-05-24 15:24:25,765 - watchfiles.main - DEBUG - 1 change detected: {(<Change.modified: 2>, '/workspace/app/backend/logs/app_20260524_150636.log')}
2026-05-24 15:24:26,116 - watchfiles.main - DEBUG - 1 change detected: {(<Change.modified: 2>, '/workspace/app/backend/logs/app_20260524_150636.log')}
2026-05-24 15:24:26,473 - watchfiles.main - DEBUG - 1 change detected: {(<Change.modified: 2>, '/workspace/app/backend/logs/app_20260524_150636.log')}
2026-05-24 15:24:26,824 - watchfiles.main - DEBUG - 1 change detected: {(<Change.modified: 2>, '/workspace/app/backend/logs/app_20260524_150636.log')}
2026-05-24 15:24:27,174 - watchfiles.main - DEBUG - 1 change detected: {(<Change.modified: 2>, '/workspace/app/backend/logs/app_20260524_150636.log')}
2026-05-24 15:24:27,525 - watchfiles.main - DEBUG - 1 change detected: {(<Change.modified: 2>, '/workspace/app/backend/logs/app_20260524_150636.log')}
2026-05-24 15:24:27,876 - watchfiles.main - DEBUG - 1 change detected: {(<Change.modified: 2>, '/workspace/app/backend/logs/app_20260524_150636.log')}
2026-05-24 15:24:28,227 - watchfiles.main - DEBUG - 1 change detected: {(<Change.modified: 2>, '/workspace/app/backend/logs/app_20260524_150636.log')}
2026-05-24 15:24:28,578 - watchfiles.main - DEBUG - 1 change detected: {(<Change.modified: 2>, '/workspace/app/backend/logs/app_20260524_150636.log')}
2026-05-24 15:24:28,928 - watchfiles.main - DEBUG - 1 change detected: {(<Change.modified: 2>, '/workspace/app/backend/logs/app_20260524_150636.log')}
2026-05-24 15:24:29,279 - watchfiles.main - DEBUG - 1 change detected: {(<Change.modified: 2>, '/workspace/app/backend/logs/app_20260524_150636.log')}
2026-05-24 15:24:29,630 - watchfiles.main - DEBUG - 1 change detected: {(<Change.modified: 2>, '/workspace/app/backend/logs/app_20260524_150636.log')}
2026-05-24 15:24:29,981 - watchfiles.main - DEBUG - 1 change detected: {(<Change.modified: 2>, '/workspace/app/backend/logs/app_20260524_150636.log')}
2026-05-24 15:24:30,332 - watchfiles.main - DEBUG - 1 change detected: {(<Change.modified: 2>, '/workspace/app/backend/logs/app_20260524_150636.log')}
2026-05-24 15:24:30,682 - watchfiles.main - DEBUG - 1 change detected: {(<Change.modified: 2>, '/workspace/app/backend/logs/app_20260524_150636.log')}
2026-05-24 15:24:31,033 - watchfiles.main - DEBUG - 1 change detected: {(<Change.modified: 2>, '/workspace/app/backend/logs/app_20260524_150636.log')}
2026-05-24 15:24:31,384 - watchfiles.main - DEBUG - 1 change detected: {(<Change.modified: 2>, '/workspace/app/backend/logs/app_20260524_150636.log')}
2026-05-24 15:24:31,735 - watchfiles.main - DEBUG - 1 change detected: {(<Change.modified: 2>, '/workspace/app/backend/logs/app_20260524_150636.log')}
2026-05-24 15:24:32,086 - watchfiles.main - DEBUG - 1 change detected: {(<Change.modified: 2>, '/workspace/app/backend/logs/app_20260524_150636.log')}
2026-05-24 15:24:32,437 - watchfiles.main - DEBUG - 1 change detected: {(<Change.modified: 2>, '/workspace/app/backend/logs/app_20260524_150636.log')}
2026-05-24 15:24:32,787 - watchfiles.main - DEBUG - 1 change detected: {(<Change.modified: 2>, '/workspace/app/backend/logs/app_20260524_150636.log')}
2026-05-24 15:24:33,138 - watchfiles.main - DEBUG - 1 change detected: {(<Change.modified: 2>, '/workspace/app/backend/logs/app_20260524_150636.log')}
2026-05-24 15:24:33,489 - watchfiles.main - DEBUG - 1 change detected: {(<Change.modified: 2>, '/workspace/app/backend/logs/app_20260524_150636.log')}
2026-05-24 15:24:33,840 - watchfiles.main - DEBUG - 1 change detected: {(<Change.modified: 2>, '/workspace/app/backend/logs/app_20260524_150636.log')}
2026-05-24 15:24:34,191 - watchfiles.main - DEBUG - 1 change detected: {(<Change.modified: 2>, '/workspace/app/backend/logs/app_20260524_150636.log')}
2026-05-24 15:24:34,542 - watchfiles.main - DEBUG - 1 change detected: {(<Change.modified: 2>, '/workspace/app/backend/logs/app_20260524_150636.log')}
2026-05-24 15:24:34,892 - watchfiles.main - DEBUG - 1 change detected: {(<Change.modified: 2>, '/workspace/app/backend/logs/app_20260524_150636.log')}
2026-05-24 15:24:35,243 - watchfiles.main - DEBUG - 1 change detected: {(<Change.modified: 2>, '/workspace/app/backend/logs/app_20260524_150636.log')}
2026-05-24 15:24:35,594 - watchfiles.main - DEBUG - 1 change detected: {(<Change.modified: 2>, '/workspace/app/backend/logs/app_20260524_150636.log')}
2026-05-24 15:24:35,945 - watchfiles.main - DEBUG - 1 change detected: {(<Change.modified: 2>, '/workspace/app/backend/logs/app_20260524_150636.log')}
2026-05-24 15:24:36,296 - watchfiles.main - DEBUG - 1 change detected: {(<Change.modified: 2>, '/workspace/app/backend/logs/app_20260524_150636.log')}
2026-05-24 15:24:36,647 - watchfiles.main - DEBUG - 1 change detected: {(<Change.modified: 2>, '/workspace/app/backend/logs/app_20260524_150636.log')}
2026-05-24 15:24:36,997 - watchfiles.main - DEBUG - 1 change detected: {(<Change.modified: 2>, '/workspace/app/backend/logs/app_20260524_150636.log')}
2026-05-24 15:24:37,349 - watchfiles.main - DEBUG - 1 change detected: {(<Change.modified: 2>, '/workspace/app/backend/logs/app_20260524_150636.log')}
2026-05-24 15:24:37,699 - watchfiles.main - DEBUG - 1 change detected: {(<Change.modified: 2>, '/workspace/app/backend/logs/app_20260524_150636.log')}
2026-05-24 15:24:38,050 - watchfiles.main - DEBUG - 1 change detected: {(<Change.modified: 2>, '/workspace/app/backend/logs/app_20260524_150636.log')}
2026-05-24 15:24:38,401 - watchfiles.main - DEBUG - 1 change detected: {(<Change.modified: 2>, '/workspace/app/backend/logs/app_20260524_150636.log')}
2026-05-24 15:24:38,752 - watchfiles.main - DEBUG - 1 change detected: {(<Change.modified: 2>, '/workspace/app/backend/logs/app_20260524_150636.log')}
2026-05-24 15:24:39,102 - watchfiles.main - DEBUG - 1 change detected: {(<Change.modified: 2>, '/workspace/app/backend/logs/app_20260524_150636.log')}
2026-05-24 15:24:39,453 - watchfiles.main - DEBUG - 1 change detected: {(<Change.modified: 2>, '/workspace/app/backend/logs/app_20260524_150636.log')}
2026-05-24 15:24:39,804 - watchfiles.main - DEBUG - 1 change detected: {(<Change.modified: 2>, '/workspace/app/backend/logs/app_20260524_150636.log')}
2026-05-24 15:24:40,155 - watchfiles.main - DEBUG - 1 change detected: {(<Change.modified: 2>, '/workspace/app/backend/logs/app_20260524_150636.log')}
2026-05-24 15:24:40,506 - watchfiles.main - DEBUG - 1 change detected: {(<Change.modified: 2>, '/workspace/app/backend/logs/app_20260524_150636.log')}
2026-05-24 15:24:40,857 - watchfiles.main - DEBUG - 1 change detected: {(<Change.modified: 2>, '/workspace/app/backend/logs/app_20260524_150636.log')}
2026-05-24 15:24:41,207 - watchfiles.main - DEBUG - 1 change detected: {(<Change.modified: 2>, '/workspace/app/backend/logs/app_20260524_150636.log')}
2026-05-24 15:24:41,558 - watchfiles.main - DEBUG - 1 change detected: {(<Change.modified: 2>, '/workspace/app/backend/logs/app_20260524_150636.log')}
2026-05-24 15:24:41,909 - watchfiles.main - DEBUG - 1 change detected: {(<Change.modified: 2>, '/workspace/app/backend/logs/app_20260524_150636.log')}
2026-05-24 15:24:42,260 - watchfiles.main - DEBUG - 1 change detected: {(<Change.modified: 2>, '/workspace/app/backend/logs/app_20260524_150636.log')}
2026-05-24 15:24:42,611 - watchfiles.main - DEBUG - 1 change detected: {(<Change.modified: 2>, '/workspace/app/backend/logs/app_20260524_150636.log')}
2026-05-24 15:24:42,962 - watchfiles.main - DEBUG - 1 change detected: {(<Change.modified: 2>, '/workspace/app/backend/logs/app_20260524_150636.log')}
2026-05-24 15:24:43,313 - watchfiles.main - DEBUG - 1 change detected: {(<Change.modified: 2>, '/workspace/app/backend/logs/app_20260524_150636.log')}
2026-05-24 15:24:43,663 - watchfiles.main - DEBUG - 1 change detected: {(<Change.modified: 2>, '/workspace/app/backend/logs/app_20260524_150636.log')}
2026-05-24 15:24:44,014 - watchfiles.main - DEBUG - 1 change detected: {(<Change.modified: 2>, '/workspace/app/backend/logs/app_20260524_150636.log')}
2026-05-24 15:24:44,365 - watchfiles.main - DEBUG - 1 change detected: {(<Change.modified: 2>, '/workspace/app/backend/logs/app_20260524_150636.log')}
2026-05-24 15:24:44,716 - watchfiles.main - DEBUG - 2 changes detected: {(<Change.modified: 2>, '/workspace/app/backend/logs/app_20260524_150639.log'), (<Change.modified: 2>, '/workspace/app/backend/logs/app_20260524_150636.log')}
2026-05-24 15:24:45,067 - watchfiles.main - DEBUG - 2 changes detected: {(<Change.modified: 2>, '/workspace/app/backend/logs/app_20260524_150639.log'), (<Change.modified: 2>, '/workspace/app/backend/logs/app_20260524_150636.log')}
2026-05-24 15:24:45,418 - watchfiles.main - DEBUG - 1 change detected: {(<Change.modified: 2>, '/workspace/app/backend/logs/app_20260524_150636.log')}
2026-05-24 15:24:45,770 - watchfiles.main - DEBUG - 1 change detected: {(<Change.modified: 2>, '/workspace/app/backend/logs/app_20260524_150636.log')}
2026-05-24 15:24:46,120 - watchfiles.main - DEBUG - 1 change detected: {(<Change.modified: 2>, '/workspace/app/backend/logs/app_20260524_150636.log')}
2026-05-24 15:24:46,471 - watchfiles.main - DEBUG - 1 change detected: {(<Change.modified: 2>, '/workspace/app/backend/logs/app_20260524_150636.log')}
2026-05-24 15:24:46,822 - watchfiles.main - DEBUG - 1 change detected: {(<Change.modified: 2>, '/workspace/app/backend/logs/app_20260524_150636.log')}
2026-05-24 15:24:47,173 - watchfiles.main - DEBUG - 1 change detected: {(<Change.modified: 2>, '/workspace/app/backend/logs/app_20260524_150636.log')}
2026-05-24 15:24:47,524 - watchfiles.main - DEBUG - 1 change detected: {(<Change.modified: 2>, '/workspace/app/backend/logs/app_20260524_150636.log')}
2026-05-24 15:24:47,875 - watchfiles.main - DEBUG - 1 change detected: {(<Change.modified: 2>, '/workspace/app/backend/logs/app_20260524_150636.log')}
2026-05-24 15:24:48,226 - watchfiles.main - DEBUG - 1 change detected: {(<Change.modified: 2>, '/workspace/app/backend/logs/app_20260524_150636.log')}
2026-05-24 15:24:48,577 - watchfiles.main - DEBUG - 1 change detected: {(<Change.modified: 2>, '/workspace/app/backend/logs/app_20260524_150636.log')}
2026-05-24 15:24:48,927 - watchfiles.main - DEBUG - 1 change detected: {(<Change.modified: 2>, '/workspace/app/backend/logs/app_20260524_150636.log')}
2026-05-24 15:24:49,278 - watchfiles.main - DEBUG - 1 change detected: {(<Change.modified: 2>, '/workspace/app/backend/logs/app_20260524_150636.log')}
2026-05-24 15:24:49,629 - watchfiles.main - DEBUG - 1 change detected: {(<Change.modified: 2>, '/workspace/app/backend/logs/app_20260524_150636.log')}
2026-05-24 15:24:49,980 - watchfiles.main - DEBUG - 1 change detected: {(<Change.modified: 2>, '/workspace/app/backend/logs/app_20260524_150636.log')}
2026-05-24 15:24:50,331 - watchfiles.main - DEBUG - 1 change detected: {(<Change.modified: 2>, '/workspace/app/backend/logs/app_20260524_150636.log')}
2026-05-24 15:24:50,681 - watchfiles.main - DEBUG - 1 change detected: {(<Change.modified: 2>, '/workspace/app/backend/logs/app_20260524_150636.log')}
2026-05-24 15:24:51,032 - watchfiles.main - DEBUG - 1 change detected: {(<Change.modified: 2>, '/workspace/app/backend/logs/app_20260524_150636.log')}
2026-05-24 15:24:51,383 - watchfiles.main - DEBUG - 1 change detected: {(<Change.modified: 2>, '/workspace/app/backend/logs/app_20260524_150636.log')}
2026-05-24 15:24:51,733 - watchfiles.main - DEBUG - 1 change detected: {(<Change.modified: 2>, '/workspace/app/backend/logs/app_20260524_150636.log')}
2026-05-24 15:24:52,084 - watchfiles.main - DEBUG - 1 change detected: {(<Change.modified: 2>, '/workspace/app/backend/logs/app_20260524_150636.log')}
2026-05-24 15:24:52,435 - watchfiles.main - DEBUG - 1 change detected: {(<Change.modified: 2>, '/workspace/app/backend/logs/app_20260524_150636.log')}
2026-05-24 15:24:52,786 - watchfiles.main - DEBUG - 1 change detected: {(<Change.modified: 2>, '/workspace/app/backend/logs/app_20260524_150636.log')}
2026-05-24 15:24:53,137 - watchfiles.main - DEBUG - 1 change detected: {(<Change.modified: 2>, '/workspace/app/backend/logs/app_20260524_150636.log')}
2026-05-24 15:24:53,488 - watchfiles.main - DEBUG - 1 change detected: {(<Change.modified: 2>, '/workspace/app/backend/logs/app_20260524_150636.log')}
2026-05-24 15:24:53,839 - watchfiles.main - DEBUG - 1 change detected: {(<Change.modified: 2>, '/workspace/app/backend/logs/app_20260524_150636.log')}
2026-05-24 15:24:54,189 - watchfiles.main - DEBUG - 1 change detected: {(<Change.modified: 2>, '/workspace/app/backend/logs/app_20260524_150636.log')}
2026-05-24 15:24:54,541 - watchfiles.main - DEBUG - 1 change detected: {(<Change.modified: 2>, '/workspace/app/backend/logs/app_20260524_150636.log')}
2026-05-24 15:24:54,891 - watchfiles.main - DEBUG - 1 change detected: {(<Change.modified: 2>, '/workspace/app/backend/logs/app_20260524_150636.log')}
2026-05-24 15:24:55,242 - watchfiles.main - DEBUG - 1 change detected: {(<Change.modified: 2>, '/workspace/app/backend/logs/app_20260524_150636.log')}
2026-05-24 15:24:55,593 - watchfiles.main - DEBUG - 1 change detected: {(<Change.modified: 2>, '/workspace/app/backend/logs/app_20260524_150636.log')}
2026-05-24 15:24:55,944 - watchfiles.main - DEBUG - 1 change detected: {(<Change.modified: 2>, '/workspace/app/backend/logs/app_20260524_150636.log')}
2026-05-24 15:24:56,295 - watchfiles.main - DEBUG - 1 change detected: {(<Change.modified: 2>, '/workspace/app/backend/logs/app_20260524_150636.log')}
2026-05-24 15:24:56,645 - watchfiles.main - DEBUG - 1 change detected: {(<Change.modified: 2>, '/workspace/app/backend/logs/app_20260524_150636.log')}
2026-05-24 15:24:56,996 - watchfiles.main - DEBUG - 1 change detected: {(<Change.modified: 2>, '/workspace/app/backend/logs/app_20260524_150636.log')}
2026-05-24 15:24:57,347 - watchfiles.main - DEBUG - 1 change detected: {(<Change.modified: 2>, '/workspace/app/backend/logs/app_20260524_150636.log')}
2026-05-24 15:24:57,698 - watchfiles.main - DEBUG - 1 change detected: {(<Change.modified: 2>, '/workspace/app/backend/logs/app_20260524_150636.log')}
2026-05-24 15:24:58,049 - watchfiles.main - DEBUG - 1 change detected: {(<Change.modified: 2>, '/workspace/app/backend/logs/app_20260524_150636.log')}
2026-05-24 15:24:58,399 - watchfiles.main - DEBUG - 1 change detected: {(<Change.modified: 2>, '/workspace/app/backend/logs/app_20260524_150636.log')}
2026-05-24 15:24:58,750 - watchfiles.main - DEBUG - 1 change detected: {(<Change.modified: 2>, '/workspace/app/backend/logs/app_20260524_150636.log')}
2026-05-24 15:24:59,101 - watchfiles.main - DEBUG - 1 change detected: {(<Change.modified: 2>, '/workspace/app/backend/logs/app_20260524_150636.log')}
2026-05-24 15:24:59,451 - watchfiles.main - DEBUG - 1 change detected: {(<Change.modified: 2>, '/workspace/app/backend/logs/app_20260524_150636.log')}
2026-05-24 15:24:59,802 - watchfiles.main - DEBUG - 1 change detected: {(<Change.modified: 2>, '/workspace/app/backend/logs/app_20260524_150636.log')}
2026-05-24 15:25:00,153 - watchfiles.main - DEBUG - 1 change detected: {(<Change.modified: 2>, '/workspace/app/backend/logs/app_20260524_150636.log')}
2026-05-24 15:25:00,504 - watchfiles.main - DEBUG - 1 change detected: {(<Change.modified: 2>, '/workspace/app/backend/logs/app_20260524_150636.log')}
2026-05-24 15:25:00,855 - watchfiles.main - DEBUG - 1 change detected: {(<Change.modified: 2>, '/workspace/app/backend/logs/app_20260524_150636.log')}
2026-05-24 15:25:01,206 - watchfiles.main - DEBUG - 1 change detected: {(<Change.modified: 2>, '/workspace/app/backend/logs/app_20260524_150636.log')}
2026-05-24 15:25:01,557 - watchfiles.main - DEBUG - 1 change detected: {(<Change.modified: 2>, '/workspace/app/backend/logs/app_20260524_150636.log')}
2026-05-24 15:25:01,907 - watchfiles.main - DEBUG - 1 change detected: {(<Change.modified: 2>, '/workspace/app/backend/logs/app_20260524_150636.log')}
2026-05-24 15:25:02,258 - watchfiles.main - DEBUG - 1 change detected: {(<Change.modified: 2>, '/workspace/app/backend/logs/app_20260524_150636.log')}
2026-05-24 15:25:02,609 - watchfiles.main - DEBUG - 1 change detected: {(<Change.modified: 2>, '/workspace/app/backend/logs/app_20260524_150636.log')}
2026-05-24 15:25:02,960 - watchfiles.main - DEBUG - 1 change detected: {(<Change.modified: 2>, '/workspace/app/backend/logs/app_20260524_150636.log')}
2026-05-24 15:25:03,311 - watchfiles.main - DEBUG - 1 change detected: {(<Change.modified: 2>, '/workspace/app/backend/logs/app_20260524_150636.log')}
2026-05-24 15:25:03,662 - watchfiles.main - DEBUG - 1 change detected: {(<Change.modified: 2>, '/workspace/app/backend/logs/app_20260524_150636.log')}
2026-05-24 15:25:04,012 - watchfiles.main - DEBUG - 1 change detected: {(<Change.modified: 2>, '/workspace/app/backend/logs/app_20260524_150636.log')}
2026-05-24 15:25:04,363 - watchfiles.main - DEBUG - 1 change detected: {(<Change.modified: 2>, '/workspace/app/backend/logs/app_20260524_150636.log')}
2026-05-24 15:25:04,714 - watchfiles.main - DEBUG - 1 change detected: {(<Change.modified: 2>, '/workspace/app/backend/logs/app_20260524_150636.log')}
2026-05-24 15:25:05,065 - watchfiles.main - DEBUG - 1 change detected: {(<Change.modified: 2>, '/workspace/app/backend/logs/app_20260524_150636.log')}
2026-05-24 15:25:05,416 - watchfiles.main - DEBUG - 1 change detected: {(<Change.modified: 2>, '/workspace/app/backend/logs/app_20260524_150636.log')}
2026-05-24 15:25:05,767 - watchfiles.main - DEBUG - 1 change detected: {(<Change.modified: 2>, '/workspace/app/backend/logs/app_20260524_150636.log')}
2026-05-24 15:25:06,118 - watchfiles.main - DEBUG - 1 change detected: {(<Change.modified: 2>, '/workspace/app/backend/logs/app_20260524_150636.log')}
2026-05-24 15:25:06,468 - watchfiles.main - DEBUG - 1 change detected: {(<Change.modified: 2>, '/workspace/app/backend/logs/app_20260524_150636.log')}
2026-05-24 15:25:06,819 - watchfiles.main - DEBUG - 1 change detected: {(<Change.modified: 2>, '/workspace/app/backend/logs/app_20260524_150636.log')}
2026-05-24 15:25:07,170 - watchfiles.main - DEBUG - 1 change detected: {(<Change.modified: 2>, '/workspace/app/backend/logs/app_20260524_150636.log')}
2026-05-24 15:25:07,521 - watchfiles.main - DEBUG - 1 change detected: {(<Change.modified: 2>, '/workspace/app/backend/logs/app_20260524_150636.log')}
2026-05-24 15:25:07,872 - watchfiles.main - DEBUG - 1 change detected: {(<Change.modified: 2>, '/workspace/app/backend/logs/app_20260524_150636.log')}
2026-05-24 15:25:08,223 - watchfiles.main - DEBUG - 1 change detected: {(<Change.modified: 2>, '/workspace/app/backend/logs/app_20260524_150636.log')}
2026-05-24 15:25:08,574 - watchfiles.main - DEBUG - 1 change detected: {(<Change.modified: 2>, '/workspace/app/backend/logs/app_20260524_150636.log')}
2026-05-24 15:25:08,924 - watchfiles.main - DEBUG - 1 change detected: {(<Change.modified: 2>, '/workspace/app/backend/logs/app_20260524_150636.log')}
2026-05-24 15:25:09,275 - watchfiles.main - DEBUG - 1 change detected: {(<Change.modified: 2>, '/workspace/app/backend/logs/app_20260524_150636.log')}
2026-05-24 15:25:09,626 - watchfiles.main - DEBUG - 1 change detected: {(<Change.modified: 2>, '/workspace/app/backend/logs/app_20260524_150636.log')}
2026-05-24 15:25:09,977 - watchfiles.main - DEBUG - 1 change detected: {(<Change.modified: 2>, '/workspace/app/backend/logs/app_20260524_150636.log')}
2026-05-24 15:25:10,328 - watchfiles.main - DEBUG - 1 change detected: {(<Change.modified: 2>, '/workspace/app/backend/logs/app_20260524_150636.log')}
2026-05-24 15:25:10,679 - watchfiles.main - DEBUG - 1 change detected: {(<Change.modified: 2>, '/workspace/app/backend/logs/app_20260524_150636.log')}
2026-05-24 15:25:11,030 - watchfiles.main - DEBUG - 1 change detected: {(<Change.modified: 2>, '/workspace/app/backend/logs/app_20260524_150636.log')}
2026-05-24 15:25:11,382 - watchfiles.main - DEBUG - 1 change detected: {(<Change.modified: 2>, '/workspace/app/backend/logs/app_20260524_150636.log')}
2026-05-24 15:25:11,733 - watchfiles.main - DEBUG - 1 change detected: {(<Change.modified: 2>, '/workspace/app/backend/logs/app_20260524_150636.log')}
2026-05-24 15:25:12,084 - watchfiles.main - DEBUG - 1 change detected: {(<Change.modified: 2>, '/workspace/app/backend/logs/app_20260524_150636.log')}
2026-05-24 15:25:12,435 - watchfiles.main - DEBUG - 1 change detected: {(<Change.modified: 2>, '/workspace/app/backend/logs/app_20260524_150636.log')}
2026-05-24 15:25:12,786 - watchfiles.main - DEBUG - 1 change detected: {(<Change.modified: 2>, '/workspace/app/backend/logs/app_20260524_150636.log')}
2026-05-24 15:25:13,137 - watchfiles.main - DEBUG - 1 change detected: {(<Change.modified: 2>, '/workspace/app/backend/logs/app_20260524_150636.log')}
2026-05-24 15:25:13,487 - watchfiles.main - DEBUG - 1 change detected: {(<Change.modified: 2>, '/workspace/app/backend/logs/app_20260524_150636.log')}
2026-05-24 15:25:13,838 - watchfiles.main - DEBUG - 1 change detected: {(<Change.modified: 2>, '/workspace/app/backend/logs/app_20260524_150636.log')}
2026-05-24 15:25:14,189 - watchfiles.main - DEBUG - 1 change detected: {(<Change.modified: 2>, '/workspace/app/backend/logs/app_20260524_150636.log')}
2026-05-24 15:25:14,540 - watchfiles.main - DEBUG - 1 change detected: {(<Change.modified: 2>, '/workspace/app/backend/logs/app_20260524_150636.log')}
2026-05-24 15:25:14,891 - watchfiles.main - DEBUG - 1 change detected: {(<Change.modified: 2>, '/workspace/app/backend/logs/app_20260524_150636.log')}
2026-05-24 15:25:15,242 - watchfiles.main - DEBUG - 1 change detected: {(<Change.modified: 2>, '/workspace/app/backend/logs/app_20260524_150636.log')}
2026-05-24 15:25:15,592 - watchfiles.main - DEBUG - 1 change detected: {(<Change.modified: 2>, '/workspace/app/backend/logs/app_20260524_150636.log')}
2026-05-24 15:25:15,943 - watchfiles.main - DEBUG - 1 change detected: {(<Change.modified: 2>, '/workspace/app/backend/logs/app_20260524_150636.log')}
2026-05-24 15:25:16,294 - watchfiles.main - DEBUG - 1 change detected: {(<Change.modified: 2>, '/workspace/app/backend/logs/app_20260524_150636.log')}
2026-05-24 15:25:16,645 - watchfiles.main - DEBUG - 1 change detected: {(<Change.modified: 2>, '/workspace/app/backend/logs/app_20260524_150636.log')}
2026-05-24 15:25:16,996 - watchfiles.main - DEBUG - 1 change detected: {(<Change.modified: 2>, '/workspace/app/backend/logs/app_20260524_150636.log')}
2026-05-24 15:25:17,347 - watchfiles.main - DEBUG - 1 change detected: {(<Change.modified: 2>, '/workspace/app/backend/logs/app_20260524_150636.log')}
2026-05-24 15:25:17,697 - watchfiles.main - DEBUG - 1 change detected: {(<Change.modified: 2>, '/workspace/app/backend/logs/app_20260524_150636.log')}
2026-05-24 15:25:18,048 - watchfiles.main - DEBUG - 1 change detected: {(<Change.modified: 2>, '/workspace/app/backend/logs/app_20260524_150636.log')}
2026-05-24 15:25:18,399 - watchfiles.main - DEBUG - 1 change detected: {(<Change.modified: 2>, '/workspace/app/backend/logs/app_20260524_150636.log')}
2026-05-24 15:25:18,750 - watchfiles.main - DEBUG - 1 change detected: {(<Change.modified: 2>, '/workspace/app/backend/logs/app_20260524_150636.log')}
2026-05-24 15:25:19,101 - watchfiles.main - DEBUG - 1 change detected: {(<Change.modified: 2>, '/workspace/app/backend/logs/app_20260524_150636.log')}
2026-05-24 15:25:19,453 - watchfiles.main - DEBUG - 1 change detected: {(<Change.modified: 2>, '/workspace/app/backend/logs/app_20260524_150636.log')}
2026-05-24 15:25:19,804 - watchfiles.main - DEBUG - 1 change detected: {(<Change.modified: 2>, '/workspace/app/backend/logs/app_20260524_150636.log')}
2026-05-24 15:25:20,155 - watchfiles.main - DEBUG - 1 change detected: {(<Change.modified: 2>, '/workspace/app/backend/logs/app_20260524_150636.log')}
2026-05-24 15:25:20,505 - watchfiles.main - DEBUG - 1 change detected: {(<Change.modified: 2>, '/workspace/app/backend/logs/app_20260524_150636.log')}
2026-05-24 15:25:20,856 - watchfiles.main - DEBUG - 1 change detected: {(<Change.modified: 2>, '/workspace/app/backend/logs/app_20260524_150636.log')}
2026-05-24 15:25:21,207 - watchfiles.main - DEBUG - 1 change detected: {(<Change.modified: 2>, '/workspace/app/backend/logs/app_20260524_150636.log')}
2026-05-24 15:25:21,558 - watchfiles.main - DEBUG - 1 change detected: {(<Change.modified: 2>, '/workspace/app/backend/logs/app_20260524_150636.log')}
2026-05-24 15:25:21,909 - watchfiles.main - DEBUG - 1 change detected: {(<Change.modified: 2>, '/workspace/app/backend/logs/app_20260524_150636.log')}
2026-05-24 15:25:22,260 - watchfiles.main - DEBUG - 1 change detected: {(<Change.modified: 2>, '/workspace/app/backend/logs/app_20260524_150636.log')}
2026-05-24 15:25:22,611 - watchfiles.main - DEBUG - 1 change detected: {(<Change.modified: 2>, '/workspace/app/backend/logs/app_20260524_150636.log')}
2026-05-24 15:25:22,962 - watchfiles.main - DEBUG - 1 change detected: {(<Change.modified: 2>, '/workspace/app/backend/logs/app_20260524_150636.log')}
2026-05-24 15:25:23,313 - watchfiles.main - DEBUG - 1 change detected: {(<Change.modified: 2>, '/workspace/app/backend/logs/app_20260524_150636.log')}
2026-05-24 15:25:23,663 - watchfiles.main - DEBUG - 1 change detected: {(<Change.modified: 2>, '/workspace/app/backend/logs/app_20260524_150636.log')}
2026-05-24 15:25:24,014 - watchfiles.main - DEBUG - 1 change detected: {(<Change.modified: 2>, '/workspace/app/backend/logs/app_20260524_150636.log')}
2026-05-24 15:25:24,365 - watchfiles.main - DEBUG - 1 change detected: {(<Change.modified: 2>, '/workspace/app/backend/logs/app_20260524_150636.log')}
2026-05-24 15:25:24,716 - watchfiles.main - DEBUG - 1 change detected: {(<Change.modified: 2>, '/workspace/app/backend/logs/app_20260524_150636.log')}
2026-05-24 15:25:25,066 - watchfiles.main - DEBUG - 1 change detected: {(<Change.modified: 2>, '/workspace/app/backend/logs/app_20260524_150636.log')}
2026-05-24 15:25:25,417 - watchfiles.main - DEBUG - 1 change detected: {(<Change.modified: 2>, '/workspace/app/backend/logs/app_20260524_150636.log')}
2026-05-24 15:25:25,768 - watchfiles.main - DEBUG - 1 change detected: {(<Change.modified: 2>, '/workspace/app/backend/logs/app_20260524_150636.log')}
2026-05-24 15:25:26,119 - watchfiles.main - DEBUG - 1 change detected: {(<Change.modified: 2>, '/workspace/app/backend/logs/app_20260524_150636.log')}
2026-05-24 15:25:26,470 - watchfiles.main - DEBUG - 1 change detected: {(<Change.modified: 2>, '/workspace/app/backend/logs/app_20260524_150636.log')}
2026-05-24 15:25:26,821 - watchfiles.main - DEBUG - 1 change detected: {(<Change.modified: 2>, '/workspace/app/backend/logs/app_20260524_150636.log')}
2026-05-24 15:25:27,171 - watchfiles.main - DEBUG - 1 change detected: {(<Change.modified: 2>, '/workspace/app/backend/logs/app_20260524_150636.log')}
2026-05-24 15:25:27,522 - watchfiles.main - DEBUG - 1 change detected: {(<Change.modified: 2>, '/workspace/app/backend/logs/app_20260524_150636.log')}
2026-05-24 15:25:27,873 - watchfiles.main - DEBUG - 1 change detected: {(<Change.modified: 2>, '/workspace/app/backend/logs/app_20260524_150636.log')}
2026-05-24 15:25:28,224 - watchfiles.main - DEBUG - 1 change detected: {(<Change.modified: 2>, '/workspace/app/backend/logs/app_20260524_150636.log')}
2026-05-24 15:25:28,575 - watchfiles.main - DEBUG - 1 change detected: {(<Change.modified: 2>, '/workspace/app/backend/logs/app_20260524_150636.log')}
2026-05-24 15:25:28,925 - watchfiles.main - DEBUG - 1 change detected: {(<Change.modified: 2>, '/workspace/app/backend/logs/app_20260524_150636.log')}
2026-05-24 15:25:29,277 - watchfiles.main - DEBUG - 1 change detected: {(<Change.modified: 2>, '/workspace/app/backend/logs/app_20260524_150636.log')}
2026-05-24 15:25:29,628 - watchfiles.main - DEBUG - 1 change detected: {(<Change.modified: 2>, '/workspace/app/backend/logs/app_20260524_150636.log')}
2026-05-24 15:25:29,978 - watchfiles.main - DEBUG - 1 change detected: {(<Change.modified: 2>, '/workspace/app/backend/logs/app_20260524_150636.log')}
2026-05-24 15:25:30,329 - watchfiles.main - DEBUG - 1 change detected: {(<Change.modified: 2>, '/workspace/app/backend/logs/app_20260524_150636.log')}
2026-05-24 15:25:30,680 - watchfiles.main - DEBUG - 1 change detected: {(<Change.modified: 2>, '/workspace/app/backend/logs/app_20260524_150636.log')}
2026-05-24 15:25:31,030 - watchfiles.main - DEBUG - 1 change detected: {(<Change.modified: 2>, '/workspace/app/backend/logs/app_20260524_150636.log')}
2026-05-24 15:25:31,381 - watchfiles.main - DEBUG - 1 change detected: {(<Change.modified: 2>, '/workspace/app/backend/logs/app_20260524_150636.log')}
2026-05-24 15:25:31,732 - watchfiles.main - DEBUG - 1 change detected: {(<Change.modified: 2>, '/workspace/app/backend/logs/app_20260524_150636.log')}
2026-05-24 15:25:32,083 - watchfiles.main - DEBUG - 1 change detected: {(<Change.modified: 2>, '/workspace/app/backend/logs/app_20260524_150636.log')}
2026-05-24 15:25:32,433 - watchfiles.main - DEBUG - 1 change detected: {(<Change.modified: 2>, '/workspace/app/backend/logs/app_20260524_150636.log')}
2026-05-24 15:25:32,785 - watchfiles.main - DEBUG - 1 change detected: {(<Change.modified: 2>, '/workspace/app/backend/logs/app_20260524_150636.log')}
2026-05-24 15:25:33,135 - watchfiles.main - DEBUG - 1 change detected: {(<Change.modified: 2>, '/workspace/app/backend/logs/app_20260524_150636.log')}
2026-05-24 15:25:33,486 - watchfiles.main - DEBUG - 1 change detected: {(<Change.modified: 2>, '/workspace/app/backend/logs/app_20260524_150636.log')}
2026-05-24 15:25:33,837 - watchfiles.main - DEBUG - 1 change detected: {(<Change.modified: 2>, '/workspace/app/backend/logs/app_20260524_150636.log')}
2026-05-24 15:25:34,187 - watchfiles.main - DEBUG - 1 change detected: {(<Change.modified: 2>, '/workspace/app/backend/logs/app_20260524_150636.log')}
2026-05-24 15:25:34,538 - watchfiles.main - DEBUG - 1 change detected: {(<Change.modified: 2>, '/workspace/app/backend/logs/app_20260524_150636.log')}
2026-05-24 15:25:34,889 - watchfiles.main - DEBUG - 1 change detected: {(<Change.modified: 2>, '/workspace/app/backend/logs/app_20260524_150636.log')}
2026-05-24 15:25:35,240 - watchfiles.main - DEBUG - 1 change detected: {(<Change.modified: 2>, '/workspace/app/backend/logs/app_20260524_150636.log')}
2026-05-24 15:25:35,591 - watchfiles.main - DEBUG - 1 change detected: {(<Change.modified: 2>, '/workspace/app/backend/logs/app_20260524_150636.log')}
2026-05-24 15:25:35,941 - watchfiles.main - DEBUG - 1 change detected: {(<Change.modified: 2>, '/workspace/app/backend/logs/app_20260524_150636.log')}
2026-05-24 15:25:36,292 - watchfiles.main - DEBUG - 1 change detected: {(<Change.modified: 2>, '/workspace/app/backend/logs/app_20260524_150636.log')}
2026-05-24 15:25:36,643 - watchfiles.main - DEBUG - 1 change detected: {(<Change.modified: 2>, '/workspace/app/backend/logs/app_20260524_150636.log')}
2026-05-24 15:25:36,994 - watchfiles.main - DEBUG - 1 change detected: {(<Change.modified: 2>, '/workspace/app/backend/logs/app_20260524_150636.log')}
2026-05-24 15:25:37,344 - watchfiles.main - DEBUG - 1 change detected: {(<Change.modified: 2>, '/workspace/app/backend/logs/app_20260524_150636.log')}
2026-05-24 15:25:37,695 - watchfiles.main - DEBUG - 1 change detected: {(<Change.modified: 2>, '/workspace/app/backend/logs/app_20260524_150636.log')}
2026-05-24 15:25:38,046 - watchfiles.main - DEBUG - 1 change detected: {(<Change.modified: 2>, '/workspace/app/backend/logs/app_20260524_150636.log')}
2026-05-24 15:25:38,397 - watchfiles.main - DEBUG - 1 change detected: {(<Change.modified: 2>, '/workspace/app/backend/logs/app_20260524_150636.log')}
2026-05-24 15:25:38,748 - watchfiles.main - DEBUG - 1 change detected: {(<Change.modified: 2>, '/workspace/app/backend/logs/app_20260524_150636.log')}
2026-05-24 15:25:39,099 - watchfiles.main - DEBUG - 1 change detected: {(<Change.modified: 2>, '/workspace/app/backend/logs/app_20260524_150636.log')}
2026-05-24 15:25:39,450 - watchfiles.main - DEBUG - 1 change detected: {(<Change.modified: 2>, '/workspace/app/backend/logs/app_20260524_150636.log')}
2026-05-24 15:25:39,801 - watchfiles.main - DEBUG - 1 change detected: {(<Change.modified: 2>, '/workspace/app/backend/logs/app_20260524_150636.log')}
2026-05-24 15:25:40,151 - watchfiles.main - DEBUG - 1 change detected: {(<Change.modified: 2>, '/workspace/app/backend/logs/app_20260524_150636.log')}
2026-05-24 15:25:40,503 - watchfiles.main - DEBUG - 1 change detected: {(<Change.modified: 2>, '/workspace/app/backend/logs/app_20260524_150636.log')}
2026-05-24 15:25:40,854 - watchfiles.main - DEBUG - 1 change detected: {(<Change.modified: 2>, '/workspace/app/backend/logs/app_20260524_150636.log')}
2026-05-24 15:25:41,205 - watchfiles.main - DEBUG - 1 change detected: {(<Change.modified: 2>, '/workspace/app/backend/logs/app_20260524_150636.log')}
2026-05-24 15:25:41,556 - watchfiles.main - DEBUG - 1 change detected: {(<Change.modified: 2>, '/workspace/app/backend/logs/app_20260524_150636.log')}
2026-05-24 15:25:41,907 - watchfiles.main - DEBUG - 1 change detected: {(<Change.modified: 2>, '/workspace/app/backend/logs/app_20260524_150636.log')}
2026-05-24 15:25:42,258 - watchfiles.main - DEBUG - 1 change detected: {(<Change.modified: 2>, '/workspace/app/backend/logs/app_20260524_150636.log')}
2026-05-24 15:25:42,609 - watchfiles.main - DEBUG - 1 change detected: {(<Change.modified: 2>, '/workspace/app/backend/logs/app_20260524_150636.log')}
2026-05-24 15:25:42,959 - watchfiles.main - DEBUG - 1 change detected: {(<Change.modified: 2>, '/workspace/app/backend/logs/app_20260524_150636.log')}
2026-05-24 15:25:43,310 - watchfiles.main - DEBUG - 1 change detected: {(<Change.modified: 2>, '/workspace/app/backend/logs/app_20260524_150636.log')}
2026-05-24 15:25:43,661 - watchfiles.main - DEBUG - 1 change detected: {(<Change.modified: 2>, '/workspace/app/backend/logs/app_20260524_150636.log')}
2026-05-24 15:25:44,012 - watchfiles.main - DEBUG - 1 change detected: {(<Change.modified: 2>, '/workspace/app/backend/logs/app_20260524_150636.log')}
2026-05-24 15:25:44,362 - watchfiles.main - DEBUG - 1 change detected: {(<Change.modified: 2>, '/workspace/app/backend/logs/app_20260524_150636.log')}
2026-05-24 15:25:44,713 - watchfiles.main - DEBUG - 2 changes detected: {(<Change.modified: 2>, '/workspace/app/backend/logs/app_20260524_150639.log'), (<Change.modified: 2>, '/workspace/app/backend/logs/app_20260524_150636.log')}
2026-05-24 15:25:45,064 - watchfiles.main - DEBUG - 2 changes detected: {(<Change.modified: 2>, '/workspace/app/backend/logs/app_20260524_150639.log'), (<Change.modified: 2>, '/workspace/app/backend/logs/app_20260524_150636.log')}
2026-05-24 15:25:45,415 - watchfiles.main - DEBUG - 1 change detected: {(<Change.modified: 2>, '/workspace/app/backend/logs/app_20260524_150636.log')}
2026-05-24 15:25:45,766 - watchfiles.main - DEBUG - 1 change detected: {(<Change.modified: 2>, '/workspace/app/backend/logs/app_20260524_150636.log')}
2026-05-24 15:25:46,117 - watchfiles.main - DEBUG - 1 change detected: {(<Change.modified: 2>, '/workspace/app/backend/logs/app_20260524_150636.log')}
2026-05-24 15:25:46,468 - watchfiles.main - DEBUG - 1 change detected: {(<Change.modified: 2>, '/workspace/app/backend/logs/app_20260524_150636.log')}
2026-05-24 15:25:46,819 - watchfiles.main - DEBUG - 1 change detected: {(<Change.modified: 2>, '/workspace/app/backend/logs/app_20260524_150636.log')}
2026-05-24 15:25:47,170 - watchfiles.main - DEBUG - 1 change detected: {(<Change.modified: 2>, '/workspace/app/backend/logs/app_20260524_150636.log')}
2026-05-24 15:25:47,521 - watchfiles.main - DEBUG - 1 change detected: {(<Change.modified: 2>, '/workspace/app/backend/logs/app_20260524_150636.log')}
2026-05-24 15:25:47,871 - watchfiles.main - DEBUG - 1 change detected: {(<Change.modified: 2>, '/workspace/app/backend/logs/app_20260524_150636.log')}
2026-05-24 15:25:48,222 - watchfiles.main - DEBUG - 1 change detected: {(<Change.modified: 2>, '/workspace/app/backend/logs/app_20260524_150636.log')}
2026-05-24 15:25:48,573 - watchfiles.main - DEBUG - 1 change detected: {(<Change.modified: 2>, '/workspace/app/backend/logs/app_20260524_150636.log')}
2026-05-24 15:25:48,924 - watchfiles.main - DEBUG - 1 change detected: {(<Change.modified: 2>, '/workspace/app/backend/logs/app_20260524_150636.log')}
2026-05-24 15:25:49,274 - watchfiles.main - DEBUG - 1 change detected: {(<Change.modified: 2>, '/workspace/app/backend/logs/app_20260524_150636.log')}
2026-05-24 15:25:49,625 - watchfiles.main - DEBUG - 1 change detected: {(<Change.modified: 2>, '/workspace/app/backend/logs/app_20260524_150636.log')}
2026-05-24 15:25:49,976 - watchfiles.main - DEBUG - 1 change detected: {(<Change.modified: 2>, '/workspace/app/backend/logs/app_20260524_150636.log')}
2026-05-24 15:25:50,327 - watchfiles.main - DEBUG - 1 change detected: {(<Change.modified: 2>, '/workspace/app/backend/logs/app_20260524_150636.log')}
2026-05-24 15:25:50,678 - watchfiles.main - DEBUG - 1 change detected: {(<Change.modified: 2>, '/workspace/app/backend/logs/app_20260524_150636.log')}
2026-05-24 15:25:51,029 - watchfiles.main - DEBUG - 1 change detected: {(<Change.modified: 2>, '/workspace/app/backend/logs/app_20260524_150636.log')}
2026-05-24 15:25:51,380 - watchfiles.main - DEBUG - 1 change detected: {(<Change.modified: 2>, '/workspace/app/backend/logs/app_20260524_150636.log')}
2026-05-24 15:25:51,731 - watchfiles.main - DEBUG - 1 change detected: {(<Change.modified: 2>, '/workspace/app/backend/logs/app_20260524_150636.log')}
2026-05-24 15:25:52,082 - watchfiles.main - DEBUG - 1 change detected: {(<Change.modified: 2>, '/workspace/app/backend/logs/app_20260524_150636.log')}
2026-05-24 15:25:52,433 - watchfiles.main - DEBUG - 1 change detected: {(<Change.modified: 2>, '/workspace/app/backend/logs/app_20260524_150636.log')}
2026-05-24 15:25:52,784 - watchfiles.main - DEBUG - 1 change detected: {(<Change.modified: 2>, '/workspace/app/backend/logs/app_20260524_150636.log')}
2026-05-24 15:25:53,135 - watchfiles.main - DEBUG - 1 change detected: {(<Change.modified: 2>, '/workspace/app/backend/logs/app_20260524_150636.log')}
2026-05-24 15:25:53,486 - watchfiles.main - DEBUG - 1 change detected: {(<Change.modified: 2>, '/workspace/app/backend/logs/app_20260524_150636.log')}
2026-05-24 15:25:53,837 - watchfiles.main - DEBUG - 1 change detected: {(<Change.modified: 2>, '/workspace/app/backend/logs/app_20260524_150636.log')}
2026-05-24 15:25:54,187 - watchfiles.main - DEBUG - 1 change detected: {(<Change.modified: 2>, '/workspace/app/backend/logs/app_20260524_150636.log')}
2026-05-24 15:25:54,538 - watchfiles.main - DEBUG - 1 change detected: {(<Change.modified: 2>, '/workspace/app/backend/logs/app_20260524_150636.log')}
2026-05-24 15:25:54,889 - watchfiles.main - DEBUG - 1 change detected: {(<Change.modified: 2>, '/workspace/app/backend/logs/app_20260524_150636.log')}
2026-05-24 15:25:55,240 - watchfiles.main - DEBUG - 1 change detected: {(<Change.modified: 2>, '/workspace/app/backend/logs/app_20260524_150636.log')}
2026-05-24 15:25:55,591 - watchfiles.main - DEBUG - 1 change detected: {(<Change.modified: 2>, '/workspace/app/backend/logs/app_20260524_150636.log')}
2026-05-24 15:25:55,942 - watchfiles.main - DEBUG - 1 change detected: {(<Change.modified: 2>, '/workspace/app/backend/logs/app_20260524_150636.log')}
2026-05-24 15:25:56,293 - watchfiles.main - DEBUG - 1 change detected: {(<Change.modified: 2>, '/workspace/app/backend/logs/app_20260524_150636.log')}
2026-05-24 15:25:56,643 - watchfiles.main - DEBUG - 1 change detected: {(<Change.modified: 2>, '/workspace/app/backend/logs/app_20260524_150636.log')}
2026-05-24 15:25:56,994 - watchfiles.main - DEBUG - 1 change detected: {(<Change.modified: 2>, '/workspace/app/backend/logs/app_20260524_150636.log')}
2026-05-24 15:25:57,345 - watchfiles.main - DEBUG - 1 change detected: {(<Change.modified: 2>, '/workspace/app/backend/logs/app_20260524_150636.log')}
2026-05-24 15:25:57,696 - watchfiles.main - DEBUG - 1 change detected: {(<Change.modified: 2>, '/workspace/app/backend/logs/app_20260524_150636.log')}
2026-05-24 15:25:58,047 - watchfiles.main - DEBUG - 1 change detected: {(<Change.modified: 2>, '/workspace/app/backend/logs/app_20260524_150636.log')}
2026-05-24 15:25:58,397 - watchfiles.main - DEBUG - 1 change detected: {(<Change.modified: 2>, '/workspace/app/backend/logs/app_20260524_150636.log')}
2026-05-24 15:25:58,748 - watchfiles.main - DEBUG - 1 change detected: {(<Change.modified: 2>, '/workspace/app/backend/logs/app_20260524_150636.log')}
2026-05-24 15:25:59,099 - watchfiles.main - DEBUG - 1 change detected: {(<Change.modified: 2>, '/workspace/app/backend/logs/app_20260524_150636.log')}
2026-05-24 15:25:59,450 - watchfiles.main - DEBUG - 1 change detected: {(<Change.modified: 2>, '/workspace/app/backend/logs/app_20260524_150636.log')}
2026-05-24 15:25:59,801 - watchfiles.main - DEBUG - 1 change detected: {(<Change.modified: 2>, '/workspace/app/backend/logs/app_20260524_150636.log')}
2026-05-24 15:26:00,152 - watchfiles.main - DEBUG - 1 change detected: {(<Change.modified: 2>, '/workspace/app/backend/logs/app_20260524_150636.log')}
2026-05-24 15:26:00,502 - watchfiles.main - DEBUG - 1 change detected: {(<Change.modified: 2>, '/workspace/app/backend/logs/app_20260524_150636.log')}
2026-05-24 15:26:00,853 - watchfiles.main - DEBUG - 1 change detected: {(<Change.modified: 2>, '/workspace/app/backend/logs/app_20260524_150636.log')}
2026-05-24 15:26:01,204 - watchfiles.main - DEBUG - 1 change detected: {(<Change.modified: 2>, '/workspace/app/backend/logs/app_20260524_150636.log')}
2026-05-24 15:26:01,555 - watchfiles.main - DEBUG - 1 change detected: {(<Change.modified: 2>, '/workspace/app/backend/logs/app_20260524_150636.log')}
2026-05-24 15:26:01,906 - watchfiles.main - DEBUG - 1 change detected: {(<Change.modified: 2>, '/workspace/app/backend/logs/app_20260524_150636.log')}
2026-05-24 15:26:02,257 - watchfiles.main - DEBUG - 1 change detected: {(<Change.modified: 2>, '/workspace/app/backend/logs/app_20260524_150636.log')}
2026-05-24 15:26:02,607 - watchfiles.main - DEBUG - 1 change detected: {(<Change.modified: 2>, '/workspace/app/backend/logs/app_20260524_150636.log')}
2026-05-24 15:26:02,958 - watchfiles.main - DEBUG - 1 change detected: {(<Change.modified: 2>, '/workspace/app/backend/logs/app_20260524_150636.log')}
2026-05-24 15:26:03,309 - watchfiles.main - DEBUG - 1 change detected: {(<Change.modified: 2>, '/workspace/app/backend/logs/app_20260524_150636.log')}
2026-05-24 15:26:03,659 - watchfiles.main - DEBUG - 1 change detected: {(<Change.modified: 2>, '/workspace/app/backend/logs/app_20260524_150636.log')}
2026-05-24 15:26:04,011 - watchfiles.main - DEBUG - 1 change detected: {(<Change.modified: 2>, '/workspace/app/backend/logs/app_20260524_150636.log')}
2026-05-24 15:26:04,361 - watchfiles.main - DEBUG - 1 change detected: {(<Change.modified: 2>, '/workspace/app/backend/logs/app_20260524_150636.log')}
2026-05-24 15:26:04,712 - watchfiles.main - DEBUG - 1 change detected: {(<Change.modified: 2>, '/workspace/app/backend/logs/app_20260524_150636.log')}
2026-05-24 15:26:05,063 - watchfiles.main - DEBUG - 1 change detected: {(<Change.modified: 2>, '/workspace/app/backend/logs/app_20260524_150636.log')}
2026-05-24 15:26:05,414 - watchfiles.main - DEBUG - 1 change detected: {(<Change.modified: 2>, '/workspace/app/backend/logs/app_20260524_150636.log')}
2026-05-24 15:26:05,765 - watchfiles.main - DEBUG - 1 change detected: {(<Change.modified: 2>, '/workspace/app/backend/logs/app_20260524_150636.log')}
2026-05-24 15:26:06,115 - watchfiles.main - DEBUG - 1 change detected: {(<Change.modified: 2>, '/workspace/app/backend/logs/app_20260524_150636.log')}
2026-05-24 15:26:06,466 - watchfiles.main - DEBUG - 1 change detected: {(<Change.modified: 2>, '/workspace/app/backend/logs/app_20260524_150636.log')}
2026-05-24 15:26:06,818 - watchfiles.main - DEBUG - 1 change detected: {(<Change.modified: 2>, '/workspace/app/backend/logs/app_20260524_150636.log')}
2026-05-24 15:26:07,168 - watchfiles.main - DEBUG - 1 change detected: {(<Change.modified: 2>, '/workspace/app/backend/logs/app_20260524_150636.log')}
2026-05-24 15:26:07,519 - watchfiles.main - DEBUG - 1 change detected: {(<Change.modified: 2>, '/workspace/app/backend/logs/app_20260524_150636.log')}
2026-05-24 15:26:07,870 - watchfiles.main - DEBUG - 1 change detected: {(<Change.modified: 2>, '/workspace/app/backend/logs/app_20260524_150636.log')}
2026-05-24 15:26:08,222 - watchfiles.main - DEBUG - 1 change detected: {(<Change.modified: 2>, '/workspace/app/backend/logs/app_20260524_150636.log')}
2026-05-24 15:26:08,572 - watchfiles.main - DEBUG - 1 change detected: {(<Change.modified: 2>, '/workspace/app/backend/logs/app_20260524_150636.log')}
2026-05-24 15:26:08,923 - watchfiles.main - DEBUG - 1 change detected: {(<Change.modified: 2>, '/workspace/app/backend/logs/app_20260524_150636.log')}
2026-05-24 15:26:09,274 - watchfiles.main - DEBUG - 1 change detected: {(<Change.modified: 2>, '/workspace/app/backend/logs/app_20260524_150636.log')}
2026-05-24 15:26:09,625 - watchfiles.main - DEBUG - 1 change detected: {(<Change.modified: 2>, '/workspace/app/backend/logs/app_20260524_150636.log')}
2026-05-24 15:26:09,976 - watchfiles.main - DEBUG - 1 change detected: {(<Change.modified: 2>, '/workspace/app/backend/logs/app_20260524_150636.log')}
2026-05-24 15:26:10,327 - watchfiles.main - DEBUG - 1 change detected: {(<Change.modified: 2>, '/workspace/app/backend/logs/app_20260524_150636.log')}
2026-05-24 15:26:10,678 - watchfiles.main - DEBUG - 1 change detected: {(<Change.modified: 2>, '/workspace/app/backend/logs/app_20260524_150636.log')}
2026-05-24 15:26:11,029 - watchfiles.main - DEBUG - 1 change detected: {(<Change.modified: 2>, '/workspace/app/backend/logs/app_20260524_150636.log')}
2026-05-24 15:26:11,380 - watchfiles.main - DEBUG - 1 change detected: {(<Change.modified: 2>, '/workspace/app/backend/logs/app_20260524_150636.log')}
2026-05-24 15:26:11,731 - watchfiles.main - DEBUG - 1 change detected: {(<Change.modified: 2>, '/workspace/app/backend/logs/app_20260524_150636.log')}
2026-05-24 15:26:12,082 - watchfiles.main - DEBUG - 1 change detected: {(<Change.modified: 2>, '/workspace/app/backend/logs/app_20260524_150636.log')}
2026-05-24 15:26:12,433 - watchfiles.main - DEBUG - 1 change detected: {(<Change.modified: 2>, '/workspace/app/backend/logs/app_20260524_150636.log')}
2026-05-24 15:26:12,784 - watchfiles.main - DEBUG - 1 change detected: {(<Change.modified: 2>, '/workspace/app/backend/logs/app_20260524_150636.log')}
2026-05-24 15:26:13,134 - watchfiles.main - DEBUG - 1 change detected: {(<Change.modified: 2>, '/workspace/app/backend/logs/app_20260524_150636.log')}
2026-05-24 15:26:13,485 - watchfiles.main - DEBUG - 1 change detected: {(<Change.modified: 2>, '/workspace/app/backend/logs/app_20260524_150636.log')}
2026-05-24 15:26:13,836 - watchfiles.main - DEBUG - 1 change detected: {(<Change.modified: 2>, '/workspace/app/backend/logs/app_20260524_150636.log')}
2026-05-24 15:26:14,187 - watchfiles.main - DEBUG - 1 change detected: {(<Change.modified: 2>, '/workspace/app/backend/logs/app_20260524_150636.log')}
2026-05-24 15:26:14,537 - watchfiles.main - DEBUG - 1 change detected: {(<Change.modified: 2>, '/workspace/app/backend/logs/app_20260524_150636.log')}
2026-05-24 15:26:14,888 - watchfiles.main - DEBUG - 1 change detected: {(<Change.modified: 2>, '/workspace/app/backend/logs/app_20260524_150636.log')}
2026-05-24 15:26:15,239 - watchfiles.main - DEBUG - 1 change detected: {(<Change.modified: 2>, '/workspace/app/backend/logs/app_20260524_150636.log')}
2026-05-24 15:26:15,590 - watchfiles.main - DEBUG - 1 change detected: {(<Change.modified: 2>, '/workspace/app/backend/logs/app_20260524_150636.log')}
2026-05-24 15:26:15,941 - watchfiles.main - DEBUG - 1 change detected: {(<Change.modified: 2>, '/workspace/app/backend/logs/app_20260524_150636.log')}
2026-05-24 15:26:16,292 - watchfiles.main - DEBUG - 1 change detected: {(<Change.modified: 2>, '/workspace/app/backend/logs/app_20260524_150636.log')}
2026-05-24 15:26:16,642 - watchfiles.main - DEBUG - 1 change detected: {(<Change.modified: 2>, '/workspace/app/backend/logs/app_20260524_150636.log')}
2026-05-24 15:26:16,993 - watchfiles.main - DEBUG - 1 change detected: {(<Change.modified: 2>, '/workspace/app/backend/logs/app_20260524_150636.log')}
2026-05-24 15:26:17,344 - watchfiles.main - DEBUG - 1 change detected: {(<Change.modified: 2>, '/workspace/app/backend/logs/app_20260524_150636.log')}
2026-05-24 15:26:17,695 - watchfiles.main - DEBUG - 1 change detected: {(<Change.modified: 2>, '/workspace/app/backend/logs/app_20260524_150636.log')}
2026-05-24 15:26:18,046 - watchfiles.main - DEBUG - 1 change detected: {(<Change.modified: 2>, '/workspace/app/backend/logs/app_20260524_150636.log')}
2026-05-24 15:26:18,396 - watchfiles.main - DEBUG - 1 change detected: {(<Change.modified: 2>, '/workspace/app/backend/logs/app_20260524_150636.log')}
2026-05-24 15:26:18,747 - watchfiles.main - DEBUG - 1 change detected: {(<Change.modified: 2>, '/workspace/app/backend/logs/app_20260524_150636.log')}
2026-05-24 15:26:19,098 - watchfiles.main - DEBUG - 1 change detected: {(<Change.modified: 2>, '/workspace/app/backend/logs/app_20260524_150636.log')}
2026-05-24 15:26:19,449 - watchfiles.main - DEBUG - 1 change detected: {(<Change.modified: 2>, '/workspace/app/backend/logs/app_20260524_150636.log')}
2026-05-24 15:26:19,800 - watchfiles.main - DEBUG - 1 change detected: {(<Change.modified: 2>, '/workspace/app/backend/logs/app_20260524_150636.log')}
2026-05-24 15:26:20,151 - watchfiles.main - DEBUG - 1 change detected: {(<Change.modified: 2>, '/workspace/app/backend/logs/app_20260524_150636.log')}
2026-05-24 15:26:20,501 - watchfiles.main - DEBUG - 1 change detected: {(<Change.modified: 2>, '/workspace/app/backend/logs/app_20260524_150636.log')}
2026-05-24 15:26:20,852 - watchfiles.main - DEBUG - 1 change detected: {(<Change.modified: 2>, '/workspace/app/backend/logs/app_20260524_150636.log')}
2026-05-24 15:26:21,203 - watchfiles.main - DEBUG - 1 change detected: {(<Change.modified: 2>, '/workspace/app/backend/logs/app_20260524_150636.log')}
2026-05-24 15:26:21,554 - watchfiles.main - DEBUG - 1 change detected: {(<Change.modified: 2>, '/workspace/app/backend/logs/app_20260524_150636.log')}
2026-05-24 15:26:21,905 - watchfiles.main - DEBUG - 1 change detected: {(<Change.modified: 2>, '/workspace/app/backend/logs/app_20260524_150636.log')}
2026-05-24 15:26:22,256 - watchfiles.main - DEBUG - 1 change detected: {(<Change.modified: 2>, '/workspace/app/backend/logs/app_20260524_150636.log')}
2026-05-24 15:26:22,607 - watchfiles.main - DEBUG - 1 change detected: {(<Change.modified: 2>, '/workspace/app/backend/logs/app_20260524_150636.log')}
2026-05-24 15:26:22,958 - watchfiles.main - DEBUG - 1 change detected: {(<Change.modified: 2>, '/workspace/app/backend/logs/app_20260524_150636.log')}
2026-05-24 15:26:23,309 - watchfiles.main - DEBUG - 1 change detected: {(<Change.modified: 2>, '/workspace/app/backend/logs/app_20260524_150636.log')}
